date,close,return,target,SVI,SVI_pos,SVI_neg
2010-01-05,532.5,2.9346618181404445,0.9453597566875321,4.9865348288819265,14.633793367147284,-0.0
2010-01-06,534.5,0.3748832881519659,2.019723871090386,6.6319418614957,2.486204171870178,-0.0
2010-01-07,533.3,-0.22476128585435096,1.6118107484642592,6.720395462611968,0.0,1.5104847256264118
2010-01-08,520.9,-2.3526032855410683,4.279403563219114,6.871987694983279,0.0,16.167060829415455
2010-01-11,515.1,-1.1197028179606252,1.7870104974019072,4.530968265559981,0.0,5.073337935037677
2010-01-12,498.3,-3.3158751284180656,4.120905261507914,5.734287484824485,0.0,19.014181250128495
2010-01-13,508.6,2.0459547700660505,7.968277487090909,6.553668584112657,13.40850950109731,-0.0
2010-01-14,512.3,0.7248537957137237,1.092577955176088,6.156167457291585,4.462321348467108,-0.0
2010-01-15,505.4,-1.3560195991062667,1.459420273328501,5.916325521811404,0.0,8.022653362268874
2010-01-18,487.1,-3.6880754141596825,0.6846021317100613,3.3182457295618,0.0,12.237940493337234
2010-01-19,495.5,1.7097912957545554,0.8946930181922981,4.269894233084937,7.300627993521198,-0.0
2010-01-20,489.5,-1.218289179947763,0.5275458329602868,5.420821757368067,0.0,6.604128493426934
2010-01-21,478.4,-2.2937259334143176,2.7092076056876775,4.633574664621645,0.0,10.628150372654217
2010-01-22,477.6,-0.16736405580295372,1.9034333634426959,4.319631347572546,0.0,0.7229510219033197
2010-01-25,480.9,0.6885786205224508,0.10137858737836337,2.1206474368423405,1.4602324866753698,-0.0
2010-01-26,497.9,3.473990536452011,0.28348844139950613,4.074523819403063,14.154857189154542,-0.0
2010-01-27,486.4,-2.336792299617983,1.110821089173489,5.460447335379531,0.0,12.75993128578442
2010-01-28,481.8,-0.9502240471186196,0.7057883222837851,5.26369024072217,0.0,5.001685043317801
2010-01-29,482.0,0.04150238698293906,1.0868887067020374,5.031804100233191,0.20883188099021735,-0.0
2010-02-01,487.0,1.032000903198945,0.3000849979060863,1.81761636904426,1.8757817345228631,-0.0
2010-02-02,487.9,0.18463437392017584,0.4160233382100275,2.5471809551611475,0.47029716091757395,-0.0
2010-02-03,495.5,1.545688694825128,0.2621099397154267,3.5822762794418073,5.537083946873423,-0.0
2010-02-04,503.8,1.6612010148467093,0.5411169092531068,3.7831488424066024,6.284570696322001,-0.0
2010-02-05,493.0,-2.167018987581978,1.9164729002105705,4.219993318803508,0.0,9.14480564931629
2010-02-08,491.2,-0.3657797209757414,0.2485133818466603,0.9209720858815665,0.0,0.33687291260020596
2010-02-09,482.9,-1.7041783953436478,0.5924110313458331,1.5630233708128243,0.0,2.663670659956418
2010-02-10,490.9,1.6430848184510662,0.12796539656291916,2.0992737957905967,3.4492849036356734,-0.0
2010-02-11,499.9,1.8167637355517887,0.5875363538589756,1.8558087977052427,3.3715661237888503,-0.0
2010-02-12,507.0,1.4102925171658471,0.25257577868971787,1.3515077737768462,1.9060213002489588,-0.0
2010-02-22,510.0,0.5899722127188322,0.38769823549546845,1.6258764575949227,0.959221931294733,-0.0
2010-02-23,496.3,-2.723014312497633,0.30534762252142783,3.077031992360857,0.0,8.378802155211721
2010-02-24,494.6,-0.34312275060793007,0.4094793616837463,3.8457921047374697,0.0,1.3195787652437814
2010-02-25,495.0,0.08084074813744614,0.7573894216471349,4.289912401709025,0.34679972799826597,-0.0
2010-02-26,496.9,0.38310360395845056,0.38473120983236375,4.678645964409341,1.7924061306108792,-0.0
2010-03-01,503.0,1.2201371491464452,0.1631954226028936,2.814795919471134,3.4344370686125565,-0.0
2010-03-02,501.0,-0.3984069014874459,0.4604869621316506,4.266897680611539,0.0,1.6999614838964128
2010-03-03,507.3,1.2496443487779505,0.47173878171310735,5.869231725290153,7.334452257177101,-0.0
2010-03-04,511.9,0.902674889089312,0.6444197934074877,5.373146821867047,4.850204711489425,-0.0
2010-03-05,513.4,0.29259749735023793,0.4506808658821124,5.503774659239799,1.6103906912732238,-0.0
2010-03-08,521.1,1.4886693478128963,0.3812630296241262,3.6242124459211422,5.395253978204808,-0.0
2010-03-09,527.3,1.1827684621255043,0.36906174314726364,5.336900310239777,6.312317372459428,-0.0
2010-03-10,525.7,-0.30389387110215116,0.831531442687987,6.927343220706686,0.0,2.1051771477937984
2010-03-11,524.6,-0.20946403926291654,0.3944290598846763,6.442613984357531,0.0,1.349495948575281
2010-03-12,531.5,1.3067130349229201,0.3186184530483378,6.206851895376651,8.110574277524703,-0.0
2010-03-15,531.9,0.07523039662692876,0.21377580903423124,3.026873715787255,0.22771291017830084,-0.0
2010-03-16,516.1,-3.0154956593590323,1.9110730857776936,4.721730805232162,0.0,14.238358747839412
2010-03-17,510.9,-1.0126668817929272,0.41464058902461925,6.77727177374038,0.0,6.863118674176891
2010-03-18,519.7,1.7077845677644052,1.3029375125410037,6.5372363431020775,11.164191342578343,-0.0
2010-03-19,516.0,-0.7144956532833536,0.26074959102656603,6.26911113061319,0.0,4.479252652773415
2010-03-22,511.6,-0.8563695776875102,0.4794050771815248,4.571736528325952,0.0,3.9150960800610597
2010-03-23,506.5,-1.0018746015949587,0.3542745724246512,5.510819849664664,0.0,5.521150441344375
2010-03-24,512.1,1.0995594779766484,0.3073149172522579,6.553147933084479,7.2055759204061225,-0.0
2010-03-25,503.4,-1.7134835767289227,0.5464204397676464,5.665359646630045,0.0,9.707500710763355
2010-03-26,505.3,0.37672295966475283,0.4529166613391579,5.039550070773161,1.8985142180403798,-0.0
2010-03-29,505.7,0.07912957880743011,0.4915668835747835,3.0911654346460824,0.24460261886763116,-0.0
2010-03-30,500.7,-0.993648875003829,0.37394091920205347,4.957455759221377,0.0,4.925970338031574
2010-03-31,499.2,-0.3000302280681166,0.3454753902637614,5.431443985740695,0.0,1.629597377780981
2010-04-01,508.2,1.78682538308459,0.6322944771278456,5.046809562054704,9.017767429073368,-0.0
2010-04-02,510.5,0.45155667186565895,0.387987721090749,4.544131775695411,2.051933021152007,-0.0
2010-04-05,514.8,0.8387838117251223,0.1426036638619843,3.4306186667529146,2.877547401874367,-0.0
2010-04-06,515.3,0.0970779612206966,0.39610986443933294,4.784839741122902,0.464502486835977,-0.0
2010-04-07,515.8,0.09698381130657464,0.4308968234789206,6.0552136383479285,0.5872576969225328,-0.0
2010-04-08,515.9,0.019385480335985278,0.41256812924380765,6.320828777621846,0.12253230197571816,-0.0
2010-04-09,517.4,0.2903321501324535,0.18951585311584243,6.127527982553924,1.7790183741716559,-0.0
2010-04-12,519.9,0.482021563774133,0.18295687245141645,3.148809356245566,1.5177940099241087,-0.0
2010-04-13,518.0,-0.36612431301870024,0.35112339111592983,4.849625378867519,0.0,1.7755657602359243
2010-04-14,516.2,-0.3480954974969517,0.07405219715967234,6.21617804205023,0.0,2.163823588077102
2010-04-15,521.5,1.0214987156313469,0.17418053501329422,6.33769996004991,6.473952369247822,-0.0
2010-04-16,522.0,0.09583134418115972,0.07351938238193588,6.607427604409346,0.6331986689102477,-0.0
2010-04-19,516.7,-1.0205152589499744,0.1469718936227324,3.7224905258570806,0.0,3.798858382933865
2010-04-20,515.2,-0.29072605029950493,0.3080104703198356,5.234512688440237,0.0,1.521809199152873
2010-04-21,519.7,0.869654722425223,0.06588068435246817,7.486816678049646,6.510945479997795,-0.0
2010-04-22,529.3,1.8303656849545442,0.7282856401109831,7.087600917850051,12.972901508685066,-0.0
2010-04-26,531.2,0.35832192982823907,0.30670082243370844,4.579245942272306,1.6408442431931456,-0.0
2010-04-27,535.7,0.8435704724690631,0.24933825227602338,5.858742088163512,4.94226183138648,-0.0
2010-04-28,539.2,0.6512256711182568,0.10811010841578494,6.306750249659778,4.107117663909922,-0.0
2010-04-29,542.4,0.5917177028088518,0.025148481978244572,5.744549455023255,3.399151607198202,-0.0
2010-05-04,549.1,1.2276837658641193,0.3471807529919993,2.999044259450759,3.681877950435677,-0.0
2010-05-05,548.0,-0.20052873368114976,0.45820183040088097,5.384972638906318,0.0,1.0798417441875234
2010-05-06,549.5,0.2733486895660419,0.31978435046079196,7.446502235955886,2.0354916280491424,-0.0
2010-05-07,542.0,-1.3742772404029793,1.8273489463705543,7.161962624933058,0.0,9.842522232062281
2010-05-10,534.4,-1.4121379217210273,0.763249473941954,5.362663111184236,0.0,7.572819940717726
2010-05-11,534.4,0.0,0.73660249867459,7.151258686949741,0.0,-0.0
2010-05-12,519.6,-2.808533742599142,0.25890255621845387,8.087119302070713,0.0,22.71294744029042
2010-05-13,518.9,-0.1348098422750662,1.0841746095523361,7.382619763150242,0.0,0.9952498058470707
2010-05-14,520.7,0.3462873795159645,0.1563326026124441,6.53312383801656,2.262338333920035,-0.0
2010-05-17,511.3,-1.821755808289989,1.3504108867106568,3.514785560140568,0.0,6.4030810090798616
2010-05-18,508.3,-0.5884677633096776,0.5575799657008566,5.00354011573951,0.0,2.944422060539475
2010-05-19,494.9,-2.6716102495016507,0.6837964684337002,6.206612375561118,0.0,16.58164923723287
2010-05-20,503.6,1.742658021235187,2.318825436316077,6.051590575742754,10.545852858049374,-0.0
2010-05-21,483.7,-4.03174223412546,1.3815887672693057,6.0762077287107905,0.0,24.497703323162828
2010-05-24,486.2,0.5155182053085404,2.109468162668445,3.886417310263031,2.003518876866843,-0.0
2010-05-25,486.3,0.020565552771724453,1.1242860591697996,4.61165956684317,0.09484132818714115,-0.0
2010-05-26,492.7,1.3074752140177293,0.3793784975889998,5.924422001181358,7.74603492392594,-0.0
2010-05-27,497.2,0.90918900866387,0.6286647082977355,5.402327337370896,4.91173663634197,-0.0
2010-05-28,513.0,3.128348553421343,0.7347445259438685,5.3567457894043,16.75776794132881,-0.0
2010-05-31,507.4,-1.0976198005588058,0.8263361428613522,3.4174240112147967,0.0,3.7510322616144594
2010-06-01,508.7,0.25588046635377876,0.3844313804515022,4.103903756508864,1.0501088070865128,-0.0
2010-06-02,510.7,0.39238818248788143,0.3162580813944399,5.9889309841187774,2.3499857439037264,-0.0
2010-06-03,511.2,0.09785694097267796,0.10772332187328952,5.8806200509503235,0.5754594892085922,-0.0
2010-06-04,510.4,-0.15661710327449463,0.3046441665234829,5.943325667231711,0.0,0.9308264498187836
2010-06-07,496.9,-2.680593342230521,0.9803370600294493,4.030010686207645,0.0,10.802819814566066
2010-06-08,497.2,0.06035610282811615,0.3179153318374118,4.418952623320807,0.26671075892572427,-0.0
2010-06-09,497.6,0.08041817884136417,0.46512799300223345,5.368504776087605,0.4317253771941307,-0.0
2010-06-10,500.5,0.5811057330305516,0.3549266236506479,4.929386783069348,2.864494919966626,-0.0
2010-06-11,504.3,0.7563730327404393,0.11256521473837898,4.957216239405843,3.7495046809495536,-0.0
2010-06-14,508.3,0.790049537017723,0.14295115180376858,2.0920875050264365,1.6528527647466993,-0.0
2010-06-15,508.0,-0.05903768743749242,0.23964858612786508,3.521835226970879,0.0,0.20792100733625693
2010-06-16,510.7,0.5300886075116281,0.1378484669687893,4.8428226714801035,2.5671251263506307,-0.0
2010-06-17,510.8,0.019579050478607998,0.14712535167584376,4.751643246253804,0.09303266297474,-0.0
2010-06-18,511.2,0.07827789049407663,0.39684045991449995,4.16363362601541,0.32592045703468947,-0.0
2010-06-21,514.8,0.701757265864654,0.05979298196541653,3.511351516288068,2.464116439560022,-0.0
2010-06-22,512.6,-0.4282661792000736,0.31835673230970146,4.467555942719657,0.0,1.9133031139511303
2010-06-23,512.8,0.03900916764893756,0.5068299642321329,5.13945435150012,0.20048583642172987,-0.0
2010-06-24,511.7,-0.21473897954141116,0.1535585337023759,5.288310356912121,0.0,1.1356063695415848
2010-06-25,505.1,-1.2982086337039214,0.37824426013853746,4.908704969321817,0.0,6.3725231714789246
2010-06-28,507.3,0.43461150986374386,0.057871891127571455,3.902452836368911,1.696050919386342,-0.0
2010-06-29,510.7,0.6679789080953797,0.05725609460118547,4.651070843997957,3.106817223848011,-0.0
2010-06-30,507.1,-0.7074110852624741,0.17928284731074,4.844330090813913,0.0,3.42693280691233
2010-07-01,504.0,-0.6131954729604836,0.16463674770463468,4.75152742801851,0.0,2.9136151085085205
2010-07-02,503.7,-0.05954153197637867,0.15496911464827795,4.701793276752816,0.0,0.2799519747341
2010-07-05,506.5,0.5543470937133311,0.12246549760690734,2.6949179815939672,1.4939199508924121,-0.0
2010-07-06,500.8,-1.1317503902849237,0.132259971133079,3.343358251454011,0.0,3.7838470059453972
2010-07-07,496.9,-0.7818021177613902,0.46573865107365814,4.2058301180088336,0.0,3.288126893203944
2010-07-08,498.6,0.3415372481182654,0.06976695097140943,4.429467479406306,1.5128281335457792,-0.0
2010-07-09,499.5,0.18034269991507268,0.08570340071530312,4.442449347271277,0.8011633095228545,-0.0
2010-07-12,499.9,0.080048033091636,0.20563339141999148,1.8969595743820118,0.15184788278362701,-0.0
2010-07-13,509.1,1.8236382488765812,0.8341494278875763,2.862702935160325,5.220534567729624,-0.0
2010-07-14,507.3,-0.3541916335645998,0.22445818809030277,3.734307453230605,0.0,1.3226604570922085
2010-07-15,505.2,-0.41481540963083424,0.12641461552742939,4.611629871478868,0.0,1.9129751342032983
2010-07-16,506.2,0.1977457634687678,0.15706579339940174,4.144274626109315,0.8195127499642286,-0.0
2010-07-19,506.8,0.1184600335960279,0.15962967112287824,1.7751877337175195,0.21028879857543398,-0.0
2010-07-20,506.6,-0.03947108794090995,0.0836295266336669,2.9862915085520427,0.0,0.11787217475125031
2010-07-21,505.4,-0.23715426134811235,0.021574942730275964,4.372954389673666,0.0,1.0370647681920437
2010-07-22,500.3,-1.0142276459934443,0.1370230435707276,4.030071590119781,0.0,4.087410022032242
2010-07-23,500.3,0.0,0.10776255844446674,4.053788541370759,0.0,-0.0
2010-07-26,498.1,-0.4407058414921638,0.14010216712642515,2.11765977403469,0.0,0.9332650327100634
2010-07-27,497.7,-0.08033742147292422,0.326799830449517,3.625801511720498,0.0,0.29128754422425546
2010-07-28,491.0,-1.3553358069987844,0.3258620086113373,3.658188404148976,0.0,4.958073732890848
2010-07-29,491.1,0.020364525067827967,0.2541070481940991,3.661841162118453,0.07457165614036552,-0.0
2010-07-30,493.9,0.568529450138009,0.18920515018881426,3.497903974863224,1.9886614234645448,-0.0
2010-08-02,491.6,-0.46676898546993245,0.16613463325054795,2.2596700106237795,0.0,1.054743878355693
2010-08-03,491.9,0.06100661094143119,0.3973863429926107,2.952065627659399,0.18009551922018882,-0.0
2010-08-04,486.7,-1.0627526961885505,0.4499945089013505,4.1266833710511195,0.0,4.385643878901034
2010-08-05,486.2,-0.10278549573855796,0.19417283259812138,3.5902468905425864,0.0,0.36902530646823595
2010-08-06,482.8,-0.7017572658646535,0.07249329545002604,2.9789993586842827,0.0,2.0905344449628385
2010-08-09,472.7,-2.1141551424185816,0.587802116243687,1.43617791943362,0.0,3.036302933798607
2010-08-10,461.7,-2.35456082862474,1.9651073088966498,2.635616713800776,0.0,6.20571987358397
2010-08-11,463.1,0.3027683973763229,1.1459007981687714,3.9050666403882737,1.182330768358099,-0.0
2010-08-12,448.4,-3.225732228870151,1.0207189216859318,4.094303918250004,0.0,13.207128103888378
2010-08-13,452.7,0.9543963243908058,0.7661715874636438,4.28263803117276,4.087333995647559,-0.0
2010-08-16,464.8,2.637755109578872,0.6549606255192812,3.0218728618723403,7.970960581901495,-0.0
2010-08-17,463.5,-0.28008205317915996,1.0120418330937773,3.799994742730666,0.0,1.0643103296140186
2010-08-18,455.5,-1.7410668305896888,1.1622120049960438,4.558495848130423,0.0,7.936645918560692
2010-08-19,452.2,-0.7271156856143564,0.7202465637033902,4.325246795586428,0.0,3.144954789224123
2010-08-20,454.8,0.5733202032511506,2.5386512893103035,3.3464829819130935,1.9186063033669314,-0.0
2010-08-23,447.9,-1.52877686631266,0.1514986431864072,2.0075098524020683,0.0,3.0690346212470243
2010-08-24,434.4,-3.0604224593528717,0.6399724214238616,3.111659679679322,0.0,9.52299316955336
2010-08-25,423.89,-2.449178100884411,1.2122390634085207,4.082219288880174,0.0,9.998082085333255
2010-08-26,427.1,0.7544190236539309,1.417692778613342,4.438793626079883,3.3487103535884764,-0.0
2010-08-27,429.1,0.4671814150058104,1.715544279956536,4.304752550553188,2.0111003878173097,-0.0
2010-08-30,444.6,3.54850095326172,0.395284424320405,2.60004078828868,9.226247215761735,-0.0
2010-08-31,455.1,2.334217349250011,1.4825593297656812,3.759629814775178,8.775793140405826,-0.0
2010-09-01,458.8,0.8097210232619303,1.0843511436618618,4.469901282507188,3.6193730403515354,-0.0
2010-09-06,466.0,1.5571248870430325,2.220446049250313e-12,2.0192750972294196,3.1442635076821683,-0.0
2010-09-07,460.6,-1.1655646739060996,1.5422910861252832,3.411821530746831,0.0,3.9766986499107397
2010-09-08,458.4,-0.47878219860551147,0.3903030834148021,5.26260291214468,0.0,2.519640592664397
2010-09-09,463.7,1.149562599688531,0.7593895168768031,4.844518430264162,5.569077200933472,-0.0
2010-09-10,451.4,-2.688392701397989,1.2666851583386822,4.901188636831022,0.0,13.176319759431278
2010-09-13,447.3,-0.9124353944632821,2.4921856400078206,2.7285251356447944,0.0,2.4896029084450384
2010-09-14,449.0,0.3793377303451733,0.22650323910167033,3.709191100962818,1.40703613365575,-0.0
2010-09-15,448.7,-0.06683747603166872,0.8365049043482908,5.142639038910733,0.0,0.34372101350272
2010-09-16,449.5,0.17813409297372632,0.44738576966203786,4.097121546126506,0.7298370304223564,-0.0
2010-09-17,457.6,1.7859586153913236,2.220446049250313e-12,3.1223400293236363,5.576370075551746,-0.0
2010-09-20,457.9,0.06553795974615957,0.25954029237931436,2.229817557007325,0.14613769329242593,-0.0
2010-09-21,453.3,-1.0096661716246136,0.1492556822152308,3.493476042302746,0.0,3.52724458129412
2010-09-22,453.9,0.13227515156163097,0.174633131362458,4.213634630810351,0.5573591594157762,-0.0
2010-09-23,450.8,-0.6853127296798628,1.0343287093761777,4.15633583762182,0.0,2.8483898583468488
2010-09-24,449.7,-0.2443088388959549,0.40772085535732716,4.203839057387956,0.0,1.027035039015917
2010-09-27,450.2,0.111123469597023,0.21727003959275562,1.9895736707557983,0.2210883293132694,-0.0
2010-09-28,455.1,1.0825246549964493,0.04973722907867382,2.7017712300629095,2.9247339687031837,-0.0
2010-09-29,452.9,-0.48458244604281536,0.14257717918111584,3.5425920810147407,0.0,1.7166779359500306
2010-09-30,454.5,0.35265630553653904,0.1887839106720235,4.0494543768274225,1.428065619970727,-0.0
2010-10-01,451.7,-0.6179670956975114,0.2137096971212186,3.368297246671395,0.0,2.081496866971446
2010-10-04,445.8,-1.31478217087899,0.9220209237086232,2.333257388942744,0.0,3.0677252150535845
2010-10-05,451.0,1.159691855090984,0.7397771211398187,2.2459607824564007,2.6046224262684614,-0.0
2010-10-06,460.7,2.1279732439192927,0.3694942488542895,3.539189082725405,7.531299673210926,-0.0
2010-10-07,462.1,0.3034245934349569,1.2721588720869534,3.8186407003766956,1.158669501985978,-0.0
2010-10-08,459.3,-0.6077726544472999,1.1396290250717664,3.6005011414426953,0.0,2.18828613607516
2010-10-11,459.3,0.0,0.5033262707238484,1.1283577177450368,0.0,-0.0
2010-10-12,454.3,-1.0945818566390109,0.7647066337329251,1.9153045185622632,0.0,2.096457575956969
2010-10-13,457.7,0.7456174894238804,0.3536556199951448,3.2634706217977456,2.433300771833425,-0.0
2010-10-14,458.7,0.21824539435299928,0.19106094806638627,3.9073770165848245,0.8527670378704009,-0.0
2010-10-15,458.4,-0.0654236202596486,0.1433343189608573,3.4461833963163797,0.0,0.22546179386570891
2010-10-18,457.6,-0.17467253349415374,0.2641255987975169,1.985254250925735,0.0,0.34676938963923654
2010-10-19,454.3,-0.7237667300230501,1.0795791290789147,2.6089063148450453,0.0,1.8882395924318847
2010-10-20,442.2,-2.6995504342011754,0.9800213398864717,3.805030408359799,0.0,10.271871491036372
2010-10-21,445.1,0.6536707598462854,0.3862655980979533,3.2960780714390694,2.1545498574702555,-0.0
2010-10-22,445.2,0.02246433795810284,0.6059988260552776,3.107982124258499,0.0698187608070853,-0.0
2010-10-25,448.6,0.7608002684718255,0.46637976555901817,2.1764933987779087,1.6558767621173889,-0.0
2010-10-26,455.1,1.4385552936488335,1.0985543035911611,2.255674794007924,3.2449129156703407,-0.0
2010-10-27,450.0,-1.126959225823088,0.6871974066145368,3.0215203774420125,0.0,3.4051302653707354
2010-10-28,450.1,0.022219753452169047,0.2099081090764827,3.13888950833235,0.06974535098874493,-0.0
2010-10-29,452.6,0.5538952900549976,0.06971406570783484,3.4176026726265234,1.8929940236472032,-0.0
2010-11-01,451.1,-0.3319688785086773,0.09919166095611885,2.4046531235647364,0.0,0.7982700006321733
2010-11-02,446.3,-1.0697672779126028,0.17014078045978395,2.8066170001100104,0.0,3.002427028350921
2010-11-03,444.2,-0.4716460174897166,0.28700199860898445,3.868130654615418,0.0,1.8243884183792523
2010-11-04,449.0,1.0747976281927298,0.16187740947211082,3.8169457613320117,4.102444251219939,-0.0
2010-11-05,457.3,1.831674292175528,0.8109465160298878,4.186667551857557,7.668611324622941,-0.0
2010-11-08,457.1,-0.043744532631082786,0.4405883977231041,2.51884958290495,0.0,0.11018589777217484
2010-11-09,449.4,-1.6988825586469973,0.24378430849543709,3.2586570940004393,0.0,5.536075701608655
2010-11-10,451.3,0.4218947081726685,0.0910749652283895,4.263370364016143,1.798693395558594,-0.0
2010-11-11,446.7,-1.024507847488255,0.30873460853953566,4.054620950736104,0.0,4.153990982619428
2010-11-12,441.6,-1.1482733395187352,2.5708008551343675,3.663898649871745,0.0,4.207157138346414
2010-11-15,433.5,-1.8512698742289082,1.8009988507582861,3.0935730035502496,0.0,5.727038505200416
2010-11-16,426.9,-1.5342002456680177,0.678012873107373,3.5532087630195783,0.0,5.451333757134391
2010-11-17,425.5,-0.32848457504875445,0.911824587212946,4.172736261097488,0.0,1.3706794975171368
2010-11-18,430.7,1.2146844046635994,0.335047201496182,4.270445876131624,5.187244006697065,-0.0
2010-11-19,426.5,-0.979942512833101,0.38301443537153534,4.142684923230131,0.0,4.059593073545936
2010-11-22,426.2,-0.07036472672170961,0.8110323316412356,3.257962397735755,0.0,0.2292456337862822
2010-11-23,430.8,1.0735225617716817,0.18252999193507224,3.5608974095288732,3.8227037092835814,-0.0
2010-11-24,434.5,0.8551999423213249,0.8055142717289614,4.203741485061273,3.595039475558161,-0.0
2010-11-25,439.9,1.235148364922729,0.24417456448521396,4.216573259574214,5.208093567139993,-0.0
2010-11-26,439.9,0.0,0.9760006093243626,4.310500494046756,0.0,-0.0
2010-11-29,446.4,1.4667982712427108,1.1387850732518425,2.878023328000321,4.221479642107064,-0.0
2010-11-30,451.6,1.1581421208405904,0.8684236854857127,4.37230952788568,5.063755829597041,-0.0
2010-12-01,449.9,-0.3771496428380435,0.7210821302236303,5.320508814753541,0.0,2.00662799920096
2010-12-02,457.4,1.6532945741554073,1.0643681206372577,5.593109512719782,9.24705761003661,-0.0
2010-12-03,464.4,1.5187968235055602,0.4764677188454967,5.499437775133387,8.352528623939074,-0.0
2010-12-06,465.6,0.25806465934917133,0.7507246308487238,4.0963882192921774,1.0571330303735944,-0.0
2010-12-07,460.8,-1.036278703554666,0.6392139988470293,4.71041638543597,0.0,4.881304185102242
2010-12-08,452.8,-1.7513582492708357,1.1295650030693392,4.903680072539168,0.0,8.588100546826482
2010-12-09,460.5,1.6862328806388258,0.8834427203328351,4.56241798747176,7.6932992256929005,-0.0
2010-12-10,473.1,2.6993926941740956,1.4064995445454878,4.28845024952673,11.576211272901531,-0.0
2010-12-13,490.2,3.5506688456909816,0.13023198227327015,3.8458841225295335,13.655460938003213,-0.0
2010-12-14,489.7,-0.10205123857405236,4.975906525968556,4.754767244839381,0.0,0.48522988646719334
2010-12-15,493.5,0.7729900165264572,0.6339790216509643,5.669498176899886,4.3824654894585615,-0.0
2010-12-16,480.2,-2.732017508638347,1.7923256173484996,5.4884791754119915,0.0,14.994621203022518
2010-12-17,485.3,1.0564572624017792,1.664890274212337,4.905877113228272,5.182849504720684,-0.0
2010-12-20,478.3,-1.452910572491924,0.7082171224782806,2.5660091838140837,0.0,3.728181872274855
2010-12-21,481.8,0.7290939494519681,1.9799897717089783,3.2099493502112675,2.340354649286312,-0.0
2010-12-22,481.5,-0.06228589425907458,0.3418029896320012,4.372852859690884,0.0,0.27236705082919827
2010-12-23,475.4,-1.2749676312086713,0.19707022181120729,4.058457414095197,0.0,5.174401835610223
2010-12-24,472.8,-0.5484088834205019,1.0553493549593043,3.2328012905770347,0.0,1.772896946085709
2010-12-27,473.1,0.06343165452139643,0.8288195863924428,2.1547558686591706,0.13667972983873997,-0.0
2010-12-28,479.3,1.3019923528483253,0.2904869563660893,2.857329530190764,3.720221197876073,-0.0
2010-12-29,478.8,-0.10437324817675647,0.43317144377578753,3.95696255134508,0.0,0.4130010343976715
2010-12-30,481.4,0.5415551665153521,0.10572809995516959,3.930702753730438,2.1286923843188403,-0.0
2010-12-31,484.7,0.6831617502358661,0.31897517999710756,3.7362528619864523,2.5524650445184287,-0.0
2011-01-04,486.0,0.26784810491633854,0.7903089316879326,2.2485493220703496,0.6022696747274608,-0.0
2011-01-05,481.9,-0.8472000254206798,0.17409697203947552,2.9594184719683163,0.0,2.507219404681987
2011-01-06,482.3,0.08297034286390968,0.202167134061209,3.3274310372352645,0.2760780940154245,-0.0
2011-01-07,481.9,-0.08297034286392237,0.12070030819615196,3.316690039814503,0.0,0.27518690977676563
2011-01-10,481.9,0.0,0.5964055864351135,2.4041469887519793,0.0,-0.0
2011-01-11,477.4,-0.9381909741557327,0.6082367252306042,2.7893882770644693,0.0,2.6169789049576955
2011-01-12,478.5,0.2301496988279389,0.29463294028651854,3.4459110136251794,0.7930753819737126,-0.0
2011-01-13,484.1,1.163528605263981,0.3473525045383019,3.2600212668248374,3.7931279977196195,-0.0
2011-01-14,489.2,1.0479906867368654,0.2002814331366059,3.34931150810649,3.5100472674762067,-0.0
2011-01-17,495.2,1.2190317557369128,0.6742298564885402,2.020158014723292,2.4626367715541306,-0.0
2011-01-18,497.4,0.4432809998918009,0.5634506020367759,2.5750711628388996,1.14148011985577,-0.0
2011-01-19,505.9,1.6944489928586068,0.4357106693032883,3.185517257873109,5.3976965093368,-0.0
2011-01-20,512.0,1.198560374161749,0.24202771262967937,3.226061124795946,3.866629028804102,-0.0
2011-01-21,519.5,1.4542185499774298,0.14595401385362533,2.926818379788415,4.256233580303199,-0.0
2011-01-24,509.9,-1.8652182478172055,1.0588622992000114,1.7181113871695768,0.0,3.204652711131226
2011-01-25,502.0,-1.5614508369380766,0.27990751126605984,1.9613076532723783,0.0,3.06248547669521
2011-01-26,501.3,-0.13953954222714293,0.1400461839779849,2.4651443412628318,0.0,0.34398511290364736
2011-01-27,502.7,0.2788846429071864,0.5300841635347882,2.2770483940822612,0.6350338282660136,-0.0
2011-01-28,510.6,1.5592934108853937,0.6932216602734493,2.130118607909464,3.321479909717595,-0.0
2011-02-08,520.7,1.9587555361470075,0.2876528913304735,1.12158576033972,2.196912317329077,-0.0
2011-02-09,522.6,0.36422929176585783,0.2914936676959624,2.3572829488758313,0.8585914989607769,-0.0
2011-02-10,520.2,-0.46030000719608544,0.7849564601214465,2.984359755849068,0.0,1.3737008170930338
2011-02-11,520.0,-0.03845414390782591,0.6471798230957455,3.198715500644281,0.0,0.12300386618196858
2011-02-14,514.1,-1.1411012514014003,0.6539391959893217,1.9632260187335497,0.0,2.2402396667606426
2011-02-15,517.9,0.7364374368386664,0.35133828888024354,2.5017587638961807,1.8423888116723737,-0.0
2011-02-16,513.0,-0.9506328259076244,0.20885781310172186,3.0281981879029884,0.0,2.8787046007745656
2011-02-17,509.8,-0.62573532287544,0.5735117615996053,3.0385745576862866,0.0,1.9013434319349258
2011-02-18,503.9,-1.1640656255462705,0.9023600694370458,2.929135551540728,0.0,3.4097060081140773
2011-02-21,483.7,-4.091295585761488,2.058956649439457,2.4893993525858917,0.0,10.184868582432165
2011-02-22,470.0,-2.873218512483323,0.30045218869738793,3.2592659276626677,0.0,9.364583200466507
2011-02-23,470.7,0.14882537029923254,1.0883048113863554,3.895026764965659,0.579678800621436,-0.0
2011-02-24,461.3,-2.017235784332173,1.2068266892129529,3.7237941772090344,0.0,7.511770867753845
2011-02-25,467.0,1.2280667105122551,1.597026970607016,3.459729012267456,4.2487780273591085,-0.0
2011-02-28,461.4,-1.2063911929244113,3.161557335979899,2.4342074863104615,0.0,2.93660647323561
2011-03-01,466.1,1.0134857639042,0.3698202995641095,2.9777411547083816,3.017898268888599,-0.0
2011-03-02,457.8,-1.796779586022894,3.2295640292538903,3.5635356414016646,0.0,6.402888094535511
2011-03-03,452.3,-1.2086731034668885,1.1772396669001821,3.322429416406911,0.0,4.015731073778224
2011-03-04,459.2,1.514016852155922,0.6732947732975684,3.087071727695689,4.673878619545371,-0.0
2011-03-07,468.2,1.9409710051453761,0.17243552580238589,2.1077327382096143,4.091048131460531,-0.0
2011-03-08,475.4,1.5260999869283194,0.4978744315550662,2.5164222154766325,3.8403119101450214,-0.0
2011-03-09,470.5,-1.0360595900659126,1.309123839309248,3.0995289788959113,0.0,3.2112967232723144
2011-03-10,482.5,2.518496175360632,1.1340951450796166,3.2040817875011656,8.069467727364342,-0.0
2011-03-11,495.1,2.5778841588336765,0.36704295985823054,3.4814679759633886,8.974821144722762,-0.0
2011-03-14,479.9,-3.118201350317766,1.341314156536527,2.3539560457118385,0.0,7.3401089203273235
2011-03-15,468.7,-2.3614843935539356,1.4142604835572308,2.7034220717924202,0.0,6.384089031727048
2011-03-16,463.6,-1.094079346306377,1.6331944567484689,3.18100668828216,0.0,3.4802737181119587
2011-03-17,460.5,-0.6709255770235195,2.964903504871717,3.129098793869494,0.0,2.0993924138404894
2011-03-18,461.1,0.13020835172984224,1.1814056399523398,3.159009360545691,0.4113294019357973,-0.0
2011-03-21,468.3,1.5494176976836276,0.4847642691560705,2.2437954720142153,3.476576414321214,-0.0
2011-03-22,464.8,-0.7501910651794546,0.3625208506123696,2.803206275706746,0.0,2.102940301890176
2011-03-23,467.6,0.6006024060211949,0.13766017756463556,3.26832448130514,1.9629635471298408,-0.0
2011-03-24,461.3,-1.3564639034138586,0.9726088621783823,3.1809912360543025,0.0,4.314899788783494
2011-03-25,457.7,-0.7834642904178525,0.3660631003463901,2.968716372676015,0.0,2.325883266370475
2011-03-28,459.5,0.39249941361453167,1.0383439000310917,2.1758802643840953,0.8540317278661895,-0.0
2011-03-29,457.9,-0.3488122132691977,0.7977960307325322,2.877334656709119,0.0,1.0036494699228748
2011-03-30,460.0,0.4575669820091001,0.41347778302806787,3.240719388476301,1.4828461901234775,-0.0
2011-03-31,461.1,0.23884497295191814,0.46745437145921126,2.9731041615174916,0.7101109830408805,-0.0
2011-04-01,459.2,-0.4129094207303293,0.4300061309137187,2.806748611610048,0.0,1.158932943355561
2011-04-04,457.3,-0.41462143413471403,0.14048020818487456,1.9703015308490313,0.0,0.8169292463984479
2011-04-05,457.2,-0.021869874335397128,0.40388080277562505,2.462037171569733,0.0,0.05384444355130664
2011-04-06,464.9,1.670139677588341,0.3432876898964273,2.875123597369352,4.801857997937081,-0.0
2011-04-07,463.5,-0.3015943690629179,0.3274888548897384,2.9580521679736598,0.0,0.8921318772552124
2011-04-08,464.3,0.17245100199663072,0.06491514002506782,2.930944050266453,0.505444238264513,-0.0
2011-04-13,461.0,-0.7132852029227539,0.1346734258115346,2.1855783030371625,0.0,1.5589406633854306
2011-04-14,460.6,-0.08680556100635917,0.1265221901987473,2.435422879090741,0.0,0.2114082493071942
2011-04-15,461.0,0.0868055610063593,0.13211260636577762,2.8158813378784493,0.2444341592618764,-0.0
2011-04-18,455.5,-1.2002326296635517,0.30791055577593224,1.734754062538321,0.0,2.0821084302998987
2011-04-19,453.7,-0.39595300300947994,0.4048276407783746,2.457088105057233,0.0,0.9728914138562839
2011-04-20,458.5,1.0524105026601287,0.1415440446808722,2.9263107880071364,3.079680207346348,-0.0
2011-04-21,460.3,0.39181591266762955,0.39039044004199547,2.952421819746107,1.1568058498836447,-0.0
2011-04-22,456.5,-0.8289750788172656,1.3250709166911407,2.66896329548682,0.0,2.2125040582365756
2011-04-25,465.6,1.9738196382204858,0.7054676882741502,1.9555701080586463,3.8599426832031134,-0.0
2011-04-26,461.9,-0.7978478980668449,0.9430902060429662,2.46406690270094,0.0,1.9659505990160258
2011-04-27,469.3,1.5893805363812428,0.5281748753399939,2.7903198131951505,4.434880001371318,-0.0
2011-04-28,472.9,0.7641726849458068,0.1309366197184457,2.56106044842063,1.9570924391781046,-0.0
2011-04-29,480.1,1.5110465887064561,0.22566633559668903,2.380574207235973,3.597158535006493,-0.0
2011-05-04,486.6,1.3448014812527609,0.4402012770601204,1.5264306239639052,2.0527461641362357,-0.0
2011-05-05,479.3,-1.511572418383663,1.6309965154945745,2.1092604696771784,0.0,3.188299949150993
2011-05-06,472.7,-1.3865768366394935,0.27441551022813476,2.3552020584764857,0.0,3.2656686198891487
2011-05-09,477.5,1.0103222121594324,0.8598000426351333,1.6039708010490052,1.620527327954968,-0.0
2011-05-10,481.3,0.7926616388278857,0.119783127187081,2.015250469061811,1.5974117394552005,-0.0
2011-05-11,483.2,0.3939870311541491,0.17604295529112327,2.4531425627946457,0.9665063553133433,-0.0
2011-05-12,482.1,-0.22790852090285332,0.43806438605903714,2.193332749317406,0.0,0.4998792227447188
2011-05-13,479.7,-0.49906529035584146,0.24094610890241758,2.1739420655862083,0.0,1.0849390281785587
2011-05-16,471.5,-1.7241806434505993,1.2402102330074076,1.441379711403436,0.0,2.4851989982642153
2011-05-17,464.4,-1.5172852249775834,1.4708065571585012,1.8822601418471407,0.0,2.8559255027888772
2011-05-18,454.9,-2.0668635247778004,1.2028904080943663,2.3024941063082967,0.0,4.758941084344477
2011-05-19,444.9,-2.2228076763962314,2.6193013226631714,2.399215761034441,0.0,5.332995210958182
2011-05-20,432.9,-2.734278336406127,1.3056807112030155,2.3641643409357482,0.0,6.464283341124486
2011-05-23,417.8,-3.550390532546936,2.3235913309097516,1.646756537532865,0.0,5.846628820266457
2011-05-24,402.6,-3.705933591677423,0.42423245829401524,1.9556161572000617,0.0,7.2473836093948245
2011-05-25,386.4,-4.10704108673283,0.46197587373804866,2.5613483114360025,0.0,10.51956275250142
2011-05-26,398.0,2.957890294607481,21.295538443278613,2.605874121659278,7.707889773424772,-0.0
2011-05-27,410.8,3.165447276996542,0.379980586135604,2.6697771742561405,8.451038886436622,-0.0
2011-05-30,412.1,0.31595602903685177,0.2859792660073976,1.8293183618159088,0.5779841654435534,-0.0
2011-05-31,421.4,2.2316463025316806,0.3034839621332008,2.289344934443505,5.1090081581704805,-0.0
2011-06-01,435.7,3.3371431753307825,2.591118619574017,2.6379530231167236,8.80322692793718,-0.0
2011-06-02,450.6,3.362609487474772,0.2345459727012985,2.728222362684125,9.173946400702478,-0.0
2011-06-03,443.4,-1.610773081593308,9.540764670761536,2.554920930828963,0.0,4.115397860978611
2011-06-06,433.8,-2.188869878943698,1.1646707338767566,1.43301298514126,0.0,3.1366789593108977
2011-06-07,443.7,2.2565059992089727,1.2307514123306764,1.9882791216605025,4.486563766128871,-0.0
2011-06-08,439.6,-0.9283435855397429,2.3272231273297472,2.6099074373291646,0.0,2.4228908282969988
2011-06-09,444.0,0.9959339902758487,0.6393440362834721,2.7235285081811615,2.7124546147828936,-0.0
2011-06-10,445.0,0.22497197340155461,1.1061908853973805,2.6650777104542756,0.5995677917893953,-0.0
2011-06-13,442.7,-0.5181942428144889,0.4136734458177581,1.5938437041500544,0.0,0.8259206314366777
2011-06-14,441.5,-0.27143196940805747,3.607159770147082,2.088162983730518,0.0,0.56679419111898
2011-06-15,441.5,0.0,1.3014005887396973,2.5658659185939525,0.0,-0.0
2011-06-16,445.2,0.8345599357375055,0.707233836233234,2.4892893358693002,2.077461148175141,-0.0
2011-06-17,438.9,-1.4252022707201502,0.8322794899378527,2.4447865502167314,0.0,3.484315342794968
2011-06-20,431.6,-1.6772363310208656,1.083209703031237,1.2355502681077133,0.0,2.0723097984728276
2011-06-21,442.7,2.5393106354115726,0.5816170183995641,1.6881164792768875,4.28665212964134,-0.0
2011-06-22,439.6,-0.7027117208628957,0.5451645965557321,2.2744563525794477,0.0,1.5982871375486487
2011-06-23,434.8,-1.09790672824119,0.8825923334001412,2.1277614243665997,0.0,2.3360835839041476
2011-06-24,433.4,-0.32250661447957885,0.1459645336332931,1.8883074861831879,0.0,0.6089916544653841
2011-06-27,434.3,0.20744504385176665,0.4830122148515374,1.0617688696400183,0.2202586897229143,-0.0
2011-06-28,432.3,-0.4615747867190052,2.220446049250313e-12,1.459123550149214,0.0,0.6734946414568012
2011-06-29,434.6,0.530627614874318,0.3807182649853508,1.7779224879937328,0.9434147692355277,-0.0
2011-06-30,432.5,-0.4843741450395302,0.21637859474963717,1.6163116284705878,0.0,0.7828995631578918
2011-07-01,425.3,-1.678752411234615,0.7433408078871483,1.5675647238557975,0.0,2.6315530599392436
2011-07-04,425.4,0.02351005065489748,0.21381156831356607,0.6676840000483351,0.015697284662600928,-0.0
2011-07-05,431.0,1.3078187337610951,1.3885901301015104,1.1828776513966774,1.5469895522439008,-0.0
2011-07-06,428.3,-0.6284205482422491,0.5225615411038619,1.6006080373660436,0.0,1.0058549803625194
2011-07-07,430.0,0.39613240662827004,0.4901833720484128,1.5317331632427542,0.606769144267685,-0.0
2011-07-08,430.3,0.0697431156945882,0.18083865762759374,1.3591781336469726,0.09479331782449528,-0.0
2011-07-11,425.1,-1.215820447980952,0.16808187693030618,0.8101396009055088,0.0,0.9849842925000455
2011-07-12,417.3,-1.8519047767237526,0.5721559229621254,1.1291648473331743,0.0,2.0911057744848525
2011-07-13,418.2,0.21543993970262248,0.3866844664774288,1.5685326430917765,0.33792457804928744,-0.0
2011-07-14,418.9,0.16724409584560188,0.793798778082464,1.5207905903723002,0.25434324725731444,-0.0
2011-07-15,414.7,-1.0076860700653585,0.9615099423823426,1.4223347839844542,0.0,1.4332669487905554
2011-07-18,415.8,0.2649008171577084,0.4295633911908928,0.9998342632989181,0.2648569133701588,-0.0
2011-07-19,410.1,-1.3803343025898942,0.3946733294596479,1.2052507497610316,0.0,1.6636489531173406
2011-07-20,416.8,1.620545804114351,0.2986101902080146,1.497435664683339,2.4266630833337697,-0.0
2011-07-21,413.1,-0.8916796036438305,0.391107010885056,1.3457502152488885,0.0,1.1999780185367284
2011-07-22,409.2,-0.9485660325247565,0.15703516672485066,1.2641922277847129,0.0,1.1991698058583782
2011-07-25,409.36,0.039093041936504126,0.23377062659563505,0.5219537966671005,0.02040476166202451,-0.0
2011-07-26,409.4,0.009770873035264572,0.360296424751523,0.7835315000610118,0.007655786806226542,-0.0
2011-07-27,409.4,0.0,0.338436608639636,1.1527718338493387,0.0,-0.0
2011-07-28,408.4,-0.24455869366786362,0.29008737325301764,1.0296962030391004,0.0,0.2518211582900016
2011-07-29,405.7,-0.6633116078108957,1.3393149861034372,0.9964051535771826,0.0,0.6609271044503434
2011-08-01,401.95,-0.9286267438431681,0.40409549883767276,0.6229040650646566,0.0,0.5784453736676649
2011-08-02,396.55,-1.3525566244641158,0.3376310528275025,0.9570838622722112,0.0,1.2945101180839806
2011-08-03,391.47,-1.2893252387063459,0.8236385332819498,1.2423404697894462,0.0,1.6017809227658317
2011-08-04,396.05,1.1631581768023438,0.8393362771716435,1.1488473684459473,1.3362912105057585,-0.0
2011-08-05,397.66,0.40569029196465434,0.5482445264808468,1.1916251189188936,0.48343074240662187,-0.0
2011-08-08,396.4,-0.31735663741022996,0.7955097392015988,0.6400956690814138,0.0,0.20313860916052878
2011-08-09,387.7,-2.2191957778949485,0.28224393072969506,0.8161559346599345,0.0,1.8112098043012321
2011-08-10,386.0,-0.4394475212052531,0.8669656030001769,1.2035482724211006,0.0,0.5288963049663173
2011-08-11,384.4,-0.4153692368693516,1.006091479401497,1.100591494637281,0.0,0.4571518492323865
2011-08-12,383.92,-0.12494795461472437,0.38416902635108846,1.086186540521138,0.0,0.1357167865681596
2011-08-15,384.32,0.1041341341628617,0.08586847261971195,0.7611846206717306,0.07926530141173699,-0.0
2011-08-16,386.48,0.5604581354532545,0.572192434852754,1.116255425409141,0.6256144344143866,-0.0
2011-08-17,393.46,1.7899290601968227,0.2516435956595983,1.5914301600078957,2.848547090671812,-0.0
2011-08-18,402.89,2.3684160986555294,0.3131773128044706,1.7237019011404413,4.082443331944163,-0.0
2011-08-19,400.76,-0.5300827443612542,0.6401193479948991,1.7870939765431497,0.0,0.9473076795174598
2011-08-22,406.03,1.3064304106434417,0.31874371070764473,0.8265708945742579,1.0798573532245648,-0.0
2011-08-23,401.28,-1.1767610492995548,0.11907240459486157,1.403931849655578,0.0,1.6520923165457628
2011-08-24,396.68,-1.152952768657673,1.835141746621046,1.9059608238483186,0.0,2.1974828088089784
2011-08-25,401.65,1.2451152301897188,0.32133243758846536,1.8634415230113064,2.320199420869303,-0.0
2011-08-26,404.4,0.6823424526494868,0.5327435959971615,1.5750294101897513,1.0747094307439495,-0.0
2011-08-29,413.37,2.193858852760526,0.6748829832945442,0.8633783604341932,1.894130259320423,-0.0
2011-08-30,419.26,1.4148176861814878,0.9374392098544118,1.1903808675921497,1.6841719047614372,-0.0
2011-08-31,425.43,1.4609169605627974,1.6870126185479293,1.5775468967701691,2.3046650175747487,-0.0
2011-09-01,435.29,2.2912053490480275,0.26170598293673936,1.4955057482890952,3.426510770012048,-0.0
2011-09-05,435.73,0.10103098377226861,1.4414464655818215,0.6197092499369811,0.06260983517390789,-0.0
2011-09-06,436.16,0.09863630386004532,1.1185441399412284,1.141649001537153,0.11260803781713596,-0.0
2011-09-07,443.99,1.7792891147898588,0.7067505828719804,1.8764120326365488,3.3386795045309245,-0.0
2011-09-08,453.26,2.066387261471801,1.1898978980749688,2.0048480872157977,4.14279254860883,-0.0
2011-09-09,459.92,1.4586649044251128,0.5730098107868367,2.1761537233689583,3.1742790629123347,-0.0
2011-09-12,462.93,0.6523293436187534,0.5067494798526416,1.2381154010317286,0.8076590068792971,-0.0
2011-09-13,469.4,1.3879428665699964,0.4361407027163793,1.9641809881165255,2.7261709911087384,-0.0
2011-09-14,466.99,-0.5147439253524533,1.515201010578215,2.594008081492077,0.0,1.3352499022632183
2011-09-15,470.67,0.7849367349575275,0.995749304463594,2.3963286390884804,1.880966377851327,-0.0
2011-09-16,457.11,-2.9233149363600863,2.851893897198653,2.212330773112353,0.0,6.467339593208399
2011-09-19,461.68,0.9947948253338055,1.1291821749548283,1.0946303265063502,1.088932584461971,-0.0
2011-09-20,454.37,-1.5960166302020493,0.18216779368063532,1.470606046862244,0.0,2.347111707267836
2011-09-21,447.57,-1.5078894037823976,1.137029625464198,1.906987103112158,0.0,2.8755256459325134
2011-09-22,449.26,0.3768834674157624,0.7778272471905183,1.6444120671028288,0.6197517217100355,-0.0
2011-09-23,440.3,-2.014547197531592,0.31728098502511015,1.8007942526657956,0.0,3.6277850150388757
2011-09-26,434.43,-1.3421485753087221,4.051185118852256,1.2460251852520792,0.0,1.6723509271848647
2011-09-27,437.47,0.6973305009348999,1.9272938973472604,1.6386509885799718,1.1426813147239407,-0.0
2011-09-28,433.97,-0.8032724730731226,0.7554524964303696,2.0292933070923085,0.0,1.6300754533787742
2011-09-29,428.08,-1.3665313284189522,1.6079045025484289,1.8699259792228362,0.0,2.5553124324324923
2011-09-30,427.6,-0.11219148521589425,1.895388821343723,1.526811715733274,0.0,0.17129527403314374
2011-10-03,422.12,-1.2898545348000734,0.6508017893644383,0.836028648936864,0.0,1.0783553440539926
2011-10-04,418.18,-0.9377671959612424,0.7361257995828177,1.2557457141261514,0.0,1.1775971371764289
2011-10-05,417.21,-0.2322269684647934,1.064315262496647,1.7212090363329136,0.0,0.39971115660180095
2011-10-06,421.3,0.9755476826341706,0.49937912636237586,1.7219661522765566,1.6798600894278741,-0.0
2011-10-07,417.96,-0.7959434819060844,0.2829357809982724,1.5867199825217684,0.0,1.2629394276983377
2011-10-10,419.66,0.40591254606388866,0.7720456803182678,0.8462157030658579,0.343489570550706,-0.0
2011-10-11,417.73,-0.4609568820753823,0.2065726582848345,1.1568742700468977,0.0,0.5332691564740518
2011-10-12,410.91,-1.6461078390955577,0.8056929421794962,1.6710785747907362,0.0,2.750775541707663
2011-10-13,412.59,0.40801513798864136,1.0573525464914717,1.6472067498299066,0.6720852893276708,-0.0
2011-10-14,414.49,0.4594485037248004,0.22535197070011898,1.6053460310294263,0.7375738319170169,-0.0
2011-10-17,410.84,-0.8845004534370535,0.2942922474663537,0.8086467963867476,0.0,0.715248458074499
2011-10-18,404.32,-1.5997200657719428,0.20699051118611547,1.1696867552660022,0.0,1.8711713730666995
2011-10-19,401.15,-0.7871221440219085,1.7012009451918066,1.4427164115223388,0.0,1.1355940350530573
2011-10-20,403.73,0.6410915506557636,0.30284457742679277,1.3004978329325743,0.8337381723392042,-0.0
2011-10-21,411.03,1.7919866826904316,0.4832256614360025,1.230391798330824,2.2048457171003677,-0.0
2011-10-24,414.46,0.8310263576214669,0.3876586396901039,0.7820557980352442,0.6499089812979786,-0.0
2011-10-25,409.38,-1.233264805395424,0.7197106490139549,1.2845604139649858,0.0,1.5842031489471935
2011-10-26,412.1,0.6622218289384392,0.2582576475712208,1.6396205050181336,1.0857924895980757,-0.0
2011-10-27,414.75,0.6409890725782098,0.22817860947948446,1.6861163586993542,1.0807821610216473,-0.0
2011-10-28,422.07,1.7495247986677627,1.1385206592045283,1.5063610144832669,2.6354159505848043,-0.0
2011-10-31,420.81,-0.2989751657541788,1.709416038806148,0.9556065630442606,0.0,0.28570263058193895
2011-11-01,413.82,-1.6750328728434905,0.6979313824682551,1.3549388062912981,0.0,2.2695670412292426
2011-11-02,407.79,-1.4678760655988599,0.6273351671312764,1.8457667579776507,0.0,2.709356846713397
2011-11-03,408.44,0.15926886720710232,0.6786711598308496,1.692356273363578,0.2695396665694502,-0.0
2011-11-04,410.57,0.5201413419145939,0.16319326316834717,1.5098480175018463,0.7853343739104997,-0.0
2011-11-07,410.52,-0.012178932896957229,0.8114350958100512,0.5669921812867128,0.0,0.006905359728990284
2011-11-08,408.6,-0.46879663939917887,0.6331552514997885,1.0061031246115635,0.0,0.47165776370691426
2011-11-09,405.19,-0.8380589484309,0.723738922138803,1.4223331867822715,0.0,1.1919990548331214
2011-11-10,401.03,-1.0319855423412982,0.26500126404440316,1.4387280145227015,0.0,1.4847465103488293
2011-11-11,396.3,-1.186473727941028,1.2995965156055824,1.2534898715860334,0.0,1.4872328008770015
2011-11-14,391.74,-1.157314576979221,1.5947512179628565,0.6186936843574041,0.0,0.7160232195918048
2011-11-15,387.87,-0.9928122492025527,1.2470332437569565,1.1341398632639663,0.0,1.125987948557374
2011-11-16,390.89,0.7755958546833934,0.5860618026058526,1.6923423652749499,1.3125737232123402,-0.0
2011-11-17,385.86,-1.295158110657878,0.687392287455529,1.4969080517272084,0.0,1.9387326041035764
2011-11-18,379.62,-1.630385698797893,0.9103927392338776,1.249518110348373,0.0,2.037196457500955
2011-11-21,379.14,-0.12652223734290574,0.7506462505750413,0.7106912535087931,0.0,0.08991824745396672
2011-11-22,381.76,0.6886608896132382,1.0600713546163054,1.105059194509301,0.7610110479660637,-0.0
2011-11-23,388.57,1.7681194847831976,0.16329097195000858,1.5991248160603784,2.827443745876702,-0.0
2011-11-24,381.78,-1.7628807284627555,1.112745442835008,1.4896098463734668,0.0,2.6260044911001503
2011-11-25,383.35,0.4103883532147696,0.5878109059955292,1.510932537919955,0.6200691160555827,-0.0
2011-11-28,383.31,-0.010434873356194847,0.9854539746921746,0.8166043870250036,0.0,0.008521163360719035
2011-11-29,382.9,-0.10702027880927813,0.2331423567411331,1.162578645458587,0.0,0.12441949077469087
2011-11-30,380.69,-0.5788462841945289,0.47108622840845354,1.5261664361772338,0.0,0.8834157706435984
2011-12-01,380.1,-0.15510196461003908,1.1776423585524711,1.4936413921820109,0.0,0.23166671435030375
2011-12-02,383.88,0.989562775422384,0.19283213736592342,1.4457439838644541,1.4306544292231236,-0.0
2011-12-05,391.19,1.8863371712324137,0.40968535312336873,0.7950910168361908,1.4998097395710834,-0.0
2011-12-06,390.2,-0.2533947272740361,0.8514299261612726,1.1558703624480249,0.0,0.29289145525665855
2011-12-07,387.21,-0.7692246673804889,0.1981582841623122,1.6819097660176332,0.0,1.2937664803289097
2011-12-08,381.63,-1.451562867897673,0.7636385319434432,1.5534489516460142,0.0,2.254928815383922
2011-12-09,377.16,-1.178205223875262,0.9974999347331444,1.447614084417398,0.0,1.7055864764159827
2011-12-12,375.3,-0.49437944565014647,0.7818381645718142,0.7918276823968297,0.0,0.39146333067378486
2011-12-13,371.75,-0.9504120800710695,0.892845339964284,1.1019936287889132,0.0,1.047348056962337
2011-12-14,367.55,-1.1362221520167812,1.7058152785685405,1.40455218955523,0.0,1.5958833114363253
2011-12-15,364.48,-0.8387683561279314,0.9208264018987872,1.2519291966858483,0.0,1.0500785942927509
2011-12-16,366.03,0.4243616996535051,1.1925735422433317,1.3006918036844037,0.5519637845368968,-0.0
2011-12-19,367.4,0.3735875525672635,0.3041810318845549,0.6194570390867316,0.23142143915297572,-0.0
2011-12-20,365.67,-0.4719885445170442,1.284258635659277,0.8662660966387637,0.0,0.40886767411699126
2011-12-21,367.72,0.5590491659699068,0.2009609332108628,1.2034166369627124,0.6727690672083145,-0.0
2011-12-22,360.37,-2.0190497569589563,1.0632964296561387,1.0733663789703785,0.0,2.1671801265880575
2011-12-23,356.21,-1.1610836848808403,0.4729928464387733,1.0722544272913574,0.0,1.2449771215692444
2011-12-26,352.68,-0.9959314358329625,1.299818760940137,0.3712693432507393,0.0,0.3697588101044698
2011-12-27,347.8,-1.3933528298643678,0.21620725268187035,0.7430091941300905,0.0,1.035273963256405
2011-12-28,350.66,0.8189491121799574,0.41409666871549433,1.276195755988458,1.0451393813345773,-0.0
2011-12-29,350.51,-0.042785630385863256,0.33334003384747846,1.3467895883196581,0.0,0.05762324153337383
2011-12-30,351.55,0.29627119070467756,0.7023877025842932,1.3428020089405808,0.3978335500694589,-0.0
2012-01-03,350.0,-0.44187941617110554,0.8379906805839413,0.6343858154015776,0.0,0.2803220337368798
2012-01-04,348.84,-0.331979012467461,0.11122957700522,0.9902252667531757,0.0,0.3287340061770474
2012-01-05,340.94,-2.290685563600599,0.6365354889082186,1.1703243158234062,0.0,2.680845014987425
2012-01-06,336.73,-1.2425086435827017,0.19426017263115022,1.003002660307682,0.0,1.2462394749687393
2012-01-09,339.32,0.76621926525821,1.5427327831369433,0.5783895591892705,0.4431732230750228,-0.0
2012-01-10,344.68,1.5672835432032135,0.9957715782991808,0.78381328170001,1.22845765735253,-0.0
2012-01-11,347.43,0.7946755492829827,0.30016027544345514,1.0755011224011992,0.8546744451986373,-0.0
2012-01-12,348.11,0.1955315917564501,0.19961925654532542,0.8018477993834162,0.15678657655984604,-0.0
2012-01-13,354.33,1.7710160509905,0.2315064660256978,0.7025056970993157,1.2441488654751582,-0.0
2012-01-16,357.87,0.9941109670098576,0.6223165899736984,0.04283547122934902,0.04258321172613109,-0.0
2012-01-17,358.86,0.2762548322556474,1.5236361853376006,0.21388068852144135,0.05908557373021315,-0.0
2012-01-18,362.66,1.0533415941359001,0.20474041604055826,0.3632011050127976,0.38257483094610073,-0.0
2012-01-19,373.43,2.926481445036244,0.971049013779987,0.26857145232265905,0.785969371888698,-0.0
2012-01-20,373.0,-0.1152151032426459,0.20725750966588288,0.2656426123566485,0.0,0.03060604100831742
2012-01-30,384.94,3.1509058343162213,2.2897347382792046,0.3583869436162183,1.129243511583101,-0.0
2012-01-31,387.97,0.7840539059353511,1.0038871247252215,0.7706641954605503,0.6042422726153693,-0.0
2012-02-01,390.67,0.6935196809324262,1.841269371127742,1.15325812707551,0.7998072083221351,-0.0
2012-02-02,401.61,2.7618254610260444,0.4630294140003729,1.2563942680066198,3.4699416784678623,-0.0
2012-02-03,401.74,0.0323644740486077,1.5890976599467908,1.203343491089842,0.03894557918893818,-0.0
2012-02-06,399.73,-0.5015794013487673,1.5896257721209914,0.6749059517618715,0.0,0.33851892325143956
2012-02-07,401.08,0.3371589462810105,1.3069642801021992,0.9632406728213105,0.3247652102634447,-0.0
2012-02-08,409.53,2.0849252027271437,1.275281695687868,1.361841428495932,2.839337516389104,-0.0
2012-02-09,411.39,0.4531508996876323,0.8083203964451183,1.4454234597183937,0.6549949412010002,-0.0
2012-02-10,405.02,-1.5605221076570106,0.6042885953838378,1.329192695364114,0.0,2.07423458645191
2012-02-13,395.54,-2.3684528709423347,1.6725583900067953,0.8655079477648414,0.0,2.049914783707047
2012-02-14,400.26,1.1862416055599978,0.612124954039891,1.2201822351714642,1.4474309337255844,-0.0
2012-02-15,397.41,-0.7145842585199111,1.212812528148186,1.5709920070604368,0.0,1.1226061585059892
2012-02-16,396.51,-0.2267231926454958,0.6860388119885896,1.5324317564554761,0.0,0.3474378203349304
2012-02-17,403.3,1.6979440441497513,0.2004977097025408,1.5056240639261602,2.5564654120719683,-0.0
2012-02-20,413.98,2.613696160032211,0.5065727018390593,1.0952175379099394,2.862565873235141,-0.0
2012-02-21,410.91,-0.744345106480497,1.4186254427082885,1.6038375752017207,0.0,1.1938086506909469
2012-02-22,418.41,1.8087600623873177,0.4005675059650144,1.889700064519847,3.4180140065942366,-0.0
2012-02-23,423.89,1.3012174572168862,1.1472156696771523,1.8999529641771664,2.472251964878298,-0.0
2012-02-24,423.43,-0.10857764367453283,0.698928292337356,1.8343888113085915,0.0,0.1991736147148141
2012-02-27,428.41,1.1692469797423257,0.586613461219133,1.051041022366521,1.2289265409873409,-0.0
2012-02-28,422.22,-1.4554175765046733,1.4051506412529027,1.5953623218927255,0.0,2.3219183641759793
2012-02-29,423.64,0.3357532768955797,0.6104564139204208,2.3164661237838455,0.7777610918780277,-0.0
2012-03-01,427.95,1.0122328352150254,0.7307650694530934,2.179181591302592,2.2058391606126135,-0.0
2012-03-02,439.6,2.685885620184768,0.5294539580941411,2.136914418250782,5.739507707545274,-0.0
2012-03-05,457.21,3.9277581417961365,1.6310945751081192,1.8242605508979468,7.165254231546916,-0.0
2012-03-06,445.0,-2.706852178118754,4.9381145577065855,2.4671631348321,0.0,6.678245905294562
2012-03-07,444.02,-0.22046757034680067,2.861615372798991,2.8331124883726737,0.0,0.624609426830702
2012-03-08,431.66,-2.8231365131947794,3.1926057127687253,2.402904474374615,0.0,6.783727359326085
2012-03-09,432.11,0.10419441302935113,3.003720015517934,2.0329642471775666,0.21182351644432326,-0.0
2012-03-12,428.02,-0.9510261999122902,2.23138497677903,1.2500085528691796,0.0,1.188790883893037
2012-03-13,429.39,0.3195673402239923,0.9358280397189415,1.8433564769966493,0.5890765264384881,-0.0
2012-03-14,433.86,1.0356304550680453,1.6379017446736466,2.234403059311458,2.314015857120158,-0.0
2012-03-15,441.85,1.8248556549098005,2.465052547462329,2.3262442005017,4.245059883986655,-0.0
2012-03-16,438.52,-0.7565037157674237,1.094273283227853,2.2105075674186336,0.0,1.6722571884842052
2012-03-19,438.07,-0.10267058477273262,1.2988748164257466,1.2551785607979191,0.0,0.1288699168313193
2012-03-20,440.29,0.505488575776222,0.5867265483406122,1.6587557836692117,0.8384820986475208,-0.0
2012-03-21,445.77,1.2369523219991732,1.1633794095991232,2.23558548786112,2.7653126602374667,-0.0
2012-03-22,445.67,-0.02243560989397198,0.8923995252788269,2.143443756131733,0.0,0.04808946794224157
2012-03-23,454.1,1.873867026647956,0.46796014292978855,2.055272964451905,3.8513082388474214,-0.0
2012-03-26,459.26,1.1299060386818731,1.4468987938077282,1.337191082006582,1.5109002784307848,-0.0
2012-03-27,445.9,-2.9521786857293333,2.220446049250313e-12,1.8194077728378708,0.0,5.371216847622239
2012-03-28,446.32,0.09414719038419656,2.41460782370897,2.265498921758996,0.2132903583020362,-0.0
2012-03-29,439.63,-1.5102719478260018,0.5843011157161753,2.1827648246128457,0.0,3.2965684833141236
2012-03-30,441.03,0.3179436284971569,0.9174257406677776,1.917794891238583,0.6097506664337055,-0.0
2012-04-03,445.77,1.069022359238108,0.43260535784229187,0.9658017396549323,1.0324636542821848,-0.0
2012-04-04,439.77,-1.355126096631631,0.7600471903508605,1.5771868504680373,0.0,2.1372870603334873
2012-04-05,444.93,1.1665103451931458,1.4454822731962644,1.7871627604997082,2.08474384866685,-0.0
2012-04-06,447.44,0.5625484091351576,0.4709721365704151,1.796463970551037,1.0105979487021144,-0.0
2012-04-09,450.73,0.7326040092072881,0.3728295364361414,0.9934939391969951,0.7278376429788603,-0.0
2012-04-10,450.85,0.026619934051033228,1.179672068743742,1.4664632575180774,0.039037155203394576,-0.0
2012-04-11,458.74,1.7348910820153811,0.8556404799968284,1.99504175058733,3.4611801413423127,-0.0
2012-04-12,465.26,1.4112788345828269,1.0861469667495276,2.16428734419712,3.054412920820873,-0.0
2012-04-13,462.52,-0.59065898511369,0.35303177066687685,2.067733753412915,0.0,1.2213255202761935
2012-04-16,468.26,1.2333897948585637,1.6568883422115066,1.0832321971635608,1.3360475374437555,-0.0
2012-04-17,472.84,0.9733367672829485,1.1837650626366012,1.566684528810466,1.5249116546245884,-0.0
2012-04-18,472.16,-0.14391536875468108,1.1004646748296831,2.2459088643890808,0.0,0.3232208024079616
2012-04-19,467.08,-1.081736198711519,1.2158913406754888,2.0954931355482223,0.0,2.2667707788740157
2012-04-20,465.72,-0.2915954038698825,1.272389230056439,2.116389310604395,0.0,0.6171293957715906
2012-04-23,465.17,-0.11816649958611405,0.43595427836909817,1.027359004812681,0.0,0.12139941741698822
2012-04-24,465.65,0.10313487947124943,0.7379944741523484,1.5431428397227405,0.15915185078172642,-0.0
2012-04-25,472.87,1.5386230310804485,0.38452305604698683,2.0089649997550634,3.091039817257668,-0.0
2012-04-26,470.21,-0.5641105852927955,0.49339888932630266,1.9117237369675777,0.0,1.0784235961789104
2012-04-27,473.77,0.754256843884635,0.5111629411484786,1.8108992408698381,1.3658831460115655,-0.0
2012-05-02,472.46,-0.27688845987769845,0.9873059001437904,0.7889832896287494,0.0,0.2184603679345445
2012-05-03,468.8,-0.7776849002809862,1.4272068158726523,1.448653515498716,0.0,1.126595964742319
2012-05-04,476.32,1.5913659004663259,0.572087887242902,1.9250291657275025,3.063425771741887,-0.0
2012-05-07,486.31,2.0756383369056146,0.27802602660638426,1.0866019561348301,2.2553926771100863,-0.0
2012-05-08,488.07,0.36125575526663106,0.7955282105408976,1.6498595449618747,0.5960212559990623,-0.0
2012-05-09,487.62,-0.0922424196020242,0.5539675209989513,2.216700367099173,0.0,0.204473805393923
2012-05-10,486.07,-0.31837675426093415,1.330375283150402,2.1843522245064997,0.0,0.6954469714010307
2012-05-11,480.1,-1.235823091366438,0.5083913508548249,1.9498430685672794,0.0,2.409661088676237
2012-05-14,469.69,-2.192151291580909,2.8786932517960024,0.917356987800208,0.0,2.010985305646998
2012-05-15,455.65,-3.034793167894982,2.4897857934258374,1.6734577405929514,0.0,5.0785981179124615
2012-05-16,449.91,-1.2677408180437304,2.986931040887401,2.0992538955361932,0.0,2.6613098508085415
2012-05-17,442.58,-1.642632369397845,2.086663546224048,2.0238438580813525,0.0,3.324431431891448
2012-05-18,434.95,-1.7390157114170155,2.1592213537830114,1.607485947378156,0.0,2.795443318372679
2012-05-21,448.02,2.9606792322115525,1.023061592741207,0.9359055703617432,2.770916185481121,-0.0
2012-05-22,447.94,-0.017857940134068957,0.9423214678660232,1.305297828746457,0.0,0.023309930482884423
2012-05-23,436.75,-2.5298345860158724,1.355606983426567,1.5922904844583712,0.0,4.028231538566756
2012-05-24,426.92,-2.276430696840173,2.245264852279699,1.3796830307224368,0.0,3.1407528030460385
2012-05-25,437.38,2.4205740414412698,0.9902873915782208,1.2311207631050027,2.9800189610513366,-0.0
2012-05-28,435.48,-0.43535114471976644,1.3046287656262556,0.8122975340502007,0.0,0.3536346613017983
2012-05-29,431.44,-0.9320419984007723,0.38666554894519023,1.1995866506544355,0.0,1.1180651391308492
2012-05-30,435.34,0.8998883957719429,0.5540111919292121,1.7406618803459661,1.566401427085905,-0.0
2012-05-31,429.2,-1.4204324230147556,0.6446230063013539,1.5284953456152903,0.0,2.171124347339103
2012-06-01,428.8,-0.0932400999951134,0.4178705796733654,1.2713602425330683,0.0,0.11854175614359491
2012-06-04,416.65,-2.8744068928376483,1.0666793458307302,0.6322516972459241,0.0,1.8173486365719862
2012-06-05,421.02,1.0433797664036686,0.4847021683291931,0.916879495858514,0.9566535142091698,-0.0
2012-06-06,426.39,1.2674081926777716,0.5207536373975694,1.1849358622695882,1.5017974196381758,-0.0
2012-06-07,434.41,1.863436819356055,1.5191748910660705,1.1307731336737894,2.1071242916263655,-0.0
2012-06-08,432.9,-0.34820341646557523,1.1557353884677433,0.9954291786161206,0.0,0.3466118408436545
2012-06-11,432.5,-0.09244280760008547,0.8275754478231031,0.4531748146523252,0.0,0.04189275220010929
2012-06-12,428.16,-1.0085368872125058,0.1684407289495043,0.6641928247675444,0.0,0.6698629639999405
2012-06-13,427.61,-0.12853922799990208,0.5550225559416206,1.0265616140000937,0.0,0.13195343735790552
2012-06-14,425.28,-0.5463789694929609,0.5625317271686007,1.00248922070472,0.0,0.5477390273364464
2012-06-15,433.09,1.8197783073330334,0.344200952204155,0.9435974031854403,1.7171380851726463,-0.0
2012-06-18,435.59,0.5755875355943726,0.7710604851806323,0.5649238683563143,0.3251631371856507,-0.0
2012-06-19,431.08,-1.040774622552348,0.4551814225072609,0.9302580704913095,0.0,0.9681889921918682
2012-06-20,432.89,0.41899664293941635,0.6355608123590882,1.4957249670739385,0.6267037399646493,-0.0
2012-06-21,431.14,-0.4050790812737579,0.16296237333460142,1.5233826374066277,0.0,0.617090439189071
2012-06-22,427.17,-0.9250802884274668,0.2085067780104289,1.381826574336671,0.0,1.278300525944106
2012-06-25,424.12,-0.716562640341554,1.1692704227626751,0.3451519917269336,0.0,0.24732302251099778
2012-06-26,419.19,-1.1692156297131229,0.3325049145765493,0.6425405445645108,0.0,0.7512684474292074
2012-06-27,418.04,-0.27471560341631956,0.41659196625364225,0.9361689626892846,0.0,0.2571802214848168
2012-06-28,418.16,0.028701267836336208,0.33274757638797153,0.7857532338484262,0.022552114017950996,-0.0
2012-06-29,422.37,1.0017572737879292,0.3695023847876654,0.6363962444206348,0.6375145668596918,-0.0
2012-07-02,419.3,-0.7295052965828717,1.1373691528663055,0.10504650445617286,0.0,0.07663198138829433
2012-07-03,413.09,-1.4921167280747236,0.5763309752960365,0.18544964843720413,0.0,0.2767125226487288
2012-07-04,410.73,-0.5729422582195366,0.6585309276781168,0.5424183160725102,0.0,0.31077437491022236
2012-07-05,413.83,0.7519197161444684,0.6608403813145004,0.5040688708043043,0.3790193222524352,-0.0
2012-07-06,415.44,0.38829380608443986,0.5243415998947518,0.5766032805590889,0.22389148240906276,-0.0
2012-07-09,408.12,-1.7776950728959104,0.7167426761517849,-0.0002553133674808213,-0.0,-0.00045386931541511896
2012-07-10,405.39,-0.6711682089000058,0.577355081531476,0.21114791812618572,0.0,0.14171577002171715
2012-07-11,407.28,0.46513428759762065,0.20545987015372524,0.5158469844543149,0.23993811962353864,-0.0
2012-07-12,408.72,0.3529415428462057,0.2576912721583986,0.5592480855910184,0.19738188216228092,-0.0
2012-07-13,416.98,2.000793399536769,0.3382284478407794,0.5757853837960171,1.1520275954488162,-0.0
2012-07-16,413.98,-0.7220595538265748,0.5906646021519657,0.013615586508790708,0.0,0.00983126431962455
2012-07-17,417.55,0.8586634119594005,0.5429882747992762,0.2974833717092667,0.2554380869530656,-0.0
2012-07-18,418.83,0.30608120694277285,0.4063629511219689,0.5869788174622296,0.17966318489868077,-0.0
2012-07-19,428.38,2.254554247433012,0.7151935188691474,0.7276036698496456,1.6404219443073655,-0.0
2012-07-20,424.47,-0.9169320267025589,0.5127370271154592,0.7174451646936318,0.0,0.657848448910483
2012-07-23,421.99,-0.5859714803194095,0.579981373627251,0.020179833888747407,0.0,0.011824807136389103
2012-07-24,415.63,-1.5186175659830787,0.57912015555502,0.3059081801394222,0.0,0.46455753593764254
2012-07-25,412.91,-0.6565789874964517,0.2892549601171031,0.6455336765476077,0.0,0.42384384774249023
2012-07-26,414.8,0.45668248173909437,0.38314480191945743,0.6382856140579243,0.2914938582863346,-0.0
2012-07-27,413.16,-0.39615492169395705,0.5477002970347343,0.5875976556863775,0.0,0.2327797032759896
2012-07-30,415.0,0.44435930922654854,0.35809590340024,-0.09212647269926738,-0.040937255770124935,0.0
2012-07-31,414.48,-0.12537977241653991,0.12665430601635178,0.13236316137702275,0.0,0.01659566304978486
2012-08-01,412.55,-0.466731195618061,0.3186420910792788,0.42351625908893326,0.0,0.1976682499682663
2012-08-02,416.1,0.8568205438543364,0.3234265479453234,0.4368181833675488,0.3742747934384464,-0.0
2012-08-03,418.21,0.5058082723576046,0.1272001067618868,0.5052700485110581,0.25556977031142136,-0.0
2012-08-06,423.16,1.1766659406102145,0.238701826666304,0.19548222986307776,0.23001728187442055,-0.0
2012-08-07,422.5,-0.15609113213452933,0.22160530816009302,0.37700898885137907,0.0,0.058847759894705906
2012-08-08,423.57,0.2529342892314737,0.27319480028199894,0.6799782436782508,0.17198981375762418,-0.0
2012-08-09,426.98,0.8018384034634538,0.25447970223589966,0.6198155952604171,0.4969919473453631,-0.0
2012-08-10,425.56,-0.33312250760126905,0.14732272673235927,0.7207889912531381,0.0,0.24011103621763455
2012-08-13,426.17,0.14323790503920464,0.11821853652096692,0.31446841912090323,0.04504379755586874,-0.0
2012-08-14,429.47,0.7713562624987357,0.4227550001869331,0.40327374882040773,0.3110677316539636,-0.0
2012-08-15,430.77,0.30224146508503097,0.15170937696168965,0.6992738950157582,0.2113495665252789,-0.0
2012-08-16,430.83,0.013927576624192549,0.46195933729329075,0.6476334397798711,0.009019964356923545,-0.0
2012-08-17,433.45,0.6062868574012468,0.23933724744155893,0.7358579770547621,0.44614102040217046,-0.0
2012-08-20,437.28,0.8797272865108426,0.11293465201377598,0.24077241469159136,0.211814063043297,-0.0
2012-08-21,416.84,-4.787126705553116,1.724928320531794,0.9171961922652742,0.0,4.390734386224724
2012-08-22,410.23,-1.5984477104113999,1.718809671300433,1.3515660406498256,0.0,2.1604076431465145
2012-08-23,392.82,-4.336648633905764,1.0445292312570822,1.6555599518833475,0.0,7.179581803684011
2012-08-24,399.72,1.741281031253376,8.54485984577532,1.6038434518805496,2.7927421798595375,-0.0
2012-08-27,386.19,-3.4434825653936,4.85851419799884,0.5323352158106053,0.0,1.8330870345888588
2012-08-28,385.78,-0.10622175435586922,0.8295650315488942,0.8479898971931371,0.0,0.09007497455590821
2012-08-29,393.06,1.869501317574588,0.3116624202867677,1.2418762697640462,2.3216893225884987,-0.0
2012-08-30,397.25,1.060353344498536,1.0364394364735203,1.0102495274855423,1.0712214652473604,-0.0
2012-08-31,396.02,-0.31010903871768875,0.4513452948276815,0.837942346324593,0.0,0.25985349551956416
2012-09-04,402.08,1.5186358765633514,0.5424668740795903,0.13630698783014308,0.2070006819451394,-0.0
2012-09-05,398.92,-0.7890178261614809,1.9645193414705062,0.57009758851349,0.0,0.44981715998881633
2012-09-06,393.41,-1.390857048133928,0.6927105454843796,0.8515604744831214,0.0,1.1843988878471214
2012-09-07,397.51,1.0367765958325064,0.6595139506576327,0.8479986245732767,0.8791851272557294,-0.0
2012-09-10,388.88,-2.1949278273453063,2.145116649488176,0.4178608716726185,0.0,0.9171744551929963
2012-09-11,386.62,-0.5828514243654228,0.38128760426993535,0.7075757243461741,0.0,0.41241151878156335
2012-09-12,388.35,0.4464696372110524,0.3091505269755115,0.9660852690400711,0.4313277395832625,-0.0
2012-09-13,391.36,0.7720857633151221,0.2456969126661936,0.961781014013868,0.7425774283468894,-0.0
2012-09-14,398.87,1.9007696765627171,0.7616158218016174,0.8675398649717959,1.648993468547704,-0.0
2012-09-17,401.75,0.719445535318726,0.7992868826142382,0.27117343011613065,0.19509451359411475,-0.0
2012-09-18,394.51,-1.818551611050312,2.6232934420477356,0.5328176665524896,0.0,0.9689564259050979
2012-09-19,394.55,0.01013864599252963,0.5934067244565844,0.8227639509589081,0.008341712434187378,-0.0
2012-09-20,389.28,-1.3446995931831676,1.5035194371052012,0.8681016579127213,0.0,1.1673359462368695
2012-09-21,395.48,1.5801337993719928,0.1679013918445998,0.989109225134707,1.5629249179059923,-0.0
2012-09-24,390.37,-1.3005209704961491,0.5653840385449835,0.3232449287440016,0.0,0.42038680843810755
2012-09-25,391.77,0.3579925576454792,0.49067879206168524,0.5565095277199813,0.19922626918255382,-0.0
2012-09-26,395.12,0.851458333194398,0.7467351583575607,0.8070324900324376,0.6871545387967439,-0.0
2012-09-27,393.34,-0.4515138431861596,0.7814287349300033,0.7686163695848464,0.0,0.34704093096704763
2012-09-28,392.57,-0.19595125303915506,0.2714929859111815,0.6851327686614642,0.0,0.13425262451739947
2012-10-01,386.55,-1.5453639503632441,0.2900336190317509,0.38384425848714154,0.0,0.5931790796199392
2012-10-02,384.32,-0.5785686874865137,0.23543113155134715,0.703958581861828,0.0,0.4072883927526653
2012-10-03,385.37,0.2728372854919627,0.6895368080679497,0.8432101660964681,0.23005917281698735,-0.0
2012-10-04,384.51,-0.22341153366959646,0.27586108298517653,0.7112968464465718,0.0,0.15891191935897606
2012-10-05,388.16,0.9447829345843034,0.11709834022294886,0.623519262600535,0.5890903586895744,-0.0
2012-10-08,393.45,1.353636922530697,0.23535107862181925,0.2229237357725784,0.3017577996502393,-0.0
2012-10-09,393.67,0.055899991292006096,0.20805145919971804,0.5466284316987209,0.030556524571921446,-0.0
2012-10-10,394.66,0.2511639847367425,0.14418057808986434,0.8451816814341365,0.21227919893549782,-0.0
2012-10-11,394.19,-0.11916081780159579,0.40077861153963773,0.8431990982151362,0.0,0.10047629411288371
2012-10-12,392.54,-0.4194583705330865,0.1777022957182036,0.8040072078540366,0.0,0.33724755330331074
2012-10-15,391.56,-0.24996824647034407,0.3471373133320955,0.11810719551065808,0.0,0.029523048557329293
2012-10-16,399.22,1.9373882989507172,0.31792543694611913,0.4338514911957791,0.8405388025250226,-0.0
2012-10-17,397.02,-0.5525986130713635,0.6276493658101301,0.697524288253029,0.0,0.3854509542722138
2012-10-18,398.51,0.37459347662807724,0.25018801494608955,0.7379427871810923,0.2764285542027787,-0.0
2012-10-19,398.23,-0.07028642004343794,0.9088664861107969,0.618748258884006,0.0,0.043489600025067125
2012-10-22,397.0,-0.309344713067898,0.4091809024098413,0.042095906153090966,0.0,0.013022146010261087
2012-10-23,397.71,0.17868157916774174,0.3460743138515266,0.2681972147864378,0.04792190186643073,-0.0
2012-10-24,395.45,-0.569873951344173,0.19985218635313454,0.5704153371168118,0.0,0.325064842070076
2012-10-25,389.92,-1.408276708853012,0.3169294961534809,0.6354234892946767,0.0,0.8948521002318044
2012-10-26,391.7,0.45546507948894455,0.3614300805511514,0.646564558680051,0.29448757811394377,-0.0
2012-10-29,391.36,-0.08683881729779816,0.12248819313454477,0.021789963722395295,0.0,0.0018922146786147349
2012-10-30,389.86,-0.38401521808085853,0.16858604432812677,0.25936600038130897,0.0,0.0996004911991884
2012-10-31,388.42,-0.3700471920693627,0.23396930823758397,0.6023116428629284,0.0,0.22288373219211144
2012-11-01,387.95,-0.12107630573471165,0.10537848458647579,0.592068365559864,0.0,0.07168545044437712
2012-11-02,375.26,-3.3257346280729725,0.6743086858765088,0.6368157569311407,0.0,2.1178802145283955
2012-11-05,377.27,0.5341992425353383,0.6480753223747021,0.026633126981234195,0.01422739625972279,-0.0
2012-11-06,376.95,-0.08485588268711544,0.5403242949974052,0.35974908079149365,0.0,0.0305268257964406
2012-11-07,380.9,1.0424320826847502,0.7914098369632752,0.6809854453246217,0.7098810760477474,-0.0
2012-11-08,385.6,1.226368925183234,0.286296289589034,0.7028167454419147,0.8619126167083795,-0.0
2012-11-09,386.71,0.28744953821698294,0.2861629747114263,0.6547191406321841,0.18819871463654123,-0.0
2012-11-12,388.62,0.4926944304320343,0.11973689200335029,0.25957843263048336,0.12789284801731618,-0.0
2012-11-13,385.22,-0.8787402766804238,0.2226714728311643,0.5476181785848122,0.0,0.4812141497648476
2012-11-14,387.71,0.6443037827194782,0.5375518471015194,0.6592001226092191,0.4247251325662637,-0.0
2012-11-15,386.91,-0.20655296388614597,0.32316873184610345,0.5728099642441077,0.0,0.11831559585813774
2012-11-16,385.71,-0.31063160801424466,0.32220512406725355,0.316310729633039,0.0,0.0982561105780699
2012-11-19,383.32,-0.6215642288705645,0.4291213011395017,-0.11434672403125466,-0.0,-0.07107383334636205
2012-11-20,385.1,0.46328913453018694,0.3318751231093468,0.12241474796899095,0.056713422640284776,-0.0
2012-11-21,383.87,-0.31990872179698976,0.2764025935833321,0.40984672358050395,0.0,0.1311135414733232
2012-11-22,383.22,-0.16947168013405317,0.07837968702570647,0.4464308056195079,0.0,0.07565737869193691
2012-11-23,381.71,-0.39480788082694407,0.2699968590550405,0.5160894840685092,0.0,0.203756195522159
2012-11-26,377.9,-1.0031547637840263,0.2483769026185926,0.03510779803788137,0.0,0.035218554847668185
2012-11-27,376.89,-0.2676242671007131,0.2055329657961886,0.1451826349137538,0.0,0.03885439626454376
2012-11-28,375.79,-0.2922890958003183,0.35274264267699107,0.3604043732596091,0.0,0.10534226838253156
2012-11-29,378.2,0.6392679497924143,0.08484255002574215,0.381889402131969,0.24412965514835466,-0.0
2012-11-30,377.82,-0.10052644956508204,0.11745136207748468,0.47244279387079363,0.0,0.047492996690438785
2012-12-03,379.27,0.3830460771950804,0.3796321589202198,-0.23070530970551276,-0.08837076387077276,0.0
2012-12-04,382.1,0.7434001952197111,0.3607104387829218,0.09517130899520282,0.07075036968634922,-0.0
2012-12-05,385.69,0.9351583539039369,0.6637080694368814,0.38597813546218007,0.3609506778017231,-0.0
2012-12-06,385.69,0.0,0.14664876579213795,0.44975095169294166,0.0,-0.0
2012-12-07,383.8,-0.4912354418294084,0.0826651523223982,0.3525272004422293,0.0,0.17317385506612293
2012-12-10,386.69,0.7501754865611383,0.4875328922629718,0.05197391272753386,0.03898955526886385,-0.0
2012-12-11,389.37,0.6906709928566229,0.1717924859849692,0.13178002845121706,0.0910166430890761,-0.0
2012-12-12,391.08,0.4382094269693191,1.282804748621033,0.379784796744167,0.16642527815292074,-0.0
2012-12-13,391.19,0.028123282428074086,0.2552616907698509,0.4129600753380856,0.011613792830251733,-0.0
2012-12-14,392.21,0.2604035170755306,0.2117962475524804,0.5110143012843368,0.13306992133033613,-0.0
2012-12-17,393.63,0.3613971153227713,0.3865202976818203,-0.15697205525444993,-0.05672924795524487,0.0
2012-12-18,393.39,-0.06098955742915595,0.345907961730849,0.026090333523997273,0.0,0.0015912378948076643
2012-12-19,398.59,1.3131833445221897,0.14999318146636964,0.3179644963673855,0.4175456807790369,-0.0
2012-12-20,399.68,0.2730907280548618,0.24741500628484137,0.3559408460428533,0.09720414479030628,-0.0
2012-12-21,396.78,-0.7282256022586879,1.1282113340102138,0.2182811411037983,0.0,0.15895791544202714
2012-12-24,399.71,0.7357313253760888,0.2724713581342013,-0.33074754881877405,-0.24334133245732925,0.0
2012-12-25,401.34,0.40696641899848124,0.40936560937246275,-0.016966041091181865,-0.006904608987459369,0.0
2012-12-26,406.1,1.1790486333880574,0.8162948728565771,0.27146595350997105,0.3200715614973173,-0.0
2012-12-27,409.97,0.9484551597285564,0.44054166849163956,0.3671366202102581,0.3482126217637227,-0.0
2012-12-28,413.73,0.9129600864818347,0.4563371565347651,0.3823538103211028,0.34907376773741305,-0.0
2013-01-02,418.35,1.110481558725158,0.4393691917531548,-0.07479983504508203,-0.0830638374132474,0.0
2013-01-03,419.27,0.21967010576505355,1.3642530623610247,0.2334983312146431,0.05129260311388416,-0.0
2013-01-04,426.06,1.6065077622799202,1.1074339098753858,0.5615604422256103,0.9021512094247877,-0.0
2013-01-07,434.19,1.8902044895565715,1.0373743853763104,0.1047340686206704,0.19796880671631722,-0.0
2013-01-08,447.16,2.9434246084502056,0.6226308600463791,0.4063919427335279,1.1961840449177528,-0.0
2013-01-09,448.77,0.35940346523541533,5.875587472899662,0.829096178813531,0.2979800396790246,-0.0
2013-01-10,460.12,2.4976817973330343,3.5378331621921637,0.7257939283568762,1.812802283471806,-0.0
2013-01-11,462.69,0.5569958375823146,0.69160565598256,0.6743761774737118,0.37562472381752976,-0.0
2013-01-14,458.97,-0.8072434956235327,1.010810725680689,0.034907390600976584,0.0,0.028178764011828387
2013-01-15,461.42,0.5323842690065074,0.6207112665307222,0.36958515634180095,0.19676132329468543,-0.0
2013-01-16,465.25,0.8266204384897601,1.364862439886375,0.8045152529438688,0.6650287511601611,-0.0
2013-01-17,456.76,-1.8416806688912903,0.8101471493240838,0.7878931825918197,0.0,1.4510476435305901
2013-01-18,454.16,-0.5708529970976416,1.9239159189253643,0.7751142565089696,0.0,0.4424762964212554
2013-01-21,447.79,-1.4125186345111183,1.0768337286624596,-0.11210498221556386,-0.0,-0.15835037640102145
2013-01-22,442.85,-1.10932602617676,1.5529560649272314,0.31669909305526206,0.0,0.35132254639277777
2013-01-23,443.37,0.11735236389989975,1.34771646630385,0.6037190247584796,0.07084785468674969,-0.0
2013-01-24,452.4,2.0162108347374375,0.4287193872706219,0.6181715128371479,1.2463641019082905,-0.0
2013-01-25,468.09,3.409384087923499,0.879639523785161,0.5662394911383579,1.9305279110410165,-0.0
2013-01-28,479.6,2.4291838032158877,2.338467944619575,0.011982571966853484,0.029107869742749225,-0.0
2013-01-29,484.01,0.9153144506858502,0.7038774891711279,0.3354257687951134,0.3070200533105782,-0.0
2013-01-30,487.6,0.7389829946898826,1.3368745921609648,0.6308530541682068,0.4661896791784802,-0.0
2013-01-31,479.79,-1.6146889436227392,0.32586865667995435,0.45709890058876296,0.0,0.7380725409227852
2013-02-01,483.42,0.7537332846270598,0.7118914507925876,0.320822735906032,0.24181477451749325,-0.0
2013-02-04,482.38,-0.215365583346489,0.6050560113324643,-0.42231255849261395,-0.0,-0.09095159051431007
2013-02-05,477.36,-1.0461261969868145,0.2862568250979804,-0.16168196731000103,-0.0,-0.16913974158335784
2013-02-06,488.36,2.2781915586828307,0.46834805505940097,0.026262379472444936,0.05983073122504931,-0.0
2013-02-07,490.62,0.46170586012862397,0.6116734513002603,-0.05247155771928853,-0.024226425689072847,0.0
2013-02-08,494.03,0.6926346687005298,0.6859279125135748,-0.1727421497729258,-0.11964720167858775,0.0
2013-02-18,493.95,-0.016194659846323806,1.319086595032707,0.023791197848815893,0.0,0.00038529035649816404
2013-02-19,490.78,-0.643833528027315,0.417520376717867,0.34715369221295234,0.0,0.22350918642517373
2013-02-20,494.83,0.8218307027966261,0.6216532133935642,0.7512402745185218,0.6173923227766871,-0.0
2013-02-21,476.73,-3.7263976345521277,3.9012054220047028,0.7361075947675824,0.0,2.743029599917775
2013-02-22,477.69,0.20116936437896363,5.773252745109646,0.8393841784878485,0.16885838165615905,-0.0
2013-02-25,483.69,1.248221910731361,0.6012046833288516,0.08883577841965186,0.11088676508028565,-0.0
2013-02-26,465.05,-3.929927895528214,2.707502608135028,0.41990212193770193,0.0,1.6501850623944645
2013-02-27,465.72,0.1439668480339394,1.4343525303865756,0.8052091387808281,0.11592342171839869,-0.0
2013-02-28,474.56,1.8803463780751934,2.1775750005682695,0.744891884778529,1.4006547576009112,-0.0
2013-03-01,477.15,0.5442847913695523,0.48341747870939206,0.6630106945587936,0.36086663756371495,-0.0
2013-03-04,468.74,-1.7782663139534343,1.1497687542822086,-0.048068561856586145,-0.0,-0.08547870430975409
2013-03-05,462.12,-1.4223646108910672,0.4075011655142986,0.37793458055153906,0.0,0.5375607726084686
2013-03-06,471.09,1.922456095015415,0.787597726917292,0.6859678496946158,1.3187430736300323,-0.0
2013-03-07,466.63,-0.95125061451996,0.49638175925305966,0.6588658207732737,0.0,0.6267465168967744
2013-03-08,470.68,0.8641805175955657,0.27209997603418473,0.491229398859911,0.4245108761649165,-0.0
2013-03-11,476.5,1.2289265498528636,0.640758562552357,0.16617713855669183,0.20421949755089658,-0.0
2013-03-12,475.34,-0.24373856410363032,1.4779977009577052,0.4229353426188558,0.0,0.10308565311859684
2013-03-13,473.18,-0.4554471669077836,0.6710681320557026,0.7270811485112811,0.0,0.33114704920152044
2013-03-14,474.6,0.2996478217520747,0.16918969011643192,0.6660952966362823,0.19959400471636404,-0.0
2013-03-15,481.35,1.4122312222312408,0.2969930926460839,0.5938105259763352,0.8385977648733358,-0.0
2013-03-18,479.13,-0.4622696887647929,0.26730117411163007,0.030506254482042028,0.0,0.014102116764793136
2013-03-19,480.48,0.28136448986924256,0.3568942588769367,0.2846780639321333,0.08009829823522831,-0.0
2013-03-20,487.04,1.356065099824627,1.066895415335819,0.6148044888902846,0.8337149105996327,-0.0
2013-03-21,491.79,0.9705540873208388,0.6208137208125558,0.6430441587078984,0.6241091365617409,-0.0
2013-03-22,489.99,-0.3666813373317082,4.090242519921565,0.6450698483921632,0.0,0.23653507468080068
2013-03-25,493.57,0.7279710053104934,0.9858173125522643,-0.043041625196908316,-0.03133305516479081,0.0
2013-03-26,489.46,-0.8361950191406953,0.6035098415772416,0.3130140374306345,0.0,0.2617407790206157
2013-03-27,491.26,0.36707766155267896,0.9935966083174308,0.6354553652789646,0.23326146950770577,-0.0
2013-03-28,490.67,-0.1201715134485137,1.1342444806407987,0.6717931520569858,0.0,0.08073039980703547
2013-03-29,491.04,0.07537867955288441,1.6083645773538071,0.5105185416603747,0.038482213557623254,-0.0
2013-04-01,505.81,2.963551382934174,1.5778577305782735,0.059163097551322076,0.17533287956688998,-0.0
2013-04-02,509.43,0.7131348925551574,0.8372120719094771,0.40924958407096274,0.29185015816468884,-0.0
2013-04-03,505.93,-0.6894133829651986,1.5373419205780123,0.7522677015815761,0.0,0.5186234210428089
2013-04-04,497.35,-1.7104316198244491,0.6783108958611614,0.7548879024121439,0.0,1.291184137708684
2013-04-05,502.58,1.0460827643298563,0.5792521075613164,0.6763154069618414,0.7074818904735148,-0.0
2013-04-08,506.66,0.8085335949188098,0.6275339010424131,0.1014718929499999,0.08204343439008006,-0.0
2013-04-09,510.49,0.7530881583360931,1.0234302756684037,0.43687667918886275,0.32900665375032884,-0.0
2013-04-10,496.5,-2.7787565289043523,5.645077895229169,0.7145010571539192,0.0,1.9854244774755148
2013-04-11,504.07,1.5131663830861557,0.9908564152540138,0.6986979470175254,1.0572462453582314,-0.0
2013-04-12,494.27,-1.9633220732519958,2.878279426170189,0.5811072873845675,0.0,1.1409007642497124
2013-04-15,480.02,-2.9254156882996996,1.3619145356557865,-0.03817628376678276,-0.0,-0.11168149945232744
2013-04-16,478.07,-0.40706044162762384,3.853542813856262,0.28824465761200574,0.0,0.11733299762434628
2013-04-17,483.99,1.2307080061866715,1.114160381165952,0.5874352926828242,0.7229613178213624,-0.0
2013-04-18,473.21,-2.2524980751782833,1.6833822119746114,0.447677390508395,0.0,1.0083924604209964
2013-04-22,468.43,-1.0152587099417316,0.655389745279578,0.013747483120664835,0.0,0.013957251978031911
2013-04-23,473.69,1.1166421804485265,0.7372931524275176,0.3068096677423546,0.34259661637051075,-0.0
2013-04-24,472.89,-0.16902959928867153,0.13826204565506228,0.5419076319061947,0.0,0.091598429872577
2013-04-25,476.59,0.7793779182438415,0.22536427278472107,0.42834796720003004,0.3338449469603407,-0.0
2013-04-26,474.51,-0.4373889845492053,0.35815524285400185,0.303020340685345,0.0,0.13253775911011728
2013-05-02,473.02,-0.3145021747390408,0.3636126687773382,-0.37019828850981634,-0.0,-0.1164281668210081
2013-05-03,475.24,0.46822686939699576,0.1513661940167311,0.041051387779460234,0.019221362784378755,-0.0
2013-05-06,488.32,2.71509890659509,0.42774844849710625,0.03943871794578172,0.1070800199721041,-0.0
2013-05-07,485.58,-0.5626875920372038,0.860508882078666,0.28963555564206583,0.0,0.16297433337259157
2013-05-08,485.07,-0.10508423158326044,0.4867382768646337,0.5644559205925113,0.0,0.05931541667808592
2013-05-09,486.22,0.23679859514084867,0.22958410213551889,0.5726818265639755,0.13561025199304455,-0.0
2013-05-10,486.1,-0.02468323198314275,0.6940237070223163,0.47304128147332697,0.0,0.011676187688209256
2013-05-13,488.93,0.5804965892371979,0.18193656758897453,0.009259034434304203,0.005374837908743359,-0.0
2013-05-14,483.85,-1.044438861683025,0.7897460057257286,0.3553145260271517,0.0,0.37110429910324183
2013-05-15,485.97,0.43719522732047994,0.5331035183687044,0.5851183862451956,0.2558109658838607,-0.0
2013-05-16,490.34,0.8952134433809954,0.4902170777633187,0.4106131501719334,0.36758641206293424,-0.0
2013-05-17,487.6,-0.5603630426849799,0.28421722179101006,0.3651234490148796,0.0,0.20460168684561206
2013-05-20,492.27,0.953194884805221,0.8533214396827895,-0.04989420831615191,-0.04755890414836212,0.0
2013-05-21,500.18,1.594068718257087,0.6084138985424221,0.18102922924475337,0.2885730314292524,-0.0
2013-05-22,502.23,0.40901484580636627,0.1936114582974356,0.5385114286336061,0.2202591689475404,-0.0
2013-05-23,498.22,-0.8016435553219694,1.2526155328317148,0.5733865515434964,0.0,0.4596516337531321
2013-05-24,500.24,0.4046236716459189,1.1394123288329432,0.6202671507306102,0.25097477192997214,-0.0
2013-05-27,512.41,2.403710257622437,1.6655951285588952,0.1911284980466091,0.45941753127860424,-0.0
2013-05-28,516.33,0.7621010114732224,0.4857896482473393,0.5301716438034153,0.4040443459970038,-0.0
2013-05-29,515.09,-0.24044532729844345,1.423949766151896,0.8452575392904343,0.0,0.20323822568616542
2013-05-30,521.45,1.2271749890207309,0.8657678075241791,0.7028076704473665,0.8624679952649323,-0.0
2013-05-31,518.39,-0.5885537838670645,0.27939584163698294,0.5518045517726494,0.0,0.3247666569008623
2013-06-03,517.03,-0.26269548243243734,0.3885545221432782,-0.0027020079339380074,-0.0,-0.0007098052777421181
2013-06-04,510.69,-1.2338147409638094,1.7942970228562596,0.2046072658824499,0.0,0.2524474607540682
2013-06-05,514.64,0.7704874608156111,0.5663084503369689,0.40273497250239004,0.31030224634501147,-0.0
2013-06-06,520.9,1.2090457648400852,0.42642772580235533,0.3836588063278134,0.4638610549342453,-0.0
2013-06-07,527.97,1.3481379159083455,0.09673192036514112,0.5077233238234952,0.6844810636374649,-0.0
2013-06-10,524.56,-0.6479647954865487,0.640344980961434,0.09330017763876704,0.0,0.06045523052256235
2013-06-11,521.95,-0.4988018101056334,0.28834283787629744,0.5121613526870394,0.0,0.255467009786445
2013-06-12,518.24,-0.7133342431288267,0.6915615003012627,0.8238288279469793,0.0,0.5876653134512668
2013-06-13,515.09,-0.609681274600446,1.544784979693788,0.6903429078978208,0.0,0.4208891439985217
2013-06-14,509.03,-1.1834688767065102,0.5605450219178885,0.4973222105777897,0.0,0.5885653579136954
2013-06-17,498.52,-2.086324495177352,1.0905150919519975,-0.09538390947320567,-0.0,-0.19900178677972805
2013-06-18,498.88,0.07218769112357114,0.45991801504821916,0.25162956423295096,0.01816455726040707,-0.0
2013-06-19,503.37,0.895990030030437,0.19368282549833926,0.487090999363797,0.43642867914752403,-0.0
2013-06-20,499.51,-0.7697868261485661,0.42524222971043785,0.41629110952647164,0.0,0.3204554119562477
2013-06-21,498.84,-0.13422148556840047,0.6930254418093034,0.3215876717040196,0.0,0.04316397503659657
2013-06-24,489.74,-1.8410765017266895,2.054121672727156,-0.2893982276377957,-0.0,-0.532804276545297
2013-06-25,473.02,-3.4736967139162753,7.093761404664463,-0.05198103614800137,-0.0,-0.18056635445327548
2013-06-26,473.53,0.10775976955294511,2.2756544750764776,0.29946254218320406,0.032270014535401174,-0.0
2013-06-27,482.95,1.9697860033658716,0.6416243618821486,0.31752470307148556,0.6254557158331167,-0.0
2013-06-28,481.13,-0.37756247657035386,0.48547540479761353,0.3144831755881712,0.0,0.11873704661477937
2013-07-01,480.04,-0.22680700963606387,0.9814332731179372,-0.23229983901344822,-0.0,-0.05268723182557924
2013-07-02,489.84,2.02093734064583,0.5185582387028456,-0.02697829526174946,-0.05452144428143795,0.0
2013-07-03,487.35,-0.5096256386479938,0.6074093532223812,0.2678919606416666,0.0,0.13652461153067255
2013-07-04,487.22,-0.02667843269770747,0.29896181143273165,0.3316234814699646,0.0,0.008847194731375891
2013-07-05,485.66,-0.32069758593249154,0.38305620753610076,0.26843276950330947,0.0,0.08608574116488428
2013-07-08,482.77,-0.596844083522576,0.47305320521103555,-0.45920311758804533,-0.0,-0.27407266386754664
2013-07-09,485.5,0.5638937969688285,2.220446049250313e-12,-0.20514103359560057,-0.1156777563483332,0.0
2013-07-10,484.43,-0.22063456828015504,0.42768271546461534,0.0589024045546094,0.0,0.012995906599569283
2013-07-11,484.47,0.00825678605072565,0.23674083639684138,0.06656760559826569,0.0005496344773339669,-0.0
2013-07-12,493.99,1.9459764158966897,0.375324842111478,0.1774871734076974,0.34538585357554524,-0.0
2013-07-15,494.1,0.022265178365217044,0.5226515694708433,-0.3478694507387929,-0.007745375368509308,0.0
2013-07-16,496.22,0.4281450921811712,0.3019798253993116,-0.12399863952182998,-0.05308940894841371,0.0
2013-07-17,497.5,0.257617982513142,0.41052653736333494,0.0648155574895254,0.016697653155916106,-0.0
2013-07-18,496.84,-0.13275139226544763,0.7901186533325903,0.08944140563201235,0.0,0.011873471123828288
2013-07-19,503.76,1.3831921504494324,0.47681731232807234,0.07410917103194524,0.10250722364770112,-0.0
2013-07-22,506.16,0.47528606581417765,0.7090680076403945,-0.3186875414729546,-0.15146774781067315,0.0
2013-07-23,504.29,-0.37013254191430256,0.3279523022871141,-0.14075973177153275,-0.0,-0.05209975731977283
2013-07-24,494.18,-2.0251676129454874,0.9944010123832693,0.14069608627118893,0.0,0.28493315718459605
2013-07-25,491.78,-0.48683612726407877,0.2897458065866132,0.09193564996427787,0.0,0.04475759578611498
2013-07-26,493.93,0.43623447252231956,1.082124706423164,0.057457804239888804,0.02506507492487859,-0.0
2013-07-29,485.69,-1.6823246443715614,2.220446049250313e-12,-0.31521725147396945,-0.0,-0.5302977504857267
2013-07-30,488.54,0.5850791147958263,0.10576672453995811,-0.08691633563195789,-0.05085293271284286,0.0
2013-07-31,491.85,0.6752440511910903,0.13311716617725974,0.11598272962554619,0.0783166482205547,-0.0
2013-08-01,492.43,0.11785265719742165,0.44979921264514405,0.08347638292519033,0.009837913540963158,-0.0
2013-08-02,494.66,0.45183393487093937,0.1480012776094239,0.06939151467904163,0.03135344112408593,-0.0
2013-08-05,493.66,-0.2023636759872865,0.3170000459120032,-0.34318327971605894,-0.0,-0.06944783002071486
2013-08-06,496.56,0.5857300985819571,0.20242981842603497,-0.109460470917194,-0.0641142924211555,0.0
2013-08-07,500.1,0.7103756319460754,0.8998855592898429,0.11764494834280516,0.08357210452428361,-0.0
2013-08-08,498.22,-0.37663318822746195,0.8037367628052217,-0.01866072738604931,-0.0,-0.007028249250051263
2013-08-09,500.62,0.48055837145592006,0.15251765720748306,-0.05751497545082679,-0.027639302936976543,0.0
2013-08-12,499.46,-0.23198154551953196,0.24353357311124613,-0.35108831611674424,-0.0,-0.08144601018661232
2013-08-13,497.73,-0.3469753478573587,0.5005284437455028,-0.140452283977513,-0.0,-0.048733480090458095
2013-08-14,503.57,1.1664967984225518,0.7425423899527329,0.10077413063545598,0.1175527007500754,-0.0
2013-08-15,508.22,0.9191695388902373,0.2630016710466668,0.06922576604840923,0.06363021545803976,-0.0
2013-08-16,507.79,-0.08464484122669881,0.4328064296171057,0.03549011654754549,0.0,0.003004055280284024
2013-08-19,511.02,0.634075209681003,0.5239286707964445,-0.22803548301903195,-0.14459164671000146,0.0
2013-08-20,504.81,-1.222660752457953,0.5441569312076747,0.0018739492555782111,0.0,0.002291204206893276
2013-08-21,502.7,-0.41885501579353834,1.137963834390812,0.2633877692902212,0.0,0.11032128826588042
2013-08-22,496.12,-1.3175737751400685,1.5950981773456794,0.2446190509096642,0.0,0.3223036463782269
2013-08-23,486.82,-1.8923388043360394,3.3654789039582997,0.14210504785465955,0.0,0.2689108963474021
2013-08-26,490.54,0.761238021602229,2.588794522577652,-0.17580243582480984,-0.13382749844013106,0.0
2013-08-27,485.57,-1.018336652509282,0.276975876339958,0.05289343631437724,0.0,0.05386332487609582
2013-08-28,473.3,-2.5594021682495587,2.018744096535966,0.1782293696312227,0.0,0.45616063507990345
2013-08-29,468.55,-1.0086617342369624,1.2011755646168434,0.11910761221093628,0.0,0.12013929069350658
2013-08-30,472.7,0.8818118229357902,2.3941905257800147,0.021891866502808156,0.01930450670830822,-0.0
2013-09-03,472.17,-0.11218475675713718,0.9889992678166496,-0.5321012162712259,-0.0,-0.05969364551756432
2013-09-04,471.45,-0.15260383199330405,1.1034577311058618,-0.22828275423898528,-0.0,-0.03483682307485483
2013-09-05,477.57,1.2897694123467895,0.8385241991190967,0.0316901618000499,0.04087300136202504,-0.0
2013-09-06,480.03,0.5137855913738816,0.6240236585391649,-0.05729967793661398,-0.02943974891419617,0.0
2013-09-09,470.16,-2.077553964449789,0.710844114543192,-0.4100262613529877,-0.0,-0.8518516848024249
2013-09-10,474.53,0.9251778193792363,0.3359181321157869,-0.12616786088223633,-0.11672770640677026,0.0
2013-09-11,476.4,0.3932996982957466,0.5523309682984938,0.22395243185589966,0.0880804238815241,-0.0
2013-09-12,475.59,-0.1701698957898934,0.10910078152454684,0.23854014934411583,0.0,0.040592352355593796
2013-09-13,476.42,0.17436796048268374,0.2346008453104719,0.18475277637752693,0.03221496481046272,-0.0
2013-09-16,475.57,-0.1785733517949677,0.3646062407170188,-0.38178659153537375,-0.0,-0.06817691132084794
2013-09-17,477.73,0.45316347349778796,0.3729787941185309,-0.12712999639662573,-0.05761067075285618,0.0
2013-09-18,474.26,-0.7290024827137579,0.4413131908250184,0.15338174968511717,0.0,0.11181567632343056
2013-09-19,476.09,0.38512174711644087,0.16765620132288303,0.1795799871533816,0.06916015839965833,-0.0
2013-09-20,477.19,0.23078224408792772,0.11738783200552545,0.18482454221559777,0.04265422261503959,-0.0
2013-09-23,479.09,0.3973736772023155,0.26732938705786086,-0.28088525831404776,-0.11161640796817542,0.0
2013-09-24,482.82,0.7755442184066289,0.2652250267314803,-0.04649153075415737,-0.03605623788126073,0.0
2013-09-25,486.22,0.7017282985144879,0.682119670174067,0.17916928819112132,0.1257281597484075,-0.0
2013-09-26,485.11,-0.22855270262137312,0.5859849001005059,0.27676424753134,0.0,0.06325521676225845
2013-09-27,486.61,0.30873115536089035,0.27286132440817323,0.18027080198057222,0.05565521297329634,-0.0
2013-09-30,492.63,1.2295404273219301,0.24952195008407502,-0.3500766317187747,-0.4304333713589242,0.0
2013-10-01,492.24,-0.07919827396208082,0.5631790671533664,-0.08881838970624571,-0.0,-0.007034263160826107
2013-10-02,494.39,0.43582769694701107,0.3222675626629452,0.22265343572863458,0.09703853411095016,-0.0
2013-10-03,492.3,-0.4236392637550015,0.12336836304128784,0.1722689383837832,0.0,0.07297988622476163
2013-10-04,497.5,1.0507269834492552,0.6228227929988505,0.21713960642793895,0.22815444364938678,-0.0
2013-10-07,500.47,0.5952100300210648,0.44293288374944023,-0.452906764522002,-0.26957464890788413,0.0
2013-10-08,502.22,0.3490613802649023,0.4679653270117281,0.016650946894497014,0.005812202505710716,-0.0
2013-10-09,500.67,-0.3091069278085853,0.24415662512833128,0.2609727502986154,0.0,0.08066848508656206
2013-10-10,494.81,-1.177335092337776,0.4625109295587859,0.29237813443407207,0.0,0.3442270379014849
2013-10-11,494.53,-0.056603393671717885,0.25788446435221113,0.07035254331424232,0.0,0.003982192705022642
2013-10-14,493.62,-0.18418261544322856,0.15989079207264476,-0.4362856003750291,-0.0,-0.08035622295729208
2013-10-15,495.72,0.4245260787779521,0.11552522726020174,-0.21617221371955533,-0.09177074223111226,0.0
2013-10-16,498.96,0.6514681021193672,0.4379123402950208,0.15537385701925363,0.10122111175129908,-0.0
2013-10-17,499.59,0.12618298204221653,0.19852467365510326,0.20227249520801474,0.025523346630467254,-0.0
2013-10-18,500.83,0.2478960106771987,0.22891585203061934,0.2112605799918815,0.05237065499333865,-0.0
2013-10-21,501.57,0.14764567726032268,0.2385737458273682,-0.43103107251945666,-0.06363987462237844,0.0
2013-10-22,500.57,-0.19957298020464695,0.3511820675589608,-0.1405869645282873,-0.0,-0.028057359488835285
2013-10-23,504.05,0.6928020384332773,0.1218254891289484,0.1579925029733168,0.10945752811708949,-0.0
2013-10-24,501.17,-0.5730104614272301,0.4326471584089142,0.23395730099171683,0.0,0.134059980995533
2013-10-25,500.75,-0.08383903397506087,0.1990914745954081,0.15041598675937268,0.0,0.012610731024311352
2013-10-28,496.46,-0.8604058253782984,0.22604798712611798,-0.39510929829427677,-0.0,-0.33995434191352747
2013-10-29,497.08,0.12480626456491938,0.19090358382199193,-0.2102759513360517,-0.02624375601408738,0.0
2013-10-30,499.07,0.39953875364492153,0.16399591450861767,0.04947180658448164,0.019765903943326415,-0.0
2013-10-31,497.41,-0.33317307634054893,0.09563475157618645,0.05600330393619766,0.0,0.018658793057657747
2013-11-01,497.08,-0.06636567730438203,0.03569700278237774,0.06172564004420638,0.0,0.004096463908580242
2013-11-04,497.07,-0.0020117688478302432,0.15872411252803353,-0.3915641279701734,-0.0,-0.0007877365145782097
2013-11-05,499.79,0.5457148948172523,0.3130049836564354,-0.15595748726139513,-0.08510832375681522,0.0
2013-11-06,502.52,0.5447429938729164,0.10569246369532201,0.09441613748842063,0.051432529405359154,-0.0
2013-11-07,499.86,-0.5307380921344117,0.24340438384468166,0.00881502059850403,0.0,0.0046784672145755695
2013-11-08,498.61,-0.250383216929709,0.09125178830889627,0.009394823783409353,0.0,0.0023523062013777736
2013-11-11,501.08,0.49415419304153035,0.12619857561218273,-0.39249715189993234,-0.19395411336821003,0.0
2013-11-12,497.65,-0.6868750283918608,0.20615018089036155,-0.12515564181800878,-0.0,-0.08596628502714634
2013-11-13,496.12,-0.30791857449437393,0.16532725238114981,0.24435158615164235,0.0,0.07524039208325291
2013-11-14,497.85,0.3480993886964465,0.12698607182813904,0.25993959918996973,0.09048481557602779,-0.0
2013-11-15,501.34,0.6985686791506515,0.2020560799253478,0.2684426397739541,0.18752562029460526,-0.0
2013-11-18,506.48,1.0200322610271313,0.185885389977478,-0.22422581336440475,-0.22871756338674135,0.0
2013-11-19,504.71,-0.35008293352012376,0.15810488696687955,-0.061998152361960455,-0.0,-0.021704495051702705
2013-11-20,505.52,0.16035955645297886,0.14013034622267126,0.24640766486824642,0.039513823844886255,-0.0
2013-11-21,503.54,-0.39244495693309245,0.6846844249524142,0.19848774332442218,0.0,0.07789551388069957
2013-11-22,505.64,0.4161800731488037,0.2552266732614262,0.2080793668003592,0.08659848609573025,-0.0
2013-11-25,506.46,0.1620393596326674,0.25305349605113736,-0.3069789262414562,-0.0497426686288894,0.0
2013-11-26,509.16,0.5316961778550275,0.6570836215485055,0.03014632963325468,0.016028688242359267,-0.0
2013-11-27,508.43,-0.14347627732742926,0.4379494546506993,0.27284981054995844,0.0,0.03914747508720237
2013-11-28,507.71,-0.1417127798325259,0.08055486755044931,0.17378241462231273,0.0,0.024627189062136533
2013-11-29,507.78,0.013786447943535445,0.1427910422344586,0.1310259858900065,0.0018063829337229842,-0.0
2013-12-02,508.53,0.1475927888435044,0.1091393626129142,-0.3050984180532424,-0.04503032639221944,0.0
2013-12-03,511.62,0.6057951183508655,0.15781244225995922,0.014887801832615974,0.009018957673173827,-0.0
2013-12-04,510.88,-0.14474330155413476,0.12465470450278458,0.17569202651155522,0.0,0.025430243974019075
2013-12-05,510.03,-0.16651814487246336,0.4209264580076576,0.14309793230525916,0.0,0.0238284022225571
2013-12-06,510.12,0.017644464095180525,0.13028665309617532,0.07082849537929253,0.0012497308436355868,-0.0
2013-12-09,511.23,0.2173594628712037,0.07008841065003522,-0.30422732546650927,-0.06612668805414332,0.0
2013-12-10,511.6,0.07234829172766671,0.2421032577544987,-0.13039830191999882,-0.009434094388100438,0.0
2013-12-11,505.31,-1.2370967379019109,0.3062296890733535,0.066712614005116,0.0,0.08252995716263833
2013-12-12,506.92,0.3181097888194829,0.15032315194862464,0.050565757670297966,0.01608546249399563,-0.0
2013-12-13,506.06,-0.16979608810048066,0.2739869823686921,-0.002011652596747309,-0.0,-0.0003415707415448668
2013-12-16,502.04,-0.7975441540613193,0.36381124811109306,-0.5000982989891963,-0.0,-0.3988504748148433
2013-12-17,505.67,0.7204484824261834,0.13911622738469845,-0.24748557711244945,-0.1783006084530324,0.0
2013-12-18,505.25,-0.08309263327768107,0.11770078546081855,-0.03428973619554241,-0.0,-0.0028492244748846325
2013-12-19,506.28,0.20365196405170974,0.1617892699401761,0.15978898856423498,0.03254134135494264,-0.0
2013-12-20,504.45,-0.362114906985927,0.14991496978671873,0.1670532554879367,0.0,0.0604924740727105
2013-12-23,508.68,0.8350408298157759,0.19797791252185964,-0.41554968621973476,-0.3470009548106126,0.0
2013-12-24,505.62,-0.6033736140229042,0.16392840787553004,-0.16875942762988314,-0.0,-0.10182498574947935
2013-12-25,504.42,-0.23761446370565067,0.18287604990172712,0.029222580881964822,0.0,0.006943707884363072
2013-12-26,506.55,0.42137811244259954,0.24061951763520656,0.08630451348515078,0.036366832987649714,-0.0
2013-12-27,506.41,-0.027641762930700652,0.2553758712392045,0.05585848136173136,0.0,0.0015440268994699393
2013-12-30,500.35,-1.2038764333914298,0.27774252262271276,-0.3759707467379823,-0.0,-0.45262232164243466
2013-12-31,504.63,0.8517633935335491,0.714961310984058,-0.23704221406158865,-0.20190388065980472,0.0
2014-01-02,504.51,-0.023782626903226172,0.24587938302602563,-0.08950142148749178,-0.0,-0.002128578914545407
2014-01-03,505.37,0.17031730658901542,0.08526390141157078,-0.025334516429962817,-0.004314906602086425,0.0
2014-01-06,509.1,0.7353626639631902,0.28308492025370585,-0.19845987410551633,-0.14593998171203182,0.0
2014-01-07,510.12,0.20015312504086297,0.17527221007129765,0.05388529387656773,0.010785309963140309,-0.0
2014-01-08,513.9,0.7382701839484709,0.3934087102178112,0.13214202823009252,0.09755651948875443,-0.0
2014-01-09,516.98,0.5975495042436374,0.0893288154555061,0.089944442794277,0.05374625720119043,-0.0
2014-01-10,518.94,0.37840805058552673,0.4244938670635065,0.05564099105651182,0.021054998958341363,-0.0
2014-01-13,521.11,0.41728823591949255,0.18498626780349425,-0.4254260995377808,-0.177525306590231,0.0
2014-01-14,522.31,0.23001294379242396,0.25162794913017217,-0.28257284771015173,-0.0649954125376203,0.0
2014-01-15,526.68,0.8331872144548064,0.27637684444649213,-0.05191220950767195,-0.0432525892358915,0.0
2014-01-16,533.54,1.2940891012884446,0.26096338129607205,-0.009000221813172032,-0.01164708895760445,0.0
2014-01-17,543.59,1.8661241727431912,2.399836065233024,0.1179946874627165,0.22019273852945323,-0.0
2014-01-20,553.67,1.8373555168199291,1.8554554586145675,-0.45704360578459324,-0.8397515905155952,0.0
2014-01-21,559.91,1.1207215130897024,2.3407643574216186,-0.17066903951912563,-0.19127246420744068,0.0
2014-01-22,551.92,-1.4372948289702714,1.4773576038536207,0.08533329371953093,0.0,0.12264910180208313
2014-01-23,553.55,0.29489740676225723,0.4933116209230462,0.019636325599891497,0.005790701497747327,-0.0
2014-01-24,560.19,1.1923929593622673,0.47575680541132903,-0.026877395567873903,-0.03204841724112745,0.0
2014-01-27,556.52,-0.6572902925422364,0.05630509056806672,-0.6559386266600037,-0.0,-0.4311420918071066
2014-02-06,554.68,-0.33117380880126013,0.5547059089424267,-0.3190760693731323,-0.0,-0.10566963719163533
2014-02-07,549.76,-0.8909551529827573,0.5650328457157352,0.04694142005572247,0.0,0.041822700086974085
2014-02-10,555.9,1.1106602603587918,0.5042269881913131,-0.1962971686503069,-0.21801946444084355,0.0
2014-02-11,553.9,-0.3604256920365529,0.492575817066986,0.17768825357320658,0.0,0.06404341176088947
2014-02-12,564.25,1.8513250658586797,0.7389506568746876,0.5113528746081498,0.9466803942609582,-0.0
2014-02-13,570.18,1.0454684753633754,0.3843359289107974,0.4313739666473553,0.4509878832222621,-0.0
2014-02-14,572.22,0.3571432367597401,0.695813303643378,0.34304220887090625,0.12251520482136628,-0.0
2014-02-17,570.2,-0.3536356340304376,0.364538954302155,-0.1415872879949359,-0.0,-0.05007031036073931
2014-02-18,574.56,0.7617353999200837,0.1153675769875017,0.22086407122140095,0.16823998161981168,-0.0
2014-02-19,578.12,0.6176929102868711,0.36305949111650143,0.5986913213647093,0.3698073846572597,-0.0
2014-02-20,571.04,-1.232219983879112,4.468634696533969,0.6133199823909994,0.0,0.7557451388145745
2014-02-21,570.57,-0.08233985801706567,1.3229955275726137,0.5868224049259804,0.0,0.04831887350283824
2014-02-24,576.58,1.0478237350168533,0.391382288307351,-0.0012380946137875066,-0.0012973049225230738,0.0
2014-02-25,586.2,1.654692976494422,0.3866028432233739,0.4368932727788402,0.7229242299448085,-0.0
2014-02-26,589.81,0.6139422860617078,0.8824125652858116,0.7003892310000005,0.4299985656131418,-0.0
2014-02-27,584.79,-0.8547642711245935,1.7803214116576678,0.6767277897942643,0.0,0.5784427359932515
2014-02-28,586.48,0.2885758489168015,1.3747607836412685,0.5752091746283315,0.16599147587310348,-0.0
2014-03-03,573.38,-2.258989373952659,0.8386145106703983,-0.10956762877968151,-0.0,-0.2475121091424901
2014-03-04,569.97,-0.5964945311246164,0.6451960907501556,0.19709713464291415,0.0,0.11756736291483046
2014-03-05,574.94,0.8681959662091996,0.8453259119851365,0.53963897689511,0.46851238294959396,-0.0
2014-03-06,578.56,0.6276570237106587,0.37538214098556744,0.5386004575926008,0.33805636018177065,-0.0
2014-03-07,579.75,0.20547183718840722,0.14479975176432916,0.5675427547361881,0.11661405249861417,-0.0
2014-03-10,583.69,0.6773043838946943,0.25135311837826385,-0.11942793751613638,-0.0808890656391808,0.0
2014-03-11,588.5,0.8206906725743432,0.6361228820204613,0.34629608979318194,0.28420197084223164,-0.0
2014-03-12,590.02,0.2579507929983863,0.565387513841454,0.6684541072690818,0.17242826705308803,-0.0
2014-03-13,595.22,0.8774650474564891,0.15062053075147144,0.5815296812345468,0.5102719693418286,-0.0
2014-03-14,596.83,0.2701230617787233,0.5286996993451144,0.4749358326824003,0.12829112127259742,-0.0
2014-03-17,600.36,0.5897159565446534,0.20814448140823175,-0.0036273825090485192,-0.0021391253460768924,0.0
2014-03-18,599.85,-0.0849851327176907,0.35893419218511385,0.5101392976642906,0.0,0.04335425591650926
2014-03-19,605.59,0.9523565476430627,0.1634348202225485,1.0149178930537628,0.9665637007698527,-0.0
2014-03-20,600.26,-0.884029474966234,0.396006393652665,1.135269310045466,0.0,1.003611532104772
2014-03-21,601.75,0.24791819754758068,0.6472619948122826,1.1096046293313193,0.27509117969427205,-0.0
2014-03-24,607.55,0.9592399691439287,0.33493838162103584,0.35259286089223224,0.3382211650026344,-0.0
2014-03-25,601.85,-0.9426231528876804,2.220446049250313e-12,0.7786986215180822,0.0,0.7340193497646652
2014-03-26,588.06,-2.3179261316600455,1.056601386913197,1.2041137153924126,0.0,2.79104664639834
2014-03-27,590.14,0.3530813377838129,1.1094233452487476,1.285386828796797,0.453846101081266,-0.0
2014-03-28,594.29,0.7007618825472566,0.34267550611417597,1.1332951742380846,0.7941700597808012,-0.0
2014-03-31,591.57,-0.45873961007497566,0.37048341923745576,0.12489758982895054,0.0,0.057295471657437015
2014-04-01,583.85,-1.3135919089980421,1.1057617421286159,0.4535053447909812,0.0,0.5957209516048003
2014-04-02,581.67,-0.3740823910700551,2.047782193469986,0.8129149451963983,0.0,0.3040971664356515
2014-04-03,589.44,1.3269657015863932,0.6938489892799818,0.8315011530159208,1.1033735108816662,-0.0
2014-04-04,593.04,0.6088916721576939,0.266522532698597,0.8410480810962783,0.5121071724637326,-0.0
2014-04-07,600.57,1.2617353903270356,0.4685674638529794,0.20679147787285126,0.26091612605020653,-0.0
2014-04-08,603.25,0.4452500253406451,0.2729857590655486,0.4832067395888324,0.21514781304669814,-0.0
2014-04-10,601.33,-0.31878358032960674,0.8030468410787931,0.3276043866009089,0.0,0.10443489929232239
2014-04-11,600.57,-0.12646644501103044,0.6413258255052974,0.32284677069880124,0.0,0.0408292833735687
2014-04-14,596.11,-0.7453990457790735,0.17495745603142007,-0.06003847688327468,-0.0,-0.04475262337882191
2014-04-15,586.09,-1.6951852391940234,0.9750578170686558,0.2892642207794392,0.0,0.4903564372922664
2014-04-16,574.29,-2.0338866185528905,3.8125835518417905,0.5848072976639873,0.0,1.189431737150861
2014-04-17,580.31,1.0427948297576253,0.8776660708166742,0.5215496810290524,0.5438693108388345,-0.0
2014-04-18,565.33,-2.615281207411028,0.8382596750192384,0.4939134570826374,0.0,1.2917225823956349
2014-04-21,558.14,-1.2799804470434546,1.2079839671204085,-0.1404761009616733,-0.0,-0.17980666250784405
2014-04-22,569.87,2.0798437671693266,1.7987238871175923,0.20556084802518262,0.42753444853921724,-0.0
2014-04-23,569.36,-0.08953416501839763,0.6174518873410868,0.5663647810530761,0.0,0.050708997767414755
2014-04-24,570.46,0.19301299178732992,0.2807021618023648,0.535421836976192,0.10334337062304283,-0.0
2014-04-25,578.92,1.472124586051484,0.6330211935133765,0.4334563734462376,0.63810178433092,-0.0
2014-04-28,573.1,-1.0104077211711895,0.4219483205573926,-0.21427560094975037,-0.0,-0.21650572165822443
2014-04-29,578.0,0.8513647114685727,0.3803930822230069,-0.13473002934649952,-0.1147043925607349,0.0
2014-05-05,564.85,-2.3013659499439623,1.5481447086858064,-0.3460216265680279,-0.0,-0.7963223893278845
2014-05-06,555.11,-1.7393916866973156,3.8603987754739375,-0.0641015190492576,-0.0,-0.11149764933894828
2014-05-07,559.97,0.871691855965864,1.0760970203163758,0.2609426982753685,0.2274616249603964,-0.0
2014-05-08,527.09,-6.051189891654674,3.680932293375896,0.3103598552393061,0.0,1.8780464187994967
2014-05-09,542.46,2.8743038028253616,1.6997906218425145,0.3988262120895341,1.1463476980753822,-0.0
2014-05-12,517.05,-4.797476834634617,5.5356327971023225,-0.30634091565449345,-0.0,-1.4696634463531895
2014-05-13,513.91,-0.6091428783401278,1.5336259584586904,-0.0194575696819785,-0.0,-0.011852440001583989
2014-05-14,529.53,2.9941667812714527,1.8727483793239748,0.3123093072173047,0.9351061531519546,-0.0
2014-05-15,524.05,-1.0402721044111016,10.845666590580958,0.34612121519546873,0.0,0.36006024491271804
2014-05-16,529.49,1.0327179505671755,1.0620781733239415,0.28843942073207846,0.2978765674412153,-0.0
2014-05-19,533.04,0.6682189132423761,1.2941868510735999,-0.5854682492105588,-0.3912209572253963,0.0
2014-05-20,537.52,0.8369500357612889,1.271603661109171,-0.19168100367966767,-0.1604274228844576,0.0
2014-05-21,543.88,1.1762665675590858,1.5242838125135478,0.3171889943113689,0.37309880960615227,-0.0
2014-05-22,541.73,-0.3960911949804129,0.5274195767658018,0.4049067309299954,0.0,0.1603799909096744
2014-05-23,541.49,-0.044312328784026814,0.37735418547192984,0.30848593459483814,0.0,0.01366973015901426
2014-05-26,544.06,0.47349358417997217,1.1924279791959649,-0.30401005180123214,-0.14394680905410442,0.0
2014-05-27,552.75,1.5846284845915017,0.6670027183829075,-0.04218584131088407,-0.06684888578768379,0.0
2014-05-28,557.34,0.826964688992887,0.27503464651359133,0.26106746350970567,0.21589357376746562,-0.0
2014-05-29,558.45,0.1989622359351161,0.7293246160196521,0.24010049319637128,0.04777093097547416,-0.0
2014-05-30,562.02,0.6372347462258392,0.8494715730404475,0.1887364611384319,0.12026943091711162,-0.0
2014-06-02,556.8,-0.9331327428884305,1.0557308153317808,-0.4610208731967602,-0.0,-0.4301936719349122
2014-06-03,558.76,0.3513933839140317,0.48982390686118443,-0.18222944977654523,-0.06403422300577231,0.0
2014-06-04,553.46,-0.9530560711412636,0.8947807811942622,0.09452450146848751,0.0,0.0900871499961433
2014-06-05,551.1,-0.42732012587478,0.4792118575902487,0.02014043614146561,0.0,0.008606413707144054
2014-06-06,559.04,1.4304746056501962,0.555097542029845,-0.06526007099062707,-0.09335287431502107,0.0
2014-06-09,565.61,1.1683767819838413,2.4916364988960016,-0.4583164374087845,-0.5354862842699742,0.0
2014-06-10,566.89,0.22604866137665164,0.8468625906510053,-0.13226278852851728,-0.02989782629681449,0.0
2014-06-11,570.36,0.610245903462174,0.5787305457234292,0.18945174947059976,0.1156121540181756,-0.0
2014-06-12,573.77,0.5960878741096503,0.503390249626134,0.16774262857757508,0.0999893468663714,-0.0
2014-06-13,574.48,0.12366646470470659,0.2622377760750625,0.05791297398391623,0.007161892753126568,-0.0
2014-06-16,572.37,-0.3679648394733097,0.15580342518461512,-0.5197233281001273,-0.0,-0.19123991099489762
2014-06-17,572.25,-0.02096765746529879,0.4509440964003996,-0.277162097554328,-0.0,-0.005811439923882877
2014-06-18,570.03,-0.38869678101258426,0.34668702491812947,0.046289164752383316,0.0,0.01799244933501257
2014-06-19,567.35,-0.47125937855517497,1.7491864926468783,-0.006751995426819128,-0.0,-0.003181941168850166
2014-06-20,560.78,-1.1647725490658614,1.1671047934675076,-0.03673451670684439,-0.0,-0.04278735666333361
2014-06-23,565.92,0.9124053710830489,0.3268427920176166,-0.505701702639493,-0.4614049496541162,0.0
2014-06-24,569.74,0.6727390956892191,0.2089332977948477,-0.27210182664972393,-0.18305353679571992,0.0
2014-06-25,572.27,0.443079156760527,0.392952776172857,-0.08234445199986386,-0.03648511035600737,0.0
2014-06-26,576.4,0.7190956143699166,0.7519582875120082,-0.01144942606859624,-0.008233232072980153,0.0
2014-06-27,578.82,0.41896842851503835,0.3971652851625195,-0.008029701948452919,-0.003364191606787461,0.0
2014-06-30,578.13,-0.11927915325784194,0.30071363775837473,-0.5277808866757168,-0.0,-0.06295325726835253
2014-07-01,578.07,-0.010378827201831633,0.34285833916260905,-0.28973985059037793,-0.0,-0.0030071598427620478
2014-07-02,578.8,0.12620261514080358,0.3738651930974731,0.07646518609849723,0.00965010645285857,-0.0
2014-07-03,585.02,1.0689039924318295,0.260271617699786,0.18973217988615754,0.20280548457310785,-0.0
2014-07-04,589.35,0.7374199990931444,0.3199429780071453,0.2758211131028954,0.2033960049742072,-0.0
2014-07-07,590.69,0.22711104301045607,0.36238229495175756,-0.3154423852599687,-0.0716404491260976,0.0
2014-07-08,591.47,0.13196185172744107,0.3378729857215754,-0.17321727429223277,-0.02285807226678311,0.0
2014-07-09,591.6,0.021976721668755844,0.12403301108379734,0.0030233211934200654,6.644268838304353e-05,-0.0
2014-07-10,584.88,-1.1424032851584311,0.9659770175716283,-0.05259336331181583,-0.0,-0.06008283102494931
2014-07-11,582.77,-0.3614100623792813,0.507675527104801,-0.11636580820906685,-0.0,-0.04205577400365433
2014-07-14,586.23,0.5919606678694284,0.18235716923783774,-0.5192857727860188,-0.30739675287350393,0.0
2014-07-15,589.31,0.5240156945522118,0.07098404834613677,-0.18781353324052064,-0.09841723906733633,0.0
2014-07-16,589.68,0.06276558955492598,0.06895517071508167,0.2170809318429041,0.01362521266825258,-0.0
2014-07-17,590.37,0.11694421060747301,0.39172846203531486,0.30242184278866574,0.03536648367537782,-0.0
2014-07-18,596.26,0.9927354563272628,0.3683517627905977,0.2785458663429012,0.27652235773199274,-0.0
2014-07-21,601.04,0.798467451052433,0.7340161319585581,-0.39943627440848556,-0.3189368638848236,0.0
2014-07-22,597.98,-0.5104179485617155,0.4982796320891748,-0.11941884466838948,-0.0,-0.060953521715249516
2014-07-23,597.5,-0.08030247696221882,0.39482349580245096,0.21205926656839477,0.0,0.01702888436823354
2014-07-24,602.06,0.7602824310738968,0.1424829960940614,0.22609648280959505,0.17189718360773645,-0.0
2014-07-25,600.14,-0.3194146784913417,0.31419257947109425,0.18226957225025198,0.0,0.058219576819068614
2014-07-28,589.45,-1.7973062593354763,0.8749630175354102,-0.43844609003777374,-0.0,-0.7880219020060566
2014-07-29,592.24,0.472205939670648,0.5762764526738393,-0.19134704995765572,-0.09035521352846125,0.0
2014-07-30,589.33,-0.49256597299568744,0.32827927554478176,0.05145148487140679,0.0,0.025343250707757378
2014-07-31,596.07,1.1371811428221505,0.23802131917372357,0.020194632552126068,0.022964955324500123,-0.0
2014-08-01,593.9,-0.36471548112930363,0.2699837980936002,0.026694727294730092,0.0,0.00973598030891304
2014-08-04,599.04,0.8617418827358029,0.524062814748191,-0.49010499827201515,-0.4223440039491537,0.0
2014-08-05,607.73,1.4402330537368948,0.46327770923914935,-0.23658692210747614,-0.34074030530106325,0.0
2014-08-06,606.7,-0.16962694382892604,0.3561326099550986,0.01603862954357854,0.0,0.0027205837126815504
2014-08-07,607.62,0.15152516239963473,0.23874125982276356,0.04968789831629014,0.007528966861672401,-0.0
2014-08-08,605.43,-0.3610737198514905,0.4387497190037172,0.05567140337989484,0.0,0.020101480707731472
2014-08-11,602.13,-0.5465580534222372,0.6074544927356108,-0.3377013016864166,-0.0,-0.18457336608788352
2014-08-12,601.78,-0.05814388282520173,0.5238283997546532,-0.010051583343069418,-0.0,-0.0005844380841071777
2014-08-13,602.76,0.16271775386943174,0.31670044757035576,0.3041258331574513,0.04948667246505002,-0.0
2014-08-14,605.25,0.4122488268214236,0.19248685923585238,0.2633637024400029,0.1085713773582377,-0.0
2014-08-15,604.24,-0.1670125812975371,0.3604063737370871,0.23330012250179463,0.0,0.03896405567605634
2014-08-18,605.08,0.13892106888061423,0.26779994453424555,-0.18759337211550023,-0.026060671769204104,0.0
2014-08-19,604.64,-0.0727441092819772,0.360558138020442,0.04817288751139312,0.0,0.003504293793557176
2014-08-20,606.7,0.3401195347073412,0.41524094221847,0.3119056587149814,0.10608520751472622,-0.0
2014-08-21,612.94,1.023261691525108,0.7670445083254117,0.22475283649472858,0.22998096764666198,-0.0
2014-08-22,620.14,1.1678207136807257,0.7451253610220377,0.2379727151893415,0.27790946608895684,-0.0
2014-08-25,625.88,0.9213400433545941,0.6031805932116507,-0.22118844447755126,-0.2037897710244823,0.0
2014-08-26,629.06,0.5067982224448382,0.43045214287428957,0.10793383164260462,0.05470067401813245,-0.0
2014-08-27,628.77,-0.046111160512683734,0.6665552320852042,0.41590218217882957,0.0,0.01917773228002344
2014-08-28,632.03,0.5171331321523014,1.088262619861077,0.36509719282797787,0.18880385486714493,-0.0
2014-08-29,636.65,0.7283192644743537,0.9913486572757038,0.29378762643213047,0.21397118799471546,-0.0
2014-09-03,640.75,0.6419311224735859,0.38145163042070873,-0.23218389572638565,-0.14904606880392876,0.0
2014-09-04,640.22,-0.0827497958958,0.47700162510454697,0.1297874547781371,0.0,0.010739885392726219
2014-09-05,638.65,-0.24552937964366614,0.12330979802798851,0.4880866580143029,0.0,0.11983961435460203
2014-09-08,639.85,0.1877200394819255,0.1109692532897614,-0.22280800070577556,-0.04182552668937707,0.0
2014-09-09,626.92,-2.041483309773769,2.35448181758511,0.06445167435661474,0.0,0.131577017486003
2014-09-10,628.8,0.29943003291294285,1.673237114953413,0.4858890928160469,0.14548978705394888,-0.0
2014-09-11,628.99,0.030211720787300254,0.6729380719169831,0.5264412534133701,0.015904696159041113,-0.0
2014-09-12,632.5,0.5564862278805659,0.3658002350120213,0.5476010506885869,0.3047324430811263,-0.0
2014-09-15,630.34,-0.34208642526618227,1.0572330808810153,-0.2630438226549448,-0.0,-0.08998372098038168
2014-09-16,627.66,-0.4260737765288996,0.7816919063310657,0.013742862528896524,0.0,0.0058554733380044455
2014-09-17,625.66,-0.3191526023105685,0.31456545701142874,0.42127244812468606,0.0,0.13445019810073755
2014-09-18,615.8,-1.588485707021876,0.6783785911954067,0.38609102538883483,0.0,0.6133000754395844
2014-09-19,613.29,-0.40843282253738644,0.6445795743639811,0.38534887480914454,0.0,0.15738912859990487
2014-09-22,611.93,-0.22200103794538462,0.827921058553496,-0.18826620741957964,-0.0,-0.04179529345718775
2014-09-23,610.39,-0.2519799749391873,0.3978904919920688,0.16639358248703792,0.0,0.04192785074512541
2014-09-24,603.59,-1.1202937642813258,0.5031662477272392,0.47169023117409603,0.0,0.5284316246567567
2014-09-25,605.1,0.24985741349085838,1.6792125831766354,0.40364414327331194,0.10085348160900319,-0.0
2014-09-26,604.98,-0.01983339950968495,0.20900378481147025,0.364156343595119,0.0,0.007222458246508097
2014-09-29,599.78,-0.8632478322358214,0.08636324884692903,-0.045789552577100635,-0.0,-0.03952773200123029
2014-09-30,598.8,-0.16352687653475662,0.7664731063689257,0.38727754680515053,0.0,0.06333028758108927
2014-10-01,609.27,1.7333866667654778,0.5833114417938136,0.8312086897653862,1.440806060138923,-0.0
2014-10-02,612.66,0.5548613582373496,0.699154536697489,0.8014785916335745,0.44470949995196324,-0.0
2014-10-03,611.55,-0.18134148621295718,0.2811096963349878,0.7363356381739344,0.0,0.13352819897802756
2014-10-06,614.42,0.4682015453616107,0.16808184917612493,0.020831374447931112,0.009753281708527716,-0.0
2014-10-07,614.08,-0.055352056765297544,0.21893593770829106,0.39141547883713707,0.0,0.02166565180340933
2014-10-08,617.26,0.5165116165769663,0.4893406252251753,0.864503014259849,0.44652584943101475,-0.0
2014-10-09,624.34,1.1404762790457763,0.23371388498949783,0.8461266871374987,0.9649874157479043,-0.0
2014-10-10,617.72,-1.0659811420762242,0.7559831705352004,0.6826850862749776,0.0,0.7277294279458063
2014-10-13,614.22,-0.5682110195065747,1.3095977409315709,-0.012462494143829087,-0.0,-0.007081326503059843
2014-10-14,605.79,-1.3819778800893414,0.8581122420808945,0.38558280361002933,0.0,0.5328669055318932
2014-10-15,604.29,-0.2479176200398729,1.3514350540535336,0.7800638750012364,0.0,0.19339157936938742
2014-10-16,587.17,-2.8739829081527066,1.72404393646508,0.7969017045535457,0.0,2.2902818783646484
2014-10-17,585.28,-0.32240208744145005,2.8358916865820576,0.7968323892779349,0.0,0.2569004256441643
2014-10-20,589.24,0.6743205744236791,0.8012470773642274,-0.012780857085275247,-0.008618394891369754,0.0
2014-10-21,600.55,1.9012331053761635,0.9943634143556755,0.40514065973088015,0.7702668346142889,-0.0
2014-10-22,601.59,0.17302481565528027,0.3241220592696257,0.7645906823200299,0.13229316186016812,-0.0
2014-10-23,593.53,-1.348838978582707,0.8310781285097586,0.6942337085396136,0.0,0.9364094863242572
2014-10-24,591.51,-0.34091709249387603,0.6087338764008224,0.5906668444052955,0.0,0.201368423227186
2014-10-27,580.8,-1.8272125935699879,0.9273280759514382,-0.09183751509984402,-0.0,-0.16780666415260892
2014-10-28,583.13,0.40036825451508506,0.40167993188294177,0.27912839581513316,0.11175414861810064,-0.0
2014-10-29,591.2,1.3744223578254975,0.22635178514922072,0.6715661233398719,0.9230154946765156,-0.0
2014-10-30,589.14,-0.3490523224738274,0.13424784289881087,0.5304527541794097,0.0,0.18515576580896123
2014-10-31,600.84,1.966482972060005,1.2472121803182534,0.4478528603584262,0.8806950238832123,-0.0
2014-11-03,603.15,0.383724588153893,0.2674350958362793,-0.24509715486212436,-0.0940498048071596,0.0
2014-11-04,598.39,-0.7923206720705905,0.4038316520420197,0.10380469088157956,0.0,0.08224660244337302
2014-11-05,597.01,-0.23088516196109113,1.0578293118219093,0.4259874938403214,0.0,0.09835419150872192
2014-11-06,597.85,0.1406022694513103,0.26192338351806654,0.415493513405536,0.05841933092711678,-0.0
2014-11-07,602.59,0.7897145436860202,0.24246171178080952,0.3655385955400803,0.2886711451765632,-0.0
2014-11-10,602.12,-0.07802708101461915,0.3691125320116959,-0.15036860551318054,-0.0,-0.011732823364432246
2014-11-11,604.23,0.34981591605963636,0.6310468993077938,0.15692690971896509,0.05489553067774762,-0.0
2014-11-12,604.01,-0.03641660637478079,0.12192300309070164,0.5203498274440599,0.0,0.018949374843215433
2014-11-13,603.16,-0.14082525915570218,0.2495073172264444,0.4702869886728985,0.0,0.06622828705741571
2014-11-14,600.36,-0.46530262094807123,0.4130370461512885,0.4683247034646132,0.0,0.21791271197681278
2014-11-17,600.93,0.09489799178826462,0.16533110253006225,-0.15674518856951297,-0.014874803617719631,0.0
2014-11-18,594.25,-1.1178348965693474,0.48467355241864046,0.15396417909148993,0.0,0.17210653221012012
2014-11-19,588.35,-0.9978097330365359,0.6665196846124836,0.40335898618628985,0.0,0.4024755223244296
2014-11-20,593.32,0.8411873545473677,0.3304616276773192,0.3392589311739282,0.28538032282076414,-0.0
2014-11-21,588.03,-0.8955915450118304,0.4178411477897495,0.3344418362438734,0.0,0.29952328083824414
2014-11-24,582.53,-0.9397280745705087,0.3897744458961061,-0.29033115532065873,-0.0,-0.2728323375773139
2014-11-25,585.91,0.5785507904505292,0.28420501937444986,0.014926887736304665,0.008635962698805373,-0.0
2014-11-26,576.04,-1.698909143491181,1.0052256064477536,0.2764928033871532,0.0,0.46973615178394396
2014-11-27,572.89,-0.5483376520228869,1.0067760654810651,0.34990915723379373,0.0,0.1918683656988856
2014-11-28,566.58,-1.1075437705920066,0.5246281379964115,0.26647093530998633,0.0,0.2951282244464009
2014-12-01,568.01,0.25207356969439176,0.6356940757723047,-0.3494852039410233,-0.08809598291278625,0.0
2014-12-02,569.43,0.24968362950353956,0.06517589876508322,0.04427517934234526,0.011054787475116902,-0.0
2014-12-03,574.88,0.9525462870196391,0.23399895561879278,0.32760441229687903,0.3120583665446431,-0.0
2014-12-04,578.38,0.6069768734897089,0.28569337958241303,0.33804466823661933,0.2051852958261291,-0.0
2014-12-05,578.76,0.06567917687751745,0.2667657755471906,0.313255176721134,0.02057434215966535,-0.0
2014-12-08,571.68,-1.2308489593781196,0.6345540658584509,-0.39352795631177767,-0.0,-0.48437347551254967
2014-12-09,555.31,-2.9052877905874794,0.865201490686344,-0.055685005401232925,-0.0,-0.16178096631099986
2014-12-10,557.19,0.337977849813538,2.4245901370011693,0.2595890340416113,0.08773534356055712,-0.0
2014-12-11,550.11,-1.2788036638177303,1.7721114495424108,0.1690223593925012,0.0,0.2161464124582477
2014-12-12,553.93,0.692006674417433,0.3406962207742493,0.14464153665030952,0.10009290876000794,-0.0
2014-12-15,547.93,-1.0890783410713545,0.573033261640643,-0.38985580904342076,-0.0,-0.42458351777003944
2014-12-16,535.14,-2.361914665647281,0.5717871609710831,-0.018706790255840877,-0.0,-0.044183842252458215
2014-12-17,518.22,-3.212853238592176,6.047612666291217,0.3396944621947446,0.0,1.0913884529942126
2014-12-18,528.45,1.954833093510716,0.6713558978045346,0.31931339683602045,0.6242043953363727,-0.0
2014-12-19,523.09,-1.0194660065189802,1.9665397092303818,0.2574763748995321,0.0,0.2624884116918098
2014-12-22,537.54,2.7249642447375324,0.4307488048769343,-0.418768569628645,-1.1411293790579373,0.0
2014-12-23,537.88,0.06323111181272563,1.8138347663177417,-0.10709149048726067,-0.006771514009191423,0.0
2014-12-24,539.44,0.2896077470657471,0.4058129849129232,0.15959226796123072,0.04621915717336504,-0.0
2014-12-25,532.01,-1.3869278268862337,0.380751144688513,0.01972589567688605,0.0,0.027358393624528122
2014-12-26,533.37,0.2553081039125589,1.9038160881309902,-0.05056763451920545,-0.012910326888441606,0.0
2014-12-29,532.68,-0.12944985626459193,0.4706981498596434,-0.4064672824277012,-0.0,-0.05261713128652521
2014-12-30,537.57,0.9138115446489968,1.5498620700591461,-0.2911481945020932,-0.26605458133972437,0.0
2014-12-31,545.63,1.4882106274423432,0.6588844020239412,-0.019913608822117335,-0.02963564427980462,0.0
2015-01-05,544.45,-0.2164979562787408,0.49325509320149946,-0.5040794525505591,-0.0,-0.10913217127930254
2015-01-06,549.66,0.952379446310226,0.6908060037378786,-0.24563190811838043,-0.23393478064990744,0.0
2015-01-07,552.05,0.4338716629973745,0.7294648599741536,0.1233547783503021,0.0535201428215181,-0.0
2015-01-08,553.47,0.2568928252637832,0.35165017045675084,0.13432065465601015,0.034506012465863385,-0.0
2015-01-09,569.73,2.8955014256479563,2.125180251176793,0.21973612518488608,0.6362462637391955,-0.0
2015-01-12,574.32,0.8024167873964242,0.4535915560234939,-0.37696429139765275,-0.302482475666474,0.0
2015-01-13,580.6,1.0875319322301928,0.19504470301175306,0.03224292400954739,0.03506520944885435,-0.0
2015-01-14,577.01,-0.6202454210080157,1.58087531992644,0.45168163832732294,0.0,0.2801534679259207
2015-01-15,577.74,0.12643430997981367,0.5131664531277931,0.344256426413974,0.04352582372976731,-0.0
2015-01-16,574.81,-0.5084389071108089,0.2455384306563129,0.2735176058196424,0.0,0.139066992578504
2015-01-19,571.51,-0.5757570514585709,0.8207046209380927,-0.49879151640006714,-0.0,-0.2871827327750521
2015-01-20,572.22,0.12415519243223813,0.3298329753124462,-0.1692918433416175,-0.021018461387286833,0.0
2015-01-21,569.12,-0.5432224618731005,0.19680566734406668,0.17128146735379426,0.0,0.09304394036916522
2015-01-22,574.54,0.9478412426436131,0.8736246529246852,0.1786050137753238,0.16928919819918256,-0.0
2015-01-23,582.38,1.3553435006900274,0.33551694076451294,0.1776557601178187,0.24078457983583215,-0.0
2015-01-26,580.64,-0.29922121687214503,0.3442159043481431,-0.32293837740903886,-0.0,-0.09663001426304864
2015-01-27,579.3,-0.23104653621817592,1.1454848177450554,0.013219339353889192,0.0,0.0030542825688087173
2015-01-28,583.76,0.7669461354786348,0.28923447878578895,0.3261525383243356,0.2501414288443965,-0.0
2015-01-29,583.28,-0.08225939591897909,0.4007632723009703,0.32835588597644577,0.0,0.027010356826863605
2015-01-30,576.07,-1.2438164408407881,0.6424484922023413,0.2376440116022387,0.0,0.29558552869822347
2015-02-02,570.37,-0.9943908043235676,0.942764077402069,-0.43719719170264226,-0.0,-0.43474486710519544
2015-02-03,557.47,-2.287658281934948,1.9462335260031043,-0.12532057678753128,-0.0,-0.2866906553848605
2015-02-04,561.45,0.7114032791365951,0.9046933642301371,0.1535510788126255,0.10923674098226353,-0.0
2015-02-05,567.17,1.0136359404237854,0.2931148465617628,0.15011472656255612,0.15216168203069597,-0.0
2015-02-06,574.13,1.2196769090104764,0.12706596338269946,0.046929118972490975,0.0572383627709527,-0.0
2015-02-09,573.55,-0.10107347856137724,0.008714272106195086,-0.5561849079606687,-0.0,-0.05621554337092422
2015-02-10,574.52,0.16897928363454054,0.2456347990515203,-0.36476541049398553,-0.06163779775993279,0.0
2015-02-11,581.76,1.252308198543742,0.16092840242501716,-0.1266433299935061,-0.1585964804417483,0.0
2015-02-12,584.67,0.4989593952983133,0.09148071739763801,-0.1629084364826179,-0.08128469495636072,0.0
2015-02-13,587.24,0.4386009369217238,0.15877073798541722,-0.15131508224618326,-0.06636693684356368,0.0
2015-02-24,596.95,1.6399762920137764,0.23576883426348227,-0.3222443949340626,-0.5284731679261869,0.0
2015-02-25,592.66,-0.7212479042848878,0.912069282478475,0.12207269567063524,0.0,0.08804467592285256
2015-02-26,596.72,0.6827112898359284,0.3123690098362036,0.45938521279175354,0.3136274711566105,-0.0
2015-02-27,592.57,-0.6978982156094806,0.5437599652688843,0.3489151609000434,0.0,0.24350726819123508
2015-03-02,590.73,-0.3109949265624498,0.3650396410005507,-0.3151650663996786,-0.0,-0.09801473668001767
2015-03-03,596.72,1.00889314217194,0.26533297446180604,-0.04084653862145712,-0.04120979269664937,0.0
2015-03-04,600.39,0.6131452410735496,0.3613743110650589,0.2272352302821915,0.13932820005177787,-0.0
2015-03-05,596.91,-0.5813095798377198,0.2567854035233055,0.28301386546823687,0.0,0.16451867122358974
2015-03-06,593.97,-0.4937535222549346,0.37985022584535516,0.2095735009523925,0.0,0.10347765426654168
2015-03-09,588.44,-0.9353845654705789,0.817841212373501,-0.31863119120794525,-0.0,-0.2980426983334168
2015-03-10,589.66,0.20711322232545631,0.21074398540043512,0.03213451627815744,0.006655483214239017,-0.0
2015-03-11,586.54,-0.5305232643810369,0.1692487245684417,0.32298953011947307,0.0,0.1713534598798801
2015-03-12,588.53,0.33870354999128227,0.17617810565037037,0.26233620685142595,0.08885420455182531,-0.0
2015-03-13,586.1,-0.4137478978984477,0.36349198615318384,0.18966867545046281,0.0,0.0784750157648119
2015-03-16,580.8,-0.9083959971797345,1.0589943099231667,-0.4224138577704038,-0.0,-0.3837190575518845
2015-03-17,581.76,0.1651528038473161,0.11653572971953498,-0.07209899220569183,-0.011907350717335794,0.0
2015-03-18,578.68,-0.5308343787669979,0.08886031350803474,0.25396475953611236,0.0,0.13481322535706222
2015-03-19,573.74,-0.857331573242444,0.3236922608294146,0.3073936145523328,0.0,0.2635382511688329
2015-03-20,575.44,0.2958633530135946,0.3849233036780053,0.28489479099343257,0.08428992811942419,-0.0
2015-03-23,570.89,-0.7938418944785136,0.8238215318961704,-0.3823990909992832,-0.0,-0.3035644188457325
2015-03-24,567.43,-0.6079152884371527,0.9162306269910317,-0.12980633819836856,-0.0,-0.07891125752683181
2015-03-25,560.93,-1.1521273176169082,0.6001911243744992,0.15410731193143853,0.0,0.17755124392072044
2015-03-26,556.16,-0.854009791680266,0.6801858715457808,0.10908010772215286,0.0,0.09315548007225674
2015-03-27,551.42,-0.8559253395669948,1.4295398950954559,0.10395969348602159,0.0,0.08898173594830372
2015-03-30,545.19,-1.136241148002282,0.8451106618542613,0.0017707540409128326,0.0,0.002012003604276477
2015-03-31,551.13,1.08363582276757,0.5189679826200229,0.26732718409896067,0.2896853130892149,-0.0
2015-04-01,538.91,-2.242213490324443,1.6529118619616692,0.4838323282869473,0.0,1.0848553735400777
2015-04-02,546.85,1.462596069552386,1.1758904191452197,0.36548120405462264,0.5345513725455646,-0.0
2015-04-03,547.85,0.18269850701675203,0.6080937875198923,0.2532592928323288,0.046270094688584874,-0.0
2015-04-06,542.97,-0.8947457062512586,0.15666217252286008,-0.41193814097268283,-0.0,-0.3685798828764336
2015-04-07,548.11,0.9421926942576776,0.7572966462561852,-0.15321595969502547,-0.14435895786833178,0.0
2015-04-08,547.72,-0.07117892674336532,0.3554020971756857,0.14569740889637642,0.0,0.01037058519453332
2015-04-09,550.52,0.5099078647298732,0.41475169327981887,0.17792888869631351,0.09072733970889649,-0.0
2015-04-10,554.03,0.6355550794354571,0.6090691367095311,0.20711509758446545,0.13163305229757738,-0.0
2015-04-13,559.54,0.9896180694765611,0.094893853885956,-0.24180247519017936,-0.23929209869235935,0.0
2015-04-14,558.67,-0.1556058657221084,0.3002865115708797,0.03671655479144167,0.0,0.005713311294655508
2015-04-15,564.5,1.0381424646485904,0.2797471074338903,0.29978545532350115,0.31122001145533934,-0.0
2015-04-16,568.28,0.6673871414159496,0.42071212372232425,0.27694312024104056,0.18482827735248167,-0.0
2015-04-17,568.32,0.007038535987431844,0.30829166994519047,0.26997198397133476,0.0019002075247806127,-0.0
2015-04-20,565.04,-0.5788115263083902,0.44908318337485914,-0.3804403921677426,-0.0,-0.22020328405997364
2015-04-21,562.24,-0.49677201019343326,0.4079474172565007,-0.15801330540410619,-0.0,-0.07849658736290673
2015-04-22,562.51,0.04801066995976628,0.1940871823881568,0.13056101841217826,0.006268321964598059,-0.0
2015-04-23,561.25,-0.22424726418661028,0.7206931238358526,0.19197892256697927,0.0,0.0430507481671382
2015-04-24,565.77,0.802119613591938,0.4459622212025181,0.18829792149634025,0.1510374560308095,-0.0
2015-04-27,562.4,-0.5974294695928339,0.2338028475403668,-0.41779163980367495,-0.0,-0.24960103776822987
2015-05-04,545.08,-3.1280767614835057,2.387922920607696,-0.5741912261475881,-0.0,-1.7961142311599907
2015-05-05,552.65,1.3792316875344226,2.3181873064380274,-0.3219804405899825,-0.4440856264279984,0.0
2015-05-06,549.3,-0.6080149408389702,0.6812430409334821,0.03151701430925397,0.0,0.019162815590662033
2015-05-07,552.98,0.6677094154461105,0.48296989184363226,-0.008536639115039052,-0.005699994313377127,0.0
2015-05-08,554.51,0.27630063898741125,0.3770987150967211,0.0708184930818878,0.019567194890651163,-0.0
2015-05-11,551.67,-0.5134799472038528,2.220446049250313e-12,-0.46791331882621634,-0.0,-0.24026410624686512
2015-05-12,544.41,-1.3247401965829173,2.220446049250313e-12,-0.24482008294539295,-0.0,-0.324323004808526
2015-05-13,542.82,-0.29248661893368827,0.5318511173499716,0.004465709328554608,0.0,0.0013061602226495685
2015-05-14,543.69,0.16014582211641099,0.2931816689531535,-0.008115138818421616,-0.0012996055776649297,0.0
2015-05-15,537.44,-1.1562105622886691,0.6859131383835945,-0.06564627973518654,-0.0,-0.0759009220047793
2015-05-18,528.95,-1.592321643119909,0.48036356373079603,-0.57738206771024,-0.0,-0.9193779627643399
2015-05-19,536.82,1.4768933354776073,0.3043160650213816,-0.3214989642435466,-0.47481967765424754,0.0
2015-05-20,550.1,2.4437237093852704,0.970989610523835,0.04082989398736946,0.09977697998862185,-0.0
2015-05-21,552.56,0.4461944899304966,0.5715980283581992,0.03175405730183236,0.014168485401014851,-0.0
2015-05-22,561.82,1.6619489113366765,1.0798005186873099,0.00036450076157015787,0.0006057816438729134,-0.0
2015-05-25,563.0,0.20981142456063745,0.3935451696869888,-0.37802065998627593,-0.07931305318507291,0.0
2015-05-26,567.2,0.7432347078227345,0.6053627703227288,-0.11572480803580971,-0.08601069388833707,0.0
2015-05-27,566.48,-0.12701998743992524,0.5874533221726399,0.08757114820762617,0.0,0.011123286145432508
2015-05-28,572.97,1.1391583979654385,1.7232088420317366,0.009860975876876711,0.011233213482278709,-0.0
2015-05-29,569.56,-0.5969226410379103,0.9382332195163399,-0.05341697987318603,-0.0,-0.0318858047021711
2015-06-01,574.98,0.9471124670932205,1.175822199522099,-0.42780761605174195,-0.40518192668003455,0.0
2015-06-02,570.31,-0.8155184944066659,1.460089932509114,-0.17174852297584867,-0.0,-0.14006409687383278
2015-06-03,567.9,-0.4234725756272433,0.48720174117089504,0.03385875771766363,0.0,0.014338255338237819
2015-06-04,568.99,0.19175123960645543,0.47168486837195595,0.027935737808453875,0.005356712354091955,-0.0
2015-06-05,578.07,1.583210932646929,0.6727501490533988,-0.036566323911304745,-0.05789220378308649,0.0
2015-06-08,579.83,0.3039988523057525,0.42199525286290857,-0.45051177084461513,-0.13695506128699517,0.0
2015-06-09,574.47,-0.9287080524792821,0.8503586927724437,-0.16151637766513735,-0.0,-0.15000156054489794
2015-06-10,574.1,-0.06442794305941986,0.7074836501294745,0.083683954036166,0.0,0.005391585025629212
2015-06-11,581.05,1.2033214495291418,0.6632680975622708,-0.0348440216722065,-0.04192855866602436,0.0
2015-06-12,582.73,0.28871456237179144,0.5690413921133833,-0.006920589940210932,-0.0019980750959426217,0.0
2015-06-15,586.48,0.641460962273045,0.29709585655313486,-0.3625707460034265,-0.23257497962341375,0.0
2015-06-16,580.35,-1.050719710069944,0.5570573829062474,-0.15068825071559275,-0.0,-0.15833111510283462
2015-06-17,578.87,-0.2553442494335375,0.908127803136313,0.09864478584458836,0.0,0.02518837880201846
2015-06-18,580.35,0.2553442494335435,0.27673640106124364,0.05722970802786007,0.01461327684167477,-0.0
2015-06-19,584.7,0.746752536699315,0.5225296902039073,-0.005382745005151633,-0.004019578487002549,0.0
2015-06-22,594.08,1.5915095247145108,0.16195458296676693,-0.5170805081938809,-0.822938553834781,0.0
2015-06-23,593.07,-0.17015545528142656,0.26475156587437493,-0.15741495363144095,-0.0,-0.026785013103262485
2015-06-24,590.02,-0.5156001245640492,0.30377112597783534,0.11234176316329429,0.0,0.057923427080739456
2015-06-25,587.99,-0.3446493679026699,0.34723456505558736,0.0933866222522937,0.0,0.03218564032981843
2015-06-26,581.75,-1.0669138768887445,1.495690044744208,0.04307169735922819,0.0,0.045953791613712845
2015-06-29,591.75,1.7043446211692304,0.6369930643941252,-0.5122140723400063,-0.8729892990798768,0.0
2015-06-30,593.05,0.21944640811913402,1.2752668372863438,-0.30432610162146284,-0.06678326989772859,0.0
2015-07-01,591.5,-0.26170290568432447,0.6400553806272947,-0.026610108246344272,-0.0,-0.0069639426486427
2015-07-02,605.7,2.3723130568460022,1.0470401618358163,-0.03771330297479176,-0.08946776106388767,0.0
2015-07-03,616.43,1.7559957969731186,0.5141231874576199,0.00856799522909907,0.015045363610783699,-0.0
2015-07-06,625.22,1.4158815842303212,0.16043930576076207,-0.3897895728984864,-0.5518958779919693,0.0
2015-07-07,630.27,0.8044711204709991,1.7951341831236323,-0.10545463793877395,-0.08483521074146902,0.0
2015-07-08,623.17,-1.1328944245089898,0.47071574796496307,0.14755939969204615,0.0,0.16716922119501262
2015-07-09,622.1,-0.17185032375817266,1.8621599022933044,0.11199911350658182,0.0,0.019247083916734412
2015-07-10,627.28,0.8292160401692434,0.4698230269159639,0.15639080302372566,0.12968176240222193,-0.0
2015-07-13,634.06,1.075057526071459,0.6413789906812901,-0.4649439874253019,-0.4998415328832446,0.0
2015-07-14,638.69,0.7275616458712572,1.6950912428487555,-0.11242577420847967,-0.0817966813214718,0.0
2015-07-15,630.89,-1.228768276343219,0.4085210070782284,0.2596057522385641,0.0,0.3189953127069652
2015-07-16,626.9,-0.6344482598738771,1.1787672363784114,0.08081488820029278,0.0,0.05127286519057768
2015-07-17,628.63,0.27558100481423187,0.37651045072101336,0.04164182922213513,0.011475697139338641,-0.0
2015-07-20,620.54,-1.2952781619305653,0.8056275398628119,-0.4835469336511908,-0.0,-0.6263277834268755
2015-07-21,616.61,-0.6353333418709097,1.367278235485046,-0.2858218026318528,-0.0,-0.18159212104566264
2015-07-22,629.85,2.1244962508261738,1.1965982159985942,0.04297391198979727,0.09129791490565825,-0.0
2015-07-23,632.01,0.34235210081766,0.5211978485757418,-0.01810069610815526,-0.006196811338888995,0.0
2015-07-24,631.26,-0.11873947582371404,0.4260237527589156,0.04829118976506233,0.0,0.005734070559607006
2015-07-27,635.46,0.6631324035381603,0.3642305789230314,-0.4486219466911563,-0.2974957497892749,0.0
2015-07-28,631.47,-0.6298711359772143,0.5553594031966242,-0.08191681211435287,-0.0,-0.05159703550209947
2015-07-29,624.7,-1.0778900224336447,0.7246485870797637,0.2342674199352758,0.0,0.2525145145295065
2015-07-30,626.57,0.29889654386365994,0.26841486421332134,0.2305862033979248,0.06892141925828264,-0.0
2015-07-31,621.06,-0.8832804314447202,0.4941956853274957,0.16166876321239432,0.0,0.14279885492137798
2015-08-03,609.47,-1.8837968586447091,1.1650660536449882,-0.36334357911830767,-0.0,-0.6844654929517934
2015-08-04,600.76,-1.4394206699886674,0.5956830664285165,-0.16537358381168818,-0.0,-0.23804215480864724
2015-08-05,607.08,1.0465057754465057,0.34209714861542845,0.06437704937347775,0.06737095397554932,-0.0
2015-08-06,601.04,-0.999909003094003,0.4885393485419216,0.007443182895818162,0.0,0.007442505589203873
2015-08-07,603.76,0.45152799157077456,0.49686567522946873,-0.030643088535382976,-0.013836212221906903,0.0
2015-08-10,614.53,1.7680980016817747,0.3514788318770574,-0.5904135423118949,-1.0439090043275192,0.0
2015-08-11,613.05,-0.24112493150346576,0.9122732752374088,-0.3254036613352579,-0.0,-0.07846293555044102
2015-08-12,604.24,-1.4475028673203387,0.9411534738891688,-0.022975475776805785,-0.0,-0.03325706706497536
2015-08-13,594.26,-1.6654535972106266,0.6890756618900824,-0.09807303183646576,-0.0,-0.1633360836613942
2015-08-14,589.03,-0.8839817892502775,2.098763508570416,-0.07645671104427525,-0.0,-0.06758634022910988
2015-08-17,573.15,-2.7329653579564948,3.1282252270160433,-0.5410517429661054,-0.0,-1.4786756703883475
2015-08-18,580.22,1.225987940429134,0.2968151896571811,-0.2564539648893675,-0.31440946822960114,0.0
2015-08-19,577.82,-0.4144940478921837,2.075907258615857,0.07744136864923483,0.0,0.03209898636573219
2015-08-20,566.69,-1.9449984487329621,1.020051852235611,0.032761997247254405,0.0,0.0637220338233034
2015-08-21,556.3,-1.8504699917811092,5.019813152858113,0.08062396968338431,0.0,0.14919223651737257
2015-08-24,526.93,-5.424000468669373,5.1944064795859965,-0.402683851821876,-0.0,-2.1841574010074436
2015-08-25,529.98,0.5771557590542049,5.763224194300947,-0.0031128113405021938,-0.0017965769920200807,0.0
2015-08-26,545.89,2.957822026150403,0.9859139223054441,0.474717422415956,1.4041296482192596,-0.0
2015-08-27,555.81,1.8009018983430884,0.7165499587939627,0.3913866804690685,0.7048490158429452,-0.0
2015-08-28,570.87,2.673500375199419,0.9878083151204547,0.3284106301342184,0.8780059428833105,-0.0
2015-08-31,564.75,-1.077835763391252,0.45165400906203235,-0.5086430537300268,-0.0,-0.5482336741107611
2015-09-01,562.31,-0.43298561070782837,0.8330678032591665,-0.32314073578290853,-0.0,-0.13991528882753965
2015-09-03,554.3,-1.4347242815275434,1.2879978662172178,-0.2754663083862586,-0.0,-0.3952182013845195
2015-09-04,556.81,0.4518012203291037,0.22702209172630344,-0.29801268022879873,-0.1346424926009182,0.0
2015-09-07,554.93,-0.3382088963310398,0.4567588985728984,-0.48301464897002644,-0.0,-0.16335985133987724
2015-09-08,566.72,2.1023374928729197,0.597547961560021,-0.23428786589528114,-0.49255216459683215,0.0
2015-09-09,572.34,0.9867865790703056,0.3531226619281583,0.021088712783595188,0.020810058744720118,-0.0
2015-09-10,572.07,-0.0471858870526524,1.003206595410615,-0.05733680716554259,-0.0,-0.0027054881068730033
2015-09-11,566.74,-0.936071674672163,0.5910505085403309,-0.08512242353766968,-0.0,-0.0796806895530596
2015-09-14,562.17,-0.8096349512239497,1.1439888351612773,-0.5179729977013318,-0.0,-0.41936904272924075
2015-09-15,563.27,0.19547916375420712,0.23108487386125098,-0.26806774878346007,-0.05240165936166365,0.0
2015-09-16,564.13,0.1525634498507139,0.09160087960173459,0.029257254750487377,0.004463587717895542,-0.0
2015-09-17,562.48,-0.2929143500827326,0.15280554922126105,-0.07946599313921897,-0.0,-0.02327672973405321
2015-09-18,566.25,0.668009890633777,0.33031089612770187,-0.07880420606334217,-0.05264198907385483,0.0
2015-09-21,572.12,1.031308278945555,0.43448787608810924,-0.5580411773085806,-0.5755124861508636,0.0
2015-09-22,573.2,0.18859363673175414,0.36736096736735263,-0.19773875425605278,-0.03729227078795562,0.0
2015-09-23,572.72,-0.08377548660872314,0.237031691090525,0.07098366594770229,0.0,0.00594669115603981
2015-09-24,570.25,-0.4322079923432238,0.2937642950978776,0.03821836663063008,0.0,0.016518283512061888
2015-09-25,570.38,0.02279442072588603,0.2953312973985264,-0.09608630142510516,-0.0021902315806781496,0.0
2015-09-28,564.88,-0.9689486163664949,0.32581655991858094,-0.5937695084039797,-0.0,-0.5753321436086499
2015-09-29,561.19,-0.6553790097917691,0.24686991088988955,-0.2605672518802421,-0.0,-0.17077030752143554
2015-09-30,562.64,0.2580462889589046,0.15568717152566286,0.06783171994616528,0.01750372360580766,-0.0
2015-10-01,563.54,0.1598323876463729,0.09012732184190662,0.04925914986729477,0.007873207536720236,-0.0
2015-10-02,564.15,0.10818577082286918,0.16131243142786922,-0.034133537051193076,-0.0036927630167942877,0.0
2015-10-05,570.0,1.0316187244140873,0.21670105031248862,-0.6499576470912242,-0.6705084788154302,0.0
2015-10-06,581.29,1.961341090947609,0.5122094088242265,-0.22817288811541714,-0.447524861300959,0.0
2015-10-07,579.57,-0.29633224654995116,0.6567556291897365,0.18995957565296218,0.0,0.056291147806917685
2015-10-08,586.78,1.2363513252492566,0.5508428781752442,0.26018037489215246,0.3216743513017611,-0.0
2015-10-09,588.02,0.21109984005546262,0.35160251411154375,0.18890255535100273,0.03987729922066485,-0.0
2015-10-12,592.1,0.6914578612110984,0.14349288497410867,-0.3554742297944368,-0.24579545064932382,0.0
2015-10-13,590.84,-0.21302863653313783,0.1057858259967081,-0.14340094006137305,-0.0,-0.030548506738844523
2015-10-14,589.98,-0.14566151522792498,0.1738377246470397,0.10819945346687487,0.0,0.015760496338818354
2015-10-15,592.4,0.40934443735238757,0.3729226341105532,0.0820989101315625,0.03360673217504868,-0.0
2015-10-16,593.02,0.10460428481618765,0.7539640512963186,0.13147962893045362,0.013753332552167836,-0.0
2015-10-19,594.61,0.2677603209697527,0.5928600698019197,-0.393555678990325,-0.10537859492591839,0.0
2015-10-20,590.45,-0.7020770404212148,0.7127345254920263,-0.19184016705262283,-0.0,-0.13468657671821688
2015-10-21,590.24,-0.03557241989252211,0.30923731931218573,0.10093241097880484,0.0,0.0035904101041026545
2015-10-22,595.08,0.816661644067734,0.26666068965600415,0.011022520789217895,0.009001669949493463,-0.0
2015-10-23,601.74,1.1129608039129089,0.147324314127057,0.07296902717533255,0.081211667145801,-0.0
2015-10-26,598.61,-0.5215157402602634,0.5618931013166379,-0.43474663745689757,-0.0,-0.22672721445899427
2015-10-27,598.44,-0.028403157953781694,0.32984591207061675,-0.04506539072228599,-0.0,-0.0012799994109339771
2015-10-28,596.24,-0.368299877259316,0.24032331034558796,0.26940041345056137,0.0,0.09922013920745074
2015-10-29,605.2,1.4915711340762603,0.19690199932797392,0.24121257158719925,0.3597857089557699,-0.0
2015-10-30,607.37,0.35791786314496377,0.18954300723913475,0.14751398027138882,0.05279788860274383,-0.0
2015-11-02,602.76,-0.7619052995696955,0.6290417694359166,-0.5018492250355724,-0.0,-0.38236158413954735
2015-11-03,611.71,1.4739206447889568,1.2968159281660476,-0.2072276916953102,-0.3054371729616787,0.0
2015-11-04,610.6,-0.18162336970657517,0.1794947819898499,0.0897820632701928,0.0,0.01630652087034135
2015-11-05,615.18,0.7472827609277195,0.5045955076745786,-0.033533694946916694,-0.025059152144039823,0.0
2015-11-06,612.36,-0.45945630461743286,0.9492052394937205,-0.014440632515032614,-0.0,-0.00663483965169523
2015-11-09,610.66,-0.27800053880735054,0.13048848726409457,-0.46682893133266656,-0.0,-0.12977869444134096
2015-11-10,605.27,-0.8865700006973507,0.24224255440439113,-0.2360004152853199,-0.0,-0.20923088834408113
2015-11-11,603.53,-0.28788901418945567,0.46968600101405505,0.015581204279535263,0.0,0.004485657539919935
2015-11-12,605.58,0.33909271518843886,1.1748262895819788,-0.029583555950706993,-0.010031568312254333,0.0
2015-11-13,611.27,0.9352083611377284,0.28027002871716933,-0.014725226050864515,-0.013771154522411589,0.0
2015-11-16,609.21,-0.3375724233464702,0.5722614254381176,-0.44927338922693644,-0.0,-0.15166230674641887
2015-11-17,605.05,-0.6851936612674238,0.30434286613705086,-0.1306598294448381,-0.0,-0.08952728691788575
2015-11-18,603.34,-0.28302139895904926,0.27596056031562755,0.15029816940006716,0.0,0.04253759816459118
2015-11-19,601.9,-0.23895667007458313,0.24084000655409085,0.05137910751806261,0.0,0.01227738044392022
2015-11-20,604.46,0.4244178923014593,0.24133360192672465,-0.03675873271191893,-0.015601063861265337,0.0
2015-11-23,599.99,-0.7422509066150396,0.44315687107526136,-0.5443825316172911,-0.0,-0.4040684276383248
2015-11-24,593.83,-1.0319905295826064,0.8941611973095511,-0.2503420664179127,-0.0,-0.25835064169942573
2015-11-25,595.7,0.3144101519878499,1.041829792671259,0.03510015497011445,0.011035845058950769,-0.0
2015-11-26,590.4,-0.8936911348379178,0.17926556326490478,-0.008871179039372441,-0.0,-0.007928094063047106
2015-11-27,582.86,-1.2853252994598887,0.7321536000454381,-0.06247030080894623,-0.0,-0.08029465809460815
2015-11-30,573.2,-1.671232433764699,0.8913732451582782,-0.49452268197793575,-0.0,-0.8264623453538319
2015-12-01,570.41,-0.487929545080446,0.675310583100293,-0.26084558742827674,-0.0,-0.12727426881012077
2015-12-02,574.42,0.7005435566140846,0.4129949963745336,-0.039144509935126165,-0.027422434211868654,0.0
2015-12-03,574.38,-0.0069637883036443825,0.19900506071998178,-0.13055055893831766,-0.0,-0.0009091264553688931
2015-12-04,571.62,-0.4816763239573805,0.6292019589008517,-0.16986997454689898,-0.0,-0.0818223448904841
2015-12-07,563.62,-1.4094169391439304,0.4349014915131591,-0.6350498881953767,-0.0,-0.895050069624023
2015-12-08,574.15,1.851042066689446,2.5680473775886887,-0.3187125411645381,-0.5899503208770518,0.0
2015-12-09,565.2,-1.5711035411825829,0.7756661144634706,-0.004825360730540793,-0.0,-0.007581141331236015
2015-12-10,561.04,-0.7387446581717515,0.5019027737797798,0.010366991701138768,0.0,0.007658559740527144
2015-12-11,563.43,0.42508979323006696,0.789752084039922,-0.04881791310545424,-0.02075199658792092,0.0
2015-12-14,562.22,-0.21498697926452154,0.395547111692078,-0.5161164152209695,-0.0,-0.11095830905718976
2015-12-15,568.0,1.022818635284081,0.1951603249333203,-0.2562580584010051,-0.2621055175742643,0.0
2015-12-16,572.55,0.7978649138197005,0.35196348702873687,0.017016787305269752,0.013577097536807223,-0.0
2015-12-17,577.11,0.7932821726851349,0.41968000296810676,-0.011081633233268114,-0.008790862088186725,0.0
2015-12-18,568.18,-1.5594619659243172,0.9713606196030274,-0.01791408507281164,-0.0,-0.0279363343253823
2015-12-21,566.9,-0.22553485966985667,0.393849408379916,-0.635220028455194,-0.0,-0.14326425997712455
2015-12-22,566.35,-0.09706596835353269,0.4201998307357167,-0.4666845573013943,-0.0,-0.045299188470099554
2015-12-23,564.27,-0.3679401295899793,0.5321521980438451,-0.173150699295704,-0.0,-0.06370909073745687
2015-12-24,566.17,0.336152611221086,0.07121396586345004,-0.2143441021643102,-0.0720523296423721,0.0
2015-12-25,567.67,0.2645877504909527,0.22031812955043148,-0.13744603096776495,-0.03636653614767075,0.0
2015-12-28,569.9,0.39206428730104825,0.1845748104306592,-0.5066612121227337,-0.19864376703398484,0.0
2015-12-29,576.29,1.1150099377545062,0.9120360294359868,-0.3362705276723019,-0.3749449801285683,0.0
2015-12-30,579.45,0.5468371561901287,0.10901425791784154,-0.07193420629701312,-0.039336296804252706,0.0
2015-12-31,579.03,-0.07250880781738017,0.3872912803397849,-0.16840935956997413,-0.0,-0.01221116188770733
2016-01-04,574.41,-0.80108626490028,0.4517159742352839,-0.5446852642101403,-0.0,-0.4363398838523235
2016-01-05,569.94,-0.7812334923077208,0.5403933284700354,-0.26085746849749625,-0.0,-0.20379059110885026
2016-01-06,574.57,0.8090842818835715,0.08932199275041607,0.051938223016165165,0.04202239987134278,-0.0
2016-01-07,565.36,-1.615923856638296,1.182993235017666,-0.043013295089967214,-0.0,-0.06950620968850091
2016-01-08,560.05,-0.9436630924850505,0.6590807772148047,0.013555116445731099,0.0,0.012791463104173575
2016-01-11,557.87,-0.3900105129702012,0.4617905071064159,-0.6839014122514229,-0.0,-0.26672874061322244
2016-01-12,564.26,1.138917785322791,0.17213121862366038,-0.357432114668843,-0.40708579244188053,0.0
2016-01-13,560.37,-0.6917858341953029,0.21751096597008732,-0.03923329635357487,-0.0,-0.02714103864618933
2016-01-14,553.03,-1.3185030240519713,0.4891747134853311,-0.0857379602969297,-0.0,-0.11304575992754967
2016-01-15,543.04,-1.822926755294025,1.3780231579196696,-0.1700745834250926,-0.0,-0.310033508521087
2016-01-18,526.37,-3.1178594540254982,3.2220475498133285,-0.5668676927655857,-0.0,-1.7674137950708029
2016-01-19,535.77,1.7700576995911623,0.41348028449416296,-0.254573719641545,-0.4506101725650787,0.0
2016-01-20,529.44,-1.1885120328215901,0.7442854324354339,0.08833704357727244,0.0,0.10498963923547346
2016-01-21,521.88,-1.4382167775754815,1.1823156171410425,0.010836685874417022,0.0,0.015585503437901788
2016-01-22,522.24,0.068957593814027,2.667358305271638,-0.013562454862721597,-0.0009352342535446312,0.0
2016-01-25,542.35,3.7784297150539103,1.630290500326642,-0.6486481560785758,-2.4508714675422176,0.0
2016-01-26,537.73,-0.855497403374603,2.195488818196678,-0.350949137683972,-0.0,-0.3002360760051941
2016-01-27,542.69,0.9181679060525064,0.22233973324792583,-0.046417667449824784,-0.04261921252624721,0.0
2016-01-28,539.47,-0.5951078404504121,0.557250779448795,-0.11490665139037703,-0.0,-0.06838184916231561
2016-01-29,545.25,1.0657228973236792,0.778977124779672,-0.14260284643767981,-0.15197511867216784,0.0
2016-02-01,540.56,-0.8638765837819418,0.7937555532080575,-0.7996916416141242,-0.0,-0.6908348834365825
2016-02-02,536.45,-0.7632278161163716,0.7939524074529549,-0.5269021847361112,-0.0,-0.4021464037630871
2016-02-03,539.07,0.4872071523716711,0.5120746912608164,-0.2550465924942118,-0.12426052405120296,0.0
2016-02-04,542.15,0.5697283311718674,0.2010241576176708,-0.42731962565355097,-0.2434560972005847,0.0
2016-02-05,544.75,0.4784257906538256,0.18546653295022553,-0.5826581771768629,-0.27875869909675743,0.0
2016-02-15,543.79,-0.17638309090854917,0.6085618252346644,-0.6948134167408196,-0.0,-0.12255333804947566
2016-02-16,548.05,0.7803380746088554,0.09761864538095065,-0.3734107790259756,-0.29138664834332256,0.0
2016-02-17,547.05,-0.18263177389334687,0.22995097420183155,-0.005144422884749325,-0.0,-0.000939535077099298
2016-02-18,552.49,0.9895127757799053,0.5438455187490361,-0.0182244448371888,-0.018033320997894453,0.0
2016-02-19,554.03,0.2783503225088398,0.19860696006210482,0.02168992407160168,0.006037397360522574,-0.0
2016-02-22,560.71,1.1985000914197212,0.2408590394220406,-0.5260695231230623,-0.6304943715561193,0.0
2016-02-23,561.28,0.10160519238801179,0.5145574654053024,-0.1345167335304596,-0.013667598589769262,0.0
2016-02-24,568.04,1.1971949033048652,1.3487851091189038,0.21441577255763367,0.2566974700941742,-0.0
2016-02-25,562.82,-0.9231977565287482,0.9758649571882196,0.19009979515752182,0.0,0.17549970440599874
2016-02-26,566.11,0.5828544398617258,0.302038512624917,0.0969053666333659,0.056481723188685655,-0.0
2016-02-29,559.37,-1.1977255168457226,0.2847954168831122,-0.4700772909241803,-0.0,-0.563023566229601
2016-03-01,561.56,0.3907474662065588,0.46976328177393306,-0.17087448654444418,-0.06676877265658829,0.0
2016-03-02,570.18,1.5233475347528367,0.46898373059959325,0.15812814097200353,0.2408841137247506,-0.0
2016-03-03,570.39,0.03682369383255972,0.2242321375237218,0.14553487703155607,0.005359131753769249,-0.0
2016-03-04,573.65,0.5699116855547687,0.6466580843353419,0.13119948388676086,0.07477211900581959,-0.0
2016-03-07,576.2,0.4435368405276158,0.4601428920789744,-0.4494679265315688,-0.19935558405231057,0.0
2016-03-08,574.71,-0.2589256905308735,0.37946283079984955,-0.17667846965355583,-0.0,-0.04574659475698492
2016-03-09,571.71,-0.5233695936725004,0.31912896061023505,0.14225659668478455,0.0,0.07445277720414845
2016-03-10,575.91,0.7319528679193951,0.25320143075004725,0.08762411738071137,0.06413672401571739,-0.0
2016-03-11,577.26,0.23413731136400612,0.5457209928063976,0.13243363671369007,0.031007655634300923,-0.0
2016-03-14,577.98,0.12464943963591087,0.16114519403056032,-0.4158856602564312,-0.05183991450357495,0.0
2016-03-15,574.04,-0.6840185694856202,0.4312610363985182,-0.07600857617737233,-0.0,-0.051991277545485014
2016-03-16,577.07,0.5264496004749631,0.19917835341134638,0.2926600054550891,0.15407074294683218,-0.0
2016-03-17,579.26,0.3787850559053113,0.20956868675810605,0.23272007866203115,0.08815088800628591,-0.0
2016-03-18,575.82,-0.5956315008942422,0.23409561126902426,0.13118070992336814,0.0,0.07813536314002797
2016-03-21,572.27,-0.6184203875923608,0.7639663364645299,-0.5288311247025841,-0.0,-0.32703994910947615
2016-03-22,570.91,-0.23793289623739755,0.5306060073505038,-0.19561009421545375,-0.0,-0.046542076249953115
2016-03-23,574.71,0.6633986725825622,0.16989933143870106,0.07295714610611279,0.04839967388220727,-0.0
2016-03-24,570.66,-0.7071980022770298,0.5251155338325733,0.09174835421493995,0.0,0.06488425281301083
2016-03-25,572.08,0.2485256017791561,0.8128920623771261,-0.013136557186470518,-0.0032647707800738833,0.0
2016-03-28,575.72,0.6342589654329405,0.24849966328497786,-0.4419645358996174,-0.280319969297741,0.0
2016-03-29,568.28,-1.3007176390593687,0.2888889400638293,-0.08562746991007997,-0.0,-0.11137716050006635
2016-03-30,569.91,0.2864198621191041,0.44574190756166143,0.1818806555808504,0.05209423229359943,-0.0
2016-03-31,561.22,-1.5365468113031533,0.7345514691288486,0.09202343775457474,0.0,0.141398319846946
2016-04-01,558.43,-0.4983710578638797,0.30206442546371903,-0.03723524378426405,-0.0,-0.018556967834583125
2016-04-04,555.82,-0.4684774105441723,0.6670109596595473,0.14299687958696397,0.0,0.06699080786479769
2016-04-05,560.32,0.8063548269531804,0.26645172216187984,0.3283870057683782,0.26479644721003365,-0.0
2016-04-06,567.79,1.3243582951140234,0.3909094430824298,0.555786195157181,0.736060057866274,-0.0
2016-04-07,571.6,0.6687814007085023,0.46522579844148126,0.3731740544222313,0.24957186682457072,-0.0
2016-04-08,572.34,0.12937743294594345,0.42594882833339454,0.2701747356794565,0.03495451374905688,-0.0
2016-04-11,579.27,1.203546973738515,0.5046281561769215,-0.4049361044817723,-0.48735962310650016,0.0
2016-04-12,579.84,0.0983513292002779,0.4870015933200986,-0.030976139536938323,-0.003046544496951165,0.0
2016-04-13,578.02,-0.3143733264695903,0.6769971351177759,0.29544573160531123,0.0,0.09288025743600346
2016-04-14,579.49,0.2539936225658882,1.0680233486398507,0.2764731938747606,0.07022242805461158,-0.0
2016-04-15,579.86,0.06382887179226991,0.58897273674196,0.11765626209495533,0.00750986646881661,-0.0
2016-04-19,568.28,-2.0172440089569412,0.38529551055481936,-0.4514508047648927,-0.0,-0.9106864312507695
2016-04-20,568.03,-0.044002077607992275,0.5982713182115676,-0.10378578577485857,-0.0,-0.004566790200271787
2016-04-21,575.73,1.3464566570469299,0.4389875889748069,0.2390166515331225,0.32182556160183906,-0.0
2016-04-22,592.48,2.867831636703684,1.0713279474422601,0.22583896745788748,0.6476681356762234,-0.0
2016-04-25,591.58,-0.15201935262133723,0.9757009009759084,-0.505379591327945,-0.0,-0.07682747830171016
2016-04-26,598.48,1.1596183925060217,0.36011758264761395,-0.14027447298449822,-0.1626648588719132,0.0
2016-04-27,593.96,-0.7581130536288707,0.8687628235800696,0.18085670555190522,0.0,0.1371098293152124
2016-04-28,591.67,-0.38629299995073363,0.63798921072351,0.21058910079730883,0.0,0.08134909550391986
2016-04-29,598.37,1.1260244685338932,0.4599154024501234,0.09310292617098544,0.10483617296063417,-0.0
2016-05-04,599.07,0.11691610097175982,1.4819246898278018,-0.587171345381671,-0.06864978430436751,0.0
2016-05-05,601.51,0.4064707657034946,0.2974794449246908,-0.18973753292927786,-0.0771227602924556,0.0
2016-05-06,606.52,0.8294543552293563,0.445490128464781,0.10471258871034662,0.08685431275313733,-0.0
2016-05-09,603.85,-0.44118812113541445,0.6001201199827557,-0.6612076964791502,-0.0,-0.2917169812899117
2016-05-10,605.05,0.19852765226771205,0.5884631570230393,-0.3191790140700009,-0.0633658603164403,0.0
2016-05-11,614.06,1.4781543998512412,0.2827043803919779,0.06631944709672233,0.09803038252172173,-0.0
2016-05-12,612.12,-0.3164301519738242,0.2708094338257769,0.05404277913473743,0.0,0.01710076481469278
2016-05-13,610.82,-0.21260249720586213,0.6811610219362217,-0.05987924149604473,-0.0,-0.012730476272851994
2016-05-16,615.78,0.8087440134901114,0.45834224142019103,-0.6924256463116735,-0.5599950962415872,0.0
2016-05-17,624.75,1.4461812829383793,0.5398027428337165,-0.34510194399795435,-0.4990799721154904,0.0
2016-05-18,622.45,-0.3688265887266702,0.3700647095270212,0.017915363830142583,0.0,0.006607662527268661
2016-05-19,619.2,-0.5234981552277574,0.33010033704232655,0.0767935263227259,0.0,0.04020126936338124
2016-05-20,614.81,-0.7115045291178214,0.49783538167947666,0.022646356999053652,0.0,0.016112985572845746
2016-05-23,611.03,-0.6167219181767543,0.27569245936702563,-0.5643580864736578,-0.0,-0.3480520016285968
2016-05-24,611.62,0.09651168295036773,0.33004740547097294,-0.43652718336010404,-0.0421299731196674,0.0
2016-05-25,611.89,0.04413531632480127,0.22320293834869764,-0.3018219381748239,-0.013321006715110464,0.0
2016-05-26,604.34,-1.2415574329824957,0.5059579632464021,-0.2958286569876179,-0.0,-0.3672882679722061
2016-05-27,608.11,0.6218833189060262,0.4640345408754182,-0.2347915176622131,-0.14601292825475995,0.0
2016-05-30,614.5,1.0453142351530884,0.4548766925546604,-0.7267305176515574,-0.7596617552213457,0.0
2016-05-31,618.44,0.6391249228304393,0.49654661636888303,-0.41546250781548016,-0.26553244324650954,0.0
2016-06-01,619.86,0.22934678550151694,0.17118501570966843,-0.06038340254551423,-0.013848739271457803,0.0
2016-06-02,623.37,0.5646596890489326,0.3132280868447978,-0.07307255350128598,-0.041261125338047634,0.0
2016-06-03,621.88,-0.23930948983584152,0.1463403104741642,-0.059033763770260206,-0.0,-0.014127339890950554
2016-06-06,620.05,-0.2947028132758733,0.7327141837287695,-0.6489466564471716,-0.0,-0.1912464053209531
2016-06-07,624.65,0.7391372929056955,0.22761444980708248,-0.3670028861614348,-0.27126551976594004,0.0
2016-06-08,627.87,0.51416457921579,0.5048258492429539,-0.2040933568091657,-0.10493757492452277,0.0
2016-06-09,631.26,0.5384683378255251,0.23526548373272746,-0.18771711794215776,-0.10107972447971174,0.0
2016-06-10,629.84,-0.22520031720396275,0.3026139673319018,-0.18770149001215156,-0.0,-0.04227043509039297
2016-06-13,623.58,-0.9988754047826491,0.38454068854153584,-0.8112814149419806,-0.0,-0.8103690517428112
2016-06-14,625.43,0.2962348344513711,0.5379230134304452,-0.48664162079750173,-0.14416019997409485,0.0
2016-06-15,627.02,0.2539024877928414,0.5685732393262904,-0.2133386416512557,-0.054167211857599325,0.0
2016-06-16,625.11,-0.30508038006088783,0.279360311138384,-0.20790073260226127,-0.0,-0.06342643451723488
2016-06-17,619.25,-0.9418565880749635,0.40053593910534463,-0.24710376878293408,-0.0,-0.232736312566359
2016-06-20,626.46,1.1575857160605036,0.4763381058113216,-0.8104472378474789,-0.9381621461529311,0.0
2016-06-21,628.0,0.24552409381246018,0.37166637372983996,-0.4342409453128641,-0.10661661459420704,0.0
2016-06-22,626.41,-0.2535057678930303,0.162755485716886,-0.21070675962897698,-0.0,-0.053415378899995966
2016-06-23,632.27,0.931140931703565,0.15538787385088856,-0.12315573507867106,-0.1146753459057912,0.0
2016-06-24,620.77,-1.8355875147241054,14.634715802705966,-0.13618187541203444,-0.0,-0.24997375023804405
2016-06-27,621.27,0.0805127092540648,1.979032070874389,-0.6609893137185304,-0.05321804043546387,0.0
2016-06-28,622.2,0.14958144119331965,0.4662495069315835,-0.17763445346224918,-0.026570817554470903,0.0
2016-06-29,630.12,1.2648692974231583,0.3280907895513441,0.3472047972137402,0.43916868791369373,-0.0
2016-06-30,632.26,0.3390424515498444,0.39823538081196486,0.4083136593660979,0.13843566407276994,-0.0
2016-07-01,640.3,1.2636114571489883,0.9494753423898717,0.2505713321944988,0.3166248061940538,-0.0
2016-07-04,647.96,1.1892149527180906,0.2146710691752795,-0.5699652567188848,-0.677811205819903,0.0
2016-07-05,650.88,0.44963273682031046,1.399421280941287,-0.19708478019046152,-0.08861576910266653,0.0
2016-07-06,649.46,-0.21840450412295093,0.752743955009471,0.13653712176982338,0.0,0.029820322374513243
2016-07-07,661.12,1.7794118112307962,0.27034843458122015,0.07256236690456075,0.12911833272083803,-0.0
2016-07-08,658.68,-0.36975341414209906,1.009312348842081,0.06656908571735476,0.0,0.024614146720309964
2016-07-11,652.26,-0.9794576905834037,2.613213951665109,-0.6032823176980405,-0.0,-0.590889505662326
2016-07-12,658.9,1.0128522475810178,0.6211705077410312,-0.30922472382347316,-0.3131989565322243,0.0
2016-07-13,675.12,2.4318674929936868,0.7171248026981264,0.1359100268046588,0.33051517615815035,-0.0
2016-07-14,666.69,-1.2565282588224087,1.8049051106529235,0.17621250663047205,0.0,0.2214159941391192
2016-07-15,664.56,-0.32000027306710144,0.81609802167813,0.27402355494488495,0.0,0.08768761240918106
2016-07-18,673.5,1.3362828319602762,0.658889266835602,-0.5517158193079047,-0.737248377462051,0.0
2016-07-19,667.76,-0.8559168307937502,2.765565315053863,-0.27823004055977446,-0.0,-0.23814177454753874
2016-07-20,660.26,-1.129513070182144,0.1489374884738116,0.026901798944671856,0.0,0.03038593351941907
2016-07-21,659.57,-0.1045589299928319,1.027281360522209,-0.007585871997096057,-0.0,-0.0007931706590789505
2016-07-22,649.87,-1.4815764653715762,3.280380681358458,0.025623882996370733,0.0,0.03796374199885778
2016-07-25,649.3,-0.08774833725746888,0.744338350858317,-0.6412829315466074,-0.0,-0.05627151095481003
2016-07-26,648.59,-0.10940835830825586,0.9705647092509125,-0.2951659788637176,-0.0,-0.03229362517592869
2016-07-27,656.11,1.1527681882349419,0.23106048478764207,-0.025534459698701658,-0.02943531284443045,0.0
2016-07-28,657.14,0.1568627772626434,0.6148695161042319,-0.05699772085313379,-0.00894082079066345,0.0
2016-07-29,652.23,-0.7499825128924856,0.5210603715557333,0.017752519456988008,0.0,0.01331407915252461
2016-08-01,648.38,-0.5920316228920344,0.5891679504812254,-0.6018345840440257,-0.0,-0.35630510550413697
2016-08-02,636.05,-1.9199767626269242,0.7129800454903633,-0.2979294493991383,-0.0,-0.5720176197485796
2016-08-03,631.61,-0.7005061540497214,0.61272162216282,0.0036894471985090896,0.0,0.0025844804675971213
2016-08-04,631.94,0.05223378694996151,0.986371111919715,-0.029016146745488258,-0.0015156232272126526,0.0
2016-08-05,627.39,-0.7226096096695462,0.7020116591902054,-0.025670375510567087,-0.0,-0.018549660027761563
2016-08-08,629.46,0.32939521369225355,0.72835101802631,-0.6720123482596674,-0.22135765105882624,0.0
2016-08-09,637.34,1.2440956168125779,0.16711746628650395,-0.37005213498570494,-0.4603802391278519,0.0
2016-08-10,648.33,1.7096560843470234,0.38062156818526915,-0.04854405661425056,-0.08299364174943984,0.0
2016-08-11,660.24,1.8203579301383481,0.5780599186323179,-0.058748541990891946,-0.1069433742971859,0.0
2016-08-12,655.71,-0.6884787254223044,2.0911145784702576,-0.07789955202460326,-0.0,-0.053632184288867346
2016-08-15,659.47,0.5717864085683906,0.1321304134776265,-0.5287148769898028,-0.30231198067067777,0.0
2016-08-16,658.11,-0.20643915101839255,0.30647822654776913,-0.18191529095428283,-0.0,-0.037554438221866014
2016-08-17,660.51,0.3640173287484977,0.14788320466619112,0.20145977653835476,0.07333484970576117,-0.0
2016-08-18,660.65,0.02119349670351135,0.9774127069273377,0.1362071227895094,0.0028867052078342327,-0.0
2016-08-19,662.28,0.24642283791843916,0.5752207260031881,0.008353618413390199,0.002058522356315342,-0.0
2016-08-22,657.68,-0.6969936395532311,0.36559420795502534,-0.5149057706506797,-0.0,-0.3588860471127785
2016-08-23,659.16,0.22478062986513464,0.17902045979198203,0.03742443148913721,0.008412287282472841,-0.0
2016-08-24,660.77,0.2439524517911264,0.37367559921577526,0.6900708592607083,0.16834447802625913,-0.0
2016-08-25,658.5,-0.3441300477104854,0.16539633573835102,1.048186787968255,0.0,0.360712569353016
2016-08-26,667.75,1.3949330806734412,0.1926202484817817,1.2238334650852767,1.7071657856826574,-0.0
2016-08-29,669.44,0.25276900063786023,1.1250075636959855,1.1993341227974545,0.3031544876503973,-0.0
2016-08-30,672.67,0.4813325638105343,0.2576636282724076,1.4707121358015052,0.7079016429526052,-0.0
2016-08-31,674.63,0.29095248017088404,0.24126465050965815,1.7937170693913618,0.5218864300642664,-0.0
2016-09-01,669.19,-0.809636665102496,0.8895491578797329,1.7984011787702545,0.0,1.4560515328959465
2016-09-05,664.55,-0.6957905917896311,0.8587077180582103,1.514203539316252,0.0,1.053568576710809
2016-09-06,663.9,-0.09785841422281082,0.1744649958825318,1.855009844164566,0.0,0.18152832171764782
2016-09-07,661.28,-0.3954184961691482,0.611301355712412,2.033933783969317,0.0,0.8042550381647724
2016-09-08,666.07,0.7217419358917547,0.5115909435790794,1.5884048360476848,1.1464183813488813,-0.0
2016-09-09,666.88,0.1215349562552841,0.2903263779657678,1.2117040135664399,0.14726439428314944,-0.0
2016-09-12,659.76,-1.0733987159792755,0.9424482155065136,0.1496415382667874,0.0,0.1606250350327332
2016-09-13,659.72,-0.006062994514840927,0.5209216363843374,0.2975352116491041,0.0,0.0018039543562005528
2016-09-14,656.64,-0.46795794776562616,0.28806540126116953,0.41633865617170684,0.0,0.19482898311761057
2016-09-15,656.18,-0.07007815524219817,0.3325768316559786,0.25467523039824524,0.0,0.017847170332190816
2016-09-16,651.31,-0.7449422207818029,0.3488068862880878,0.21077245690867377,0.0,0.1570133021291843
2016-09-19,657.89,1.00520247559766,0.1875942513957609,-0.43465719909589356,-0.43691849256753723,0.0
2016-09-20,663.37,0.8295159806623156,0.7183910171802802,-0.18403380082016416,-0.15265897876235174,0.0
2016-09-21,668.48,0.7673574463545896,0.16112038854812716,0.10707054958453921,0.08216138350897446,-0.0
2016-09-22,671.38,0.43288172324088886,0.4518405555318389,0.14772997401667376,0.06394960572666947,-0.0
2016-09-23,674.09,0.40283375544756944,0.06249361068684648,0.05260201881328166,0.02118986878267795,-0.0
2016-09-26,677.04,0.4366722206764806,0.21199616614015748,-0.5286544547941326,-0.23084871474546803,0.0
2016-09-27,684.89,1.152788606378731,0.23624811608934967,-0.24654784013524142,-0.2842175410351911,0.0
2016-09-28,686.72,0.26683985766411206,0.23722397925193328,0.11333342462110745,0.030241874894482684,-0.0
2016-09-29,688.55,0.2661297170855873,0.39958364166931143,0.11419885757562165,0.03039170965809747,-0.0
2016-09-30,685.73,-0.410397292838194,0.14954755891061353,0.13867614337391504,0.0,0.05691231382189599
2016-10-03,683.05,-0.39159009112567694,0.20606032884962924,-0.5370612352429972,-0.0,-0.2103078580488739
2016-10-04,684.2,0.16822092100082078,0.8347610618392377,-0.2603925296331004,-0.04380347115661366,0.0
2016-10-05,687.04,0.41422421469117987,0.16770781316579308,0.11738178443738838,0.04862237747762656,-0.0
2016-10-06,687.32,0.04074623881283425,0.15874531635548747,0.012207860931785858,0.0004974244169204158,-0.0
2016-10-07,683.95,-0.49151615430910317,0.7863735790919842,0.031541670567381275,0.0,0.015503240617763873
2016-10-10,674.19,-1.4372845239442362,0.3284865709681061,-0.5362313854472189,-0.0,-0.7707170715564643
2016-10-11,682.36,1.204540751630772,1.7093528951894867,-0.21387782934998,-0.25762456132238293,0.0
2016-10-12,682.45,0.013188648988582682,0.2569842479588604,0.15531123196848357,0.002048345322416671,-0.0
2016-10-13,685.23,0.4065284026447649,0.2781283145067006,0.20844575189449335,0.08473911855575536,-0.0
2016-10-14,687.0,0.2579743893697004,0.32968972524284873,0.19721298919018335,0.05087590046211088,-0.0
2016-10-17,680.95,-0.8845410207382963,0.20109082759603594,-0.6001905123824753,-0.0,-0.5308931284602358
2016-10-18,682.02,0.15701009117076076,0.23420427967326293,-0.2904905240822722,-0.04560994367039963,0.0
2016-10-19,688.89,1.0022623672214526,0.2563215349272058,0.007635384837305743,0.007652658881684839,-0.0
2016-10-20,686.39,-0.363562729583034,0.1543709189808385,-0.06900856575499897,-0.0,-0.02508894253049771
2016-10-21,684.83,-0.22753470238712925,0.14469957980505088,-0.11278407803015196,-0.0,-0.02566229162859739
2016-10-24,678.02,-0.9993846248790541,0.1497113055411979,-0.5815237081695037,-0.0,-0.581165852947256
2016-10-25,676.18,-0.27174732422308795,0.5043896690176911,-0.2234757314996675,-0.0,-0.0607289320638319
2016-10-26,673.61,-0.38080043645426864,0.2630471652368699,0.10170380685301687,0.0,0.03872885403868946
2016-10-27,676.9,0.48722430909391684,0.16588957591794815,0.06622344174231613,0.03226567064872123,-0.0
2016-10-28,682.25,0.7872608073885885,0.19014153798044098,-0.015894001057718866,-0.012512724105334834,0.0
2016-10-31,675.8,-0.9498985308258369,0.2818777905502136,-0.6263431257023315,-0.0,-0.5949624148975072
2016-11-01,676.6,0.11830820664187297,0.1821315912584855,-0.3605574779404101,-0.042656908606446595,0.0
2016-11-02,671.4,-0.7715171800673598,0.3428831018525476,0.016534202777448662,0.0,0.012756421501519101
2016-11-03,667.63,-0.5630956679818532,0.5132311211773061,-0.030281347215046255,-0.0,-0.0170512954374469
2016-11-04,666.73,-0.1348961504357557,0.17145472141996188,-0.038406410256357486,-0.0,-0.00518087689563895
2016-11-07,674.14,1.1052638114278124,0.24475716690734853,-0.7267875313915891,-0.8032919570440786,0.0
2016-11-08,676.46,0.34355135226792255,0.13672041335485685,-0.3515474787769301,-0.12077461172019315,0.0
2016-11-09,670.26,-0.9207621187903872,3.780889100824885,0.12198559082690763,0.0,0.11231971107168069
2016-11-10,678.17,1.173229716332622,0.0566146193376736,0.21493047835699733,0.2521628241540147,-0.0
2016-11-11,679.2,0.1517641022999433,0.08143875370268394,0.20609614975138865,0.03127799715449418,-0.0
2016-11-14,673.05,-0.9096013907035695,0.4756428393187208,-0.6128691436269974,-0.0,-0.5574666253624225
2016-11-15,674.26,0.17961721137852907,0.19030550505898708,-0.23104028501253038,-0.04149881171005127,0.0
2016-11-16,674.6,0.05041294236627612,0.09485051419477278,0.0906866650195034,0.0045717816170180135,-0.0
2016-11-17,674.57,-0.004447178636480952,0.12318509892709181,0.07738065306961138,0.0,0.0003441255872081199
2016-11-18,673.25,-0.19587191494768005,0.3916657953750738,0.014972278676843627,0.0,0.0029326488955636783
2016-11-21,674.29,0.15435537445840286,0.1166241393280738,-0.6752101059630998,-0.10422230874403215,0.0
2016-11-22,681.91,1.1237398889664039,0.11019265106087138,-0.3165600729639327,-0.3557311812436864,0.0
2016-11-23,683.16,0.18314084250344453,0.1668380625729978,0.13864949135119692,0.02539238465873225,-0.0
2016-11-24,678.18,-0.7316353320296121,0.3180069578411506,0.14226413513706979,0.0,0.10408546774691566
2016-11-25,675.87,-0.341198957353348,0.5420640853439559,0.08798219572130733,0.0,0.030019433445768257
2016-11-28,665.29,-1.5777714035450123,1.2304154358939703,-0.6003591833419052,-0.0,-0.9472295513324951
2016-11-29,658.26,-1.0623045764256436,0.6190211390905755,-0.23315093881592328,-0.0,-0.2476773093020905
2016-11-30,665.07,1.029230821651695,0.9471107148689399,0.1763076380895192,0.1814612552143455,-0.0
2016-12-01,666.54,0.2207854547714434,0.050337762067459435,0.17560621331304752,0.038771297667012296,-0.0
2016-12-02,665.14,-0.21026080075974102,0.27873192501686683,0.13136564004889534,0.0,0.027621044668996637
2016-12-05,660.21,-0.7439578584535139,0.30801554764064465,-0.6970535387711988,-0.0,-0.5185784579316645
2016-12-06,651.49,-1.329591897662091,1.036477707350665,-0.2726501805091301,-0.0,-0.36251347090104596
2016-12-07,653.53,0.3126391414131006,0.327202506370025,0.051686611932771714,0.01615925797721387,-0.0
2016-12-08,658.89,0.8168162327707253,0.2129908129884509,0.05169308078490342,0.042223747507037585,-0.0
2016-12-09,663.07,0.6323964311658649,0.17013764969714076,-0.007033237765325974,-0.004447794462333128,0.0
2016-12-12,659.7,-0.5095379077604176,0.24691502552543396,-0.7093275345134232,-0.0,-0.3614292678528251
2016-12-13,654.66,-0.766916933376295,0.4587144809404362,-0.33565883924883266,-0.0,-0.2574224476573615
2016-12-14,665.14,1.58815279190263,0.15618678197878674,0.05724344641398891,0.09091133924050508,-0.0
2016-12-15,665.92,0.11719983911809,0.1392829740130385,0.07747536933609328,0.009080100821804736,-0.0
2016-12-16,675.16,1.3780156615457542,0.33509396252783846,0.04232587988902525,0.05832572537578127,-0.0
2016-12-19,674.33,-0.12300944870406566,0.3944460743975202,-0.670664541710019,-0.0,-0.08249807554111428
2016-12-20,662.66,-1.7457567198055524,0.4122886557328791,-0.2749838611511273,-0.0,-0.48005492344265743
2016-12-21,666.94,0.6438048711308635,0.8805233386614919,0.04045119062850023,0.026042673569671583,-0.0
2016-12-22,664.15,-0.41920592684270575,0.23390302302049734,-0.012825947411257232,-0.0,-0.0053767131721718904
2016-12-23,664.37,0.03311956192017505,0.3041633455558054,-0.13169437176892265,-0.004361659900339388,0.0
2016-12-26,662.45,-0.28941398835818594,0.05947169038191999,-0.7145005979451012,-0.0,-0.20678646773560042
2016-12-27,663.86,0.2126200558218797,0.17737389326541073,-0.4622428020804556,-0.09828209038160857,0.0
2016-12-28,663.5,-0.05424301000887375,0.21512487242363806,-0.09285644700533839,-0.0,-0.005036813184299025
2016-12-29,664.72,0.183704558446377,0.04400106017362885,-0.09971490123180837,-0.01831808190131345,0.0
2016-12-30,664.87,0.02256334669128044,0.0451839202441465,-0.14278858948588513,-0.0032217884481289473,0.0
2017-01-03,672.01,1.06816885411713,0.2134695321859852,-0.6976538231181335,-0.7452120848105315,0.0
2017-01-04,674.7,0.39949262685696174,0.11402270273356901,-0.18180947793030144,-0.07263154592586893,0.0
2017-01-05,675.81,0.16438238146321718,0.06653921830714314,0.15346591744662386,0.02522709298331352,-0.0
2017-01-06,679.8,0.5886665814003628,0.6232054384145101,0.082836347121292,0.04876298927558474,-0.0
2017-01-09,682.57,0.40664486403254013,0.0998644630957004,-0.7162469766335039,-0.29125815442684916,0.0
2017-01-10,681.07,-0.2199995020675809,0.03091594642644198,-0.3897320736424668,-0.0,-0.08574086214110847
2017-01-11,687.16,0.8902070876579672,0.09676723423913947,-0.10178544718835207,-0.09061012650750672,0.0
2017-01-12,686.96,-0.029109539401542615,0.09735787007373048,-0.1782077271596152,-0.0,-0.005187544855412175
2017-01-13,685.06,-0.27696406970170123,0.11535105048645015,-0.21573751863673815,-0.0,-0.05975154114897761
2017-01-16,677.94,-1.0447637218002384,0.15187782551316764,-0.854841666454667,-0.0,-0.8931075609950958
2017-01-17,684.71,0.9936602507624789,0.08710316959841978,-0.5610413871500871,-0.5574845254436845,0.0
2017-01-18,683.28,-0.20906593189430056,0.21179511058081543,-0.24011695763498472,-0.0,-0.05020027551158237
2017-01-19,682.31,-0.1420631614375255,0.1191809023411785,-0.3336621295120093,-0.0,-0.047401096970453124
2017-01-20,686.26,0.5772464643052376,0.1503103817928659,-0.3957671273052438,-0.22845517492519288,0.0
2017-01-23,687.15,0.1296044334292053,0.0919339368617906,-0.9850803809190118,-0.12767078465123427,0.0
2017-01-24,691.36,0.6108063182762223,0.15408645406165725,-0.6890682626924254,-0.4208872485761532,0.0
2017-01-25,697.28,0.8526379572631909,0.24309020085725405,-0.3711452996010745,-0.31645257009969513,0.0
2017-02-02,703.18,0.842585279955366,0.22322823957827853,-0.7394259810051113,-0.6230294472114628,0.0
2017-02-03,700.35,-0.4032694470752843,0.49968652466299635,-0.3576982181311041,-0.0,-0.14424876264554476
2017-02-06,700.04,-0.0442733817099136,0.23499688953281642,-0.565843795992797,-0.0,-0.02505181836817558
2017-02-07,701.91,0.2667714410669448,0.15995137913734997,-0.20829323594703983,-0.05556668671808896,0.0
2017-02-08,702.04,0.018519178086323432,0.05062266741710087,0.1369159609889041,0.0025355710644136267,-0.0
2017-02-09,700.65,-0.19819068432626366,0.0569447170008736,0.08115733580047803,0.0,0.016084627920393117
2017-02-10,703.78,0.445733170351569,0.032802531890495326,-0.03178993427190314,-0.014169828188283383,0.0
2017-02-13,705.9,0.30077770816839694,0.07109094124516385,-0.5194186433273777,-0.1562295491199467,0.0
2017-02-14,706.26,0.050985725101773544,0.12075522289828475,-0.09227052916395635,-0.004704479834948657,0.0
2017-02-15,711.57,0.7490354734520431,0.06582593837540744,0.36785538806045254,0.2755367347577461,-0.0
2017-02-16,709.35,-0.3124738628970235,0.5825028385265754,0.48344627360464965,0.0,0.1510643246164162
2017-02-17,707.83,-0.2145105890365289,0.168506828707714,0.44956480959719397,0.0,0.09643641211678904
2017-02-20,710.59,0.3891659005585596,0.3048141848521638,-0.4491197091223187,-0.1747820760591855,0.0
2017-02-21,716.55,0.8352417630865621,0.2284427840180738,0.03849463342760292,0.03215232549344197,-0.0
2017-02-22,717.24,0.09624841200825517,0.13312403134023348,0.5005899561790188,0.0481809883495126,-0.0
2017-02-23,716.87,-0.05159994815035812,0.505579233412055,0.55684776997392,0.0,0.02873331605829682
2017-02-24,714.47,-0.3353504058011961,0.14875082994740646,0.4532339724245458,0.0,0.15199219657545956
2017-02-27,717.44,0.41483113590929604,0.18582157435043503,-0.5137398777480161,-0.2131152970481124,0.0
2017-02-28,710.79,-0.9312292917245293,0.26203036959969084,-0.023043763702490876,-0.0,-0.021459027751337994
2017-03-01,709.52,-0.17883424582982543,0.41753526870137603,0.4920654730250753,0.0,0.08799815776733565
2017-03-02,707.51,-0.2836921375073747,0.1541628909888188,0.5598958130966524,0.0,0.15883803999881888
2017-03-03,712.62,0.7196555321080856,0.3107907982785684,0.5081900324069635,0.3657217681838586,-0.0
2017-03-06,716.29,0.5136793877730461,0.1370894065831793,-0.4878837976661827,-0.2506158504895534,0.0
2017-03-07,716.54,0.034895975452357356,0.07007925332224203,-0.02120275812576015,-0.0007398909270787966,0.0
2017-03-08,716.6,0.008373222439551537,0.2146547225948373,0.5007312491444815,0.0041927341315212445,-0.0
2017-03-09,715.8,-0.11170065389281365,0.10408933882414083,0.5340124288050025,0.0,0.059649537484408384
2017-03-10,712.21,-0.5027986587102702,0.10684934794460091,0.4794945248463723,0.0,0.2410892039516743
2017-03-13,710.17,-0.2868433750115937,0.22421090589860823,-0.5436022703186827,-0.0,-0.1559287098821756
2017-03-14,714.71,0.6372488018047873,0.3338830346371905,-0.18645618261291877,-0.11881897895917709,0.0
2017-03-15,713.14,-0.2199111437086404,0.06288779646155526,0.2377787125411014,0.0,0.05229018862448164
2017-03-16,714.92,0.2492893746509517,0.1456739635208068,0.348918705409623,0.08698172587558455,-0.0
2017-03-17,710.54,-0.6145403988295327,0.21055107927884928,0.4583342460833695,0.0,0.28166491038530705
2017-03-20,715.07,0.63551956659299,0.2643977696767589,-0.21244856029844963,-0.13501521696417543,0.0
2017-03-21,716.18,0.15510920140357817,0.1518330897181645,0.20827278681015748,0.032305025636221216,-0.0
2017-03-22,712.94,-0.45342666131366405,0.5219230201548282,0.6926432742304051,0.0,0.3140629273156572
2017-03-23,719.56,0.9242648693773993,0.10710981695320376,0.6943494556938049,0.6417628089691029,-0.0
2017-03-24,722.14,0.3579111818212397,0.17153442882565187,0.6664902417120934,0.23854431008349905,-0.0
2017-03-27,723.52,0.19091631769073766,0.1646871953089468,-0.12753548085703717,-0.0243486043801431,0.0
2017-03-28,719.26,-0.5905283383031097,0.19212777919387033,0.36479940259522214,0.0,0.21542438502852365
2017-03-29,720.47,0.16808711145663177,0.10709706367437588,0.7761262892872117,0.1304568260918416,-0.0
2017-03-30,723.86,0.4694226700409243,0.12646036527997281,0.5898994092546279,0.27691215574787137,-0.0
2017-03-31,722.31,-0.21435938977024863,0.08240244931731537,0.46310674140087676,0.0,0.09927127848518028
2017-04-03,722.38,0.009690660287648398,0.07143225751511731,-0.31308819563388884,-0.0030340313439608194,0.0
2017-04-04,724.14,0.2433427631137975,0.032312003618924966,0.1490408108013214,0.036268002717114264,-0.0
2017-04-05,723.22,-0.12712802950269336,0.09890100694380322,0.563611552622985,0.0,0.07165082608991365
2017-04-07,727.95,0.651890095650031,0.2874443945163725,0.08061014169373261,0.0525489529790899,-0.0
2017-04-10,729.87,0.2634071572804826,0.08231546902863106,-0.33539713336466875,-0.0883460054596103,0.0
2017-04-11,731.33,0.1998358179397749,0.03077748724668042,0.09342343388928116,0.018669348326006988,-0.0
2017-04-12,725.58,-0.7893459246298291,0.39740922250038185,0.6236861569956019,0.0,0.4923041262725182
2017-04-13,724.35,-0.16966340375785596,0.10327986662739665,0.5875591703823453,0.0,0.09968728875621073
2017-04-14,718.45,-0.8178587312444928,0.6225856697911811,0.47394415921728683,0.0,0.3876193687381881
2017-04-17,710.83,-1.066281232025632,0.6725317857177778,-0.54513989929588,-0.0,-0.5812724434475399
2017-04-18,714.93,0.5751334448422901,0.5704567321779386,-0.16327735699761875,-0.09390626879478488,0.0
2017-04-19,716.77,0.25703723029192116,0.04666739167411924,0.2560748689309163,0.06582077505736945,-0.0
2017-04-20,712.66,-0.5750559770125002,0.03741901755799301,0.2838731397080941,0.0,0.16324294570244402
2017-04-21,712.41,-0.035085996135577696,0.15634560011560764,0.2974215850529856,0.0,0.010435332583806446
2017-04-24,709.39,-0.4248142554164061,0.07559626523886903,-0.4535304492620682,-0.0,-0.19266620011193364
2017-04-25,707.58,-0.2554748490722803,0.12627483080633892,-0.030536320026920655,-0.0,-0.007801261750100405
2017-04-26,710.04,0.34706091466691635,0.03366076434345757,0.3404213923982651,0.11814695981792712,-0.0
2017-04-27,716.53,0.9098810117463659,0.08637071590178802,0.27620569611256096,0.25131431822900624,-0.0
2017-04-28,717.73,0.16733371634233052,0.12325986096600142,0.18489962267828233,0.030939941013051638,-0.0
2017-05-03,719.54,0.25186651872471466,0.07515334211484995,-0.6422725001271149,-0.1617669386796353,0.0
2017-05-04,722.02,0.34407203954530063,0.14276799573057647,-0.08542496795267285,-0.02939234295156809,0.0
2017-05-05,720.0,-0.2801627330089198,0.029706279005521745,0.3073424935968177,0.0,0.08610591297586088
2017-05-08,718.86,-0.15845881302382453,0.04400735941688307,-0.4682457349279583,-0.0,-0.07419766336015264
2017-05-09,722.11,0.45108579788217995,0.17854080473402684,-0.0668863334787817,-0.03017147510468981,0.0
2017-05-10,724.31,0.30419956810859683,0.2689416840074435,0.31079505374861993,0.09454372112061832,-0.0
2017-05-11,724.99,0.093838411633024,0.1117160477144586,0.314038908878294,0.02946891240010707,-0.0
2017-05-12,725.37,0.05240078445284044,0.03360394407378664,0.24995803670592087,0.013097997203682137,-0.0
2017-05-15,725.35,-0.0027572515718102784,0.08618582282326692,-0.4831632567638449,-0.0,-0.0013322026491530846
2017-05-16,725.03,-0.04412636759916707,0.07106589677611005,-0.03371271841085233,-0.0,-0.0014876198053644773
2017-05-17,727.2,0.298850955434952,0.14620325527111216,0.4810257743495918,0.14375501225321313,-0.0
2017-05-18,726.99,-0.028882058253710576,0.25590702800970594,0.398783525211658,0.0,0.011517689005783167
2017-05-19,733.82,0.9351044651966725,0.18431340961587764,0.30169112160542616,0.2821127149234263,-0.0
2017-05-22,744.1,1.391166747051693,0.4050897042447756,-0.4596601745022501,-0.6394639497115089,0.0
2017-05-23,740.93,-0.4269280505982993,0.23459110766542654,-0.010715248918787371,-0.0,-0.004574640332573427
2017-05-24,742.74,0.24398968745412603,0.38635141398770406,0.4136207419756927,0.10091919555919297,-0.0
2017-05-25,741.91,-0.11181087616205067,0.24451985709197802,0.3972666869030683,0.0,0.04441873633262713
2017-05-26,743.41,0.2019767470891959,0.04596217662164213,0.3798468872499053,0.07672023867869243,-0.0
2017-05-29,746.25,0.3812955225766548,0.06762006836022258,-0.47812488337826725,-0.18230687726461853,0.0
2017-05-30,738.21,-1.0832327738293333,0.220484307025737,-0.04392892714448889,-0.0,-0.047585253602071394
2017-05-31,737.82,-0.052844455610758,0.15321175509013668,0.37669779307579015,0.0,0.019906389804864096
2017-06-01,741.8,0.5379772643079448,0.13867303462644007,0.3413862199946516,0.18365802470515286,-0.0
2017-06-02,738.81,-0.40388813590962974,0.28144223157984594,0.22219358367976813,0.0,0.08974135232350187
2017-06-05,743.49,0.6314532214239112,0.2853656363245183,-0.6276180682876048,-0.39631145104406035,0.0
2017-06-06,751.31,1.0463033638112877,0.17707785269143483,-0.2284030490146921,-0.2389788784888268,0.0
2017-06-07,753.46,0.28575815081827427,0.11145164163393051,0.24275609803306852,0.06936953367378937,-0.0
2017-06-08,750.13,-0.44294062137261214,0.1665568339547516,0.2813516787798071,0.0,0.12462208742295533
2017-06-09,749.72,-0.054672135241858696,0.07783380033349899,0.38828321236765256,0.0,0.02122827229870764
2017-06-12,751.09,0.18256813061350763,0.17192453815261174,-0.5827772106765178,-0.10639654591736615,0.0
2017-06-13,756.89,0.7692447646013736,0.1774419194761068,-0.22944153407449153,-0.17649669886891028,0.0
2017-06-14,760.77,0.5113145834122441,0.16436456165118205,0.18456265177310846,0.09436957540482603,-0.0
2017-06-15,760.57,-0.026292610613291356,0.19973536603669992,0.2392827919017352,0.0,0.00629136927393355
2017-06-16,761.24,0.08805304779039211,0.05006370475645566,0.2639656074995152,0.023242976252174696,-0.0
2017-06-19,766.83,0.7316451388026458,0.20508190949680222,-0.4330788516439661,-0.31686003652354,0.0
2017-06-20,767.99,0.15115781927138433,0.12645846625118076,-0.017199267686612896,-0.0025998037965731927,0.0
2017-06-21,767.41,-0.07555034878051448,0.6898483102961902,0.4493589869923187,0.0,0.03394922819492834
2017-06-22,766.3,-0.14474707654033991,0.08617469707657349,0.3985032411077373,0.0,0.057682179142195186
2017-06-23,769.01,0.3530235345905663,0.17189785890997133,0.3272353959969277,0.11552179613797905,-0.0
2017-06-26,772.52,0.4553925082134326,0.1169616109263904,-0.39893423265580186,-0.18167166082132666,0.0
2017-06-27,767.51,-0.6506389711966312,0.11789575868843533,0.08019943719350968,0.0,0.05218087930613397
2017-06-28,769.04,0.19914750651283264,0.30173300364725913,0.428408676043373,0.08531651960250164,-0.0
2017-06-29,771.75,0.3517679624708004,0.13570630924529223,0.38392508501936673,0.13505254489869145,-0.0
2017-06-30,776.47,0.609734355993287,0.1299754000734394,0.3090411321479644,0.18843299568567537,-0.0
2017-07-03,778.88,0.30989834169060076,0.14788141791293316,-0.30403046973110676,-0.09421853839308438,0.0
2017-07-04,775.54,-0.42974294466496366,0.24101531478771332,0.1261029430063222,0.0,0.054191850058454984
2017-07-05,778.32,0.35781897547143854,0.12983302322343765,0.5163859429979045,0.18477268907136285,-0.0
2017-07-06,782.65,0.5547846667059575,0.13328440564036456,0.5142763196480318,0.2853126165906998,-0.0
2017-07-07,775.73,-0.8881075839863419,0.1302210105060576,0.41943469679548845,0.0,0.37250313521108513
2017-07-10,766.56,-1.1891548359556576,0.5389002193367759,-0.4370889536301898,-0.0,-0.5197664429521384
2017-07-11,769.36,0.3646027269414436,0.46649523067811055,0.014963042744187508,0.005455566187872147,-0.0
2017-07-12,774.17,0.6232487311447105,0.25841732824745217,0.4089026481630356,0.2548480566293239,-0.0
2017-07-13,778.3,0.532056624966895,0.15550066546903651,0.43958157413736787,0.23388228873316289,-0.0
2017-07-14,777.6,-0.08998008191130942,0.0885419288997857,0.35763575784432383,0.0,0.03218009478524548
2017-07-17,768.91,-1.1238325600261503,0.6738564589108873,-0.3978766644715617,-0.0,-0.4471467504077408
2017-07-18,767.49,-0.18484774854587727,0.5008003307426838,-0.04058250847209786,-0.0,-0.0075015853214112785
2017-07-19,771.3,0.4951952879444431,0.3699188900509807,0.366361115533642,0.18142029809832924,-0.0
2017-07-20,768.41,-0.37539580750543794,0.5097808802436892,0.4517660297303223,0.0,0.16959107353414002
2017-07-21,761.86,-0.8560633092252539,0.29880648084678857,0.4611106557456643,0.0,0.3947399138766602
2017-07-24,759.74,-0.27865422867828166,0.5624215968296807,-0.554811858519117,-0.0,-0.15460067049720846
2017-07-25,767.27,0.9862490797081545,0.20313123334484967,-0.15861113291204684,-0.15643008386597396,0.0
2017-07-26,773.88,0.8578062527341083,0.5449541923289493,0.27580645374156304,0.23658850056393338,-0.0
2017-07-27,771.5,-0.3080151007070822,0.16373046248305306,0.33690738396876996,0.0,0.10377256180210029
2017-07-28,777.09,0.7219501972472067,0.10529719001704918,0.30260405007095387,0.21846505363652874,-0.0
2017-07-31,783.55,0.8278702193537348,0.15758391119586182,-0.47401018003222656,-0.39241891171918275,0.0
2017-08-01,786.81,0.41519201751299584,0.10302750965117703,0.007152117833611397,0.0029695022328277932,-0.0
2017-08-02,786.23,-0.07374256551435046,0.4645917824632666,0.5341962791067834,0.0,0.039393004109554215
2017-08-03,788.49,0.28703535252803847,0.1405688429317368,0.4664146873236956,0.1338775042002118,-0.0
2017-08-04,788.68,0.02409378835751393,0.12696695940857783,0.45366759045826166,0.010930570909164663,-0.0
2017-08-07,792.98,0.5437338737775856,0.3609869333473802,-0.45794439479433074,-0.24899987975625348,0.0
2017-08-08,791.57,-0.1779685553823355,0.25556404779387204,0.04935294626391725,0.0,0.008783272550451386
2017-08-09,773.66,-2.2885814488260143,1.100713370733037,0.6369414318298224,0.0,1.457692344874411
2017-08-10,773.43,-0.02973324133624985,0.3361952064300289,0.6755072972383408,0.0,0.02008502149318545
2017-08-11,772.08,-0.17469965815162003,0.21261358732278232,0.57153747242524,0.0,0.09984740105353039
2017-08-14,776.17,0.5283396756483738,0.05910234152156436,-0.5153454347833147,-0.2722774398602867,0.0
2017-08-15,771.06,-0.6605376808259683,0.17882925415407672,-0.10938893872677231,-0.0,-0.07225551589459614
2017-08-16,773.57,0.32499721088995204,0.34682439901935563,0.34768022493580925,0.11299510338572916,-0.0
2017-08-17,767.59,-0.7760427225870797,0.2695832414865176,0.2429990491561633,0.0,0.18857764369322058
2017-08-18,768.97,0.17962206110231516,0.9722312074204666,0.21709371099116492,0.03899481982058337,-0.0
2017-08-21,768.79,-0.023410675374855475,1.2090198230993527,-0.6708174292311068,-0.0,-0.015704289071524526
2017-08-22,761.26,-0.9842895060583362,0.29843185552664075,-0.2808617911960249,-0.0,-0.2764493137269949
2017-08-23,765.98,0.6181104512328892,0.33396796832753795,0.08646391223556381,0.053444247807285274,-0.0
2017-08-24,769.77,0.4935709189755941,0.3455467220606193,0.027018176113142278,0.013335386013208078,-0.0
2017-08-25,771.63,0.2413391595680737,0.03628391001224257,0.049775178005222485,0.01201269962713166,-0.0
2017-08-28,777.26,0.7269754204779388,0.18912713403465342,-0.6398111413002742,-0.4651269734732367,0.0
2017-08-29,774.03,-0.4164282200857504,0.09543595184393719,-0.1543241718515822,-0.0,-0.06426494020036184
2017-08-30,778.65,0.5951018412835604,0.07050303175019605,0.27858693039130755,0.1657875952334022,-0.0
2017-08-31,782.76,0.5264484654657146,0.3903260610280925,0.34434268130215256,0.18127867616586782,-0.0
2017-09-01,788.73,0.7597921361072353,0.21865801451200978,0.21326675346435517,0.16203840217533755,-0.0
2017-09-05,792.31,0.45286724162304515,0.23124906306793594,-0.5902915277268689,-0.2673236959151204,0.0
2017-09-06,793.55,0.15638205802595972,0.1821815988319119,-0.14298092165804352,-0.022359650787333363,0.0
2017-09-07,796.72,0.3986749669816703,0.20750506020782822,0.21797262691297004,0.08690022983743627,-0.0
2017-09-08,801.2,0.560730416827905,0.23587640945509114,0.1996268662256575,0.11193685590876137,-0.0
2017-09-11,797.47,-0.46663873950804163,0.41034869981938515,-0.6739874079095033,-0.0,-0.3145086344711829
2017-09-12,799.94,0.30925084587038937,0.17703254397519083,-0.24222044347276736,-0.07490687703105414,0.0
2017-09-13,802.78,0.35439789513854536,0.15315560223610822,0.22281114193873938,0.07896379971650491,-0.0
2017-09-14,806.32,0.4399982239950513,0.10396687271163886,0.19184813881886364,0.08441284035705605,-0.0
2017-09-15,805.82,-0.062029354278391964,0.10258177609175863,0.10745199497685905,0.0,0.006665177864339584
2017-09-18,807.87,0.25407619837882034,0.12153367672358631,-0.7558194991565479,-0.1920357450062797,0.0
2017-09-19,805.93,-0.24042643877953024,0.12598198005439556,-0.23157745693859888,-0.0,-0.05567734327336735
2017-09-20,805.86,-0.008685995079248476,0.12849186353817585,0.26650511253717785,0.0,0.002314862096092488
2017-09-21,803.93,-0.23978294370384645,0.10765716065779779,0.33053522910819483,0.0,0.07925671023338828
2017-09-22,807.13,0.3972545042761926,0.1143961878915776,0.27128148749079567,0.10776779283246417,-0.0
2017-09-25,805.58,-0.1922230875070003,0.21550886082372056,-0.61830648924174,-0.0,-0.11885278238766113
2017-09-26,805.35,-0.028554934300411578,0.2008620304677286,-0.1696164660507815,-0.0,-0.004843387044348057
2017-09-27,803.77,-0.1963806935191264,0.09970576402121013,0.258015034163839,0.0,0.05066917134745579
2017-09-28,804.82,0.13054913298316184,0.38615109968515265,0.1455822864014849,0.019005641267420208,-0.0
2017-09-29,804.42,-0.04971290898038999,0.14290500485163682,0.11746190000350536,0.0,0.005839372743537932
2017-10-02,802.23,-0.27261710470124884,0.25914598446841264,-0.7405787899311965,-0.0,-0.20189444551419716
2017-10-03,798.0,-0.528675234470351,0.46670778612037744,-0.33731620090248476,-0.0,-0.17833072160276917
2017-10-04,805.66,0.9553219830600627,0.17272401752868427,0.09296592152900968,0.0888123885120997,-0.0
2017-10-05,805.23,-0.053386638468535974,0.20630048300656254,0.21973603304514774,0.0,0.011730968154691577
2017-10-06,807.8,0.31865522335884666,0.11747417436809686,0.16112871517785818,0.05134450672452438,-0.0
2017-10-09,808.96,0.14349689490708367,0.1179861213319164,-0.5326147107552325,-0.07642855717521037,0.0
2017-10-10,810.65,0.20869229176949078,0.11569947664583587,-0.16020969996328785,-0.033434529449041045,0.0
2017-10-11,813.95,0.40625440584408906,0.106273867716217,0.24111361781509502,0.0979534695463902,-0.0
2017-10-12,815.87,0.23560894923181952,0.1552045254424188,0.1169641859474612,0.027557808948836485,-0.0
2017-10-13,820.95,0.6207177711199636,0.10790401423195597,0.1366432918016661,0.08481691952562498,-0.0
2017-10-16,819.43,-0.18532296602393758,0.11914783808586493,-0.6697493059485632,-0.0,-0.12411992787086135
2017-10-17,828.29,1.0754358013103176,0.13958211125844594,-0.2720015982640999,-0.2925202567868394,0.0
2017-10-18,827.72,-0.0688401667272533,0.12635032583919492,0.20478165590075237,0.0,0.014097203334890807
2017-10-19,828.93,0.14607795432540044,0.2718938021648747,0.23660471968123856,0.03456273343477014,-0.0
2017-10-20,826.84,-0.25245065558468116,0.3218704178951821,0.26356211301186966,0.0,0.06653642821713032
2017-10-23,820.04,-0.8258086374660925,0.304710486593082,-0.6059328262880469,-0.0,-0.5003845616729105
2017-10-24,825.24,0.6321133563370733,0.49848739037808054,-0.11536654947899912,-0.07292473680019718,0.0
2017-10-25,830.69,0.6582427612615973,0.3322862785469933,0.35741660791521573,0.23526689491486527,-0.0
2017-10-26,830.11,-0.06984586025760792,0.8400347146606211,0.29420605433813607,0.0,0.020549074958243655
2017-10-27,840.37,1.2284048916890837,0.32251728737398266,0.18373422023158933,0.22570001490316374,-0.0
2017-10-30,845.2,0.5731014695225822,0.5304601177351446,-0.6087942982711377,-0.3489009069761583,0.0
2017-10-31,837.28,-0.9414743118004085,0.26118951104693156,-0.09405110478120353,-0.0,-0.0885466991479517
2017-11-01,842.71,0.6464346703202566,0.1364783025080532,0.3665692394255355,0.23696306543759324,-0.0
2017-11-02,833.09,-1.1481209779218506,1.4534393833646466,0.32015467731409136,0.0,0.3675763012041091
2017-11-03,843.73,1.2690858654217072,0.43803311638373027,0.2314310747449491,0.2937059057781695,-0.0
2017-11-06,849.09,0.6332649558034386,0.15308312455869294,-0.5779555752955652,-0.365999011845897,0.0
2017-11-07,850.33,0.14593216745251916,0.3115179969683465,-0.16915646251712646,-0.024685369213725078,0.0
2017-11-08,859.7,1.095898174574021,0.8798190643419165,0.4387948021260443,0.48087442266250074,-0.0
2017-11-09,860.4,0.08139062131764306,0.22554691342379476,0.45111462517047657,0.03671649962810075,-0.0
2017-11-10,868.21,0.9036223488976681,0.3304088207657188,0.5151419545972097,0.4654937830288665,-0.0
2017-11-13,879.34,1.2738005198996447,0.5171273786226771,-0.46280727809990213,-0.5895241514569948,0.0
2017-11-14,880.9,0.1772486034201842,0.31919759995051283,0.02786442359225416,0.004938930166835482,-0.0
2017-11-15,882.59,0.19166544946218964,0.31492153955912255,0.5648319202701586,0.1082587638691716,-0.0
2017-11-16,892.8,1.1501825016674654,0.23081318499885609,0.5259902778789877,0.6049848136636193,-0.0
2017-11-17,890.69,-0.23661483769805597,0.7416524468791688,0.4521638931918253,0.0,0.10698868620050486
2017-11-20,903.55,1.4335005594107078,0.3201649751072404,-0.48190488742043264,-0.6908109256999443,0.0
2017-11-21,918.3,1.6192685775303528,3.5887982726119096,-0.023183316797349546,-0.03754001641287973,0.0
2017-11-22,932.66,1.5516583949462968,0.6060615367779618,0.6624323773669683,1.0278687594256894,-0.0
2017-11-23,933.7,0.11144689209408461,1.397864786532203,0.6460042455245061,0.07199516544329017,-0.0
2017-11-24,935.57,0.2000781721014721,0.8451391818418666,0.6761099751280552,0.13527484796319306,-0.0
2017-11-27,938.61,0.32440882584457864,1.2892023073696446,-0.403342686716286,-0.13084792741062806,0.0
2017-11-28,941.21,0.27662240618060907,0.5324227358426331,0.11425142365843555,0.031604503721956605,-0.0
2017-11-29,952.14,1.1545801271658944,0.44565006901412674,0.6810622151998241,0.7863408990332987,-0.0
2017-11-30,949.93,-0.23237851335605755,0.4025318781162802,0.8531326935896222,0.0,0.19824970703180536
2017-12-01,960.33,1.0888677724141447,0.35087864498061044,0.7608928951243885,0.8285117517598424,-0.0
2017-12-04,970.02,1.003971444818325,0.5609668928549674,-0.3440889450988867,-0.3454554753569426,0.0
2017-12-05,953.3,-1.738704034203755,0.9857172926372988,0.2746568029168018,0.0,0.4775468912529489
2017-12-06,947.64,-0.5954966202042461,2.371987828084823,0.8869221840445229,0.0,0.5281591629826817
2017-12-07,938.65,-0.9532010527118794,2.0305481749730228,0.8112214553234671,0.0,0.7732571451967917
2017-12-08,940.16,0.16074007750866434,1.1760861816921067,0.6054724243804842,0.09732368442427794,-0.0
2017-12-11,917.45,-2.4451991014495142,2.257111700073411,-0.43807050729081976,-0.0,-1.0711696107990454
2017-12-12,927.25,1.062513383873751,7.5066848818660965,-0.009762640757720079,-0.010372936467028962,0.0
2017-12-13,924.4,-0.30783379694745217,0.2630267852900174,0.507674459760045,0.0,0.15627935656118117
2017-12-14,935.85,1.2310328824679506,0.39753755769234145,0.5055215515992154,0.622313652814853,-0.0
2017-12-15,935.16,-0.07375695814352091,0.23886058676557742,0.5695921658369053,0.0,0.042011385534510046
2017-12-18,958.06,2.419276884635103,2.296158489457848,-0.40286661506572014,-0.9746458894196847,0.0
2017-12-19,951.42,-0.6954801060289777,0.3646693776935773,0.08522769178888884,0.0,0.05927416412194144
2017-12-20,953.51,0.2194307232926971,0.7338342547346249,0.6240723196449706,0.13694064048664717,-0.0
2017-12-21,946.06,-0.7843920674710807,0.6804980692418833,0.5880083667592606,0.0,0.4612290984925899
2017-12-22,952.32,0.6595120776870579,0.21619007794471934,0.5783608083371804,0.38143593835922013,-0.0
2017-12-25,958.31,0.6270203676223206,0.14535120799490256,-0.6117800503985319,-0.3835985521048893,0.0
2017-12-26,965.93,0.7920051377935255,0.2772937567890747,-0.14345141902004163,-0.11361426088764484,0.0
2017-12-27,968.46,0.2615813194467048,0.2867164128152961,0.39797060367358766,0.10410167560993869,-0.0
2017-12-28,976.72,0.849283834735672,0.4784263734227216,0.5188446319797165,0.44064635867975216,-0.0
2017-12-29,984.24,0.7669750391313547,0.8434600202562856,0.5839539591404518,0.4478781106626575,-0.0
2018-01-02,995.77,1.1646537470923812,0.35530293104949967,-0.5230697900719768,-0.6091951909981531,0.0
2018-01-03,1005.67,0.9892957813499409,0.9067165814693686,0.17050832584126607,0.16868316743980563,-0.0
2018-01-04,1019.75,1.390351316133122,0.5621811910948475,0.737189262949784,1.0249520619814385,-0.0
2018-01-05,1012.65,-0.6986842041678716,0.25881842687012896,0.7223974699509128,0.0,0.5047277013855375
2018-01-08,1022.9,1.0071073306972531,1.0804726338854342,-0.26547788529521527,-0.2673647244188158,0.0
2018-01-09,1033.56,1.0367423126120767,1.021509990117679,0.2457224278134527,0.254750838071973,-0.0
2018-01-10,1038.11,0.439259854705509,0.6939206740743766,0.8717220337558053,0.38291249389116583,-0.0
2018-01-11,1048.17,0.9644034330081807,1.1570374450877192,0.8400804093820379,0.8101764308109551,-0.0
2018-01-12,1050.11,0.18491341029663844,0.5973465453779083,1.0081236355771124,0.1864155794552094,-0.0
2018-01-15,1063.47,1.26422259285211,1.2247955473410468,-0.37702062982858947,-0.47663799820063496,0.0
2018-01-16,1062.96,-0.04796772146544871,0.7045250791260517,0.20335124728360296,0.0,0.009754295989351451
2018-01-17,1034.69,-2.6955604355943312,1.4880752582168668,0.9185910251123367,0.0,2.4761176237848534
2018-01-18,1050.25,1.4926366122382222,2.616731570486959,0.8615928293945919,1.2860450019962881,-0.0
2018-01-19,1062.07,1.119160295119992,1.0764617529950093,0.8772851807207468,0.9818227417598264,-0.0
2018-01-22,1086.51,2.2750890519061264,1.3012766942326843,-0.26456902680504063,-0.6019180963576064,0.0
2018-01-23,1086.51,0.0,2.220446049250313e-12,0.08758646890619959,0.0,-0.0
2018-01-24,1086.51,0.0,2.220446049250313e-12,0.5347511524252434,0.0,-0.0
2018-01-25,1104.57,1.648539442588358,3.5011618155403688,0.5078831158608099,0.837265348721218,-0.0
2018-01-26,1115.64,0.9972112310130772,1.394363068357075,0.6338985915994462,0.6321307948663396,-0.0
2018-01-29,1109.8,-0.5248412363966115,1.1974914500770528,-0.30361873181814464,-0.0,-0.15935163060060625
2018-01-30,1110.56,0.06845736994726079,0.9991576761616582,0.37775328609666553,0.025859996455112878,-0.0
2018-01-31,1110.36,-0.018010554233443346,2.1330783952788934,1.0221612869054413,0.0,0.018409691293136694
2018-02-01,1099.67,-0.9674152271479155,1.4446974577462461,0.9536490068099363,0.0,0.9225745705424185
2018-02-02,1105.04,0.4871398614244292,0.6763227819477773,0.81984571531724,0.39937952814905237,-0.0
2018-02-05,1048.71,-5.232069598128462,8.030176181691655,-0.36736413252854877,-0.0,-1.9220747092454553
2018-02-06,1011.6,-3.6027601614609646,20.115207267199256,0.49056030092721903,0.0,1.767371108974887
2018-02-07,1040.55,2.8216183703609916,6.431663485134898,1.2401514151578246,3.4992340150384984,-0.0
2018-02-08,1023.25,-1.6765583126907513,1.1587244116184698,1.1615704057279672,0.0,1.947440519498792
2018-02-09,1003.94,-1.9051577862770162,11.636792189085023,0.847962814384655,0.0,1.6155029582982978
2018-02-12,1041.79,3.70081289839232,3.5163868987917635,-0.5585603351519696,-2.067127292860746,0.0
2018-02-13,1059.73,1.7073771185435394,1.4930712247727569,-0.14283618469160234,-0.2438752334425008,0.0
2018-02-21,1087.15,2.5545434401967158,4.047010223646281,-0.4186040548897038,-1.0693422424582388,0.0
2018-02-22,1076.03,-1.0281250707115008,0.8751085087117368,0.188890454041852,0.0,0.1942030114185066
2018-02-23,1102.85,2.4619395884643893,2.2013924352419725,0.7130017335454849,1.7553671944593672,-0.0
2018-02-26,1114.53,1.0535053105450356,2.4510800425747656,-0.3551792743684141,-0.37418325174265654,0.0
2018-02-27,1119.61,0.4547618998706624,1.1373450997250167,0.23796393274093797,0.10821693015396347,-0.0
2018-02-28,1124.87,0.46870630431534216,0.9382042515340269,0.8903876676562158,0.417330313115102,-0.0
2018-03-01,1115.79,-0.8104799214241931,1.1138781672818507,0.953202835153828,0.0,0.7725517589367926
2018-03-02,1121.21,0.4845785074534493,0.4027452148952661,0.9022100264948628,0.43719158804841757,-0.0
2018-03-05,1093.48,-2.504318821147253,3.783098280392417,-0.3533530943940937,-0.0,-0.8849088048017507
2018-03-06,1120.29,2.4222309289624326,1.0821320548113025,0.2658437184814983,0.6439348771762671,-0.0
2018-03-07,1112.26,-0.7193598914171405,1.905600110113941,0.7881865108204599,0.0,0.5669897628402608
2018-03-08,1124.15,1.0633213076831267,0.41170042009620256,0.7232672617457405,0.7690654905638751,-0.0
2018-03-09,1123.41,-0.06584918994282103,0.9013533615382445,0.7355990797095376,0.0,0.04843860352155769
2018-03-12,1126.29,0.2560342777512576,0.3219771133631355,-0.20934337676436696,-0.05359908027187409,0.0
2018-03-13,1133.31,0.62135091038123,0.7653277799654986,0.2974136559842652,0.18479824590563315,-0.0
2018-03-14,1138.09,0.4208864186218814,0.3403661041347325,0.9159185927551352,0.38549769625390234,-0.0
2018-03-15,1138.76,0.05885324192099278,0.4223264422467477,0.8287582792086489,0.0487751115002923,-0.0
2018-03-16,1150.19,0.9987195007372953,0.6276355090178765,0.8726709215797274,0.8715534671080607,-0.0
2018-03-19,1159.22,0.7820219034049346,0.8824205022138081,-0.15708298779902244,-0.12284233711112565,0.0
2018-03-20,1159.39,0.014663958173617861,0.45185202101844063,0.450038134906531,0.006599340386802363,-0.0
2018-03-21,1169.36,0.8562585863541621,0.5910686752823343,1.1275211276091444,0.9654496468110567,-0.0
2018-03-22,1172.36,0.2562220625218561,0.4217532299515246,1.03369228763905,0.2648547699518131,-0.0
2018-03-23,1153.59,-1.6139992229093152,4.147857804747833,0.87330665322869,0.0,1.4095162596726405
2018-03-26,1171.22,1.5167121586814896,1.3516974138147861,-0.08720834129337307,-0.13226995157810395,0.0
2018-03-27,1171.73,0.04353486058644328,0.4623416893546622,0.4813827325161372,0.02095693014881115,-0.0
2018-03-28,1172.24,0.043515915992782817,0.6279604385583895,1.0073802194413954,0.04383707300200288,-0.0
2018-03-29,1167.03,-0.4454388432757441,0.3879735053711504,0.9923039189762162,0.0,0.44201070984675345
2018-03-30,1174.46,0.6346407576449555,0.9698453413152901,0.8675592257945107,0.5505884443600993,-0.0
2018-04-02,1196.61,1.8684091459082612,1.0143091430104159,-0.14295422940761293,-0.26709698967145173,0.0
2018-04-03,1188.29,-0.6977260055293961,0.49256126225526997,0.39184043578975625,0.0,0.27339726206848447
2018-04-04,1191.54,0.2731289226877811,0.5204820640205964,0.9546973037072579,0.26075544605449275,-0.0
2018-04-05,1193.17,0.13670427463685345,0.483280500610675,0.9143547582037755,0.12499620398100265,-0.0
2018-04-06,1199.96,0.5674592036693785,0.21820666954183604,0.9260324918764163,0.5254856604121615,-0.0
2018-04-09,1204.33,0.3635172805503775,0.3369788906110102,-0.12767949395832434,-0.04641370242577842,0.0
2018-04-10,1198.12,-0.5169734088765062,1.024698352112812,0.43280394304614095,0.0,0.22374812981175674
2018-04-11,1167.11,-2.622305397624858,1.1921758712972377,0.9829064662310524,0.0,2.5774809317580636
2018-04-12,1173.02,0.5051012178820252,1.072981323575362,0.8975477623874911,0.45335246788920835,-0.0
2018-04-13,1157.14,-1.3630176340134912,1.4906719023642714,0.7784550120167499,0.0,1.0610479086650144
2018-04-16,1148.49,-0.7503407384261811,0.9890679654902117,-0.3025427027147006,-0.0,-0.22701011496040102
2018-04-17,1153.28,0.4162020457759226,1.0917961090596224,0.3171612346483854,0.13200315470147544,-0.0
2018-04-18,1138.53,-1.2872099922103597,1.175313693652287,0.9043878188861566,0.0,1.1641370373035937
2018-04-19,1094.63,-3.932155001145171,1.9013516586002637,0.9377971579054144,0.0,3.687563784517503
2018-04-20,1119.86,2.278727086968081,5.436984369458169,0.7890206774535319,1.7979627898912687,-0.0
2018-04-23,1076.78,-3.92285713092793,3.2736028137103363,-0.3211758785053052,-0.0,-1.259927085276579
2018-04-24,1080.74,0.36708855045434347,4.915336857810271,0.1966293738962073,0.07218039184030386,-0.0
2018-04-26,1044.86,-3.3763086539163045,3.4375983641143826,0.08572652341155562,0.0,0.2894392028645939
2018-04-27,1050.26,0.515484741456164,1.8502238647161482,0.07678471997343883,0.03958135152329206,-0.0
2018-05-02,1029.08,-2.037255335075009,1.7495388477661926,-0.5981825512877884,-0.0,-1.218650593959827
2018-05-03,1026.46,-0.2549209860992782,2.859764598369411,-0.01773366146372135,-0.0,-0.004520682467482616
2018-05-04,1026.8,0.03311806620763961,0.9412462906347601,0.5183800592204743,0.017167745121983807,-0.0
2018-05-07,1062.26,3.395154393338435,3.082390421017245,-0.4002063196130073,-1.3587622442759075,0.0
2018-05-08,1060.45,-0.17053676090142766,0.9961054179244593,0.17967308363860449,0.0,0.030640865704898906
2018-05-09,1056.97,-0.32870220677130574,1.434916024950599,0.6318695454983317,0.0,0.20769691399688361
2018-05-10,1028.87,-2.6945211649474174,2.135179484716152,0.5391196512258426,0.0,1.4526693106671027
2018-05-11,1044.85,1.541222182193878,3.168745436616341,0.500120731480582,0.7707971651329011,-0.0
2018-05-14,1066.98,2.0958893557517406,1.9313325744519787,-0.6302128073729147,-1.3208563148313142,0.0
2018-05-15,1073.5,0.6092110335211351,1.276382361894941,-0.12456784286014148,-0.07588810429232515,0.0
2018-05-16,1054.62,-1.7743825865973826,0.7958231488979164,0.388277342835129,0.0,0.6889525558969549
2018-05-17,1030.64,-2.3000543969592413,1.2485972951755244,0.4636753249902737,0.0,1.0664784700053842
2018-05-18,1040.54,0.9559840667727297,3.337571561036406,0.4545511045725848,0.43454361350533593,-0.0
2018-05-21,1014.98,-2.48709013027414,0.8926084745935472,-0.6313517805178254,-0.0,-1.5702287820568885
2018-05-22,985.91,-2.9059114302166553,6.157485825135944,-0.05436148493360186,-0.0,-0.15796966043210414
2018-05-23,988.94,0.30685898955375956,3.6727527912532616,0.5138670895544206,0.15768473586560078,-0.0
2018-05-24,985.92,-0.30584470333233094,2.2648058612416273,0.4919885244041417,0.0,0.15047208428929598
2018-05-25,963.9,-2.2587660618380623,1.6797448199269958,0.45369003303046146,0.0,1.0247796492033958
2018-05-28,931.75,-3.3923016430554647,7.198458045564679,-0.39483694768014277,-0.0,-1.3394060263543528
2018-05-29,952.18,2.16895541897053,7.475062149810989,0.09916807497355558,0.21509113360276916,-0.0
2018-05-30,948.5,-0.3872303174004328,2.413279067899797,0.661275373976686,0.0,0.256065872954082
2018-05-31,971.25,2.3702112306788305,2.675680581069522,0.6281084793843055,1.4887497719212834,-0.0
2018-06-01,992.87,2.2015837378109233,1.4598321969870327,0.6090149850113414,1.3407974870841326,-0.0
2018-06-04,1013.78,2.084145902673369,0.9290049471202227,-0.425505687189564,-0.886815934520346,0.0
2018-06-05,1022.74,0.8799381114508475,0.5888872961804024,0.09319609392998178,0.08200679488734397,-0.0
2018-06-06,1034.5,1.1432917984389117,1.5400460058494339,0.6280153293987464,0.7180047753954983,-0.0
2018-06-07,1036.69,0.2114727104855557,0.7577852953766119,0.6482723671880163,0.1370919146221372,-0.0
2018-06-08,1039.01,0.22353914015336313,0.5410385406447891,0.5903108948689169,0.13195758986216002,-0.0
2018-06-11,1039.02,0.0009624500127504418,1.1435410764677976,-0.5949480488326288,-0.000572607757184814,0.0
2018-06-12,1020.76,-1.773051332231737,4.909225340283692,-0.15347276448020394,-0.0,-0.2721150895229132
2018-06-13,1030.53,0.9525785118482072,0.17208343348238095,0.30424002911605014,0.28981251418002224,-0.0
2018-06-14,1015.72,-1.447551238308744,0.42374149286098184,0.16899203258252424,0.0,0.2446246260291446
2018-06-15,1016.51,0.07774710931278488,0.67126788790251,0.020264692673432522,0.0015755212764713492,-0.0
2018-06-18,987.34,-2.911601236701792,2.636390363893677,-0.9719648645174034,-0.0,-2.8299741015595616
2018-06-19,962.16,-2.5833701328940535,10.833739879225375,-0.4712090523590528,-0.0,-1.2173073922136872
2018-06-20,980.95,1.934073286447661,1.1378095489172775,0.03350392625977726,0.0647990487701475,-0.0
2018-06-21,969.4,-1.1844166455562304,0.7144554878411598,0.0076327374731091635,0.0,0.009040341314311294
2018-06-22,983.17,1.4104721763150612,1.4492643768225422,-0.20845572565551862,-0.2940210010306747,0.0
2018-06-25,990.52,0.74480125826393,0.8419586199281586,-0.8909858539031145,-0.6636073850824017,0.0
2018-06-26,983.02,-0.7600591936914237,1.9219965440640547,-0.5863800934452246,-0.0,-0.44568358102067906
2018-06-27,968.91,-1.4457737499896282,0.629702266169813,-0.2667089194266696,-0.0,-0.3856007545951777
2018-06-28,957.35,-1.2002677501040802,2.2880738406082584,-0.30887997954212837,-0.0,-0.3707386780972247
2018-06-29,960.78,0.3576403743226151,0.7356148088801842,-0.20205668505022276,-0.07226362847574841,0.0
2018-07-02,947.15,-1.4287978988152605,4.1365334469801445,-0.8538263356743448,-0.0,-1.2199452743646373
2018-07-03,906.01,-4.4407132064627675,2.699168809372207,-0.4932700344889038,-0.0,-2.19047075650722
2018-07-04,914.99,0.9862792744390975,3.05086232459869,0.09422744743868605,0.09293457849207547,-0.0
2018-07-05,899.4,-1.7185261917444188,4.10508142481173,0.2846140537004304,0.0,0.4891167058227422
2018-07-06,917.51,1.9935604715283914,3.175446208856435,0.39107484887084815,0.7796313601178625,-0.0
2018-07-09,915.12,-0.26082748344730333,0.9512525195209341,-0.6634397294126003,-0.0,-0.1730433150416484
2018-07-10,911.12,-0.4380592251322314,0.3802163290737726,-0.26116801741874734,-0.0,-0.11440705933977757
2018-07-11,893.16,-1.9908875806276074,4.084157074844035,0.027140206348008067,0.0,0.05403309975391981
2018-07-12,898.51,0.5972099662405361,2.486599473220149,0.01207479278734309,0.0072111865928906355,-0.0
2018-07-13,909.72,1.2399024033988104,1.0850336103245934,0.011505306214887774,0.014265456827678621,-0.0
2018-07-16,911.11,0.15267765469735056,0.8746503265321081,-0.7577710245948762,-0.11569470283275406,0.0
2018-07-17,921.27,1.1089516498359107,1.051268441386648,-0.28087780426930126,-0.3114799044467296,0.0
2018-07-18,942.39,2.266604873404452,1.4000386135624487,0.31670512351662844,0.7178453763949489,-0.0
2018-07-19,943.97,0.16751843439095074,0.3043809131641776,0.2914880190211164,0.048829616590137084,-0.0
2018-07-20,933.39,-1.1271266041637396,0.9397676210193219,0.319610249188554,0.0,0.3602412148238215
2018-07-23,936.74,0.3582642472122005,1.9000141443740355,-0.5824583841606551,-0.20867401453375178,0.0
2018-07-24,934.08,-0.284367474423426,0.8449182910926062,-0.14476018392679368,-0.0,-0.04116508790033295
2018-07-25,927.58,-0.6983043534495507,0.3044871501897018,0.34813043585338943,0.0,0.24310099892471138
2018-07-26,930.16,0.27775702290980975,0.5015373727136462,0.27033445251381305,0.07508729272019005,-0.0
2018-07-27,935.52,0.5745910067007751,0.38262797777446705,0.1607175349777342,0.09234685021732333,-0.0
2018-07-30,949.73,1.5075209245444599,0.7884364503320523,-0.6603767570324982,-0.9955317793093038,0.0
2018-07-31,956.39,0.6988045980499145,0.4987298241996325,-0.22832816497194486,-0.15955677154669448,0.0
2018-08-01,952.77,-0.37922482540086705,0.47712440557192987,0.28719058887288834,0.0,0.10890980092209328
2018-08-02,953.55,0.08183306512319301,0.6902563695636178,0.37147034701884457,0.030398557098928213,-0.0
2018-08-03,959.6,0.6324668915012138,0.8429808408082574,0.5286900586882083,0.3343789579861254,-0.0
2018-08-06,960.23,0.06563081341720921,0.3113670800697619,-0.546562563246719,-0.035871345609277024,0.0
2018-08-07,956.79,-0.35889074629784623,0.3728390019936891,-0.15086389305325892,-0.0,-0.054143655167282555
2018-08-08,966.27,0.9859366627658721,0.2217109953891805,0.27851346549538797,0.2745966367058807,-0.0
2018-08-09,963.5,-0.2870810409970825,0.32773768686379556,0.2797124660876039,0.0,0.08030014594429047
2018-08-10,968.47,0.5145018777197798,0.22172733490051497,0.09878567465598474,0.050825415102319416,-0.0
2018-08-13,978.04,0.9833062362325593,0.5877380727058644,-0.7753653811390979,-0.7624216146329102,0.0
2018-08-14,978.27,0.02351365591954197,0.24474304915405237,-0.4033714560702369,-0.00948473762580019,0.0
2018-08-15,961.37,-1.7426355073596869,0.6868221014423432,0.07348630707942812,0.0,0.12805984802134895
2018-08-16,964.28,0.302235838823502,1.0665703389759327,0.03131524696396926,0.009464589934120374,-0.0
2018-08-17,968.88,0.4759056345017246,0.6454545889089421,0.05664151944957744,0.026956018252792924,-0.0
2018-08-20,969.62,0.07634769522263353,0.2628196986394036,-0.7998598216292904,-0.06106745388258308,0.0
2018-08-21,979.21,0.9841881959194592,0.13970010276574807,-0.3871963089113691,-0.38107403673415396,0.0
2018-08-22,982.15,0.29979220560692577,0.2299298136687525,0.10836787901837669,0.03248784546786364,-0.0
2018-08-23,987.36,0.5290668392471409,0.23245051180695137,0.13397205310677207,0.07088017068465001,-0.0
2018-08-24,987.05,-0.03140178610799781,0.19639236647992922,0.09086667245971382,0.0,0.002853375812925429
2018-08-27,991.92,0.4921762159909702,0.28054108527464333,-0.7481466836026622,-0.36822000374175196,0.0
2018-08-28,995.19,0.3291214831333349,0.11057151882827394,-0.3858550177908037,-0.12699317572974864,0.0
2018-08-29,988.17,-0.7078925979170175,0.12208832443149036,-0.13641477197018373,-0.0,-0.0965670073242309
2018-08-30,998.07,0.9968666408561009,0.6638387441026432,-0.12092449700306941,-0.12054559712466344,0.0
2018-08-31,989.54,-0.8583225449940325,0.6034141978930784,-0.11314390234360237,-0.0,-0.09711396221011706
2018-09-04,975.94,-1.3839079568804336,2.8754385337048225,-0.8358449095372397,-0.0,-1.1567324210265921
2018-09-05,968.44,-0.7714579656934523,0.8560560858897492,-0.3792441841768446,-0.0,-0.29257094682614143
2018-09-06,958.19,-1.064044129667411,0.45625319586652074,0.009461252085085664,0.0,0.010067189740438954
2018-09-07,968.9,1.1115319231001117,0.22053368422092368,0.03059024832099354,0.034002037544343916,-0.0
2018-09-10,970.34,0.14851181541936262,0.21556513870161975,-0.7151552020768849,-0.1062089973670393,0.0
2018-09-11,985.06,1.505602747735622,0.41798657376987286,-0.27917401382724766,-0.4203251623146866,0.0
2018-09-12,987.01,0.19776180719074457,0.4516738984056765,0.17268451898238713,0.03415040254782131,-0.0
2018-09-13,987.95,0.09519180854108904,0.31815231652485726,0.19444302923805554,0.018509383611378362,-0.0
2018-09-14,991.34,0.3425474099114814,0.24830040967094597,0.1204428650779877,0.041257391474782704,-0.0
2018-09-17,987.61,-0.3769680302274251,0.19022406657850066,-0.8446286664125067,-0.0,-0.31839800465113954
2018-09-18,993.49,0.5936113539283684,0.2895588337285452,-0.37215141804596485,-0.22091330713262744,0.0
2018-09-19,995.54,0.20613069947346577,0.31183453629630775,0.13499999587613243,0.027827643578862173,-0.0
2018-09-20,1004.74,0.9198777044538367,0.09621486797322498,0.26419590814960026,0.24302792551475097,-0.0
2018-09-21,1002.97,-0.1763203309801328,0.3345722904530263,0.25826175952051195,0.0,0.04553679891816813
2018-09-24,1011.29,0.8261145351181203,0.3016995055662422,-0.6884031586335001,-0.5686998553683595,0.0
2018-09-25,1010.74,-0.05440077679995343,0.16321341821373506,-0.1657695866909992,-0.0,-0.009017994285797578
2018-09-26,1009.61,-0.11186181778715622,0.267493230191141,0.4413402916424262,0.0,0.049369127285835465
2018-09-27,1015.37,0.568896041920569,0.29533442149092815,0.4026456876940217,0.2290635380255145,-0.0
2018-09-28,1017.13,0.17318577514408975,0.1261343488412131,0.37159565379563414,0.06435508134277172,-0.0
2018-10-01,1012.88,-0.41871776093810503,0.38688690872875164,-0.6433904288361998,-0.0,-0.2693989997713008
2018-10-02,1018.79,0.5817890375952788,0.2831904445465325,-0.11138953590688024,-0.0648052108934486,0.0
2018-10-03,1020.4,0.15790586797059392,0.3148303586647561,0.2862554042125735,0.045201408063459625,-0.0
2018-10-04,1023.62,0.31506567094719207,0.0834606888500487,0.25710880965548455,0.08100615962053913,-0.0
2018-10-05,1008.39,-1.499036441225661,0.5989526929942457,0.2077060523823342,0.0,0.311358941584245
2018-10-08,996.12,-1.2242546309927114,0.54958498176561,-0.6539953993400216,-0.0,-0.8006568962899491
2018-10-09,996.19,0.007027018890515006,0.14118439749933429,-0.24506223392910653,-0.001722056947171639,0.0
2018-10-10,993.96,-0.2241038045676656,0.27009221222746205,0.21775355133025487,0.0,0.048799399311230576
2018-10-11,945.89,-4.957068117699737,13.370876915366082,0.2921546229149741,0.0,1.448230366690407
2018-10-12,970.08,2.5252259102244854,3.406454551444765,0.44252041082192733,1.1174640072107147,-0.0
2018-10-15,951.64,-1.9191730309777573,0.607841560270785,-0.6477948444488564,-0.0,-1.2432303950726764
2018-10-16,963.37,1.2250741984111693,0.2559154708139209,-0.2636213229457177,-0.32295568089181714,0.0
2018-10-17,971.6,0.8506643130262571,0.7439099048307731,0.10307368926973515,0.08768110907372113,-0.0
2018-10-18,963.47,-0.8402846239924205,0.30197183810047123,0.09314376127954498,0.0,0.07826727042402223
2018-10-19,958.36,-0.5317860624933979,1.4064495205309966,0.10145617977479014,0.0,0.05395298235805796
2018-10-22,953.51,-0.5073577600701339,0.4755322013930392,-0.7612165152024916,-0.0,-0.38620910608152914
2018-10-23,939.68,-1.4610520888248653,4.012068266077433,-0.35678888960422445,-0.0,-0.5212871524257564
2018-10-24,922.73,-1.8202724441989813,0.9550498184734876,0.06914076050111496,0.0,0.1258550211111409
2018-10-25,910.17,-1.3705272081921158,8.2851085483918,0.17655283566302246,0.0,0.24197046495964358
2018-10-26,900.82,-1.0325935624665439,0.42135347778256255,0.23895423964856252,0.0,0.24674260958519345
2018-10-29,888.82,-1.3410719303159448,1.3971970836306566,-0.7064771462303122,-0.0,-0.9474366702191849
2018-10-30,888.69,-0.014627203248569677,0.9665764471631181,-0.22408537621599137,-0.0,-0.003277742342943507
2018-10-31,914.76,2.8913267498194837,2.189572922961857,0.35005048708786624,1.0121103371044875,-0.0
2018-11-01,907.96,-0.7461411020681338,5.300029807456818,0.33611758566817107,0.0,0.2507911457949295
2018-11-02,924.86,1.8442049938800862,8.354281231588152,0.31835212832852683,0.5871065848758232,-0.0
2018-11-05,925.53,0.072417169275695,0.4635144600257496,-0.7957048569060802,-0.05762269331606027,0.0
2018-11-06,922.05,-0.3767094377931239,0.14756681910140548,-0.4187939868540835,-0.0,-0.1577636473389427
2018-11-07,922.16,0.011929227162900548,0.4988397274283841,0.04125955131931352,0.000492194560327444,-0.0
2018-11-08,926.28,0.4457820457005662,0.6393597721726069,0.003428890563045331,0.0015285378496777138,-0.0
2018-11-09,914.29,-1.3028756968299142,0.6353940120141389,0.024066971877981406,0.0,0.03135627275611097
2018-11-12,918.12,0.4180293250297176,1.0063979233016567,-0.8283724002994127,-0.34628395537041057,0.0
2018-11-13,907.99,-1.1094735706972418,1.2295570206100104,-0.34883065384956957,-0.0,-0.3870183910951355
2018-11-14,900.93,-0.7805802188527883,0.793945045666911,0.09123518649077599,0.0,0.07121638183804486
2018-11-15,897.15,-0.4204490977584781,0.7199741189992942,0.19413966321910273,0.0,0.08162584623960654
2018-11-16,898.19,0.11585550551187844,0.45892110567657596,-0.02840963956483883,-0.003291413153194665,0.0
2018-11-19,916.06,1.9700237498567512,1.1004088531392442,-0.8356422458189581,-1.6462350706469808,0.0
2018-11-20,919.02,0.3226020192155535,0.116613401546957,-0.5035459521964208,-0.16244494094638393,0.0
2018-11-21,922.56,0.384452954551961,0.6141304990837017,-0.0028014588073373057,-0.00107702911553644,0.0
2018-11-22,924.42,0.20140993717011857,0.09869779643849963,-0.01005703152169952,-0.0020255860869034022,0.0
2018-11-23,917.97,-0.7001803473804419,0.28728933555893643,0.03648029584456209,0.0,0.025542786216986774
2018-11-26,921.03,0.33278986667769167,0.2046819538984741,-0.9773465679375462,-0.32525103404183553,0.0
2018-11-27,923.12,0.2266627871701337,0.4873249491581735,-0.5318162740455002,-0.12054295893758872,0.0
2018-11-28,930.2,0.7640379903584427,0.09318272436554674,-0.1680950100053306,-0.12843097363375508,0.0
2018-11-29,926.79,-0.36726141044012894,0.39926968768551596,-0.07349575770384585,-0.0,-0.0269921556356804
2018-11-30,926.54,-0.02697846595224594,0.3402374960662886,-0.07789297924809913,-0.0,-0.002101433088563842
2018-12-03,951.59,2.6677051730447654,2.723104744582591,-0.837937874654072,-2.235371202904804,0.0
2018-12-04,958.84,0.7589950748688602,0.35364346869195656,-0.2547360265521604,-0.1933433895447529,0.0
2018-12-05,957.14,-0.1774549260547479,0.8653015724913671,0.15876991336003435,0.0,0.02817450323502363
2018-12-06,954.82,-0.24268302042275114,0.6590294018816188,0.05051443679587218,0.0,0.012258996096576418
2018-12-07,958.59,0.3940613750859294,0.2932278406637143,-0.12251146093065106,-0.048277034758118474,0.0
2018-12-10,955.89,-0.2820611121626128,0.27264667818068083,-0.893553516334261,-0.0,-0.2520366985940551
2018-12-11,954.58,-0.13713905010923588,0.3960487916104733,-0.5699554650589362,-0.0,-0.07816315108275029
2018-12-12,961.28,0.6994276527085391,0.14122164396551484,-0.2237953513374952,-0.15652865727306708,0.0
2018-12-13,960.25,-0.107206246964634,0.2395276392487755,-0.26515723182494777,-0.0,-0.02842651167948406
2018-12-14,952.04,-0.8586616510607514,0.272163164295557,-0.19397063744023715,-0.0,-0.16655514780174044
2018-12-17,933.65,-1.9505415050317731,0.9923706780800694,-1.057502140162185,-0.0,-2.0627018160462693
2018-12-18,927.25,-0.6878419295388724,1.430302066436217,-0.6211482079575203,-0.0,-0.42725178189111357
2018-12-19,919.24,-0.8675974680994977,0.705129526274708,-0.2676356076854915,-0.0,-0.23219997560120287
2018-12-20,918.24,-0.10884473286527464,0.3091169481920207,-0.21565642717834374,-0.0,-0.023473066206906378
2018-12-21,912.26,-0.6533757196204841,0.6415131316961369,-0.24986603310398162,-0.0,-0.1632563991880297
2018-12-24,908.56,-0.40641085804568433,0.282328028954349,-1.1161721124277673,-0.0,-0.4536244659384329
2018-12-25,897.94,-1.1757677658188552,4.250581323593052,-0.7823530678684283,-0.0,-0.9198655186891891
2018-12-26,891.75,-0.6917426686201437,0.34965675447309685,-0.40916643546798603,-0.0,-0.28303788198041646
2018-12-27,900.81,1.0108534328145775,7.954179454558699,-0.41624326306716103,-0.42076093135738096,0.0
2018-12-28,892.54,-0.9223027990475141,0.7632119159367733,-0.3046269842813705,-0.0,-0.28095832026811113
2019-01-02,891.75,-0.08855063376707217,0.7978163748390845,-1.0077380060800412,-0.0,-0.08923583910955328
2019-01-03,878.22,-1.5288692515090354,1.9327846091128398,-0.6745796158975274,-0.0,-1.0313440324405052
2019-01-04,880.9,0.3046980391839489,2.197293511981437,-0.2731103321321325,-0.0832161826815378,0.0
2019-01-07,889.64,0.9872774398493298,1.5629454087069234,-1.03926492912422,-1.0260428185509551,0.0
2019-01-08,887.44,-0.24759730838389743,0.3511590826905239,-0.7918153594021633,-0.0,-0.196051351725004
2019-01-09,896.99,1.0703800294231511,0.3851982288343785,-0.4359142183690367,-0.46659387388381945,0.0
2019-01-10,898.3,0.14593745105250824,0.1138491518692833,-0.43208473927562524,-0.06305734548857235,0.0
2019-01-11,902.71,0.48972618850678507,0.16473982575465887,-0.39835509932231594,-0.1950849244633596,0.0
2019-01-14,901.8,-0.100858413324493,0.25314429241358355,-0.9624280573358418,-0.0,-0.09706896680186718
2019-01-15,909.68,0.8700123329483528,0.3698733082659796,-0.6275469162165261,-0.5459735566120844,0.0
2019-01-16,908.7,-0.10778826151660137,0.19219433715521134,-0.2971559085674473,-0.0,-0.03202991878387129
2019-01-17,901.89,-0.7522445294844456,0.10876878393441777,-0.4361908955260545,-0.0,-0.32812221497039584
2019-01-18,902.3,0.045449759399806826,0.19894831679768887,-0.4846347390601524,-0.02202653228707209,0.0
2019-01-21,911.05,0.9650721495432592,0.38404592276880894,-0.9988146807235355,-0.9639282309212265,0.0
2019-01-22,906.55,-0.4951594624069967,0.10256200945346251,-0.6233190495567777,-0.0,-0.3086423254865742
2019-01-23,908.02,0.1620218918615331,0.127109671835315,-0.28003463663716605,-0.04537174161471063,0.0
2019-01-24,908.79,0.08476395947878822,0.09665958530100022,-0.3648009901163098,-0.030921976344040703,0.0
2019-01-25,908.88,0.009902787642822675,0.07959874195619676,-0.4496530614530337,-0.004452818780514487,0.0
2019-01-28,912.18,0.3624266759150395,0.12411531845359662,-1.1358584740720539,-0.4116654110678636,0.0
2019-01-29,915.93,0.4102603519259969,0.4467054003775369,-0.8835296582124826,-0.3624771885153089,0.0
2019-01-30,915.84,-0.009826561202812027,0.0970050344092782,-0.5314559376518347,-0.0,-0.005222384297933607
2019-01-31,910.65,-0.5683046683478672,0.23221726530550754,-0.5691988219295898,-0.0,-0.3234783477206923
2019-02-01,908.67,-0.21766382843362939,0.11783345680456406,-0.6528060496809078,-0.0,-0.14209226399818045
2019-02-11,926.1,1.9000228216006922,1.4266994467623082,-1.0344765362917558,-1.9655290273647728,0.0
2019-02-12,937.54,1.2277203424812861,0.6768137613705967,-0.6285119836086538,-0.7716369477696089,0.0
2019-02-13,945.25,0.8190019170006169,0.09867304380106917,-0.2117484242957549,-0.17342236542008327,0.0
2019-02-14,952.34,0.7472671117136429,0.23121437005568693,-0.18968379278531122,-0.14174445997356866,0.0
2019-02-15,950.89,-0.15237257510060576,0.27699960275315305,-0.1914994556480967,-0.0,-0.029179265187464734
2019-02-18,961.3,1.0888146934597942,0.4176764910404247,-0.9735160706385297,-1.0599786020304742,0.0
2019-02-19,964.35,0.31677641840349324,0.5940806068829059,-0.6180918187511942,-0.1957969125885044,0.0
2019-02-20,970.58,0.6439531692169236,0.21693164785401656,-0.22014348382204288,-0.14176209408965906,0.0
2019-02-21,987.57,1.735354939095272,0.6796270597723721,-0.22750418264663874,-0.3948005070206774,0.0
2019-02-22,988.91,0.1355946131819329,0.43583177171521514,-0.21431971208228198,-0.029060598457060254,0.0
2019-02-25,994.43,0.5566382216779537,0.6003659533559808,-0.9446708122702056,-0.5258398810131553,0.0
2019-02-26,987.06,-0.7438880828142039,1.4334931237672757,-0.6928291564513659,-0.0,-0.5153873529103887
2019-02-27,990.27,0.32468053586567774,0.2787596638802798,-0.260199461898256,-0.08448170072108675,0.0
2019-02-28,965.47,-2.536260381564388,0.8158003829793504,-0.2813247032539239,-0.0,-0.7135126992182852
2019-03-01,979.63,1.4559919951481755,0.9451421964238103,-0.1022666095248585,-0.14889936483913813,0.0
2019-03-04,993.99,1.4552196889916669,0.6939227645781525,-0.8772084555370493,-1.2765310158474854,0.0
2019-03-05,992.45,-0.1550512785208496,0.7471552790392034,-0.405414461958147,-0.0,-0.06286003065745303
2019-03-06,994.49,0.2053409480712259,0.4028261131085228,0.08070668115519868,0.01657238642409064,-0.0
2019-03-07,994.03,-0.04626556516457352,0.5439054809828358,-0.025550385520748564,-0.0,-0.0011821030262901685
2019-03-08,985.25,-0.8871971212540232,0.4383184923769453,-0.1632363278674206,-0.0,-0.14482280016805343
2019-03-11,984.6,-0.06599487510128033,0.16084552198476743,-0.9778327097726732,-0.0,-0.06453194755139406
2019-03-12,1001.32,1.683894122393472,1.0143809558428845,-0.5600173247947383,-0.9430098816603758,0.0
2019-03-13,1005.41,0.40762889510096756,0.3425421841995955,-0.12337438591718249,-0.05029096461518147,0.0
2019-03-14,1009.56,0.4119173851677934,0.3879940884505367,-0.06078202263220506,-0.025037171827867546,0.0
2019-03-15,1004.12,-0.5403056328872008,0.19563377501986146,-0.09718407457203289,-0.0,-0.05250910291819915
2019-03-18,1011.86,0.7678685334762251,0.18545704917886716,-0.8224464861540558,-0.6315307771857893,0.0
2019-03-19,1006.59,-0.52218404964438,0.3255807141458056,-0.4577580961008257,-0.0,-0.23903397637943044
2019-03-20,1002.3,-0.42710218293484203,1.0617338873826725,-0.02235588356681052,-0.0,-0.009548246672821935
2019-03-21,981.78,-2.06853873619614,0.9274033954399249,-0.11475549578570217,-0.0,-0.23737618822411782
2019-03-22,988.71,0.7033812474572946,0.3382361645502247,-0.21260929066135348,-0.14954538808639334,0.0
2019-03-25,970.07,-1.9032829301314538,2.83639424061905,-0.988540863097419,-0.0,-1.881472950470732
2019-03-26,969.79,-0.02886806284418089,0.7717490075658174,-0.6305401879760861,-0.0,-0.018202473772275286
2019-03-27,975.91,0.6290815832771958,0.4757935042353209,-0.23318219590859068,-0.14669062499422947,0.0
2019-03-28,982.98,0.7218405013779319,0.21787246487508255,-0.22753705395239368,-0.1642454611070534,0.0
2019-03-29,980.76,-0.22609927441884112,0.2044179245527014,-0.1750779074729173,-0.0,-0.0395849878463956
2019-04-01,988.53,0.7891209847768073,0.0708058576814471,-0.9506824664828663,-0.7502034841610035,0.0
2019-04-02,985.81,-0.2755352898534451,0.28499828348322154,-0.519687746388045,-0.0,-0.14319231383431366
2019-04-03,984.46,-0.13703707728031927,0.15676721771858979,-0.09365799028831893,-0.0,-0.012834617253059753
2019-04-04,986.91,0.24855823730358792,0.1926431444206776,-0.1473681340062766,-0.036629563623319046,0.0
2019-04-05,989.26,0.23783390171194396,0.05963183654301539,-0.20573882870402707,-0.04893166836432405,0.0
2019-04-08,997.56,0.8355108448372561,0.07937544725852948,-0.8844741838147291,-0.7389877725557868,0.0
2019-04-09,988.48,-0.9143887600780106,0.2445308858559319,-0.49063919920440996,-0.0,-0.4486349690061885
2019-04-10,981.91,-0.6668755270341994,0.6696619324831795,-0.19102462512323856,-0.0,-0.12738964755557008
2019-04-11,985.95,0.4105988917820079,0.11476945672741787,-0.2367960566708179,-0.09722819844738738,0.0
2019-04-12,982.9,-0.3098257805111358,0.1551295034973934,-0.37352308527843747,-0.0,-0.11572708143531943
2019-04-16,977.17,-0.584674661931842,1.9174916645556392,-0.952787136018543,-0.0,-0.5570704966446497
2019-04-17,972.1,-0.5201959126241966,0.2842634242724989,-0.5808309590667007,-0.0,-0.30214589083208976
2019-04-18,962.3,-1.013242746466822,0.5134927615577265,-0.3172365183264823,-0.0,-0.3214376011086973
2019-04-19,966.21,0.4054949528445059,0.45795971009144154,-0.40763464383062137,-0.16529379067788477,0.0
2019-04-22,965.86,-0.03623057175242695,0.2741037842513211,-1.0875126779114102,-0.0,-0.03940120610874333
2019-04-23,968.0,0.22131911033010662,0.19341907244158843,-0.755496966698983,-0.1672059165269131,0.0
2019-04-24,976.92,0.9172678097309511,0.39042506904461394,-0.31761330147788663,-0.2913364573880373,0.0
2019-04-25,974.13,-0.286000041183698,0.11181219986217682,-0.29869283565228216,-0.0,-0.08542616329782823
2019-04-26,979.64,0.5640392275377448,0.23108492938313313,-0.29553839907250223,-0.16669525032059593,0.0
2019-05-02,978.5,-0.11643704012961978,0.10179737166288887,-1.1303497182524598,-0.0,-0.13161457550466607
2019-05-03,974.14,-0.4465756356468076,0.21150423194577997,-0.7954186462586099,-0.0,-0.3552145875582619
2019-05-06,957.97,-1.673856823921815,1.7133368944406837,-1.1205012564204182,-0.0,-1.8755586742722845
2019-05-07,957.56,-0.04280799635204809,0.503740079575103,-0.8238581697001419,-0.0,-0.0352677175231287
2019-05-08,951.22,-0.6643011049067149,0.5129601447434505,-0.4605430174065965,-0.0,-0.30593923532027445
2019-05-09,947.01,-0.4435718435440795,0.3740273876876486,-0.4194799945262829,-0.0,-0.1860695145018837
2019-05-10,952.55,0.5832946269027586,0.24399677183960644,-0.3875598941298208,-0.22606160384892643,0.0
2019-05-13,958.54,0.6268694426222752,0.07693448342397932,-1.0794775872668003,-0.6766915134531776,0.0
2019-05-14,965.34,0.7069077403332055,0.25289920770101726,-0.6236330380918204,-0.4408510217546206,0.0
2019-05-15,975.64,1.0613295020276938,0.5609224112289154,-0.24170768474327922,-0.25653149668485137,0.0
2019-05-16,975.69,0.005124709814436586,0.16160878587971317,-0.2798758419851973,-0.0014342824742452438,0.0
2019-05-17,976.48,0.08093557867650393,0.13012630912753564,-0.3966565971866465,-0.032103631229154155,0.0
2019-05-20,987.13,1.084747422337058,0.03238186930124996,-1.0499502663804958,-1.1389308450383502,0.0
2019-05-21,986.29,-0.08513140139773329,0.18886467236559923,-0.7483942348920339,-0.0,-0.06371185001434324
2019-05-22,983.78,-0.2548134186213114,0.43012346332479406,-0.377869640073418,-0.0,-0.09628625478031212
2019-05-23,982.71,-0.10882334571706646,0.28256884627137696,-0.35670158603229535,-0.0,-0.0388174600146184
2019-05-24,970.03,-1.2987062507969886,0.7340388036484052,-0.3517215155400098,-0.0,-0.4567829307716009
2019-05-27,975.14,0.5254051579192124,0.07302250828484924,-1.0720109143785368,-0.5632400637601744,0.0
2019-05-28,972.0,-0.3225245972977352,0.35222082170254476,-0.7313044336714679,-0.0,-0.23586366797193847
2019-05-29,971.54,-0.047336304741805224,0.14882814614236753,-0.4308906687869028,-0.0,-0.02039677200809709
2019-05-30,969.34,-0.22670138722789235,0.27469797309722194,-0.4932649389045218,-0.0,-0.11182384592053665
2019-05-31,959.88,-0.9807150892011177,0.2100266235671157,-0.5600585993610152,-0.0,-0.5492579192301911
2019-06-03,946.47,-1.406900222275086,1.9117355284361592,-1.1745597382856003,-0.0,-1.6524883568693778
2019-06-04,951.16,0.49430179217165443,0.24373897653770685,-0.8647835082820903,-0.42746403798432797,0.0
2019-06-05,951.41,0.026280242139719336,0.17845445685586062,-0.6129354608956051,-0.016108092328356974,0.0
2019-06-06,948.21,-0.33690980584381475,0.7698510342164581,-0.6748630880268228,-0.0,-0.22736799195827415
2019-06-07,958.28,1.0564014130132813,0.37123033864524957,-0.7367571522959905,-0.7783112967331256,0.0
2019-06-10,962.9,0.48095534054498196,0.39774261633667074,-1.2608544269024389,-0.6064146702685106,0.0
2019-06-11,962.07,-0.08623511550161139,0.12539805940818327,-0.9991561508323431,-0.0,-0.08616234607117255
2019-06-12,954.17,-0.824536045315717,0.19570189082308015,-0.6715869382745572,-0.0,-0.5537476381705939
2019-06-13,950.08,-0.4295661062669892,0.3378992713449125,-0.6452905216962047,-0.0,-0.2771949368160328
2019-06-14,953.61,0.3708591257887731,0.09702019680641266,-0.6296841245978534,-0.23352410397142878,0.0
2019-06-17,946.95,-0.7008489351538357,0.42499623254540403,-1.230875364180972,-0.0,-0.862657688293324
2019-06-18,944.01,-0.3109534172012471,0.37913081942815124,-0.944440425093649,-0.0,-0.2936769775258686
2019-06-19,949.69,0.5998856242798599,0.20017294553849369,-0.5553391920820875,-0.3331399979292361,0.0
2019-06-20,959.18,0.9943137234470791,0.5781445239847302,-0.5815215714934299,-0.5782148790164291,0.0
2019-06-21,959.2,0.002085092630336611,0.10665240736258501,-0.5685870645482153,-0.0011855566979942105,0.0
2019-06-24,962.85,0.37980327125923596,2.220446049250313e-12,-1.183787259940461,-0.44960627380039464,0.0
2019-06-25,960.13,-0.28289444653573836,2.220446049250313e-12,-0.8405137025324546,-0.0,-0.237776658683623
2019-06-26,959.13,-0.10420683914553058,2.220446049250313e-12,-0.5345626198523576,-0.0,-0.055705080940168045
2019-06-27,943.11,-1.6843698746014462,1.0633664528214541,-0.5545380629965085,-0.0,-0.9340472076311579
2019-06-28,949.94,0.7215899882236327,0.5301405769526135,-0.6324776096342145,-0.4563895108876642,0.0
2019-07-01,965.61,1.6361201279568278,1.1517271657359434,-1.176931611498684,-1.9256014988016625,0.0
2019-07-02,961.98,-0.37663655560732484,0.22862867248777538,-0.8269003534007696,-0.0,-0.31144090093534554
2019-07-03,960.39,-0.1654208464108109,0.13960957601258342,-0.5360628054055973,-0.0,-0.0886759629995477
2019-07-04,973.04,1.3085739345488,0.33284301446546444,-0.5462633953223361,-0.714826040516936,0.0
2019-07-05,975.34,0.23609368484117793,0.12025247568729715,-0.5913299875828919,-0.13960927572553294,0.0
2019-07-08,966.35,-0.9260040727115981,0.5308533325927092,-1.3119368768083814,-0.0,-1.2148588910650955
2019-07-09,969.05,0.27901227152799146,0.13292546984561088,-0.9907129768320364,-0.27642107809816485,0.0
2019-07-10,973.65,0.473568600083059,0.16012438200176163,-0.6498246412179735,-0.3077365456410718,0.0
2019-07-11,978.63,0.5101738276788951,0.20121894353781328,-0.5709513800450845,-0.29128445097614825,0.0
2019-07-12,975.4,-0.33059911484239,0.226638450279297,-0.5694511944918451,-0.0,-0.18826006084494568
2019-07-15,972.53,-0.29467199301019564,0.08046043506131333,-1.209868258749769,-0.0,-0.35651429108556953
2019-07-16,982.11,0.9802395028538213,0.2793686354303357,-0.9053628924637875,-0.8874724716110008,0.0
2019-07-17,982.57,0.04682696504322947,0.21695488859479514,-0.5567773507599881,-0.026072193540899874,0.0
2019-07-18,976.05,-0.6657773415717951,0.2591958533313271,-0.5912645278573879,-0.0,-0.39365052552259433
2019-07-19,982.34,0.6423666000059767,0.4551767696824476,-0.601465117774127,-0.38636110272676033,0.0
2019-07-22,982.04,-0.030543988671476868,0.12903326212460348,-1.15752263937259,-0.0,-0.03535535838397439
2019-07-23,989.46,0.7527299046286018,0.2729758487831033,-0.8576938937886753,-0.6456118428720837,0.0
2019-07-24,988.41,-0.10617483440668037,0.28573311456469425,-0.5919810577719579,-0.0,-0.06285349078082911
2019-07-25,994.95,0.6594893215007684,0.31690145193220604,-0.6470328221802083,-0.42671123688835294,0.0
2019-07-26,993.35,-0.1609415425602152,0.14711341573266615,-0.7087241252453076,-0.0,-0.11406315396661897
2019-07-29,997.94,0.46100850496163776,0.4185093966020049,-1.2257284533611486,-0.5650712417729636,0.0
2019-07-30,986.02,-1.2016515891111401,0.48616091536120043,-0.9831038027634746,-0.0,-1.181348246851934
2019-07-31,991.66,0.5703668227369781,0.4664591257917831,-0.6917524860578008,-0.39455266759319363,0.0
2019-08-01,997.39,0.5761560394037103,0.1475760666093332,-0.6432864831631588,-0.37063339234122716,0.0
2019-08-02,991.1,-0.6326429581321757,0.6464565735924017,-0.6428364073265925,-0.0,-0.40668592632615574
2019-08-05,973.15,-1.8277204724078802,0.7118387826427293,-1.135036254685222,-0.0,-2.074528999613345
2019-08-06,964.61,-0.8814358115950334,1.0900904840690329,-0.795366535113966,-0.0,-0.7010645473937083
2019-08-07,965.93,0.13674932461426567,0.5632630146321148,-0.3873526252399026,-0.05297020988911944,0.0
2019-08-08,975.24,0.9592226734337443,0.36208288652331866,-0.4383127882467366,-0.42043956454223336,0.0
2019-08-09,974.34,-0.09232758480625394,0.08227742587841125,-0.451078788865817,-0.0,-0.04164701513331103
2019-08-12,975.31,0.09950504757623235,0.1021824563601989,-1.1793770933163972,-0.11735397378076673,0.0
2019-08-13,966.83,-0.8732690630181706,0.5350930598355538,-0.8595218682793725,-0.0,-0.7505938565559551
2019-08-14,968.91,0.21490497696231656,0.24611926419479477,-0.5009679358589035,-0.10766050271461694,0.0
2019-08-15,979.38,1.0747990073743647,1.1069211891081403,-0.44931214923457397,-0.48292025199856253,0.0
2019-08-16,980.0,0.06328532706190015,0.49311944477041686,-0.4185469720069843,-0.026487882014229972,0.0
2019-08-19,981.03,0.10504684729103972,0.1700564883332798,-1.1168713125848593,-0.1173238102168448,0.0
2019-08-20,984.67,0.370351952030963,0.09440563937949308,-0.7355611085488536,-0.27241649238912696,0.0
2019-08-21,994.38,0.9812867705669982,0.3566100112330632,-0.3762947710798641,-0.3692530806942077,0.0
2019-08-22,997.26,0.28920909475661016,0.14636587500789566,-0.450163622613228,-0.13019141378832796,0.0
2019-08-23,992.45,-0.4834884852487063,0.14596448824282873,-0.5347670470550222,-0.0,-0.2585537095415563
2019-08-26,982.88,-0.968959604296945,1.227496261010308,-1.1095922854682356,-0.0,-1.0751501018582446
2019-08-27,976.79,-0.6215352181763547,0.34395222206736925,-0.6965212636470915,-0.0,-0.4329124955653653
2019-08-28,977.26,0.04810521829673025,0.10835747804007297,-0.34378965138275147,-0.01653807622792405,0.0
2019-08-29,978.59,0.1360022706244515,0.1546044229569244,-0.43462435123897664,-0.05910989863717996,0.0
2019-08-30,984.06,0.5574110680007041,0.14646996980271446,-0.5043170021999147,-0.28111187880716787,0.0
2019-09-03,979.36,-0.478757370031284,0.1071196355189044,-1.1280422299291955,-0.0,-0.5400585312851266
2019-09-04,977.63,-0.17680217585687485,0.2237453900255786,-0.8119710316373195,-0.0,-0.14355824512622947
2019-09-05,976.79,-0.08595901103372716,0.08687686710840156,-0.5625040811787286,-0.0,-0.04835229452055889
2019-09-06,974.08,-0.277824944064202,0.06686934361331147,-0.7081668779420615,-0.0,-0.1967464232523738
2019-09-09,974.12,0.004106354584295874,0.03387451342193913,-1.199613199673906,-0.004926037161862786,0.0
2019-09-10,970.26,-0.3970422521147145,0.3578689082787467,-0.8950910519568992,-0.0,-0.3553889671166962
2019-09-11,969.31,-0.09795986491536375,0.1902949466041593,-0.6203065440464796,-0.0,-0.06076514526090927
2019-09-12,976.07,0.6949826983963749,0.1863826544237936,-0.6000779954051852,-0.4170438244949831,0.0
2019-09-13,987.22,1.135860711247534,0.16074163106147163,-0.6680265790305512,-0.7587851451898989,0.0
2019-09-16,989.86,0.2670606722105888,0.14572877938204254,-1.1844082001176421,-0.31630885009515114,0.0
2019-09-17,996.74,0.6926434617869162,0.31146837517678094,-0.8529158924845738,-0.5907666163835924,0.0
2019-09-18,995.15,-0.15964740399386085,0.0988211807024464,-0.48981105911131123,-0.0,-0.07819706403460436
2019-09-19,997.1,0.19575862695178506,0.21376013643504596,-0.49296658796306453,-0.09650246239275588,0.0
2019-09-20,990.36,-0.6782552442154048,0.1350119620856938,-0.549985395192146,-0.0,-0.3730304785309549
2019-09-23,987.54,-0.28515111085615497,0.14134772614388375,-1.192775024679038,-0.0,-0.34012112328870536
2019-09-24,988.13,0.05972657554542669,0.19821400572775663,-0.9202911393915527,-0.054965838260656374,0.0
2019-09-25,987.3,-0.08403234220819278,0.18545661412215744,-0.5861529467511832,-0.0,-0.04925580500773603
2019-09-26,990.75,0.3488287453140398,0.1275603884702899,-0.6477017486359838,-0.22593698831439982,0.0
2019-09-27,997.84,0.7130710746909413,0.16973330266841058,-0.6670997301956985,-0.4756895215366837,0.0
2019-09-30,996.56,-0.12835942396165295,0.2494163817279908,-1.2040592871745,-0.0,-0.1545523565173973
2019-10-01,999.59,0.30358463313191764,0.05074844782186792,-0.8492500277724843,-0.2578192581185805,0.0
2019-10-02,991.19,-0.8438953426390943,0.39552825039288586,-0.570487955627658,-0.0,-0.4814321287858788
2019-10-03,992.45,0.12703919758211668,0.24165986497719535,-0.5537057290633598,-0.07034233151683013,0.0
2019-10-04,987.59,-0.4909001595731695,0.11882278716905857,-0.5973567349416853,-0.0,-0.29324251650498084
2019-10-07,983.09,-0.45669594469084035,0.10930311540051581,-1.2387098717492726,-0.0,-0.5657137750764037
2019-10-08,988.22,0.520467260895399,0.14166506439513069,-0.9348909053659759,-0.4865801087518491,0.0
2019-10-09,987.83,-0.039472685920269146,0.14132690468617654,-0.5758643248132699,-0.0,-0.022730911626042054
2019-10-10,987.38,-0.04556477617930454,0.0720858350976272,-0.6251181082126309,-0.0,-0.0284833666863388
2019-10-11,991.84,0.4506833549704526,0.05943036484983998,-0.713425085094614,-0.32152881087052126,0.0
2019-10-14,993.57,0.17427135330650678,0.14372297643489043,-1.2369825858447256,-0.21557062925174253,0.0
2019-10-15,993.05,-0.052350224187389514,0.08060134464571414,-1.0130023911799815,-0.0,-0.05303090228063368
2019-10-16,994.46,0.14188610236396765,0.08946986953621057,-0.6985194104625192,-0.09911019657610333,0.0
2019-10-17,989.82,-0.4676767852552217,0.07513621503214182,-0.7157181500013339,-0.0,-0.3347247635414384
2019-10-18,989.2,-0.0626572768626871,0.07090678184193912,-0.6411125542722101,-0.0,-0.04017036681317838
2019-10-21,983.56,-0.5717893069925623,0.07863854850804756,-1.1579987203549917,-0.0,-0.6621312858100546
2019-10-22,987.19,0.36838808628392067,0.03168258975553757,-0.7773783490718361,-0.28637692233312734,0.0
2019-10-23,987.79,0.06076011083239475,0.083531689559741,-0.5068070374460575,-0.03079365176586009,0.0
2019-10-24,993.6,0.58645866307156,0.09167183895766884,-0.5832330499496642,-0.34204207473262843,0.0
2019-10-25,996.57,0.29846718670220107,0.04383578239617272,-0.6161940363479887,-0.18391370049145803,0.0
2019-10-28,996.48,-0.00903138406574977,0.035177963977542547,-1.2785333722897048,-0.0,-0.011546925926026559
2019-10-29,995.87,-0.061234222808305754,0.06670916027682204,-0.9281702003882831,-0.0,-0.05683578085460593
2019-10-30,1000.89,0.5028156189474203,0.30147696077357933,-0.6308482714815363,-0.31720036408689894,0.0
2019-10-31,998.82,-0.20703009329953317,0.1523022373235963,-0.5311480937858425,-0.0,-0.10996363941235217
2019-11-01,1015.59,1.6650421151853771,0.3631793421758224,-0.6020124493466782,-1.0023760820281227,0.0
2019-11-04,1022.43,0.6712422529957294,0.290014905100362,-1.2649501531699043,-0.8490879907410596,0.0
2019-11-05,1024.34,0.1866355823490253,0.05141368696437787,-0.8337953555692419,-0.1556158817465781,0.0
2019-11-06,1024.91,0.0556301100109743,0.13818408033607732,-0.5255360925499963,-0.029235630643293868,0.0
2019-11-07,1024.03,-0.08589807940779191,0.16106940317642293,-0.5235858311601905,-0.0,-0.04497501730179278
2019-11-08,1022.49,-0.1504994127275452,0.11380298898935401,-0.6752493701364815,-0.0,-0.10162463365018524
2019-11-11,1016.75,-0.5629563130698607,0.18008825201810372,-1.3128051316180605,-0.0,-0.7390519366748965
2019-11-12,1018.33,0.15527648224726104,0.15905230411101387,-0.9869758615297975,-0.15325413984130679,0.0
2019-11-13,1012.77,-0.5474879511681445,0.2699456287753482,-0.6334438121957625,-0.0,-0.34680285491919693
2019-11-14,1012.3,-0.046418149341909194,0.17262373353050878,-0.696973005482254,-0.0,-0.03235219705575457
2019-11-15,1010.03,-0.22449362402283785,0.4641738333068564,-0.7248617645010696,-0.0,-0.16272684442843396
2019-11-18,1002.91,-0.7074259236169205,0.24762833988754304,-1.3777968227296922,-0.0,-0.9746891898760109
2019-11-19,1008.35,0.5409557457542438,0.12876512486633535,-1.0626483484066194,-0.5748457297868182,0.0
2019-11-20,1000.56,-0.7755488345199778,0.0842532871559492,-0.7811900469614167,-0.0,-0.6058510304595335
2019-11-21,987.89,-1.2743766723488033,0.2963591722861787,-0.7611392283610673,-0.0,-0.9699780770329128
2019-11-22,977.78,-1.0286659662394466,1.773520187738409,-0.7419810037176361,-0.0,-0.7632506061205165
2019-11-25,976.35,-0.14635671682624557,0.3581823535019739,-1.3299284957006765,-0.0,-0.19464396824441865
2019-11-26,976.79,0.045055654734762605,0.1633485545558203,-1.0461863530635644,-0.04713661111185241,0.0
2019-11-27,978.17,0.14117938261790408,0.18299208209185525,-0.7719156138636462,-0.10897856979839,0.0
2019-11-28,970.39,-0.7985426512143731,0.48144648906687293,-0.7614451370187388,-0.0,-0.6080464184692352
2019-11-29,970.75,0.03709160638875334,0.12489558183501376,-0.764023204286056,-0.028338847965252472,0.0
2019-12-02,959.31,-1.1854692574511918,0.536786355700074,-1.2682279689207665,-0.0,-1.5034452685953341
2019-12-03,953.43,-0.6148267430568298,0.465306412119685,-1.010895306046305,-0.0,-0.6215254685878869
2019-12-04,965.9,1.2994300578553848,0.6021189101524851,-0.7239705455745601,-0.9407490879215451,0.0
2019-12-05,963.27,-0.2726562852746579,0.15525525168036713,-0.8130577452450477,-0.0,-0.22168530453230387
2019-12-06,963.56,0.030101254619212047,0.09948864164253582,-0.8865847672442095,-0.0266873138203328,0.0
2019-12-09,966.06,0.2591185206206413,0.11396275455549493,-1.2932889880252862,-0.33511512931207843,0.0
2019-12-10,960.3,-0.5980208440975113,0.5772459231434839,-1.0612997062324292,-0.0,-0.6346793461615581
2019-12-11,961.78,0.15399986394913034,0.27797763261276454,-0.7404393850280394,-0.1140275645568958,0.0
2019-12-12,968.17,0.6621957408511444,0.1399272967455609,-0.7937471103765108,-0.5256159558042287,0.0
2019-12-13,966.18,-0.20575394339702424,0.14247641848428957,-0.7376168250579682,-0.0,-0.15176757047166992
2019-12-16,961.47,-0.48867889639441153,0.09529306501210506,-1.3022980753673228,-0.0,-0.6364055862470694
2019-12-17,954.03,-0.7768245799280525,0.11662529390921879,-1.0203910449797042,-0.0,-0.7926648448787053
2019-12-18,951.13,-0.3044366079285815,0.10230564121020579,-0.7610461102677233,-0.0,-0.23169029628714688
2019-12-19,952.26,0.11873553320730819,0.4469281462279551,-0.7938430249052506,-0.09425737484502736,0.0
2019-12-20,956.41,0.43485846581875115,0.1170712090495202,-0.7732169999811558,-0.3362399583567827,0.0
2019-12-23,959.43,0.3152666716836466,0.1005562074099136,-1.3119934975722414,-0.413627823250187,0.0
2019-12-24,958.88,-0.05734214126710117,0.2048245647827147,-1.0490687720771568,-0.0,-0.06015584972735268
2019-12-25,960.92,0.2125222177119268,0.12257783331179112,-0.7688961207577732,-0.16340750877353946,0.0
2019-12-26,958.59,-0.24277040957005575,0.10073718001884285,-0.8365167294917336,-0.0,-0.2030815090309117
2019-12-27,963.51,0.5119411836460108,0.3310837270293751,-0.8208468454060435,-0.42022530562926397,0.0
2019-12-30,965.03,0.1576322310909085,0.11789359094014183,-1.2218259112805374,-0.19259914439983353,0.0
2019-12-31,960.99,-0.4195185849774781,0.20957805715914313,-1.0012372349689616,-0.0,-0.4200376280409415
2020-01-02,966.67,0.5893172487484237,0.09310928686461503,-0.9945013607086403,-0.5860768057693796,0.0
2020-01-03,965.14,-0.1584007039934007,0.1228536135372812,-0.9130056697581109,-0.0,-0.14462074083965107
2020-01-06,955.79,-0.9734944886953286,0.10890043333649686,-1.275032041040958,-0.0,-1.2412366648633286
2020-01-07,958.88,0.3227713060389927,0.17468541460509684,-0.9574794813764704,-0.3090469027094207,0.0
2020-01-08,948.98,-1.0378213137619656,0.5039355743005483,-0.6985832347140973,-0.0,-0.7250045704230681
2020-01-09,960.15,1.1701798683866507,0.40135491345095686,-0.6771202564916727,-0.7923524926233607,0.0
2020-01-10,968.54,0.8700260718964834,0.16584843402943103,-0.7312086939041046,-0.6361706276939463,0.0
2020-01-13,965.84,-0.2791593950954787,0.07433296765730847,-1.4175839219126465,-0.0,-0.3957318701382107
2020-01-14,967.0,0.12003064291622602,0.048758473293303135,-1.1283511100033665,-0.13543670916894135,0.0
2020-01-15,967.56,0.05789430316365736,0.043428131135363666,-0.8408073228086397,-0.048677954048906506,0.0
2020-01-16,974.31,0.695208967281593,0.0935099997570314,-0.8149781606798401,-0.5665801254432837,0.0
2020-01-17,978.96,0.47612555196658884,0.17432000605954437,-0.8269474083806537,-0.3937307912625789,0.0
2020-01-20,978.63,-0.03371492530365616,0.07970019796511504,-1.3704330007731544,-0.0,-0.04620404625473227
2020-01-21,986.37,0.7877903337950625,0.06713223090875745,-1.0467647103454742,-0.8246311205679531,0.0
2020-01-22,991.46,0.5147066468951141,0.19500989901993315,-0.8359016924746044,-0.4302441572675545,0.0
2020-01-30,959.58,-3.2682915500443435,2.015115808425639,-1.2615453234144887,-0.0,-4.123097920513532
2020-01-31,936.62,-2.4218038376369773,1.0252614908336062,-0.913999109398134,-0.0,-2.21352655073718
2020-02-03,928.14,-0.9095066877836079,8.3351647164092,-1.1612690192547332,-0.0,-1.0561819393280911
2020-02-04,929.09,0.10230290086364212,1.4115738160952962,-0.8159715506491737,-0.08347625665361474,0.0
2020-02-05,925.91,-0.34285747871779576,0.8589963079124133,-0.4473052196347458,-0.0,-0.15336193982127883
2020-02-06,938.54,1.3548438624267851,0.39626525051806355,-0.3800827387753352,-0.514952765844126,0.0
2020-02-07,940.75,0.23519531511918224,0.3018715750297082,-0.42645712941738373,-0.10030071893814345,0.0
2020-02-10,930.73,-1.070820499886545,0.43521961575396767,-1.1982908985869034,-0.0,-1.2831544590343251
2020-02-11,934.67,0.4224301339139264,0.09288966199476553,-0.8763419187802528,-0.37019323410472943,0.0
2020-02-12,937.68,0.3215213601104295,0.14783295286907117,-0.42943189482125294,-0.13807152689772814,0.0
2020-02-13,938.24,0.05970404032525485,0.11729541448029787,-0.4529669571855759,-0.02704395747781561,0.0
2020-02-14,937.45,-0.08423567292174416,0.08448260256885648,-0.4684351992586473,-0.0,-0.03945895422978347
2020-02-17,934.77,-0.28629133654172556,0.20718084284575888,-1.1587429915711611,-0.0,-0.33173807976526515
2020-02-18,927.93,-0.7344210816888357,0.2741157754594299,-0.8056105809227564,-0.0,-0.5916573942612621
2020-02-19,928.76,0.08940642275108002,0.17020022149899872,-0.4706386399864499,-0.04207811720962189,0.0
2020-02-20,938.13,1.0038169019504697,0.25446133663108006,-0.4973803460030486,-0.4992787980158329,0.0
2020-02-21,933.09,-0.538687293607596,0.2722438201191536,-0.6018211423858713,-0.0,-0.3241934024276767
2020-02-24,903.34,-3.2402653965388697,0.2746841238491997,-1.1302971427221153,-0.0,-3.6624627193692265
2020-02-25,909.67,0.6982891127224274,0.3455246115747941,-0.7570629857886931,-0.5286488406213782,0.0
2020-02-26,895.97,-1.517496610789538,0.356838018696788,-0.43094951375897533,-0.0,-0.6539644265506445
2020-02-27,898.44,0.27529957590603693,0.45986261539390666,-0.4811205049853291,-0.13245227098215942,0.0
2020-02-28,882.19,-1.8252473722118159,1.3257748508976444,-0.5051850518101061,-0.0,-0.9220876882970862
2020-03-02,884.43,0.25359174020788017,0.3580969320732287,-1.0551995712875546,-0.2675898955494201,0.0
2020-03-03,890.61,0.6963251499367523,0.14042622722011752,-0.7328169718785009,-0.5102788878194939,0.0
2020-03-04,889.37,-0.13932743071181256,0.30234927666016115,-0.34332297392735933,-0.0,-0.04783430786163759
2020-03-05,893.31,0.44203181898856503,0.3246822059713293,-0.38443380456381643,-0.1699319739120383,0.0
2020-03-06,891.44,-0.20955323538914003,0.45428587199645015,-0.43814914451610937,-0.0,-0.0918155708163346
2020-03-09,835.49,-6.481975365588736,2.992038943090902,-1.0314930534757116,-0.0,-6.686112562405468
2020-03-10,837.5,0.24028846163103157,6.696723294997136,-0.5777565458904054,-0.138828231609264,0.0
2020-03-11,811.35,-3.172173671367578,13.071994226799447,-0.11898830687722535,-0.0,-0.37745157427653997
2020-03-12,769.25,-5.328351278339446,1.6414319522884664,-0.09593216879829819,-0.0,-0.5111602942502878
2020-03-13,761.78,-0.9758214112151011,10.666110353818963,-0.06457723283833507,-0.0,-0.0630158464806703
2020-03-16,747.86,-1.8442005408623654,3.20476685632581,-0.9309848213968608,-0.0,-1.7169227111547434
2020-03-17,745.78,-0.27851441372102714,3.966727089294147,-0.4778684573086827,-0.0,-0.13309325322309945
2020-03-18,747.66,0.25176786386648947,0.9920826112419667,-0.06717880144068746,-0.016913463335832928,0.0
2020-03-19,725.94,-2.948096240138959,3.2983337055700135,-0.048070345783626095,-0.0,-0.14171600566688775
2020-03-20,709.73,-2.2582750761639763,1.0720801115516692,-0.08769379371814866,-0.0,-0.1980367086879602
2020-03-23,666.59,-6.270945175883598,3.4808312404569635,-0.8998315771202053,-0.0,-5.642794487649681
2020-03-24,659.21,-1.113301587785287,1.8792598714342612,-0.3991156038429274,-0.0,-0.44433603546821465
2020-03-25,690.25,4.6011702427150905,2.068129905166311,0.14246420370450744,0.6555020547372805,-0.0
2020-03-26,694.21,0.5720657584255002,4.258491164519897,0.08477094509456107,0.04849455499796652,-0.0
2020-03-27,696.06,0.26613551208514596,4.3641701816957355,0.02015528832956863,0.005364037980813513,-0.0
2020-03-30,662.26,-4.977763543944564,0.7445060175300229,-0.8176047100259144,-0.0,-4.069842918924364
2020-03-31,662.53,0.04076117780754718,9.450476832243792,-0.4499014830743437,-0.0183385143474725,0.0
2020-04-01,680.23,2.636513642160784,4.4681986638579065,-0.044122613691071476,-0.11632987292430012,0.0
2020-04-03,701.8,3.1217486873506552,0.45372759538861995,-0.21631016957238203,-0.6752659879231813,0.0
2020-04-06,736.75,4.860015846868941,1.242585476355719,-0.5166496964528098,-2.5109257120406836,0.0
2020-04-07,746.69,1.3401484074900734,3.226756977720124,0.04690229950892211,0.06285604199450441,-0.0
2020-04-08,748.02,0.17796098922337472,2.5988402512392272,0.5383866567487835,0.095811822019679,-0.0
2020-04-09,760.33,1.6322833979643074,1.32253023888444,0.5283383616816186,0.8623979362805677,-0.0
2020-04-10,757.94,-0.31483227280086984,1.4105362128275574,0.3965507345615849,0.0,0.12484696904287822
2020-04-13,765.79,1.0303753881612316,1.1854471600748973,-0.6310329610775405,-0.6502008322128021,0.0
2020-04-14,767.41,0.21132280235767043,2.1022689197666793,-0.1303169381295736,-0.027538940560212645,0.0
2020-04-15,777.22,1.2702241832380616,0.5622663401928668,0.37827933154423116,0.48049955494661095,-0.0
2020-04-16,780.7,0.44675025521028366,0.4867761010641646,0.37471991437108704,0.16740621737765876,-0.0
2020-04-17,789.6,1.133553499302658,0.3759641456196987,0.46380350132747195,0.5257460819185807,-0.0
2020-04-20,794.97,0.6777889973988315,0.9138611497001394,-0.34240001839680684,-0.23207496517851317,0.0
2020-04-21,766.84,-3.6026203441411595,3.9795094481928346,0.2098028733612394,0.0,0.7558400998304724
2020-04-22,768.92,0.2708758232810716,3.6295097605127844,0.7525422211627738,0.20384549371123264,-0.0
2020-04-23,773.91,0.646865487436497,2.302174694024771,0.5723482677910977,0.3702323412281231,-0.0
2020-04-24,776.66,0.3547086404784769,1.0087475019672867,0.45474324139619754,0.16130135692242106,-0.0
2020-04-27,770.77,-0.7612658982996248,1.7537066350423527,-0.690632103873931,-0.0,-0.5257546689501479
2020-04-28,767.21,-0.4629457285687079,1.0694990477376793,-0.14035016474953352,-0.0,-0.06497450927471098
2020-04-29,769.11,0.24734442937300447,0.1635591711884598,0.3073160657676392,0.07601291692445343,-0.0
2020-05-04,762.47,-0.8670838743590035,0.4691133452618259,-0.8089328643554285,-0.0,-0.7014126421216312
2020-05-05,764.16,0.22140278788619533,0.41320396306808327,-0.31979782385955363,-0.0708041297624436,0.0
2020-05-06,782.59,2.3831740450791252,0.9713106679395492,0.2113001186890021,0.5035649585817684,-0.0
2020-05-07,796.54,1.7668416025453122,0.23879329814876019,0.11565211291981603,0.20433896452899916,-0.0
2020-05-08,813.73,2.1351267847408444,3.861277673945507,0.21244454082520758,0.4535960293878705,-0.0
2020-05-11,828.33,1.7783010061872457,1.2884426273954377,-0.7988997370768467,-1.4206842062864826,0.0
2020-05-12,835.32,0.8403259258922137,1.5759090997734484,-0.18841362977682438,-0.1583288578929227,0.0
2020-05-13,834.21,-0.1329715744614788,4.363931561382675,0.3557828644908568,0.0,0.047309007657764184
2020-05-14,832.4,-0.2172074704481382,0.7152306900819052,0.4517586630371891,0.0,0.09812535645134067
2020-05-15,827.03,-0.647212445845106,0.9996379634356947,0.3587575802240371,0.0,0.23219237096227086
2020-05-18,837.01,1.1995047788379243,1.0256409504134971,-0.9288470589620105,-1.1141564860344828,0.0
2020-05-19,845.92,1.0588774637732425,0.49997144185992587,-0.46060015787442454,-0.4877191269836258,0.0
2020-05-20,852.91,0.8229239473141196,0.5405424263750562,0.06153348894228544,0.05063738161239526,-0.0
2020-05-21,862.73,1.1447748062664542,0.19381231377960711,0.1599847549971317,0.1831465169074276,-0.0
2020-05-22,852.74,-1.1647085559293806,0.2745762550541294,0.1472843808232451,0.0,0.17154337849959475
2020-05-25,859.04,0.7360792210607395,0.6797078446845319,-0.8128049561878251,-0.5982888390250428,0.0
2020-05-26,869.13,1.16772246407866,0.2916152047311312,-0.35519625742874444,-0.4147706489562115,0.0
2020-05-27,857.48,-1.3494856162110933,1.4236642441412721,0.09991664988255165,0.0,0.13483608183650328
2020-05-28,861.39,0.4549508391099572,0.602262775546449,0.09181954368482337,0.041773378446103765,-0.0
2020-05-29,864.47,0.3569238837212337,0.3539001257029345,0.01400942067196583,0.005000296834922579,-0.0
2020-06-01,878.67,1.6292798192552689,0.1401168707061549,-0.7825491376810749,-1.2749915175993882,0.0
2020-06-02,874.8,-0.4414111771186761,0.33694087483596497,-0.32203140148176607,-0.0,-0.14214825999724334
2020-06-03,881.17,0.7255281061255257,0.23425325822641255,0.2451154537102742,0.1778381509125142,-0.0
2020-06-04,883.9,0.3093364203034291,0.1582866360352505,0.3421601334740318,0.10584259085940051,-0.0
2020-06-05,886.22,0.26212927128411484,0.38090626484601187,0.400397994662326,0.10495603456445642,-0.0
2020-06-08,899.92,1.5340643704827006,1.1767144885132652,-0.5575739038531643,-0.8553542598120863,0.0
2020-06-09,899.43,-0.054464113386781504,0.18465273662334797,0.008362801239029513,0.0,0.0004554725549136202
2020-06-10,900.0,0.06335339736081447,0.9479521827014313,0.6262200444143948,0.03967316730909204,-0.0
2020-06-11,867.37,-3.692911864059595,2.996693661214344,0.7181522460101215,0.0,2.6520729494918225
2020-06-12,863.52,-0.44485858133822354,0.8594564979478512,0.8120961089468602,0.0,0.36126792293639165
2020-06-15,832.47,-3.6619873701083336,2.240823337687188,-0.6705506318574952,-0.0,-2.45554794488031
2020-06-16,856.13,2.802504860041809,1.0759604517074612,-0.23245377212209148,-0.6514528261072126,0.0
2020-06-17,854.44,-0.19759501801933352,0.29582183000743045,0.2789306893901686,0.0,0.05511531459619548
2020-06-18,855.27,0.09709249699692993,0.6634116152748519,0.17904260080844595,0.01738369318131656,-0.0
2020-06-19,868.56,1.5419459364153394,0.17768409671013152,0.14448107086689596,0.2227820001121469,-0.0
2020-06-22,871.28,0.312672684383437,0.20447672208802056,-0.7875959375561536,-0.24625973600517237,0.0
2020-06-23,868.2,-0.35412919019377725,0.49596102194580055,-0.3510166470877833,-0.0,-0.1243052409777316
2020-06-24,859.71,-0.9826979788106701,1.2415595805257469,0.1775552677772003,0.0,0.17448320277184204
2020-06-25,854.59,-0.5973301316686539,0.23250902068794546,0.060086254772655716,0.0,0.035891330474826726
2020-06-26,851.98,-0.30587693853108183,0.1650641193194938,0.010056482758034354,0.0,0.0030760461584181586
2020-06-29,829.36,-2.6908733360532504,1.4418065101495845,-0.8717890619670859,-0.0,-2.3458739415101064
2020-06-30,825.11,-0.5137608234941227,1.694003533495458,-0.5538836791110412,-0.0,-0.2845637351000429
2020-07-01,843.49,2.2031335771279714,0.9062574370016712,-0.1332062006474565,-0.2934710533280571,0.0
2020-07-02,842.38,-0.13168277036761156,0.30518018215259846,-0.2389081103108539,-0.0,-0.031460081829024183
2020-07-03,847.61,0.6189405494961872,0.1387618475207189,-0.19589144515864168,-0.1212451587080919,0.0
2020-07-06,861.16,1.5859693250647233,0.4572396954794202,-1.0176533636456184,-1.613967018290887,0.0
2020-07-07,863.42,0.26209294943842143,0.32425259325629974,-0.6702483688409963,-0.17566737184582767,0.0
2020-07-08,864.5,0.12500580358327354,0.1714303051787917,-0.25742095053815034,-0.03217911278119159,0.0
2020-07-09,876.46,1.373976214410633,0.3877150105007005,-0.15989734648899692,-0.2196951508232573,0.0
2020-07-10,871.21,-0.6008017294007928,0.7536398812444725,-0.0492298363670366,-0.0,-0.029577370827433634
2020-07-13,868.72,-0.28621860647984426,0.4458378665430545,-1.0203607094025389,-0.0,-0.29204622035198
2020-07-14,868.11,-0.07024291670244599,0.3610286125454654,-0.6605226607296009,-0.0,-0.04639703823770735
2020-07-15,869.91,0.20713232800048578,0.2588810255306954,-0.2657499349842851,-0.055045402699272716,0.0
2020-07-16,876.83,0.7923372915262026,0.24957027749416646,-0.2920882576342684,-0.23143241894054387,0.0
2020-07-17,872.02,-0.550077151111209,0.05545988150396708,-0.25952322124514754,-0.0,-0.14275779418973475
2020-07-20,861.4,-1.2253386805765,0.25661454619960505,-0.9785994990331658,-0.0,-1.1991158189581232
2020-07-21,861.69,0.03366045914469522,0.3800567161260562,-0.6072409403797112,-0.020440008864637572,0.0
2020-07-22,855.08,-0.7700545400377214,0.23986451734251835,-0.23507566466371443,-0.0,-0.18102108282667828
2020-07-23,856.75,0.19511289436380883,0.17103741873685605,-0.22666754019872257,-0.04422575982649775,0.0
2020-07-24,829.16,-3.27330206234077,6.872733440527569,-0.22277972744645627,-0.0,-0.7292253412981999
2020-07-27,785.17,-5.451288528519017,5.754376350792003,-1.0488268264798335,-0.0,-5.717457647592521
2020-07-28,813.36,3.527356112078543,1.716674775245811,-0.551483307846046,-1.9452780166400432,0.0
2020-07-29,790.84,-2.8078144260225835,3.281499399508102,-0.06523780088348344,-0.0,-0.18317563844263363
2020-07-30,801.13,1.2927559321514543,0.36670198045168106,-0.09032180476331171,-0.1167640489103967,0.0
2020-07-31,798.39,-0.3426031159479446,1.479425223256126,-0.17672962833694528,-0.0,-0.06054812134855962
2020-08-03,814.65,2.0161373280249104,0.7165135698480332,-1.128606435280457,-2.2754255628180595,0.0
2020-08-04,827.57,1.5735122669555506,0.27426553515058905,-0.740027471799995,-1.1644423047613948,0.0
2020-08-05,837.8,1.2285712694414939,1.9726966898913683,-0.26487080019523573,-0.32541265523384505,0.0
2020-08-06,840.04,0.2670101238293057,0.7757754375740034,-0.21117615055643116,-0.056386170109868794,0.0
2020-08-07,841.46,0.16889685846679459,0.39340390307451784,-0.21309842191661943,-0.03599165400594855,0.0
2020-08-10,843.2,0.206569945120257,0.2590271979497858,-1.0364973443729475,-0.21410919954441188,0.0
2020-08-11,843.08,-0.014232511825147526,0.25905518380288356,-0.7332935187125836,-0.0,-0.010436608676380885
2020-08-12,846.92,0.4544386518888968,0.1836881861828541,-0.3489792214748724,-0.15858964694427777,0.0
2020-08-13,855.05,0.9553707571327169,0.057730696637953896,-0.2217912929794462,-0.21189291549921774,0.0
2020-08-14,850.74,-0.5053387781541132,0.9096257736015585,-0.09365597861444334,-0.0,-0.04732799779985056
2020-08-17,850.15,-0.06937544740268461,0.7355361447013448,-0.9410174036798499,-0.0,-0.06528350339400225
2020-08-18,846.43,-0.43852997931874504,0.1810391615136476,-0.6414043661348962,-0.0,-0.2812750434160888
2020-08-19,851.21,0.563136192836467,0.24603545334781415,-0.2784289223976995,-0.15679340333460062,0.0
2020-08-20,848.21,-0.35306199954322565,0.5797430070784569,-0.3073038995854904,-0.0,-0.10849732925508387
2020-08-21,854.78,0.7715879242117009,0.19198871959853434,-0.328679399701232,-0.2536050557466215,0.0
2020-08-24,868.68,1.6130692207693489,0.10556833200544812,-1.0040879788222432,-1.6196634135826664,0.0
2020-08-25,874.12,0.6242847908901277,0.23734189667632,-0.4941337238555686,-0.3084801684689337,0.0
2020-08-26,873.47,-0.07438816083562064,0.17604792558417423,-0.022821594971186063,-0.0,-0.00169765647724198
2020-08-27,874.71,0.1418618458003321,0.06608172927695043,-0.011477575178760252,-0.0016282300001710058,0.0
2020-08-28,878.98,0.48697414461668626,0.39551742395296846,-0.09631487382780779,-0.046902853296160764,0.0
2020-08-31,881.65,0.30330075561669595,0.5382495302261997,-1.090373855896691,-0.3307112143981567,0.0
2020-09-01,891.73,1.1368244323076406,0.4229607636566096,-0.7191975573390693,-0.8176013548390293,0.0
2020-09-03,903.97,1.3632777823797477,0.24510384431289098,-0.5354453219750733,-0.7299607111277879,0.0
2020-09-04,901.54,-0.2691761848153927,0.3842445535623564,-0.4783614992430669,-0.0,-0.1287635233288201
2020-09-07,888.25,-1.4851177251515988,0.7430900322384918,-0.9530628012206513,-0.0,-1.4154104592754242
2020-09-08,890.14,0.21255188249576398,0.5837821581949748,-0.5800742004677523,-0.12329586329664592,0.0
2020-09-09,889.32,-0.09216279748262524,0.5890683749672824,-0.26678532507165853,-0.0,-0.024587681885915605
2020-09-10,888.82,-0.056238542879443854,0.1942489714003891,-0.23035730139940438,-0.0,-0.012954958972343375
2020-09-11,888.97,0.016874884025224798,0.25245759910290305,-0.2669671869565972,-0.004505040318433085,0.0
2020-09-14,894.57,0.6279666733150143,0.038463491962136116,-1.0347033654852837,-0.6497592302916431,0.0
2020-09-15,896.26,0.1887393556824582,0.07901321379211418,-0.5961382561301037,-0.11251475035966002,0.0
2020-09-16,897.47,0.13491441672222293,0.0541795646476463,-0.14500823337068527,-0.019563701225125987,0.0
2020-09-17,894.04,-0.3829176718028059,0.39206035780584425,-0.1593135562501735,-0.0,-0.061003976045941787
2020-09-18,900.95,0.7699245270928868,0.13130531787994293,-0.16484493903338568,-0.12691816172893522,0.0
2020-09-21,907.94,0.7728534949983048,0.11372821277158307,-0.9330089875682117,-0.7210792569069223,0.0
2020-09-22,906.19,-0.19293000422467593,0.3170839158028778,-0.5245214257050216,-0.0,-0.10119592087720286
2020-09-23,912.5,0.6939088376087059,0.06662487734224407,-0.11533248609345596,-0.08003023136363227,0.0
2020-09-24,908.58,-0.4305144260027435,0.29375791475543134,-0.14423496290228194,-0.0,-0.06209523226340291
2020-09-25,908.27,-0.03412499689114617,0.17020483334640998,-0.15402043510439675,-0.0,-0.00525594686911052
2020-09-28,912.5,0.46463942289388427,0.06836557547679831,-1.013819881611944,-0.4710606847105197,0.0
2020-09-29,903.98,-0.9380849203012276,0.3543024817704701,-0.5214240836616695,-0.0,-0.48914006996489784
2020-09-30,905.21,0.13597247270958412,0.2598877004230919,-0.026996045186295503,-0.0036707190173602654,0.0
2020-10-01,914.09,0.9762073897072676,0.07520482580799151,-0.040326482575172,-0.039367010290784266,0.0
2020-10-02,909.91,-0.45833413568444525,2.1006700836169028,-0.0533009426779365,-0.0,-0.02442964149345819
2020-10-05,914.68,0.5228583809935716,0.1224755091061788,-0.9989689730776398,-0.5223192999261855,0.0
2020-10-06,915.67,0.10817604245548904,0.19883984177979275,-0.4772611516200133,-0.05162822260000215,0.0
2020-10-07,919.72,0.44132381383513175,0.5310868651657057,0.05179035481610269,0.022856316907317122,-0.0
2020-10-08,918.84,-0.09572709807678488,0.3501272715292475,0.1398349646734135,0.0,0.013385995377855602
2020-10-09,924.0,0.5600066728651718,0.14114040382624274,0.005777044134286026,0.0032351832646367743,-0.0
2020-10-12,925.83,0.19785608374739957,0.4532333471641186,-0.9923985585675535,-0.1963520923147405,0.0
2020-10-13,929.86,0.4343404701808013,0.25664288522542705,-0.6232545005350313,-0.270704652804686,0.0
2020-10-14,940.18,1.103730911303803,0.08918926094544087,-0.11092260458099364,-0.12242870743837149,0.0
2020-10-15,942.76,0.2740397054183114,0.2668194304919574,-0.014923148024458932,-0.004089535088536582,0.0
2020-10-16,943.3,0.05726223076203843,0.5908186836775856,0.029186214604783114,0.001671267755769467,-0.0
2020-10-19,943.69,0.041335672743695026,0.09957828694552555,-1.0384118692493702,-0.0429234532004606,0.0
2020-10-20,944.42,0.07732600710489067,0.2435562977732577,-0.6221971455005437,-0.048112020893617734,0.0
2020-10-21,939.03,-0.5723554874595949,0.18823563603051288,-0.1999420999289161,-0.0,-0.1144379580685098
2020-10-22,949.9,1.1509288316439432,0.8570361936493186,-0.13406601379302,-0.15430044061796128,0.0
2020-10-23,961.26,1.1888207990541233,0.10273069932870843,-0.1467408963621695,-0.17444862966719263,0.0
2020-10-26,950.8,-1.0941188400639146,0.8556014754438809,-0.9710413817594254,-0.0,-1.0624346702646834
2020-10-27,946.47,-0.4564461060058831,0.31375433046340356,-0.5886768555029378,-0.0,-0.2686992583901039
2020-10-28,921.05,-2.7224950827753833,1.7254456345742761,-0.20823460060663831,-0.0,-0.5669176762152687
2020-10-29,919.08,-0.21411538887236037,0.7812478336293085,-0.18577424583537397,-0.0,-0.03977712488951057
2020-10-30,925.47,0.692854686781607,1.3542031669672543,-0.22959177741476636,-0.15907373902834038,0.0
2020-11-02,933.68,0.8832050526779491,0.2700199238354354,-1.0921784116082027,-0.9646174915581415,0.0
2020-11-03,935.41,0.18511687441846106,0.15852296163633164,-0.6381329086903705,-0.1181291695203226,0.0
2020-11-04,939.76,0.46395876673477593,0.45074517330196784,-0.1882237795427647,-0.08732807262681946,0.0
2020-11-05,937.75,-0.21411345536338452,0.31064175241996356,-0.2773715673632117,-0.0,-0.05938898470769504
2020-11-06,938.29,0.05756807050099062,0.23626052491974797,-0.35768126885112056,-0.020591020502105088,0.0
2020-11-09,951.99,1.4495460867508663,0.12274840391279777,-0.9922166966826151,-1.438263829885156,0.0
2020-11-10,951.9,-0.009454327725557309,0.2399299156338514,-0.443776107727208,-0.0,-0.00419560475922525
2020-11-11,952.22,0.03361132733364481,0.42940811451563454,0.05559965143167881,0.0018687780839067097,-0.0
2020-11-12,959.28,0.7386902540581805,0.05607615739868268,0.03621056891238781,0.026748394349483003,-0.0
2020-11-13,966.29,0.7280993127561023,0.08787464019350683,-0.03904144272709712,-0.02842604761860614,0.0
2020-11-16,950.79,-1.6170778226990798,1.1688462533601034,-0.9461667393855709,-0.0,-1.5300252508359067
2020-11-17,968.9,1.8868189419210448,0.5840342161610338,-0.4788549453151248,-0.9035125812531435,0.0
2020-11-18,973.53,0.47672335874590327,0.2710556017171383,0.09251969134633488,0.044106298008759044,-0.0
2020-11-19,983.26,0.9944940635203504,0.16224759472043804,0.14994116805683974,0.14911560150983433,-0.0
2020-11-20,990.0,0.683136151501463,0.33260051248545136,0.14646034910634043,0.10005235923606613,-0.0
2020-11-23,994.19,0.4223392142988823,0.5427837961580108,-0.8136292899918715,-0.34362755506572445,0.0
2020-11-24,995.76,0.15779294210976844,0.8665063965801398,-0.3699987443045021,-0.05838319044072731,0.0
2020-11-25,999.94,0.41890124893428793,0.1511544741354081,0.14618827119376052,0.061238449382610666,-0.0
2020-11-26,1005.97,0.6012251959403703,0.4370353653917594,0.0806759088277418,0.04850438909262651,-0.0
2020-11-27,1010.22,0.42158787562946043,0.1431204222327629,-0.023250894806981715,-0.009802295348159474,0.0
2020-11-30,1003.08,-0.7092862398698215,0.19102485916671058,-1.0352581274535213,-0.0,-0.7342943445161806
2020-12-01,1008.87,0.5755626117826618,0.46328066781942057,-0.568985365109949,-0.32748670280879366,0.0
2020-12-02,1014.32,0.5387544602800859,0.19234755987333219,-0.032608497002957,-0.0175679732033729,0.0
2020-12-03,1019.8,0.5388092401362768,0.1560729397930862,0.05502656615582776,0.029648822297730124,-0.0
2020-12-04,1021.49,0.16558160634956484,0.19169487390843937,0.06555923903496698,0.010855404110464928,-0.0
2020-12-07,1029.98,0.8277038874880744,0.20821509663676832,-0.8974733798426935,-0.7428422054128586,0.0
2020-12-08,1029.26,-0.06992871441310618,0.22615757761984914,-0.36051284963600216,-0.0,-0.025210200104451085
2020-12-09,1039.13,0.9543727165022341,0.14294914307977755,0.18679849156488962,0.17827538383330338,-0.0
2020-12-10,1030.91,-0.7941917263124129,0.39321260518186013,0.2507981292692461,0.0,0.19918179924026624
2020-12-11,1045.96,1.449321665868476,0.5903092832393214,0.17096212071612552,0.24777910559670252,-0.0
2020-12-14,1064.09,1.718484981463796,0.2328824401797905,-0.8462021941199005,-1.4541857618767606,0.0
2020-12-15,1055.27,-0.8323315452742888,0.904379006266629,-0.24546196453867486,-0.0,-0.2043057362505379
2020-12-16,1066.99,1.104494184882874,0.16800377879566697,0.3281084512252093,0.36239387638916976,-0.0
2020-12-17,1051.77,-1.436714097093984,0.39810051543987557,0.2913427735744568,0.0,0.41857626988088276
2020-12-18,1067.46,1.4807535459071355,0.2572636523025165,0.28191327865845395,0.41744408701181207,-0.0
2020-12-21,1081.08,1.2678546776609658,0.19953809994751326,-0.8007647990540177,-1.0152533961868797,0.0
2020-12-22,1083.45,0.21898527136167928,0.21167596529230562,-0.1736449489210404,-0.03802568626005897,0.0
2020-12-23,1078.9,-0.4208390607671089,0.8425249039091786,0.43567043607433575,0.0,0.18334713712152023
2020-12-24,1067.52,-1.0603802267021933,5.425506945099544,0.3779754516215948,0.0,0.4007976950783706
2020-12-25,1084.42,1.5707080542987972,1.4057950625198787,0.3046457113422982,0.4785094725129342,-0.0
2020-12-28,1091.33,0.635185405729938,0.597521574428311,-0.7063774595002082,-0.4486806532111226,0.0
2020-12-29,1099.49,0.7449300019694379,0.6592844611709445,-0.19036455940311892,-0.14180827161107656,0.0
2020-12-30,1097.54,-0.17751241558359784,0.7819355424156319,0.3546410335304375,0.0,0.06295318652705169
2020-12-31,1103.87,0.5750875525931682,0.23805936000427785,0.31262805766255714,0.17978850455311585,-0.0
2021-01-04,1120.47,1.4926052840494686,0.5181979362211752,-0.6809297318505024,-1.0163593158264477,0.0
2021-01-05,1132.55,1.072348737213221,0.5311284139446185,0.06402044458192564,0.06865224290325696,-0.0
2021-01-06,1143.21,0.9368367460209911,1.3532777606294781,0.7340823331447464,0.6877153042948213,-0.0
2021-01-07,1156.49,1.1549460901848507,0.3958822311227189,0.7454904991734347,0.861001337290311,-0.0
2021-01-08,1167.69,0.963788234651089,0.8835164368985715,0.7804699444202887,0.7522077499310637,-0.0
2021-01-11,1184.89,1.4622505054772879,0.27374479985879535,-0.28822988756734486,-0.42146429878901187,0.0
2021-01-12,1192.28,0.6217497113307089,0.5948748729015142,0.3183518791545563,0.19793518896593412,-0.0
2021-01-13,1186.05,-0.5238982184580749,0.7495399862623121,0.9627919246664981,0.0,0.5044049740785994
2021-01-14,1187.4,0.11375846515293114,0.4725394533127798,0.8249705304404432,0.09384738133930429,-0.0
2021-01-15,1194.2,0.5710462276317032,0.19996790493071415,0.817854530275541,0.4670327442653463,-0.0
2021-01-18,1191.94,-0.18942733249441415,0.26026424264296616,-0.4357726077592523,-0.0,-0.0825472426619698
2021-01-19,1131.0,-5.248003467182747,9.935539214864646,0.30147647657891824,0.0,1.5821495943602013
2021-01-20,1134.68,0.32484757213096566,7.856820663884412,0.972804661137833,0.3160132323283118,-0.0
2021-01-21,1164.21,2.5692072552732332,2.9031767007138707,0.9677469712894092,2.4863425399054475,-0.0
2021-01-22,1166.78,0.22050725583139755,0.747707848363747,0.8112301258086735,0.17888212888983,-0.0
2021-01-25,1166.05,-0.06258493107750475,0.3130167114814393,-0.5287832616076896,-0.0,-0.033093863982655417
2021-01-26,1136.12,-2.600302013264513,4.9619081432980146,-0.0022835115601098077,-0.0,-0.005937819707066323
2021-01-27,1097.17,-3.488481114133667,5.8936547862963575,0.649928088936461,0.0,2.2672618637998307
2021-01-28,1023.94,-6.907620623094714,2.8695376780823003,0.6969515018944605,0.0,4.81427656778301
2021-01-29,1056.61,3.1407738872172084,15.707883995523229,0.7752472861648836,2.434876432522673,-0.0
2021-02-01,1035.51,-2.0171611045486713,5.26579060616029,-0.7760889413622887,-0.0,-1.565496426186363
2021-02-02,1075.53,3.7919504362086,4.470826436056484,-0.25144731643863494,-0.9534757612529636,0.0
2021-02-03,1111.29,3.2707939359310614,1.5684613337162179,0.30711639869738533,1.004514454484394,-0.0
2021-02-04,1112.19,0.08095418435531915,1.4721211340717657,0.1690214967290943,0.013682997406219073,-0.0
2021-02-05,1126.91,1.3148329296377947,0.41270634877679585,0.1327570116341652,0.17455329053690824,-0.0
2021-02-08,1083.18,-3.9578214644163756,5.0468125165980915,-1.0049895710824006,-0.0,-3.977569295944532
2021-02-09,1114.93,2.8890463477775485,3.5341681316601234,-0.5873079456005602,-1.6967598752580337,0.0
2021-02-17,1155.78,3.598381804772441,0.6997935081249945,-0.7744415782547632,-2.7867364840511923,0.0
2021-02-18,1174.38,1.5964908040365953,1.603025442611642,-0.10379602759224331,-0.16570940354654515,0.0
2021-02-19,1173.5,-0.07496124514094009,1.0843580193148732,0.38417156553795534,0.0,0.028797978900469402
2021-02-22,1175.04,0.1311453260938094,0.6578749168595656,-0.7746234401397017,-0.10158824365702963,0.0
2021-02-23,1177.64,0.22102462370211157,0.8987442556496357,-0.20390435829796905,-0.04506788406402914,0.0
2021-02-24,1162.01,-1.336117156223169,2.1636270184495223,0.317875355879685,0.0,0.4247187165313926
2021-02-25,1165.43,0.2938853385268377,0.6903605676625204,0.31572539970590935,0.09278706597409231,-0.0
2021-02-26,1168.47,0.2605083096307269,0.4446152574917116,0.26062799457035346,0.06789575830796905,-0.0
2021-03-01,1186.17,1.503442853171181,0.31264596704384406,-0.7391244790294108,-1.1112314156006402,0.0
2021-03-02,1186.61,0.03708729886826778,0.4618569663275038,-0.11335381498077075,-0.004203986814050174,0.0
2021-03-03,1186.95,0.028648949453616703,0.27054706902016734,0.5436125954185722,0.015573929768496062,-0.0
2021-03-04,1168.52,-1.5649000930242556,2.3017749902131746,0.6193841229214941,0.0,0.9692742715775932
2021-03-05,1168.69,0.01454725936478633,0.6634571032704749,0.6200855006698699,0.009020544606587985,-0.0
2021-03-08,1168.27,-0.035944132935265785,0.6720805690512062,-0.4711832810509901,-0.0,-0.016936274490971487
2021-03-09,1161.97,-0.5407181534725051,0.8895574918621058,0.14312456932370657,0.0,0.07739005284126216
2021-03-10,1170.08,0.6955282000001254,0.8018829519510341,0.678630405813409,0.472006584620755,-0.0
2021-03-11,1181.73,0.9907343954180631,0.29343928578438616,0.5730177090269338,0.5677083535166428,-0.0
2021-03-12,1181.56,-0.014386723617772984,0.21442993483309478,0.520990821081662,0.0,0.007495350950298485
2021-03-15,1184.56,0.253579835981964,0.1872564272947239,-0.6229884801048376,-0.15797731660363776,0.0
2021-03-16,1179.9,-0.3941708494589741,0.5533676451211812,-0.09993830070960315,-0.0,-0.03939276488419067
2021-03-17,1186.09,0.5232493901487661,0.1929342991620169,0.5184654585183307,0.27128673498291694,-0.0
2021-03-18,1200.94,1.2442400456634795,0.23229664496229482,0.5919166479490426,0.7364863970730905,-0.0
2021-03-19,1194.05,-0.5753693341324704,0.20239504636091984,0.7133405265204527,0.0,0.41043426375377867
2021-03-22,1194.43,0.031819400054112885,0.3310473205921776,-0.5695286869695932,-0.018122061132979116,0.0
2021-03-23,1183.45,-0.923518263239228,0.6082499369697494,-0.013577296835660002,-0.0,-0.012538881593152192
2021-03-24,1161.81,-1.845476763598294,1.3080610367244896,0.5520947472459904,0.0,1.0188780273471485
2021-03-25,1163.1,0.1109720490155789,0.9803948584695056,0.5744687330877031,0.06374997240612609,-0.0
2021-03-26,1162.21,-0.07654893699846996,2.924769867751407,0.6225664167646079,0.0,0.04765679741427716
2021-03-29,1175.68,1.1523338611697864,0.2619059874490984,-0.6759592397093949,-0.7789307206877202,0.0
2021-03-30,1186.36,0.9043092226965539,0.6240366847374308,-0.07658556702668129,-0.06925703458767299,0.0
2021-03-31,1191.44,0.42728637639404693,0.2880962856354178,0.58153253645906,0.24848093025883072,-0.0
2021-04-01,1216.1,2.048635740934153,0.8248667134665548,0.7698218900063724,1.5770846380205348,-0.0
2021-04-02,1224.45,0.6842746578520903,0.1693638807999677,0.7779901165349798,0.5323589208042812,-0.0
2021-04-05,1236.05,0.9429047708391461,0.7421259594515678,-0.47535152977763095,-0.44821122525301466,0.0
2021-04-06,1239.96,0.3158309740397695,0.484107260998493,0.0594142629392187,0.01876486453594842,-0.0
2021-04-07,1242.38,0.19497738155607386,0.25487957684837936,0.7297257282732049,0.14228001175280855,-0.0
2021-04-08,1234.89,-0.6046997560521419,0.509631996481287,0.6913251073661506,0.0,0.41804412377703204
2021-04-09,1231.66,-0.26190442896513344,0.1795668053444132,0.7995885016420811,0.0,0.2094157699296559
2021-04-12,1252.45,1.673878002285662,0.6971934605445568,-0.40164351740776594,-0.6723022485494978,0.0
2021-04-13,1248.33,-0.32949749498327496,0.8220588048574413,0.1689012622116194,0.0,0.055652542798241875
2021-04-14,1255.87,0.6021901433930527,1.1318370590564901,0.8565411201778085,0.5158006199819204,-0.0
2021-04-15,1247.25,-0.6887431745459569,0.5458670619780498,0.7913301567591905,0.0,0.5450232442802746
2021-04-16,1238.71,-0.6870612233841957,2.349571649837408,0.8510300846154782,0.0,0.5847097710726661
2021-04-19,1260.58,1.750141698495558,1.5985531833793953,-0.48421261772335805,-0.8474406932153382,0.0
2021-04-20,1268.28,0.6089719316996034,1.9315530635668088,0.015287153189426897,0.00930944720795305,-0.0
2021-04-22,1227.82,-3.242141265059828,2.9294419492663932,0.07810356127790792,0.0,0.25322277896723416
2021-04-23,1248.53,1.672662010708351,2.3031308907551242,0.057879273611071404,0.09681246217663349,-0.0
2021-04-26,1215.77,-2.6589238366593073,1.3357779038165016,-0.7263319564873,-0.0,-1.9312613524314728
2021-04-27,1219.75,0.32682987967980587,0.8710065517907071,-0.25978932554424866,-0.08490691400972471,0.0
2021-04-28,1229.55,0.8002329071202794,0.378665268593873,0.30369165070377957,0.24302405251084197,-0.0
2021-04-29,1239.39,0.7971074308104606,0.1664456247183104,0.26939309173686693,0.21473523523246074,-0.0
2021-05-04,1242.2,0.22646780499486222,2.0038549738533766,-0.7651983601370923,-0.17329279300591538,0.0
2021-05-05,1256.43,1.1390365000160831,1.091072318176497,-0.153523769160889,-0.17486917669429608,0.0
2021-05-06,1250.57,-0.46749187654212204,0.6432442207064883,0.35515428672628796,0.0,0.16603174396365122
2021-05-07,1241.81,-0.7029454635031611,1.0867959707298263,0.26139450397144376,0.0,0.18374608075138543
2021-05-10,1259.58,1.4208339319375283,0.7060315739726221,-0.780974325350186,-1.1096348214295633,0.0
2021-05-11,1256.04,-0.2814417389493224,0.6526815200620044,-0.28880680614188553,-0.0,-0.08128228974097211
2021-05-12,1269.09,1.0336193530565279,0.5376400623226146,0.24750560129708607,0.25582657949056103,-0.0
2021-05-13,1261.99,-0.5610268045863519,0.4090690956142594,0.3106627975920982,0.0,0.17429015663695147
2021-05-14,1266.36,0.34568033315044583,0.4113190752398435,0.38051975826398693,0.1315381968070221,-0.0
2021-05-17,1258.7,-0.6067201173539801,0.6991018395318754,-0.7569342025572143,-0.0,-0.45924720820475445
2021-05-18,1252.68,-0.4794186089251953,0.4363748191792358,-0.31331852437458224,-0.0,-0.1502107311061571
2021-05-19,1262.49,0.7800705117858562,0.3209249913048288,0.27598823384681315,0.2152902828237581,-0.0
2021-05-20,1278.22,1.238252377130099,1.126498199735419,0.3738319596710024,0.46289831270982207,-0.0
2021-05-21,1283.93,0.44572015324700603,1.0031539451425737,0.5559051100650553,0.2477781108489902,-0.0
2021-05-24,1297.98,1.088352319499557,0.21075915764218303,-0.5807070632350355,-0.6320138792216269,0.0
2021-05-25,1308.58,0.8133369984917646,0.17909552666403128,0.013872026480333774,0.011282632380512948,-0.0
2021-05-26,1316.7,0.6186026552547518,0.29512940777351393,0.489916979572022,0.3030639444176408,-0.0
2021-05-27,1303.57,-1.0021951857930596,0.633119280440563,0.5608369937424156,0.0,0.5620681351433011
2021-05-28,1320.46,1.2873506217792339,1.1825875602714198,0.43943089365188487,0.5657016341717583,-0.0
2021-05-31,1328.05,0.5731540207862934,1.2045434465958045,-0.5625249172978303,-0.3224134181417286,0.0
2021-06-01,1337.78,0.7299822724758502,0.7058914432926484,0.13206537489748374,0.09640538248304029,-0.0
2021-06-02,1340.78,0.224001049400554,0.5407064585614313,0.8587386814882527,0.1923583658142167,-0.0
2021-06-03,1364.28,1.7375282780228902,0.41060675430692894,0.930273404505375,1.6163763466207157,-0.0
2021-06-04,1374.05,0.7135766293067602,0.3964350636257683,0.9197403669114014,0.6563052308580007,-0.0
2021-06-07,1358.78,-1.1175344913568792,1.6788080571711477,-0.3358469086273555,-0.0,-0.37532050420665203
2021-06-08,1319.88,-2.904641495148869,3.2588492164532634,0.20337883193721162,0.0,0.5907425944797329
2021-06-09,1332.9,0.9816196252946885,1.8909861486870945,0.6812210696032702,0.668699971086809,-0.0
2021-06-10,1323.58,-0.7016832981905519,0.8585849441259288,0.583598269366558,0.0,0.4095011584674245
2021-06-11,1351.74,2.105246478903944,1.2416611682199263,0.46372134590718733,0.9762477306637038,-0.0
2021-06-14,1361.72,0.7355955128511874,0.5047516502441665,-0.8422205275386782,-0.6195336408886115,0.0
2021-06-15,1367.36,0.41332669100418806,0.6292408152034883,-0.40469537719326376,-0.16727140111998345,0.0
2021-06-16,1356.52,-0.7959276639339932,0.9056572494507759,0.08724506334065489,0.0,0.06944075945450072
2021-06-17,1359.92,0.2503277654194252,1.2525876472431496,0.11453896707583573,0.028672283681543072,-0.0
2021-06-18,1377.77,1.3040375609170112,0.26525468834992516,0.20974943350153163,0.27352113966706215,-0.0
2021-06-21,1372.63,-0.37376425129457086,0.5085063029772844,-0.7515423488341035,-0.0,-0.2808996633281419
2021-06-22,1379.97,0.5333152217778487,0.314775444002505,-0.22814556853535053,-0.12167350448106386,0.0
2021-06-23,1376.87,-0.224895264621469,0.6148259511852789,0.1801804966653506,0.0,0.04052174047718174
2021-06-24,1379.72,0.2067772875527583,0.34472375089796153,0.19894794757443068,0.04113791696362913,-0.0
2021-06-25,1390.12,0.7509494319858411,0.6569608715706253,0.18649810317695015,0.1400506446471675,-0.0
2021-06-28,1405.81,1.1223574770211626,0.49010273722148495,-0.8566947351849107,-0.9615177415594494,0.0
2021-06-29,1410.04,0.3004423660253513,0.21941150499005946,-0.44203909768871824,-0.1328072723853099,0.0
2021-06-30,1408.55,-0.10572663202488106,0.3166578933580042,0.11826009710058687,0.0,0.01250324176938045
2021-07-01,1417.08,0.6037609957285787,0.5259943889575545,0.23054247360925006,0.13919255342405037,-0.0
2021-07-02,1420.27,0.22485779647068307,0.16434091576234192,0.3360294950796838,0.07555885181277394,-0.0
2021-07-05,1411.13,-0.6456192518251778,1.8941060359823116,-0.6581708770314411,-0.0,-0.42492778920216007
2021-07-06,1354.79,-4.074434109454123,4.3050583214928935,-0.2239544094106778,-0.0,-0.9124874846655191
2021-07-07,1388.55,2.4613576428225588,5.428864764933694,0.2237749561060709,0.5507901984839603,-0.0
2021-07-08,1374.68,-1.0039060438579568,1.2122183847136714,0.14625726169697575,0.0,0.1468285489757088
2021-07-09,1347.14,-2.023715006358353,2.5122685087590404,0.24099613268294637,0.0,0.4877074901848073
2021-07-12,1296.3,-3.846977407316964,11.640784274240326,-0.7699105441768618,-0.0,-2.9618284691034966
2021-07-13,1297.54,0.09561114752351874,2.5869526225368733,-0.285112059584691,-0.027259891189686154,0.0
2021-07-14,1279.91,-1.3680401139609204,4.2911580963763525,0.2611538931733665,0.0,0.35726900177823034
2021-07-15,1293.92,1.0886607405888866,1.9864932620185216,0.19460561522612882,0.2118594931948333,-0.0
2021-07-16,1299.31,0.41569839634965955,0.25675955034207537,0.19135764698090674,0.0795470669792072,-0.0
2021-07-19,1243.51,-4.389532828243385,4.32095511879834,-0.7356294233009111,-0.0,-3.2290695030010985
2021-07-20,1273.29,2.3666075911242124,5.147481773414621,-0.1787948759871215,-0.42313731076523386,0.0
2021-07-21,1270.79,-0.19653476342775658,0.9392387498112721,0.48505586942826184,0.0,0.09533034054732822
2021-07-22,1293.67,1.7844386047438983,1.0969385620421148,0.3742845506799621,0.6678878013925484,-0.0
2021-07-23,1268.83,-1.9387924363520401,0.7323880122688952,0.3231717901292041,0.0,0.6265630223448498
2021-07-26,1272.71,0.3053269288903338,1.5802240168913575,-0.9095401598633437,-0.277707103713498,0.0
2021-07-27,1276.93,0.3310274276786539,0.7035601890232857,-0.43375750201787827,-0.14358563012929676,0.0
2021-07-28,1277.07,0.010963194999216816,0.2705240921985115,0.07131401893666595,0.0007818294957805094,-0.0
2021-07-29,1293.6,1.2860637757757254,0.1880645825030632,0.15337015415378705,0.19724379954232443,-0.0
2021-07-30,1310.05,1.2636275142854263,0.37734485847740024,0.16832792302363686,0.21270379495518682,-0.0
2021-08-02,1314.22,0.31780293260254905,0.8855531732193515,-0.77326752401229,-0.2457466868174178,0.0
2021-08-03,1332.44,1.3768514151836628,0.21555403321316632,-0.3222178503769158,-0.44364610328889426,0.0
2021-08-04,1334.74,0.17246684289090458,0.4173780306028456,0.24509092678113945,0.042270058363148975,-0.0
2021-08-05,1345.55,0.8066335070714892,0.8479612046830087,0.2940628233387737,0.2372009264890988,-0.0
2021-08-06,1341.45,-0.3051732922937382,0.2622405250501757,0.3377063718649483,0.0,0.1030589653305997
2021-08-09,1359.86,1.3630634794520713,1.204819532270033,-0.685530967553121,-0.9344222259051022,0.0
2021-08-10,1362.43,0.188811681599019,0.3880660688554674,-0.06858370469302617,-0.012949404613380804,0.0
2021-08-11,1357.79,-0.34114920852970887,0.6618608277754998,0.6214862655650588,0.0,0.2120195476096043
2021-08-12,1353.05,-0.3497074582537975,0.33999771907888227,0.5683669202464282,0.0,0.19876215103491726
2021-08-13,1357.05,0.29519227368846374,1.1436315884336654,0.4570219219202283,0.13490934025710374,-0.0
2021-08-16,1370.96,1.0197998212733461,0.22509862004317552,-0.6160144546978458,-0.6282114308026608,0.0
2021-08-17,1363.09,-0.5757043021619465,1.0023764112753748,-0.05956753755640335,-0.0,-0.03429328764041473
2021-08-18,1360.94,-0.15785438827381132,0.569458575162387,0.55533758357406,0.0,0.08766247454053981
2021-08-19,1374.85,1.016899679249847,0.8909008105847599,0.523977174860496,0.5328322210498794,-0.0
2021-08-20,1329.43,-3.359435531648876,4.711367413736325,0.49407326251477107,0.0,1.6598072733298046
2021-08-23,1298.86,-2.326332227351314,0.05867305254812099,-0.6535377311220314,-0.0,-1.5203458856992396
2021-08-24,1298.74,-0.009239297819929531,1.004189490903656,-0.4273258455842119,-0.0,-0.0039481907535057524
2021-08-25,1309.55,0.828900305870887,0.7027607141300661,0.0569712993034624,0.04722352741850183,-0.0
2021-08-26,1301.12,-0.6458134731315275,1.069652030017607,-0.07321192346541743,-0.0,-0.0472812465678408
2021-08-27,1313.2,0.9241474627510562,1.999362603943205,0.16489390537286178,0.15238628427344297,-0.0
2021-08-30,1328.14,1.1312560539213072,0.2777057867013815,-0.5909232441902618,-0.6684854973930525,0.0
2021-08-31,1331.47,0.2504127853412198,0.2840291667202507,-0.03269682095532813,-0.00818770200722688,0.0
2021-09-01,1334.65,0.23854901564814354,0.2532233616380747,0.43519802447854916,0.10381606035137458,-0.0
2021-09-06,1346.39,0.8757851459160427,0.2259496653729953,-0.7555245481551909,-0.6616771766492461,0.0
2021-09-07,1341.9,-0.33404165287926485,0.4473065904780311,-0.3510259434745995,-0.0,-0.1172572863617586
2021-09-08,1333.61,-0.6196969198141664,0.5809459924836612,0.1787181876005243,0.0,0.11075111037081525
2021-09-09,1343.98,0.7745810111220998,0.23366480874126003,0.13302087195074386,0.10303544149595054,-0.0
2021-09-10,1345.31,0.09891087301349152,0.11083106174453906,0.2065977366974974,0.020434762499360923,-0.0
2021-09-13,1341.43,-0.2888260640971675,0.25451877306246884,-0.791769658190382,-0.0,-0.22868371404668766
2021-09-14,1339.7,-0.12905008262143558,0.4122999909426685,-0.36323674341380646,-0.0,-0.04687573174869292
2021-09-15,1345.83,0.456521479660917,0.369850643261877,0.06793524345824992,0.031013897864684885,-0.0
2021-09-16,1345.87,0.002972099416933294,0.38948211286793205,0.13242394158489443,0.00039357711957247333,-0.0
2021-09-17,1352.64,0.5017594304706593,0.20931736599047165,0.1837401896321675,0.09219337290440731,-0.0
2021-09-20,1350.48,-0.159815358529187,0.7504253761287684,-0.7442511263984471,-0.0,-0.1189427606011191
2021-09-21,1339.84,-0.7909880962354852,1.5983404586189585,-0.2437060804680368,-0.0,-0.1927686086304244
2021-09-22,1350.68,0.8057965489273237,0.2982084090562943,0.296672831949318,0.23905794414525627,-0.0
2021-09-23,1352.76,0.15387805243884875,0.2999704067348702,0.3745371272619316,0.05763304370910728,-0.0
2021-09-24,1351.17,-0.11760660840071784,0.21116095932723541,0.24522543627893345,0.0,0.028840131854351712
2021-09-27,1324.99,-1.9565971538401807,0.9277306493943386,-0.830904510173302,-0.0,-1.6257453997180522
2021-09-28,1339.31,1.0749643730193421,1.3797916092965261,-0.4475679117319276,-0.48111955961848785,0.0
2021-09-29,1339.21,-0.007466810032881046,0.45493872065716723,0.027885923690898526,0.0,0.00020821889479135636
2021-09-30,1342.06,0.2125859069267943,0.2418966902880809,-0.046532728576965394,-0.009892202306312547,0.0
2021-10-01,1334.89,-0.5356855485378744,0.23238436458071546,-0.0712893039649231,-0.0,-0.0381886498993331
2021-10-04,1339.54,0.3477379991785495,0.4955498777407372,-0.891786673367314,-0.3101081134908444,0.0
2021-10-05,1354.63,1.1202082867187784,0.1426854091028624,-0.364574057942426,-0.40839888082979764,0.0
2021-10-06,1362.82,0.6027728052109377,0.041313244522414846,0.16410120693720567,0.09891574484404005,-0.0
2021-10-07,1365.99,0.23233581128549458,0.11345996863821856,0.11230721036330273,0.026092986832968644,-0.0
2021-10-08,1372.73,0.49220172979157656,0.046531784454211314,0.06385711308589206,0.03143058152037239,-0.0
2021-10-11,1394.09,1.5440414889097849,0.3327633791009568,-0.7762029931707909,-1.1984896252716595,0.0
2021-10-12,1394.8,0.0509163154759685,0.32994118361109137,-0.32528446715852793,-0.016562286549275922,0.0
2021-10-13,1391.91,-0.20741311697805445,0.29761268263465296,0.09070267216929678,0.0,0.018812923952872478
2021-10-14,1391.85,-0.004310716441757583,0.2461785208293983,-0.011082223707151556,-0.0,-4.777232394565389e-05
2021-10-15,1392.7,0.06105115917483568,0.31181825694629417,0.03136131100041954,0.0019146443898181388,-0.0
2021-10-18,1395.53,0.20299623573445236,0.33792460848467704,-0.8388389249762179,-0.17028114415770693,0.0
2021-10-19,1395.33,-0.01433249968413676,0.2949312650864854,-0.3355817146454077,-0.0,-0.004809724819157378
2021-10-20,1393.8,-0.10971164151310055,1.695305288582471,0.14237807606565175,0.0,0.015620532440639746
2021-10-21,1384.77,-0.6499769155244832,0.31998796863379103,0.10411728139939358,0.0,0.06767382941677248
2021-10-22,1389.24,0.32227741564639234,0.1664756354143253,0.05259021340466247,0.01694863806434688,-0.0
2021-10-25,1385.4,-0.2767928417132625,0.24579798568843989,-0.7777086603697657,-0.0,-0.215264190128762
2021-10-26,1391.63,0.44868153758558726,0.5457886191786832,-0.38478892261477377,-0.17264768544469825,0.0
2021-10-27,1423.02,2.2305651840497474,0.5657334280842683,0.07685314487814289,0.1714259492499167,-0.0
2021-10-28,1438.01,1.0478839554874961,0.5747961901424941,0.10528014599512243,0.11032137581966997,-0.0
2021-10-29,1444.27,0.43437902237612736,0.5012846294678305,0.18702191930477066,0.08123839847051326,-0.0
2021-11-01,1438.97,-0.3676423724425009,0.5804960882597996,-0.8487660850904278,-0.0,-0.3120423771713785
2021-11-02,1452.46,0.9331090761465475,0.10812881454601357,-0.3492501321826558,-0.32588846818501754,0.0
2021-11-03,1444.3,-0.5633895513413734,1.1273839834919614,0.286655078147839,0.0,0.16149847586743735
2021-11-04,1448.34,0.27932979056126533,0.5946087504527652,0.26965505173161414,0.07532268912397895,-0.0
2021-11-05,1456.51,0.5625090137302231,0.44151433109892596,0.28155457162661685,0.1583769843969237,-0.0
2021-11-08,1467.57,0.7564808584956256,0.23519067184422549,-0.6504331092648173,-0.4920401968906281,0.0
2021-11-09,1461.5,-0.41446661836916193,0.5771642750500869,-0.12296412499532759,-0.0,-0.05096452506753637
2021-11-10,1465.02,0.24055886838140586,0.32540101927175885,0.5461891462645689,0.13139064294761088,-0.0
2021-11-11,1462.35,-0.1824163491724631,1.3039794846063701,0.44541423714502254,0.0,0.08125083900943272
2021-11-12,1473.37,0.7507563228398791,0.8867622426802172,0.4852363082912126,0.36429422652110877,-0.0
2021-11-15,1476.57,0.21695365025526966,0.5672997961720978,-0.6259874032728455,-0.1358102521538614,0.0
2021-11-16,1466.45,-0.6877316421574369,0.5598575941911607,-0.1565990951761318,-0.0,-0.10769815288584987
2021-11-17,1475.85,0.6389580927116817,0.18965176066670786,0.33422267761731944,0.2135542846313537,-0.0
2021-11-18,1469.83,-0.4087347153149768,0.31430684310033885,0.37861612969715513,0.0,0.15475355598542503
2021-11-19,1452.35,-1.1963813657157032,4.607658645798518,0.5801877745360053,0.0,0.6941258420709405
2021-11-22,1447.25,-0.3517730210463336,1.2694265487802354,-0.6969162511316546,-0.0,-0.24515633507686746
2021-11-23,1463.63,1.1254447379531207,1.0212600379678072,-0.1431397233622108,-0.16109584845006555,0.0
2021-11-24,1488.87,1.7097791616498756,0.5932668553279145,0.41275626202425847,0.705722055649573,-0.0
2021-11-25,1500.81,0.7987519387624206,0.36015268861497896,0.46670619778609296,0.37278248031407946,-0.0
2021-11-26,1493.03,-0.5197350234523864,1.055575107053952,0.41654517094432536,0.0,0.21649311418972725
2021-11-29,1484.84,-0.550058978400178,1.7011435934942263,-0.7417299416954508,-0.0,-0.4079952139778233
2021-11-30,1478.44,-0.4319544525780893,2.173667442176753,-0.28930975534341785,-0.0,-0.124968636994867
2021-12-01,1485.19,0.4555232381876962,0.5327334673862256,0.2640791508941163,0.12029418995314511,-0.0
2021-12-02,1482.05,-0.21164457017933447,0.2966233595419909,0.18601739940091863,0.0,0.039369572542085014
2021-12-03,1443.32,-2.6480249068077377,2.616554990371194,0.12628137932720995,0.0,0.33439623772448773
2021-12-06,1413.58,-2.082052177897949,4.8874723746785085,-0.9271094201339461,-0.0,-1.930290187339587
2021-12-07,1446.77,2.3207991815382347,0.612430946846956,-0.5279260627451783,-1.2252103743317124,0.0
2021-12-08,1452.87,0.4207425058786779,0.36357494796122414,0.0041164392994774935,0.0017319609861596301,-0.0
2021-12-09,1467.98,1.0346395597794698,0.6345123134817087,0.049265444684895486,0.050971978001120084,-0.0
2021-12-10,1463.54,-0.302914760603479,0.42336229429416367,0.13582583194290013,0.0,0.04114364936675196
2021-12-13,1476.21,0.861983396543439,0.4733584463050297,-0.8046513674388857,-0.6935961187382934,0.0
2021-12-14,1476.02,-0.012871625873484796,0.5814311213238933,-0.30382310464945145,-0.0,-0.003910697334768358
2021-12-15,1475.5,-0.03523608211227592,0.415926830944562,0.16339201455893568,0.0,0.00575729444148884
2021-12-16,1476.61,0.07520045339161933,0.4082849386241503,0.0882568684181267,0.006636956519967618,-0.0
2021-12-17,1479.79,0.21512658817517993,0.26356367222706617,0.0825974684793041,0.017768911585859658,-0.0
2021-12-20,1477.33,-0.16637813598869572,0.5033901035423844,-0.7398361995159242,-0.0,-0.12309256781242024
2021-12-21,1478.74,0.09539693626551128,0.41913610873926926,-0.2669609680882077,-0.02546725845808994,0.0
2021-12-22,1477.67,-0.07238509183229988,0.6885944716313448,0.26212302393251535,0.0,0.018973799158715263
2021-12-23,1456.96,-1.4114449736689674,1.9379272163243706,0.16224089849117734,0.0,0.2289941006989094
2021-12-24,1477.03,1.3681241620800308,0.4501909542357235,0.10329863103123009,0.14132535302361593,-0.0
2021-12-27,1488.88,0.7990844668490668,0.6856977105567219,-1.0182103049571045,-0.8136360386768735,0.0
2021-12-28,1494.39,0.36939373676584086,0.508118300865268,-0.5516622539894271,-0.20378058143382088,0.0
2021-12-29,1485.82,-0.575128841437707,0.25690874464861624,-0.012765582738676095,-0.0,-0.007341854810771974
2021-12-30,1485.97,0.010094925962290745,0.12180832347440237,0.07253653493151302,0.0007322509496947403,-0.0
2021-12-31,1498.28,0.8250025849804455,0.1222692798527999,-0.08422141934354127,-0.06948288866914365,0.0
2022-01-04,1525.58,1.8056882105636078,0.33945795728490424,-0.5665392613860926,-1.0229932651062816,0.0
2022-01-05,1522.5,-0.2020945020001246,0.3636060865685755,0.04183244378613815,0.0,0.008454106894407797
2022-01-06,1528.57,0.39789372307561865,0.6380689587065483,0.6268987686818621,0.24943908506234716,-0.0
2022-01-07,1528.48,-0.005888029310998587,0.14324523697498107,0.5752839279027652,0.0,0.003387288629637879
2022-01-10,1503.71,-1.6338389752851357,1.2884941425739167,-0.3948817608341087,-0.0,-0.6451732114799902
2022-01-11,1492.31,-0.7610132788407247,1.0188985753022777,0.25732450300035725,0.0,0.19582736375436177
2022-01-12,1510.51,1.2122087148768768,4.000024740773759,1.049600046073997,1.2723343229860704,-0.0
2022-01-13,1496.05,-0.9619040693410703,1.2999134267047385,0.9819650230607424,0.0,0.9445561516327261
2022-01-14,1496.02,-0.002005300678190074,1.5900968381698635,0.8245625394252426,0.0,0.0016534958195195688
2022-01-17,1452.84,-2.928798692136654,2.6428031948034705,-0.6043608400906603,-0.0,-1.770051238036135
2022-01-18,1438.94,-0.9613530111527605,1.826144996670044,-0.1042648794460374,-0.0,-0.10023535581292763
2022-01-19,1442.79,0.26720076416800076,0.4848035676197747,0.4055370101665177,0.10835979901489982,-0.0
2022-01-20,1465.3,1.5481260606177893,1.8968317212802714,0.3432711500309922,0.5314270132212181,-0.0
2022-01-21,1472.89,0.5166457501292725,0.3523101132900346,0.29647736906431726,0.15317377273658736,-0.0
2022-01-24,1439.71,-2.2784752745580015,1.9226119163968312,-0.8979928118959929,-0.0,-2.0460544186358343
2022-01-25,1479.58,2.7316559300447194,4.351055428755257,-0.4572253156822133,-1.2489822449498869,0.0
2022-01-26,1481.58,0.13508221805779136,0.321884849969561,0.0722455855899125,0.009759093946369389,-0.0
2022-01-27,1470.76,-0.7329811907184457,0.9380971978592716,0.04886464744234714,0.0,0.03581686746632866
2022-01-28,1478.96,0.5559864070657273,0.7332941293857037,0.06917890074287036,0.03846252846878507,-0.0
2022-02-07,1497.66,1.256475197915702,0.30727556037313347,-0.8213508328270599,-1.0320069502346068,0.0
2022-02-08,1500.99,0.22210003627390038,0.258939939559053,-0.26922050519988644,-0.059793883970572566,0.0
2022-02-09,1505.38,0.29204676205790814,0.30423396271975156,0.3129511190149928,0.09139636099072769,-0.0
2022-02-10,1506.79,0.09362022083651875,0.6267559341650467,0.19531555069336795,0.01828548498871938,-0.0
2022-02-11,1501.71,-0.33771014313026126,0.19655814354183826,0.21764251134882082,0.0,0.0735000836588398
2022-02-14,1471.96,-2.0009612777166987,0.9260457094723169,-0.6925147175226861,-0.0,-1.3856951340118127
2022-02-15,1492.75,1.4025210420541163,0.8562520484823712,-0.2704682934579539,-0.3793374727832481,0.0
2022-02-16,1492.1,-0.04355327807259152,0.2847201857982429,0.23236188633411625,0.0,0.010120121848981667
2022-02-17,1507.99,1.0593114599803606,0.12759373308050243,0.1836213441971203,0.19451219420500782,-0.0
2022-02-18,1504.84,-0.20910580071145732,0.3032947214648954,0.20337599179953644,0.0,0.04252709961072885
2022-02-21,1510.84,0.39792072879372886,0.47989987570973586,-0.807330430754018,-0.3212535133829939,0.0
2022-02-22,1503.47,-0.4890017739459658,1.008515851185885,-0.42424519882881134,-0.0,-0.2074566548153477
2022-02-23,1512.3,0.5855900969152394,0.37511154759468657,0.02661584788481,0.01558597694234716,-0.0
2022-02-24,1494.85,-1.1605803413906122,3.1661032018172706,0.054481818742668726,0.0,0.06323052779594793
2022-02-25,1498.89,0.2698966812363049,0.6262834458973389,0.09600310902192379,0.02591092051338439,-0.0
2022-02-28,1490.13,-0.5861469699412748,0.3398543874936371,-0.8884051358229565,-0.0,-0.5207359784428927
2022-03-01,1498.78,0.5788079366220902,0.19395251663196778,-0.45964462204678247,-0.2660459552663387,0.0
2022-03-02,1485.52,-0.8886564529619879,0.6473777237734655,0.07977903795002485,0.0,0.0708961568853889
2022-03-03,1505.0,1.3028018890635917,0.3995548537414567,0.23890399187936062,0.311244571925264,-0.0
2022-03-04,1505.33,0.02192450670338173,0.1340663255850785,0.3083797380813471,0.006761073634751597,-0.0
2022-03-07,1499.05,-0.4180569133316584,0.28710305659768853,-0.5730492163646228,-0.0,-0.23956718658051987
2022-03-08,1473.71,-1.704854327891588,0.7949288332212282,-0.12804209263628566,-0.0,-0.21829311578326724
2022-03-09,1473.74,0.002035657941670496,0.8885578265354666,0.36434024435659085,0.0007416721118946633,-0.0
2022-03-10,1479.08,0.36168854325197136,0.14143785477899082,0.2873439729883061,0.10392902300237425,-0.0
2022-03-11,1466.54,-0.8514387977388268,0.7812349581103253,0.2233563548394515,0.0,0.19017426623182937
2022-03-14,1446.25,-1.3931885364439272,0.8265370874140335,-0.8472911568338483,-0.0,-1.180436326731231
2022-03-15,1452.74,0.4477428926820768,0.48512307022003176,-0.4436978608421635,-0.19866256369031984,0.0
2022-03-16,1459.33,0.45259978293699443,0.19315594140551573,0.05459213040729851,0.0247083863724114,-0.0
2022-03-17,1461.34,0.1376396729054221,0.12355678060745715,0.04798621551896611,0.006604807007999585,-0.0
2022-03-18,1469.1,0.5296145383250093,0.31569884588123126,0.07014047972771471,0.0371474177888883,-0.0
2022-03-21,1494.95,1.744279307306166,0.24702959975226543,-0.7437609142476037,-1.2973267723052109,0.0
2022-03-22,1503.78,0.5889176765132832,0.16509637859000198,-0.30928726926130556,-0.18214473998850628,0.0
2022-03-23,1502.34,-0.09580456602811503,0.30899121315086303,0.08825900525964703,0.0,0.008455615696973605
2022-03-24,1498.26,-0.2719457784744908,0.17683982589213906,0.0314580220164826,0.0,0.008554876286540032
2022-03-25,1498.5,0.016017298716817906,0.16520347922679574,-0.005695063886361679,-9.121953947921691e-05,0.0
2022-03-28,1483.18,-1.0276176394186436,1.1058483697939074,-0.7708544911636704,-0.0,-0.7921436725448707
2022-03-29,1497.76,0.9782227260903045,0.08549526251695756,-0.3305588278636322,-0.323360157725978,0.0
2022-03-30,1490.51,-0.4852315369814052,0.8918459990980138,0.3130614306796225,0.0,0.15190727917827088
2022-03-31,1492.15,0.10996896496908279,0.23031985365548663,0.23096536507062226,0.025399022140522677,-0.0
2022-04-01,1516.44,1.6147449655278288,1.3733941492385715,0.3252411095639322,0.5251814442510445,-0.0
2022-04-04,1524.7,0.5432186819271748,0.11293958365635301,-0.7879734827552984,-0.42804191669589864,0.0
2022-04-05,1520.03,-0.3067597890203018,0.1449252554076677,-0.3673257167955805,-0.0,-0.11268075938594342
2022-04-06,1522.9,0.18863403699867334,0.31595422542533314,0.14690961109748701,0.02771215301522408,-0.0
2022-04-07,1502.35,-1.3585863042638149,0.3122144244236826,0.01805095691284918,0.0,0.02452378284065313
2022-04-08,1482.0,-1.3638021958974895,0.6189519819711004,0.027304742725276887,0.0,0.03723826808714862
2022-04-12,1455.25,-1.8214819704187324,0.9706539189845861,-0.9971752521445701,-0.0,-1.816336743129088
2022-04-13,1477.2,1.4970696826563212,1.3593832950132032,-0.47862473886588636,-0.7165345859254171,0.0
2022-04-14,1472.12,-0.3444865273172693,0.1502521127498838,-0.06260279739162214,-0.0,-0.021565820273786517
2022-04-15,1458.56,-0.9253891087970787,0.9323193522896837,-0.1103968245791082,-0.0,-0.10216001911128837
2022-04-18,1432.6,-1.7958672436913976,1.382412839177491,-0.9724275605635345,-0.0,-1.7463508028787844
2022-04-19,1406.45,-1.8422176118019755,1.4724854267039142,-0.5630340728578669,-0.0,-1.037231285063359
2022-04-20,1384.72,-1.5570845944187717,1.1505655530348162,0.03717115322660636,0.0,0.05787863004592837
2022-04-21,1370.21,-1.0533940371334731,3.3827165065565956,0.18930257073570012,0.0,0.19941019922702402
2022-04-22,1379.23,0.6561359666193561,4.3428550618070245,0.2991048379496688,0.19625344196863181,-0.0
2022-04-25,1310.92,-5.0796191631746295,9.98605391922234,-0.8672948534845828,-0.0,-4.405527557883019
2022-04-26,1341.34,2.293993349678462,11.868567813758936,-0.3812680814877574,-0.8746264433775816,0.0
2022-04-27,1353.77,0.9224178704575299,3.6987033070641893,0.16768881103027788,0.15467915597010407,-0.0
2022-04-28,1350.99,-0.2055635974311758,0.5214725322828,0.05528312082228407,0.0,0.011364197193451055
2022-04-29,1366.8,1.163458423283261,1.0316152998774513,-0.010569142689578448,-0.012296758089072745,0.0
2022-05-04,1348.68,-1.3345904922960652,0.21401549672070888,-1.0777107535541453,-0.0,-1.4383025251385901
2022-05-05,1360.68,0.88582384535726,2.6082735800795476,-0.7206310795398284,-0.6383521939619243,0.0
2022-05-06,1329.26,-2.3362178376290985,1.304581960779936,-0.4029321238684906,-0.0,-0.9413372151353452
2022-05-09,1269.62,-4.5904753314267,2.751913626872007,-1.0287474732746522,-0.0,-4.722439898334839
2022-05-10,1293.56,1.8680464244135073,4.998023964419427,-0.6223423311741499,-1.1625643665110377,0.0
2022-05-11,1301.53,0.6142388170185644,2.1412279556315017,-0.1607213780004839,-0.09872130909261075,0.0
2022-05-12,1238.84,-4.936503760551491,2.558458814816407,-0.31759460787543253,-0.0,-1.567806976107949
2022-05-13,1182.77,-4.63163127774672,3.9712787661014812,-0.3247542563219172,-0.0,-1.5041419711619672
2022-05-16,1171.95,-0.9190117001666385,3.6743415609359578,-1.1216330850007463,-0.0,-1.0307939284096876
2022-05-17,1228.37,4.701905914520819,7.075761479709275,-0.6989733239666057,-3.28650680605086,0.0
2022-05-18,1240.76,1.0036007820346209,2.369327251910876,-0.23225257655222412,-0.2330888674573678,0.0
2022-05-19,1241.64,0.07089913284422383,1.8318829083758612,-0.2789069903047523,-0.019774263756799283,0.0
2022-05-20,1240.71,-0.07492900223669509,1.3781426655734406,-0.36911580373020875,-0.0,-0.027657478883300318
2022-05-23,1218.81,-1.7808823512999574,2.9864101500816846,-1.1960467193490374,-0.0,-2.130018493818914
2022-05-24,1233.38,1.1883395216718025,2.5112345967407883,-0.8098940902962818,-0.9624291558675031,0.0
2022-05-25,1268.43,2.802154714312455,1.548972536164892,-0.33598599569570337,-0.9414847417816795,0.0
2022-05-26,1268.57,0.011036657480653935,0.7849884889156585,-0.39780530227734096,-0.0043904408652230146,0.0
2022-05-27,1285.45,1.3218569773906574,0.43451285978774584,-0.3635039761363336,-0.4805002671650596,0.0
2022-05-30,1293.92,0.6567518769463326,0.6392734743782488,-1.1919790760006774,-0.7828344954442001,0.0
2022-05-31,1292.68,-0.09587876710674896,0.8522025594921048,-0.7835328155250263,-0.0,-0.07512416034021929
2022-06-01,1299.52,0.527738282148846,0.5587334211119562,-0.4156599413097996,-0.2193596633849238,0.0
2022-06-02,1288.62,-0.8423087193674749,0.788990018415252,-0.4846301656770429,-0.0,-0.4082082142182772
2022-06-03,1287.98,-0.0496778710829766,0.7896229764340548,-0.5660110555914236,-0.0,-0.028118224251210244
2022-06-06,1290.01,0.15748706702276438,1.2209680363571718,-1.2039155524491842,-0.18960112929831308,0.0
2022-06-07,1291.35,0.10382125084169905,2.7514894538554446,-0.8808901695930237,-0.09145511926130413,0.0
2022-06-08,1307.91,1.2742260538287742,1.2426922601644304,-0.49505783758323546,-0.6308155948006924,0.0
2022-06-09,1307.8,-0.008410718318539526,0.3787358145665989,-0.5388292871920253,-0.0,-0.004531941356351562
2022-06-10,1284.08,-1.8303827522213285,1.4343406023573324,-0.5490671637898193,-0.0,-1.0050030664119685
2022-06-13,1227.04,-4.543774358841319,2.626491871202122,-1.2202248084023746,-0.0,-5.544426196440771
2022-06-14,1230.31,0.26614051153790835,1.918118145107201,-0.8681315271879998,-0.23104496872799987,0.0
2022-06-15,1213.93,-1.3403139800951929,4.744038199996222,-0.4424719529993249,-0.0,-0.5930513444050183
2022-06-16,1236.63,1.8526907567149724,1.5594207194427592,-0.3732051366018861,-0.691433706940863,0.0
2022-06-17,1217.3,-1.5754646482575327,2.6686368233247704,-0.32118467924632704,-0.0,-0.5060151077145231
2022-06-20,1180.4,-3.078192734676622,2.013058137152899,-1.099437177634863,-0.0,-3.384279532429006
2022-06-21,1172.47,-0.6740729429630908,2.6389396128538567,-0.731136424385788,-0.0,-0.49283928129323945
2022-06-22,1169.27,-0.2733012197620607,1.5688982611684155,-0.38256500052841624,-0.0,-0.10455548128268954
2022-06-23,1188.88,1.663206500878098,0.5919896774559289,-0.375818211567998,-0.6250632926282748,0.0
2022-06-24,1185.48,-0.28639316059311654,0.3775388174654305,-0.4983353631436696,-0.0,-0.14271983968603402
2022-06-27,1202.82,1.4521044000056933,0.403409970084615,-1.2520693130341092,-1.8181353585689357,0.0
2022-06-28,1218.1,1.2623467861473296,1.1172829240154283,-0.8006397998179616,-1.0106850781618453,0.0
2022-06-29,1218.09,-0.0008209540306808992,0.2496993684362071,-0.4357232442944499,-0.0,-0.0003577087536648868
2022-06-30,1197.6,-1.6964504060187764,0.6696056774606141,-0.45858956489697267,-0.0,-0.7779744535654433
2022-07-01,1198.9,0.1084915608189449,3.4218192471920346,-0.584223585443846,-0.06338332865204307,0.0
2022-07-04,1195.53,-0.28148680271945464,0.6042033517962714,-1.292927669458341,-0.0,-0.36394207582334426
2022-07-05,1181.29,-1.198254001791784,0.5670363259517137,-0.927328460845346,-0.0,-1.1111750391833515
2022-07-06,1149.61,-2.7184307263712895,1.934166188323272,-0.5314029376069819,-0.0,-1.4445820736747848
2022-07-07,1166.48,1.4567912603247133,1.219469151800203,-0.5501083962378017,-0.8013931038704739,0.0
2022-07-08,1171.31,0.41321135537656867,0.5827062294458537,-0.6210764127456029,-0.2566358263030278,0.0
2022-07-11,1155.29,-1.3771385870692503,1.4992941184224093,-1.310825911870077,-0.0,-1.8051889441665194
2022-07-12,1174.82,1.6763549662779775,0.47086835100151714,-0.8933036610537267,-1.497494028601714,0.0
2022-07-13,1173.92,-0.07663683881987095,0.4598038588383091,-0.4775547972670032,-0.0,-0.036598290025807466
2022-07-14,1182.17,0.7003156685748266,0.16466053423297064,-0.4533161447477349,-0.31746439898477286,0.0
2022-07-15,1179.25,-0.2473089487061454,0.4329673816922424,-0.5762343514362875,-0.0,-0.1425079116620758
2022-07-18,1176.49,-0.23432138205826303,0.1872919298852363,-1.2555640224137157,-0.0,-0.2942054969946138
2022-07-19,1178.33,0.1562752460459743,0.46282310664754733,-0.9436033253366783,-0.14746184183678893,0.0
2022-07-20,1194.14,1.3328079206034973,0.4785727746429011,-0.6502884671956629,-0.866709619755487,0.0
2022-07-21,1198.47,0.36194822617565514,0.13575381070395318,-0.613188215632479,-0.2219423869599909,0.0
2022-07-22,1194.76,-0.3100414896927186,0.16661728862346456,-0.5882036685866986,-0.0,-0.1823675416513422
2022-07-25,1188.5,-0.5253320574863907,0.6515018082613054,-1.3516481748346767,-0.0,-0.7100641166836255
2022-07-26,1185.07,-0.28901632457252213,0.28654503251178265,-0.963767883556438,-0.0,-0.27854465144652024
2022-07-27,1191.04,0.5025030459307807,0.26666806878946436,-0.6578606748703261,-0.3305769929204178,0.0
2022-07-28,1208.12,1.4238557295605971,0.7022748691600809,-0.6232724613788192,-0.8874500652115677,0.0
2022-07-29,1206.33,-0.14827396118746333,0.2825308494266143,-0.6979442867928753,-0.0,-0.10348696409093858
2022-08-01,1231.35,2.052843576482227,0.3813110062778969,-1.3381193505884772,-2.7469497134221244,0.0
2022-08-02,1241.62,0.8305850084255788,0.7185855630860207,-0.9779234489943254,-0.8122485561225228,0.0
2022-08-03,1249.76,0.6534554315346626,0.3921106920171226,-0.5144395529533463,-0.3361633200736278,0.0
2022-08-04,1254.15,0.3506519402189432,0.3120117163685247,-0.52344085157682,-0.1835455501952678,0.0
2022-08-05,1252.74,-0.11248998948375191,0.22715082877994752,-0.5142741159569238,-0.0,-0.05785068989576018
2022-08-08,1256.75,0.319587120334541,0.09938831940074717,-1.3110915386266648,-0.41900796932467843,0.0
2022-08-09,1258.85,0.16695821973392078,0.3296415767544363,-0.9513633375779706,-0.15883792916213907,0.0
2022-08-10,1256.5,-0.18685277863769748,0.13083497495942276,-0.5975710875283801,-0.0,-0.11165781813822855
2022-08-11,1252.07,-0.35318963434082096,0.9871382063783262,-0.6320943575850843,-0.0,-0.22324917502437203
2022-08-12,1262.33,0.8161037977338002,0.2604109931763824,-0.7592507191579262,-0.6196273953369025,0.0
2022-08-15,1274.2,0.9359311064811427,0.0800825640853376,-1.3105748658664191,-1.226607784336733,0.0
2022-08-16,1274.69,0.03844810925824173,0.0707381082774015,-1.005314216810158,-0.03865243084678067,0.0
2022-08-17,1275.28,0.04627505504209142,0.2238026065843868,-0.6506839808218563,-0.03011043702753856,0.0
2022-08-18,1273.66,-0.1271116792175986,0.6465673591029509,-0.682783682476852,-0.0,-0.08678978042200831
2022-08-19,1269.18,-0.3523622906101206,0.8245663622981753,-0.7058070379263764,-0.0,-0.24869978461248227
2022-08-22,1260.43,-0.6918090059627331,0.6378640183141063,-1.3853712544100756,-0.0,-0.958412310402779
2022-08-23,1270.81,0.8201559855774084,0.21512305610482754,-1.0821638883622697,-0.8875431904160379,0.0
2022-08-24,1277.16,0.4984370417692645,0.19191538866773752,-0.6993490904270224,-0.3485814917964709,0.0
2022-08-25,1288.88,0.9134761341778054,0.07123076326380359,-0.6123701341867028,-0.5593855028628132,0.0
2022-08-26,1282.57,-0.4907746730603462,0.5075877153136018,-0.6372010503810294,-0.0,-0.3127221371744589
2022-08-29,1270.8,-0.9219254056766664,1.3428952895663877,-1.3253705085291936,-0.0,-1.2218927437476663
2022-08-30,1279.39,0.6736778426303008,0.5216238829281337,-0.9954684498430094,-0.6706250376967684,0.0
2022-08-31,1280.51,0.08750342368560145,0.28550190310841517,-0.687229764167388,-0.06013495722329492,0.0
2022-09-05,1277.35,-0.24708167043018997,0.3066444347410465,-1.4381015128325145,-0.0,-0.35532852403884096
2022-09-06,1277.4,0.0039142773270620405,0.2644219796257635,-1.051646147428041,-0.004116434670969725,0.0
2022-09-07,1243.17,-2.7162193079400976,0.8015625523335451,-0.7341794044399513,-0.0,-1.9941922738317577
2022-09-08,1234.6,-0.6917538088292496,0.23149125062656295,-0.7682313522089671,-0.0,-0.5314269639525978
2022-09-09,1248.78,1.1420043738419698,1.1941462178746065,-0.7807859072966576,-0.8916609211669538,0.0
2022-09-12,1249.62,0.06724303807647322,0.1768614634639952,-1.380607481283305,-0.09283624143259707,0.0
2022-09-13,1248.4,-0.09767736823553257,0.2127823246832673,-1.1161184209790815,-0.0,-0.1090195100004349
2022-09-14,1240.77,-0.6130576776296617,0.30448739949468673,-0.7805043093200551,-0.0,-0.4784941592516961
2022-09-15,1245.66,0.3933355296185023,0.17283303380457432,-0.8465963390492686,-0.3329964193930292,0.0
2022-09-16,1234.03,-0.9380273563547527,0.5939817029971332,-0.8180414917090694,-0.0,-0.7673452978563566
2022-09-19,1205.43,-2.3448886609740693,1.5607627664416392,-1.4327454760306855,-0.0,-3.35962862080625
2022-09-20,1218.93,1.1137074971089553,1.1403427446526706,-1.1321187132315902,-1.2608490985433656,0.0
2022-09-21,1210.55,-0.6898622943472986,0.5188867948732541,-0.8002101124765929,-0.0,-0.5520347841530123
2022-09-22,1214.7,0.3422330935383977,0.5756054261571792,-0.7901440692254137,-0.2704134491520312,0.0
2022-09-23,1203.28,-0.944597135926737,0.5536324690556449,-0.767427757732114,-0.0,-0.7249100619844328
2022-09-26,1174.35,-2.433635832492504,3.113054554772602,-1.4307932299166657,-0.0,-3.4820296732128835
2022-09-27,1166.54,-0.6672700535513119,0.40497528591429816,-1.1858221682023509,-0.0,-0.7912636216787154
2022-09-28,1143.62,-1.9843432558898477,0.8286789093078663,-0.9020135613548578,-0.0,-1.7899045271956955
2022-09-29,1126.07,-1.5464975197571356,1.424193948779072,-0.8160981910772849,-0.0,-1.262093828379306
2022-09-30,1132.11,0.5349453456950302,4.324031636709853,-0.7568125700032876,-0.4048533618867529,0.0
2022-10-03,1086.44,-4.117685220911394,4.354352022225322,-1.3636465597069412,-0.0,-5.615067285451938
2022-10-04,1078.14,-0.766896181146886,2.9860212631973457,-0.9860508859661383,-0.0,-0.756198658863935
2022-10-05,1104.26,2.393809318952159,0.8802828145410032,-0.6602229215794629,-1.5804477822627387,0.0
2022-10-06,1074.52,-2.7301377138083933,1.8997213041275764,-0.6836507361374164,-0.0,-1.8664606578016312
2022-10-07,1035.91,-3.659378275894115,4.933080469210972,-0.680763088932481,-0.0,-2.4911696586700947
2022-10-10,1042.48,0.6322222377736505,4.918867864600301,-1.0833089182572062,-0.6848919885007235,0.0
2022-10-11,1006.2,-3.5421630779432305,3.5184209507807127,-0.7992439416660505,-0.0,-2.831052380439297
2022-10-12,1034.81,2.803697591109357,3.348747691509194,-0.4780515655343143,-1.3403120227146141,0.0
2022-10-13,1050.99,1.5514742115514746,2.2546398705853794,-0.5799056886251411,-0.8997087210339058,0.0
2022-10-14,1061.85,1.028009280448136,0.7250801990168321,-0.6995027212784762,-0.7190952891729994,0.0
2022-10-17,1051.58,-0.971887485170393,1.908810209764793,-1.3540499189989934,-0.0,-1.3159841705711062
2022-10-18,1063.66,1.1421995926185295,0.8553794702765222,-1.0659416178279566,-1.2175180816382283,0.0
2022-10-19,1060.07,-0.3380847301222812,0.7507205206461033,-0.7893928509588969,-0.0,-0.2668816689768968
2022-10-20,1058.45,-0.15293698579774198,1.286275075388235,-0.8030345182444997,-0.0,-0.12281367871185563
2022-10-21,1019.82,-3.7179432686273985,4.07474576975282,-0.8155688385170757,-0.0,-3.0322386732668276
2022-10-24,986.15,-3.3572947267802746,5.894914341030269,-1.3547921917832746,-0.0,-4.548436681357078
2022-10-25,997.7,1.1644157069949188,11.127883936177458,-1.0340243969995855,-1.2040342492822669,0.0
2022-10-26,993.36,-0.4359493810874788,1.7796383193866414,-0.6087314864619334,-0.0,-0.2653761147715409
2022-10-27,1028.01,3.4287037485669907,2.755103789249455,-0.5983458320300629,-2.0515505972209116,0.0
2022-10-28,1027.36,-0.0632489548518375,1.2294246529950061,-0.5823130680601527,-0.0,-0.03683069295137158
2022-10-31,1027.94,0.056439450727031965,3.095213843889135,-1.2874180018050583,-0.07266116487797053,0.0
2022-11-01,1033.75,0.5636167784892596,1.2111077820487997,-0.9961746291676586,-0.5614607353042086,0.0
2022-11-02,1023.19,-1.0267769381386394,0.8390285789547715,-0.7040590968763727,-0.0,-0.7229116437593777
2022-11-03,1019.81,-0.3308862539253212,0.590390682910063,-0.7381146663876191,-0.0,-0.2442319969283375
2022-11-04,997.15,-2.2470404418030934,5.875282589304258,-0.7236078651859085,-0.0,-1.625976137079537
2022-11-07,975.19,-2.226888619155334,2.806917092435793,-1.2976158516702998,-0.0,-2.8896459721201464
2022-11-08,981.65,0.660250553708076,1.5384046884032492,-0.9882900537967657,-0.6525190552434987,0.0
2022-11-09,985.59,0.4005617279129104,1.4454859405802962,-0.6330043126963771,-0.25355730126998505,0.0
2022-11-10,947.24,-3.9687953656066153,5.820384113865082,-0.6081426267824233,-0.0,-2.413593638801915
2022-11-11,954.53,0.7666579772165383,1.6126372098072999,-0.4853691054630888,-0.3721120965977323,0.0
2022-11-14,941.04,-1.4233426087800674,2.7064808253485517,-1.2681941684162186,-0.0,-1.8050747961132085
2022-11-15,911.9,-3.1455311712566045,4.0697989139332265,-0.8944486909486633,-0.0,-2.8135162384686856
2022-11-16,942.9,3.3429897532011745,10.125628754478308,-0.4083495203088192,-1.3651082621169977,0.0
2022-11-17,969.26,2.757266128179439,1.4930087111767119,-0.32683881452214564,-0.9011815926562343,0.0
2022-11-18,969.33,0.007221743641557603,5.601101561943951,-0.2624894021029315,-0.0018956311706131023,0.0
2022-11-21,960.65,-0.8994972512131266,0.9533373149492413,-1.2818901316566145,-0.0,-1.1530566497823578
2022-11-22,952.12,-0.8919061409863668,7.217016906580891,-1.0458347595585378,-0.0,-0.9327864445072602
2022-11-23,946.0,-0.6448508215968447,1.5097617172443443,-0.7819975826241706,-0.0,-0.5042717836419429
2022-11-24,947.71,0.1805979231004184,1.2903018659937195,-0.8357245638300967,-0.1509301205117185,0.0
2022-11-25,971.46,2.475154624383381,0.45145003299341246,-0.8857188861545975,-2.1922911969692493,0.0
2022-11-28,1005.69,3.4629057551224967,0.9749350055317214,-1.275397792695402,-4.416582356395437,0.0
2022-11-29,1032.16,2.5979820705990497,3.4606781765533463,-0.9481088089753299,-2.4631696866949264,0.0
2022-11-30,1048.42,1.563057517164887,2.944803053081351,-0.6468265410641476,-1.0110270873120784,0.0
2022-12-01,1036.28,-1.1646891382312075,2.598531377130466,-0.6259143863201017,-0.0,-0.7289956872096742
2022-12-02,1080.01,4.133292276138943,3.108726092715768,-0.5993478785535548,-2.477279957145669,0.0
2022-12-05,1093.67,1.2568712804954318,1.170487972413631,-1.257656802877351,-1.5807127162562469,0.0
2022-12-06,1048.69,-4.1997246960240915,1.8641778660084622,-0.9135804329253037,-0.0,-3.836786305960779
2022-12-07,1041.02,-0.7340764453086848,2.704335951745765,-0.5153961488940669,-0.0,-0.3783401729059423
2022-12-08,1050.53,0.9093796980608443,4.494969590590564,-0.5283103418950015,-0.48043469919489784,0.0
2022-12-09,1051.81,0.1217690914088294,1.6889818156387457,-0.5605942263743956,-0.06826304959464578,0.0
2022-12-12,1032.07,-1.8945995422422595,2.3122539610524155,-1.2796420183437514,-0.0,-2.4244091821880325
2022-12-13,1047.45,1.479214476159536,1.593925943888591,-0.9858558379150475,-1.4582922268503276,0.0
2022-12-14,1050.43,0.2840965168950333,0.6378767921208138,-0.678272657351513,-0.19269489945870324,0.0
2022-12-15,1055.32,0.4644434325143632,0.6911198781112594,-0.7171462959443234,-0.3330738873033429,0.0
2022-12-16,1052.48,-0.2694754453555723,1.341607767714954,-0.6563671838195281,-0.0,-0.1768748391765501
2022-12-19,1038.4,-1.346821705086648,2.4913706069963006,-1.3721015745155005,-0.0,-1.8479761821410408
2022-12-20,1023.13,-1.4814510847974203,3.3271186096920213,-1.0794332760043364,-0.0,-1.5991275977030572
2022-12-21,1018.88,-0.4162571325942675,3.115059461359657,-0.7375996956251472,-0.0,-0.30703113430332823
2022-12-22,1022.61,0.3654197816895378,1.2627546292913265,-0.8040944824650156,-0.2938320302401279,0.0
2022-12-23,1020.34,-0.22222775243669568,0.9188963469084466,-0.8176983542932122,-0.0,-0.18171526744576544
2022-12-26,985.21,-3.5036367650262576,2.1178863527149816,-1.4036957801676324,-0.0,-4.918040142307532
2022-12-27,1004.57,1.9460051819979256,1.6212017791216655,-1.0651000101470145,-2.0726901390921335,0.0
2022-12-28,1015.66,1.0979058224624818,2.0793352297212118,-0.7936492083383472,-0.8713520868274106,0.0
2022-12-29,1009.29,-0.6291534123978495,0.6055110134032934,-0.8400679066284241,-0.0,-0.528531590101191
2022-12-30,1007.09,-0.2182129234545081,0.17481303469137396,-0.9393450482127715,-0.0,-0.20497722910302474
2023-01-03,1043.9,3.5898715309997895,1.1412856535560507,-1.4714725095098211,-5.282397270538124,0.0
2023-01-04,1046.35,0.23442182724255917,0.5423196027508994,-1.1386828036187018,-0.2669321034739762,0.0
2023-01-05,1055.82,0.9009798505046536,0.39278784908089215,-0.8739155493334239,-0.7873803009921204,0.0
2023-01-06,1051.44,-0.41570630179722806,1.4460706470917546,-0.9310594177289978,-0.0,-0.3870472672976022
2023-01-09,1054.21,0.2631018068422908,0.5015215396733158,-1.4250809591971407,-0.3749413752613126,0.0
2023-01-10,1053.35,-0.08161096696963657,0.6101712110411303,-1.1681151343527922,-0.0,-0.09533100564639832
2023-01-11,1055.76,0.2285325136094723,0.5326839588023327,-0.9222682912423602,-0.21076829081992945,0.0
2023-01-12,1056.39,0.0596548558277754,0.4981975096292076,-0.9669225479850461,-0.057681625196673164,0.0
2023-01-13,1060.17,0.3571837338677847,0.5523881658077442,-1.0361476583792835,-0.37009508945827424,0.0
2023-01-16,1066.68,0.6121748436054156,0.36492256532219486,-1.5552672647805073,-0.9520954945816296,0.0
2023-01-17,1088.29,2.0056635975378816,0.5101323689043249,-1.2525772758966065,-2.5122486453689876,0.0
2023-01-18,1098.28,0.913766265068557,0.38157449412088956,-0.9130354708288334,-0.8343010120543745,0.0
2023-01-19,1108.08,0.8883468199194876,0.7229921640911486,-0.9472798105687922,-0.8415130072927212,0.0
2023-01-27,1117.1,0.8107253709959392,0.637825867045285,-1.426027199181796,-1.1561164301069617,0.0
2023-01-30,1102.57,-1.3092223207845244,0.3099297824941317,-1.3432710668254728,-0.0,-1.7586404635519495
2023-01-31,1111.18,0.7778695349085447,1.8068207213122365,-0.9956666675665012,-0.7744987676238949,0.0
2023-02-01,1075.97,-3.219993342588876,2.1635630451936385,-0.6326734802770836,-0.0,-2.0372043945247436
2023-02-02,1077.59,0.15044858797242164,0.6641977204514838,-0.6327215280563001,-0.0951920604758233,0.0
2023-02-03,1077.15,-0.04084019474419579,0.5549829867461311,-0.7665438993917197,-0.0,-0.03130580213113306
2023-02-06,1089.29,1.120744361435231,1.1622971393530321,-1.43980135013222,-1.6136492447475184,0.0
2023-02-07,1065.84,-2.176288718683224,1.4732311673949745,-1.1536477231892175,-0.0,-2.510670525311281
2023-02-08,1072.22,0.5968044803848023,1.043643076072999,-0.8742541977909477,-0.5217588222368587,0.0
2023-02-09,1064.03,-0.7667679462978293,0.4215194412262643,-0.8224915061811874,-0.0,-0.6306601230419574
2023-02-10,1055.3,-0.8238499315781725,0.2571988541964173,-0.8412446690039211,-0.0,-0.6930593629993829
2023-02-13,1043.7,-1.1052994851038405,2.109491326554587,-1.4170227469724344,-0.0,-1.5662345126090613
2023-02-14,1038.64,-0.4859926774007952,0.7407893605673221,-1.0816525164983979,-0.0,-0.5256752025103643
2023-02-15,1048.2,0.9162242316067856,0.974996392363545,-0.7341361127399301,-0.6726332957899349,0.0
2023-02-16,1058.29,0.9579990570462059,0.35348174667668353,-0.6981544332261994,-0.6688312887033274,0.0
2023-02-17,1059.31,0.09633548157200339,0.36082800571525364,-0.7463461655405307,-0.07189961727676518,0.0
2023-02-20,1086.69,2.551862610050503,1.0741794486860334,-1.3684171657591666,-3.4920126002520986,0.0
2023-02-21,1082.23,-0.4112651721900918,0.561827071798728,-1.045211431457497,-0.0,-0.4298590593334198
2023-02-22,1054.28,-2.6165657662536517,0.4286274335612661,-0.7381042784029074,-0.0,-1.931298386794402
2023-02-23,1053.66,-0.05882520544974433,2.6277157213381983,-0.7374344329075604,-0.0,-0.04337973202150294
2023-02-24,1039.56,-1.3472270725769167,0.9491014372244885,-0.751835806291609,-0.0,-1.0128935523687501
2023-02-27,1021.25,-1.77701795158365,0.6858325611290049,-1.4645496160933833,-0.0,-2.602530958782885
2023-02-28,1024.68,0.3353001533302572,1.1263223970649694,-1.2315543353985279,-0.4129403574936694,0.0
2023-03-01,1040.55,1.536905079190489,2.4220203458322636,-0.9313730520596727,-1.4314319743316588,0.0
2023-03-02,1037.61,-0.28294279183384,0.5269260711022407,-0.9487982419375531,-0.0,-0.2684556234608505
2023-03-03,1024.77,-1.2451794431732965,1.0558295445561106,-0.9423263530314947,-0.0,-1.1733654035552799
2023-03-06,1027.18,0.23489861918128785,1.041322129962173,-1.4810940780922106,-0.34790695382144277,0.0
2023-03-07,1037.84,1.0324446921595314,0.466612423312412,-1.2512935485536059,-1.2918913825376352,0.0
2023-03-08,1049.18,1.0867276405691888,0.6285833924603041,-0.9958985481785779,-1.0822704795083866,0.0
2023-03-09,1055.95,0.6431928991934556,0.45520214998013736,-1.005591795376204,-0.6467895022731728,0.0
2023-03-10,1053.0,-0.2797602526407907,0.2371704252292939,-0.9790444328971765,-0.0,-0.27389771789387374
2023-03-13,1052.8,-0.018995156292279533,0.3440737778880113,-1.4741416012411592,-0.0,-0.028001550112527033
2023-03-14,1040.13,-1.2107576247483298,1.0055069865740296,-1.2140680153815373,-0.0,-1.4699421065862688
2023-03-15,1062.19,2.098710919751753,0.43737862225244895,-0.9342741658597548,-1.9607713939318279,0.0
2023-03-16,1047.4,-1.4021911675699594,0.7616647656204162,-0.9241271220419054,-0.0,-1.2958028882390058
2023-03-17,1045.14,-0.21600551279619568,0.4030510747231179,-0.9541972118476926,-0.0,-0.20611185805386098
2023-03-20,1023.1,-2.1313613832531133,0.5729106714178728,-1.5174758975400016,-0.0,-3.2342895280341173
2023-03-21,1032.43,0.9078013041829955,1.6837170664855028,-1.28495310473221,-1.1664821042898894,0.0
2023-03-22,1040.54,0.7824562224272407,0.30575747942054055,-0.9983535970374603,-0.7811679841845788,0.0
2023-03-23,1045.1,0.43727654494612017,0.5910105263798373,-0.9848358850989767,-0.43064563317503474,0.0
2023-03-24,1046.79,0.1615764086708806,0.3109293405334726,-0.9879424565652708,-0.1596281941053039,0.0
2023-03-27,1052.25,0.5202389963513292,0.5629573948781063,-1.5126987253459923,-0.786964866655934,0.0
2023-03-28,1054.29,0.1936825920913069,0.2871606365656306,-1.2328728439713987,-0.23878600813936188,0.0
2023-03-29,1056.33,0.19330818766589167,0.28948361683395846,-0.9870563039687236,-0.19080606524438742,0.0
2023-03-30,1059.44,0.29398301704571866,0.22645093693937915,-0.9679659380806224,-0.28456554687443064,0.0
2023-03-31,1064.64,0.48962472114031064,0.18831325110218297,-0.9698636213079017,-0.4748692051270132,0.0
2023-04-03,1079.28,1.3657438300449658,0.18349344463013081,-1.4147993945361754,-1.9322535438391348,0.0
2023-04-04,1078.45,-0.07693270621785243,0.1891936606722768,-1.1378265791824476,-0.0,-0.08753607794310725
2023-04-05,1080.86,0.22321954704894986,0.1860790952296481,-0.7982261351265466,-0.17817967632558157,0.0
2023-04-06,1070.91,-0.9248266235591083,0.28872621163261997,-0.781401560546974,-0.0,-0.722660966884476
2023-04-07,1069.71,-0.11211706194489474,0.3676180595037586,-0.7656525803037552,-0.0,-0.0858427177741846
2023-04-10,1065.35,-0.4084200032457309,0.3944292510619466,-1.4046336594514857,-0.0,-0.5736804837522387
2023-04-11,1069.46,0.3850464517151671,0.7095285704132955,-1.140866411602685,-0.4392865636686292,0.0
2023-04-12,1069.45,-0.0009350557059487238,0.15610134253642924,-0.8781986898851203,-0.0,-0.0008211646959337755
2023-04-13,1064.3,-0.4827191564468868,0.18233717821293363,-0.9016660880331702,-0.0,-0.43525149341213626
2023-04-14,1052.89,-1.077854180750469,0.41830044398322064,-0.8797948198877544,-0.0,-0.9482905248186219
2023-04-17,1053.81,0.08734039573586909,0.13987130629239536,-1.466837032235264,-0.12811412687545573,0.0
2023-04-18,1055.02,0.1147555879597569,0.1739805399338752,-1.2371165823286867,-0.14196604077989344,0.0
2023-04-19,1048.98,-0.574146063883771,0.23784753396214287,-0.9554306584865716,-0.0,-0.5485567518839445
2023-04-20,1049.25,0.025735977608758988,0.16208987222606552,-0.9818738253492368,-0.025269482783814492,0.0
2023-04-21,1042.91,-0.6060740485461903,0.19955025030500867,-0.9768030157990593,-0.0,-0.5920149584174641
2023-04-24,1041.36,-0.1487331570033521,0.30318083997949064,-1.4757136152594585,-0.0,-0.2194875448303694
2023-04-25,1034.85,-0.6271062497977504,0.39548668891201905,-1.2400256119972448,-0.0,-0.7776278111927526
2023-04-26,1040.8,0.5733159538068141,0.4641701150818285,-0.9714570759701008,-0.556951840092177,0.0
2023-04-27,1039.63,-0.11247675945330968,0.19178734607151116,-0.9847668390913898,-0.0,-0.11076338287807837
2023-04-28,1049.12,0.908683691154691,0.1042984655823978,-0.935416941657695,-0.8499981193141466,0.0
2023-05-04,1040.61,-0.8144637864803739,0.3526230879456004,-1.4800771227439844,-0.0,-1.2054692176730426
2023-05-05,1040.31,-0.028833400811020045,0.19700902191907863,-1.3000723713908213,-0.0,-0.03748550776764486
2023-05-08,1053.44,1.254225396620032,0.10344307547526259,-1.5266117791060239,-1.9147152641340657,0.0
2023-05-09,1053.77,0.03132103612812172,0.1536724174154268,-1.286808349087219,-0.04030417079172945,0.0
2023-05-10,1058.26,0.4251839949467112,0.10327747085565558,-1.0267081560922804,-0.4365398754516873,0.0
2023-05-11,1057.12,-0.10778206377684972,0.17070858252085802,-0.9984554856922921,-0.0,-0.1076155928372321
2023-05-12,1066.9,0.9209017915840176,0.45364025393093715,-0.9125393093729643,-0.840359084892405,0.0
2023-05-15,1065.71,-0.11160035107295782,0.21081703005993618,-1.4717957303006033,-0.0,-0.16425292020922766
2023-05-16,1065.91,0.018765070752479775,0.11592509939353943,-1.2266039215805702,-0.02301730937372855,0.0
2023-05-17,1060.44,-0.5144978076297402,0.28242769024826364,-0.9975533171693396,-0.0,-0.5132389946774001
2023-05-18,1068.31,0.7394044256596948,0.6092121307503376,-0.9728129670766528,-0.719302213195616,0.0
2023-05-19,1067.07,-0.11613859260438622,0.561211629300922,-0.9798240829158318,-0.0,-0.11379538998972813
2023-05-22,1070.64,0.33400258396527177,0.06201192640676052,-1.4577976146065792,-0.4869081701770069,0.0
2023-05-23,1065.85,-0.4483997608915694,0.43285090930580844,-1.203934496339111,-0.0,-0.5398439402875694
2023-05-24,1061.79,-0.38164397434675307,0.17446708742691308,-0.9110899980484145,-0.0,-0.3477120078427724
2023-05-25,1064.63,0.26711578038549044,0.2324388863213007,-0.9505919137379228,-0.25391810086624206,0.0
2023-05-26,1063.76,-0.0817519391140361,0.01336038208862417,-0.9866696888100863,-0.0,-0.08066216032526712
2023-05-29,1074.98,1.0492255189081412,0.23060472499197515,-1.4236335386881003,-1.4937126383650554,0.0
2023-05-30,1078.05,0.2851796845029464,0.2960087716632172,-1.1062300319865948,-0.3154743315096214,0.0
2023-05-31,1075.17,-0.2675064988652462,0.22387075757917688,-0.8151494806049869,-0.0,-0.21805778360846395
2023-06-01,1078.39,0.2990399524106781,0.18393243090161804,-0.7940146128115223,-0.23744209202854064,0.0
2023-06-02,1090.84,1.147885351477768,0.18875608295049406,-0.764878723381499,-0.8779930822266385,0.0
2023-06-05,1097.82,0.6378353571736437,0.18716095911740485,-1.3774326515929693,-0.8785752473114408,0.0
2023-06-06,1108.31,0.9509937364126494,0.19389503318365683,-1.0782628988848462,-1.0254212630456345,0.0
2023-06-07,1109.54,0.11091824299248382,0.24762837818240588,-0.8184001954089305,-0.090775511739464,0.0
2023-06-08,1101.32,-0.7436054636636822,0.42711116655104614,-0.7595889313896859,-0.0,-0.5648344795198282
2023-06-09,1107.53,0.5622850226589979,0.37473241338922636,-0.8038174803430044,-0.45197453014836486,0.0
2023-06-12,1116.02,0.7636474339093985,0.931333224951369,-1.3502876073821461,-1.0311436664170373,0.0
2023-06-13,1122.46,0.5753920309973832,0.0835168171725884,-1.0898323886658519,-0.6270808715611741,0.0
2023-06-14,1117.42,-0.4500248679337444,0.4204241506604237,-0.7810600596010414,-0.0,-0.3514964501702812
2023-06-15,1116.97,-0.04027945041682255,0.2581419041733539,-0.8471919085525866,-0.0,-0.03412442447407718
2023-06-16,1115.22,-0.15679672057793825,0.9334493352446877,-0.9202175953670556,-0.0,-0.14428710117167046
2023-06-19,1105.4,-0.8844434449153991,0.30196425387171627,-1.4816412208938077,-0.0,-1.310427865535977
2023-06-20,1111.72,0.5701105143633782,0.2287656801743312,-1.1946575891914033,-0.6810868526620243,0.0
2023-06-21,1118.46,0.6044373566412923,0.14360203287156956,-0.8530742157847783,-0.5156299240077947,0.0
2023-06-22,1125.3,0.6096927646741997,0.10721489308351385,-0.8576486056530102,-0.5229021494995563,0.0
2023-06-23,1129.38,0.3619142808190399,0.2245212646535158,-0.8639016963068861,-0.3126583611172553,0.0
2023-06-26,1132.03,0.23436716146054432,0.765668798138247,-1.3702266692964893,-0.32113613504055416,0.0
2023-06-27,1134.33,0.20296870661285654,0.2291360866571992,-1.1030939198184717,-0.2238935461780613,0.0
2023-06-28,1138.35,0.35376772731557277,0.28906887341286375,-0.7907266996633506,-0.27973358746764704,0.0
2023-06-29,1125.39,-1.145020328784948,0.2882449661829881,-0.8380191970212411,-0.0,-0.9595490165013596
2023-06-30,1120.18,-0.4640255568484707,0.10624802301294298,-0.8605472283021101,-0.0,-0.3993159068072947
2023-07-03,1125.5,0.47379946850896243,0.20374448727334057,-1.4892554431822767,-0.7056084374538419,0.0
2023-07-04,1132.0,0.5758598416341376,0.22037347768573953,-1.245726319321482,-0.7173637609639458,0.0
2023-07-05,1134.62,0.23118133316375214,0.0933404307745022,-0.9389743761777006,-0.21707334809136333,0.0
2023-07-06,1126.22,-0.7430900596913448,0.5413158424284893,-0.8623912548432261,-0.0,-0.6408343690387466
2023-07-07,1138.07,1.0466952720223817,0.37861733292006167,-0.7844043788124356,-0.8210323546566296,0.0
2023-07-10,1149.02,0.9575559919572131,0.18759674189841663,-1.2864937135026804,-1.231889763979778,0.0
2023-07-11,1151.77,0.23904844071415324,0.2002127972000578,-0.9745588493238828,-0.2329667733150536,0.0
2023-07-12,1154.2,0.21075737320762866,0.24958418073799452,-0.6446250453302911,-0.1358594812576607,0.0
2023-07-13,1165.42,0.9674073774468415,0.10808135763672122,-0.6896702584570408,-0.6671920960370111,0.0
2023-07-14,1168.4,0.2553754462251395,0.6778553730135908,-0.7728962033599928,-0.19737871281877434,0.0
2023-07-17,1173.13,0.40400989385094055,0.13102665767312477,-1.293795791357593,-0.5227063003311748,0.0
2023-07-18,1174.09,0.0817988985717793,0.11436659219927256,-1.0627383258007568,-0.08693082452051865,0.0
2023-07-19,1172.98,-0.09458602280759683,0.055072041586406724,-0.7896461230250322,-0.0,-0.07468948620237612
2023-07-20,1172.81,-0.014494051070020527,0.21762802083012017,-0.8228067683707082,-0.0,-0.011925803321523595
2023-07-21,1185.9,1.1099401271712506,0.24092142601142874,-0.7256492626303365,-0.8054272348456398,0.0
2023-07-24,1190.72,0.4056186187508077,0.3421564733487301,-1.3282343373037364,-0.538756577274536,0.0
2023-07-25,1195.9,0.4340873816504113,0.11717047360182214,-1.0588892690139007,-0.4596504702439621,0.0
2023-07-26,1200.84,0.4122271915603006,0.024834907831779492,-0.7832615693683608,-0.3228817169978329,0.0
2023-07-27,1197.33,-0.2927234104624951,0.5035129011086016,-0.7849194897612218,-0.0,-0.22976430998138636
2023-07-28,1207.67,0.8598805580945887,0.19669922477139762,-0.7032975907293806,-0.6047519248229595,0.0
2023-07-31,1222.9,1.253220382863834,0.4575057627202948,-1.3149436092565618,-1.64791413343686,0.0
2023-08-01,1217.56,-0.4376231138695099,0.5347087166992216,-0.9257397623215372,-0.0,-0.40512511741997115
2023-08-02,1220.43,0.2354399587978682,0.29997190898866016,-0.605018934024421,-0.14244563289863982,0.0
2023-08-03,1210.95,-0.7798080135473551,0.3959355569293447,-0.6820102953508848,-0.0,-0.5318370936364184
2023-08-04,1225.98,1.233534864025739,0.4082656445168978,-0.7440853565339666,-0.9178552290956701,0.0
2023-08-07,1241.42,1.2515361542979622,0.22429517724014475,-1.2541335322145775,-1.5695934578839517,0.0
2023-08-08,1242.23,0.06522658415781957,0.15710150489020752,-0.8740277418963655,-0.05700984406307228,0.0
2023-08-09,1233.99,-0.6655329829166482,0.26001841765433614,-0.5073810245285091,-0.0,-0.3376788067297637
2023-08-10,1220.61,-1.090208793582977,0.37539469750625937,-0.5252250456072901,-0.0,-0.5726049633310878
2023-08-11,1232.21,0.9458571344241149,1.1593727560014715,-0.6119258542472381,-0.5787944349783213,0.0
2023-08-14,1236.84,0.37504347235074303,0.36643507087232435,-1.3414536474196739,-0.5031034339258439,0.0
2023-08-15,1234.05,-0.225829655365264,0.1833486861470093,-0.9977858243863981,-0.0,-0.22532962884952612
2023-08-16,1243.26,0.743551871399729,0.19195464708084065,-0.49917161165922613,-0.3711599859988364,0.0
2023-08-17,1233.48,-0.7897519184215276,0.15054332855802052,-0.34358465894573503,-0.0,-0.2713466435426005
2023-08-18,1177.99,-4.602984660167668,2.6446005297194173,-0.21062699956296313,-0.0,-0.9695128480054614
2023-08-21,1179.76,0.1501431731531257,1.9794521738568989,-1.115846133118705,-0.16753667917708748,0.0
2023-08-22,1180.49,0.061857856013326266,4.544764718698958,-0.7751540788000448,-0.047949369394555734,0.0
2023-08-23,1172.56,-0.6740213783773467,1.0722940833940993,-0.5086005039764355,-0.0,-0.34280761273361027
2023-08-24,1189.39,1.425117791763329,0.6925276140125293,-0.5195937526695448,-0.7404823014184431,0.0
2023-08-25,1183.37,-0.5074270399887418,0.3418347121445978,-0.5986537318857068,-0.0,-0.3037730911489781
2023-08-28,1201.72,1.538756363092557,0.14612512496436303,-1.193431270728695,-1.8363999617474154,0.0
2023-08-29,1204.43,0.22525620978629768,0.4337675503656085,-0.8235049640680968,-0.18549960694618076,0.0
2023-08-30,1213.16,0.7222099649186399,0.2114447928439494,-0.4017434160243602,-0.2901430983932477,0.0
2023-08-31,1224.05,0.8936507296382815,0.19890083461485528,-0.41106229153912727,-0.3673461167607251,0.0
2023-09-05,1234.98,0.8889742687815418,0.15364517992202045,-1.2424221752515079,-1.104481344762182,0.0
2023-09-06,1245.5,0.8482280103271039,0.6171835368136893,-0.8610176074612274,-0.7303392520334403,0.0
2023-09-07,1243.14,-0.18966188017888153,0.5727645039849631,-0.5334966522662213,-0.0,-0.10118397813795049
2023-09-08,1241.48,-0.13362206268904248,0.20256098747446988,-0.5075608690729505,-0.0,-0.06782133026577067
2023-09-11,1223.63,-1.4482365481084232,0.7479348019764762,-1.1587587651570452,-0.0,-1.6781567941414182
2023-09-12,1245.44,1.7667030325059268,1.1437496225878736,-0.9104444263205428,-1.6084849289086218,0.0
2023-09-13,1238.39,-0.5676732250071096,0.7460357333677955,-0.5223089795313408,-0.0,-0.29650082286072865
2023-09-14,1223.81,-1.1843205602589004,0.946797405255687,-0.542568407542972,-0.0,-0.642574920400072
2023-09-15,1227.36,0.28965779461152175,0.6083718798966044,-0.5784958302983968,-0.16756582639619474,0.0
2023-09-18,1211.81,-1.2750411547317095,1.2470870296098,-1.305429851526769,-0.0,-1.6644767853119358
2023-09-19,1211.5,-0.025584840708865336,1.2765806833490767,-1.0497637418426125,-0.0,-0.026858038116985672
2023-09-20,1226.11,1.1987294890104705,0.4675119978523882,-0.6780515726587905,-0.8128004152160178,0.0
2023-09-21,1212.74,-1.09642937778869,0.3727126232613481,-0.7256384986877866,-0.0,-0.795611367615769
2023-09-22,1193.05,-1.6369209000764484,2.0879403030737693,-0.6817049400738936,-0.0,-1.1158970640923191
2023-09-25,1153.2,-3.397236660378674,2.5938418667997993,-1.3346263952832726,-0.0,-4.534041717965373
2023-09-26,1137.96,-1.3303501080610793,1.970105355910898,-0.9671620981675352,-0.0,-1.2866642018097607
2023-09-27,1153.85,1.3866991266951687,2.324040583960899,-0.6116259620915641,-0.8481411874964643,0.0
2023-09-28,1152.43,-0.12314204514977581,1.2835932321296197,-0.5912990583414589,-0.0,-0.07281377533930385
2023-09-29,1154.15,0.14913857909169612,0.4493247847093338,-0.6932257631311329,-0.10338670530313386,0.0
2023-10-02,1155.25,0.09526284603684221,0.5257213306554852,-1.3914793913857502,-0.13255628702501962,0.0
2023-10-03,1118.1,-3.268595459705343,1.0310533696383828,-1.0959444704358832,-0.0,-3.5821991201559045
2023-10-04,1128.67,0.9409132204558597,1.4850535950278858,-0.8196746868167359,-0.7712427492988833,0.0
2023-10-05,1113.89,-1.3181555013593431,0.5367783787934939,-0.8129439320773271,-0.0,-1.071586516364425
2023-10-06,1128.54,1.3066368566480615,1.344374270025614,-0.7816684876711794,-1.0213568556715138,0.0
2023-10-09,1137.36,0.7785025416674409,0.2643217326437669,-1.3558883506540187,-1.055562527201428,0.0
2023-10-10,1143.69,0.555008986987287,0.2666239190455798,-1.0365340610070606,-0.5752857191773474,0.0
2023-10-11,1150.81,0.620616504955283,0.5428064032026201,-0.7234169703470855,-0.4489645117621478,0.0
2023-10-12,1151.61,0.06949210241348172,0.24397135889896332,-0.7251446944163358,-0.050391829368972914,0.0
2023-10-13,1154.73,0.2705587123539656,0.7114204016727419,-0.791951816234432,-0.21426946364677232,0.0
2023-10-16,1141.42,-1.1593449104464617,0.6985091605809609,-1.3619761155524224,-0.0,-1.5790000777153428
2023-10-17,1121.65,-1.7472285830763572,0.9862605025415729,-1.0865664801203583,-0.0,-1.8984800114789584
2023-10-18,1103.4,-1.6404493620983964,4.118693790961715,-0.7816160550084309,-0.0,-1.2822015588444455
2023-10-19,1087.85,-1.419305057411908,0.3074787229232475,-0.8474355682836251,-0.0,-1.2027695878956834
2023-10-20,1108.03,1.8380392488748791,3.398603382160881,-0.8354399315053852,-1.5355713841842387,0.0
2023-10-23,1093.53,-1.3172668170216522,1.1645639384659674,-1.4063468497812686,-0.0,-1.8525340384397992
2023-10-24,1105.9,1.1248487498570718,1.1683221870039147,-1.144996957220388,-1.2879483959195046,0.0
2023-10-25,1101.66,-0.38413499191637085,0.4008527064280091,-0.8566567576489549,-0.0,-0.3290718366745857
2023-10-26,1055.45,-4.285091691007114,2.4091165292521257,-0.7891992182947692,-0.0,-3.3817910128642255
2023-10-27,1060.62,0.488642652376712,2.699194380656795,-0.7436318295956342,-0.3633702296053578,0.0
2023-10-30,1042.4,-1.7327895965211164,0.988395900085981,-1.385832998096049,-0.0,-2.401357001616502
2023-10-31,1028.19,-1.3725771970819363,0.994558649682004,-1.1243089854490365,-0.0,-1.543200875901674
2023-11-01,1039.66,1.1093761767680133,1.4101615261525604,-0.8208318607327713,-0.9106113114290961,0.0
2023-11-02,1075.47,3.386403870845401,1.6225183687792257,-0.8243467964505672,-2.7915711824192067,0.0
2023-11-03,1076.78,0.12173308507593536,0.4640741929562086,-0.8491481250176376,-0.10336942094484307,0.0
2023-11-06,1089.66,1.189061479175239,0.13578533125575803,-1.4134817108018696,-1.6807166538332183,0.0
2023-11-07,1080.29,-0.8636197366323449,0.331531627262775,-1.186488939174921,-0.0,-1.0246752651674356
2023-11-08,1113.43,3.021581728861407,2.1303136674726084,-0.9220804013211604,-2.786141293173212,0.0
2023-11-09,1113.89,0.041305246353490886,0.6197385007771136,-0.9291101484972398,-0.03837712357320699,0.0
2023-11-10,1101.68,-1.1022105925417038,0.8373893985132851,-0.875525528338636,-0.0,-0.9650135113755163
2023-11-13,1100.07,-0.14624732934797652,0.8534909016600588,-1.4247744973812717,-0.0,-0.20836946516511656
2023-11-14,1109.73,0.8742928349309872,0.788090970843222,-1.1455207233837774,-1.001520560719398,0.0
2023-11-15,1122.5,1.1441598141708758,0.761435306207878,-0.8597906183204627,-0.983737874083403,0.0
2023-11-16,1125.53,0.2695695195224218,0.34990580940904703,-0.9336870991534462,-0.2516935827030783,0.0
2023-11-17,1101.19,-2.186262258695641,2.3208645828929506,-0.918894544191486,-0.0,-2.0089444616871797
2023-11-20,1103.66,0.22405161650591865,1.7142463735455449,-1.3843970872874098,-0.3101764052928295,0.0
2023-11-21,1110.46,0.614241448512096,0.31381520622223646,-1.192170432602216,-0.7322804933948773,0.0
2023-11-22,1113.82,0.30212046646548707,0.5866659387878113,-0.9376787551365634,-0.2832919428966358,0.0
2023-11-23,1088.49,-2.3004133861634792,0.9973256747193582,-0.9375293210479843,-0.0,-2.156705000059541
2023-11-24,1095.61,0.6519871088157042,2.0448010012247035,-0.9223945610930686,-0.6013893630744003,0.0
2023-11-27,1088.06,-0.6914991811866035,0.33825476183050207,-1.4793012240770638,-0.0,-1.0229355851776298
2023-11-28,1095.43,0.6750686276225651,1.376356398501117,-1.248741084069571,-0.8429859298787595,0.0
2023-11-29,1102.8,0.6705419919247732,0.23325121763668394,-0.9647831475790762,-0.6469276135531261,0.0
2023-11-30,1094.13,-0.7892873245719569,0.5460471025280488,-0.9577311781512118,-0.0,-0.7559250792621182
2023-12-01,1102.16,0.7312363832421603,0.5829803422140244,-0.9887229217154392,-0.7229901733038194,0.0
2023-12-04,1120.49,1.6494198877575719,0.7027491102097214,-1.474664537322537,-2.4323410156306107,0.0
2023-12-05,1115.97,-0.4042107754413259,0.32261979544256214,-1.186488939174921,-0.0,-0.4795916141564509
2023-12-06,1126.43,0.932935771233317,0.21530227697937077,-0.9302471911287208,-0.8678608806932999,0.0
2023-12-07,1121.49,-0.43951812808437263,1.4895499651886788,-0.9362974421805891,-0.0,-0.4115196991173986
2023-12-08,1124.44,0.26269756372601527,0.23853929756039297,-0.9755529769782078,-0.25627539033783664,0.0
2023-12-11,1125.5,0.094224741853112,0.2903528995523018,-1.5039064588252418,-0.1417051978540362,0.0
2023-12-12,1127.63,0.1890703718400668,0.1623610117457838,-1.262307955911935,-0.2386650346009442,0.0
2023-12-13,1114.2,-1.1981426478472483,0.6943330102404932,-1.013978573999707,-0.0,-1.2148909735123858
2023-12-14,1110.13,-0.36595330208922,0.34952305700067327,-1.0116450011574496,-0.0,-0.37021482871562145
2023-12-15,1102.3,-0.7078219596553119,0.2843500093528171,-0.9991555601077585,-0.0,-0.7072242465559744
2023-12-18,1091.88,-0.9497924812669941,0.19918139707063337,-1.5038912914900038,-0.0,-1.428384641300115
2023-12-19,1096.3,0.4039892523894466,0.7450972978428198,-1.3116968881461777,-0.5299114452037379,0.0
2023-12-20,1100.76,0.40599766290701994,0.30526540828477444,-1.0697542635690238,-0.4343177308938439,0.0
2023-12-21,1102.43,0.15159839322380972,0.13929814911382493,-1.054213604921537,-0.15981708862078514,0.0
2023-12-22,1103.06,0.05713016310526359,0.11696880004938799,-1.0987116752466894,-0.06276957721250076,0.0
2023-12-25,1117.66,1.3149078099839049,0.23694337833595835,-1.5319660842097766,-2.014394168757896,0.0
2023-12-26,1122.25,0.4098384689347155,0.09278097570390674,-1.2921699602802537,-0.5295809581246913,0.0
2023-12-27,1121.99,-0.02317042750892946,0.07429873696966381,-1.0518204202404717,-0.0,-0.024371128799593574
2023-12-28,1128.93,0.6166387069041314,0.28538487466904683,-1.0950694034325872,-0.6752621809029491,0.0
2023-12-29,1129.93,0.08854024289493212,0.09219209487822368,-1.0238951858687904,-0.09065592845577437,0.0
2024-01-02,1131.72,0.1582915458850962,0.4065137601065299,-1.5201723141828642,-0.24063042562372972,0.0
2024-01-03,1144.17,1.094088395445672,0.4173592336545293,-1.2125745292353083,-1.3266637210493495,0.0
2024-01-04,1150.72,0.5708350104895462,0.8553319016902118,-0.8837974319907178,-0.5045025163610554,0.0
2024-01-05,1154.68,0.34354158885108044,0.1565426255676375,-0.8691693541930622,-0.2985958209201521,0.0
2024-01-08,1160.19,0.4760535499575911,0.18487401206232987,-1.436142187394232,-0.6836805865528841,0.0
2024-01-09,1158.59,-0.13800362724652007,0.17419245553788876,-1.182166412192303,-0.0,-0.16314325289154258
2024-01-10,1161.54,0.2542962325145443,0.3611941653514046,-0.9689717805868905,-0.24640587321615592,0.0
2024-01-11,1162.22,0.058525839106444044,0.5030159520593465,-0.9319972617092683,-0.05454592178644306,0.0
2024-01-12,1154.7,-0.6491399277167327,0.8026801786380642,-1.0210083211757865,-0.0,-0.6627772678062327
2024-01-15,1154.12,-0.05024211607667616,0.2656581708480534,-1.532571932982784,-0.0,-0.076999656952777
2024-01-16,1163.12,0.7767900826126639,0.4156550922079739,-1.3397791085610349,-1.0407271244218474,0.0
2024-01-17,1162.53,-0.05073850430265768,0.23562616195128866,-1.0504968024524137,-0.0,-0.05330063653115993
2024-01-18,1169.06,0.5601342494384376,0.1220968681695322,-1.035890946906543,-0.5802379980455689,0.0
2024-01-19,1181.5,1.0584810552434751,0.08432916787860965,-1.0211134350203084,-1.0808292262235857,0.0
2024-01-22,1182.86,0.11504171530495357,0.4349439526389091,-1.4906393884026672,-0.17148571214296973,0.0
2024-01-23,1177.5,-0.4541687889439131,0.31626136538116384,-1.2981383772415294,-0.0,-0.589573934673402
2024-01-24,1172.97,-0.38545530117249877,0.22991928721201962,-1.09890648708147,-0.0,-0.4235793309384006
2024-01-25,1170.37,-0.2219055763919793,0.07457986087356251,-1.2097551402807782,-0.0,-0.26845141169716585
2024-01-26,1175.67,0.45182597197632113,0.026102697913294955,-1.1913052704289901,-0.5382626617320926,0.0
2024-01-29,1175.69,0.0017011431682565617,0.10563246652948798,-1.5478138477126253,-0.002633052952769235,0.0
2024-01-30,1179.65,0.3362575026348476,0.0843009126287727,-1.3530316963719784,-0.45496705920783287,0.0
2024-01-31,1164.31,-1.3089147434965525,0.5268025882032504,-1.058603856161654,-0.0,-1.3856221948522927
2024-02-01,1173.02,0.7452982948744185,0.2347867039665294,-1.0772255066133185,-0.8028543332741379,0.0
2024-02-02,1172.55,-0.040075547205189015,0.26110229028127874,-1.0780859033194263,-0.0,-0.04320488250972651
2024-02-05,1186.06,1.1456025162803956,0.4081356832315535,-1.5860745947912827,-1.817011046801302,0.0
2024-02-06,1188.48,0.2038290227033311,0.09624180791611012,-1.3763575093166434,-0.2805416060144023,0.0
2024-02-07,1198.53,0.8420626125986523,0.11073432404968016,-1.1922624200419039,-1.0039596083236775,0.0
2024-02-15,1202.5,0.33069171296432576,0.2635405203224389,-1.5063439637503648,-0.49813546568608036,0.0
2024-02-16,1209.7,0.5969671985886261,0.060796320727888535,-1.2391761458189314,-0.7397475123273783,0.0
2024-02-19,1224.97,1.2543958917226572,0.2022895052812182,-1.5222366937183314,-1.9094874548297558,0.0
2024-02-20,1230.06,0.4146594781509689,0.18906956607499617,-1.2987518028926321,-0.5385397448350888,0.0
2024-02-21,1230.04,-0.0016259501646571377,0.4152739613950811,-0.9532968551860624,-0.0,-0.0015500131786569098
2024-02-22,1227.31,-0.22219066255418862,0.10026542792850691,-0.9842209987523037,-0.0,-0.2186847158125196
2024-02-23,1212.0,-1.2552894908090513,1.9798606971419233,-0.9193587593495356,-0.0,-1.1540613888947195
2024-02-26,1224.17,0.9991175687731896,0.39881013713139696,-1.5051174716476499,-1.50378930899065,0.0
2024-02-27,1237.46,1.079782837112366,0.22176138884660768,-1.2093660136492672,-1.305852665325478,0.0
2024-02-28,1254.55,1.3716050840652327,0.666321193069961,-0.921923600370965,-1.2645150973885395,0.0
2024-02-29,1252.73,-0.14517726936435216,0.7676392238708286,-0.8548327777109486,-0.0,-0.12410228843121975
2024-03-01,1258.28,0.4420539175699456,0.3715496112076232,-0.8828104447453783,-0.39024981557136046,0.0
2024-03-04,1261.41,0.24844338866850652,0.4130871040754775,-1.4283866830439234,-0.3548732278644003,0.0
2024-03-05,1269.98,0.6771009399630745,0.34251894531488386,-1.1526631363589752,-0.7804692930894477,0.0
2024-03-06,1262.73,-0.5725108522239091,1.2810458844837365,-0.9504694780723538,-0.0,-0.5441540909040173
2024-03-07,1268.46,0.4527522460195595,0.2243974644161672,-0.9483903289036846,-0.4293858515143719,0.0
2024-03-08,1247.35,-1.678226531985025,0.7306894577868207,-0.9352951633404989,-0.0,-1.5696371583552928
2024-03-11,1235.49,-0.9553648408450272,0.9487731533498174,-1.359246112643082,-0.0,-1.29857594607448
2024-03-12,1245.0,0.7667877392012586,0.5179794539743184,-1.1405696891717854,-0.8745748533615156,0.0
2024-03-13,1270.51,2.0282864747397205,0.6466061534055164,-0.8699766335128151,-1.7645618390936375,0.0
2024-03-14,1264.26,-0.4931423889433966,0.6493796243444252,-0.8859437449527917,-0.0,-0.436896414855479
2024-03-15,1263.78,-0.03797408314489411,1.1658285367703436,-0.890670378216602,-0.0,-0.03382239099709153
2024-03-18,1243.56,-1.6128995941195843,6.248392299764858,-1.3159525606878841,-0.0,-2.122499351014116
2024-03-19,1242.46,-0.08849486905070593,0.33723520345155084,-1.0519703513671004,-0.0,-0.09309397848945665
2024-03-20,1260.08,1.4081925699860653,1.5295330552414814,-0.8200714262363117,-1.1548184892838498,0.0
2024-03-21,1276.42,1.2884073357107257,0.3632515570471611,-0.8612191622674853,-1.1096010863200738,0.0
2024-03-22,1281.8,0.4206055719539143,0.6724655043310311,-0.8785997137452912,-0.36954393511838357,0.0
2024-03-25,1267.86,-1.0934900263235674,1.2438337292502148,-1.3241564915634425,-0.0,-1.4479519168162314
2024-03-26,1282.21,1.1254711811158316,0.5247239457139693,-1.0149957082299659,-1.1423484185690795,0.0
2024-03-27,1283.09,0.06860796277381129,0.2657471915205435,-0.7308662396586195,-0.050143243763134004,0.0
2024-03-28,1290.18,0.5510512259565236,0.19228624513863354,-0.728600391073861,-0.4014961387336536,0.0
2024-03-29,1284.09,-0.4731447253933621,0.14806159290164217,-0.7616935060585428,-0.0,-0.36039126475797645
2024-04-01,1281.52,-0.20034228581906866,0.4909606417527703,-1.4117123285266995,-0.0,-0.28282567481599896
2024-04-02,1287.04,0.4298134751004542,0.787762749998479,-1.162351017827512,-0.49959413025899296,0.0
2024-04-03,1271.47,-1.2171296740507456,0.4843170520284719,-0.8401999342563462,-0.0,-1.0226322721188845
2024-04-04,1268.25,-0.25357139569257064,0.4519579067995079,-0.7621722672542682,-0.0,-0.19326508556583574
2024-04-05,1255.11,-1.0414779319509138,0.39332109503174834,-0.7631444599429074,-0.0,-0.7947981139211361
2024-04-08,1250.35,-0.37997060236276103,0.3616103965008964,-1.37062896999128,-0.0,-0.5207987153434374
2024-04-09,1262.82,0.9923803275472878,0.4602695043029372,-1.202753511856801,-1.1935889240551028,0.0
2024-04-10,1258.56,-0.33791051356908197,0.17121474804339976,-0.989572166884335,-0.0,-0.33438683912555495
2024-04-11,1258.2,-0.028608210751534965,0.4450278803738075,-1.0432624862579527,-0.0,-0.029845873076037862
2024-04-12,1276.6,1.4518165686027658,0.6623054362229266,-0.9894079198109731,-1.4364388110883675,0.0
2024-04-15,1216.61,-4.813199134066012,5.413970647367763,-1.2999329414562235,-0.0,-6.256836108160979
2024-04-16,1215.68,-0.07647114820359663,3.2159234222342996,-1.0165337761211164,-0.0,-0.0777355050477196
2024-04-17,1193.01,-1.882406570680224,0.6319821180818074,-0.7899915450277634,-0.0,-1.4870852751420838
2024-04-19,1174.85,-1.5339045437844383,2.1440014362450044,-1.1496900440101594,-0.0,-1.7635147824509143
2024-04-22,1190.22,1.2997684113458061,0.46234280445070586,-1.4152339155598188,-1.8394763381098904,0.0
2024-04-23,1177.4,-1.0829546373911196,1.4500430425714599,-1.1150409042543477,-0.0,-1.2075387181430333
2024-04-24,1205.61,2.3677045308807276,0.7761539245692712,-0.8732505362100499,-2.06759925117856,0.0
2024-04-25,1204.97,-0.053099255369028014,0.2274515331391531,-0.8330134459465505,-0.0,-0.044232393692149895
2024-04-26,1209.52,0.376891632266772,0.8448810262826173,-0.9359636533331778,-0.3527568690471125,0.0
2024-05-02,1216.36,0.563920567081261,0.29936087891428587,-1.513939413327604,-0.8537415724903741,0.0
2024-05-03,1221.03,0.3831972490678212,0.1784353615166566,-1.2466758307664156,-0.4777227488290311,0.0
2024-05-06,1241.58,1.6689997218355825,0.44411415087987055,-1.3635352162816876,-2.2757398966871576,0.0
2024-05-07,1248.63,0.5662188197349258,0.33381645851038216,-1.1851149235817993,-0.6710343732807332,0.0
2024-05-08,1250.46,0.14645333518127351,0.8030932118859393,-0.9316225500497762,-0.13643922958487265,0.0
2024-05-09,1248.64,-0.14565246062624362,0.5410930874302448,-0.9690767696072998,-0.0,-0.1411484160290346
2024-05-10,1244.7,-0.3160421987759792,0.6054349299191383,-0.9540256973157447,-0.0,-0.3015123790684548
2024-05-13,1240.18,-0.3638006652407349,0.6335708510339048,-1.4612329583231165,-0.0,-0.5315975223096369
2024-05-14,1243.28,0.24965182528318203,0.414174614220984,-1.271317003428423,-0.31738661041945115,0.0
2024-05-15,1254.39,0.8896350018235512,0.22975269270133122,-0.944225378490025,-0.8400159463148167,0.0
2024-05-16,1268.78,1.1406410205156365,0.297850602003745,-0.924779962229962,-1.0548419598703955,0.0
2024-05-17,1273.11,0.3406917048512678,0.17751141114373167,-0.8525565163469159,-0.29045893303628856,0.0
2024-05-20,1277.58,0.35049375471011274,0.1504725976903969,-1.3714674947213765,-0.48069079168776696,0.0
2024-05-21,1277.14,-0.034446045308331334,0.602335956700631,-1.0898018244315477,-0.0,-0.03753936302147124
2024-05-22,1266.91,-0.8042338113606751,0.7109789284588879,-0.8436587323530831,-0.0,-0.6784988778080356
2024-05-23,1281.03,1.1083576966583808,0.5186134875870896,-0.8146111435681819,-0.9028805307574796,0.0
2024-05-24,1261.93,-1.5022146775362688,3.244671540685849,-0.7985038035990546,-0.0,-1.199524133835038
2024-05-27,1267.68,0.4546163166038504,0.2970114940250982,-1.3985308317128826,-0.63579493537023,0.0
2024-05-28,1281.73,1.1022269658278039,0.25568491223378303,-1.1001280243959446,-1.2125907743520783,0.0
2024-05-29,1272.64,-0.7117244855883859,0.256113381989062,-0.7981790856157867,-0.0,-0.568083599117304
2024-05-30,1266.32,-0.49784266418429723,0.930264786930252,-0.8477063773125355,-0.0,-0.4220244013272918
2024-05-31,1261.72,-0.36391869406681815,0.18304794938733657,-0.9042176941867254,-0.0,-0.32906172242054266
2024-06-03,1280.0,1.4384208476848113,0.3384099147134963,-1.4073085291370049,-2.0243019274353156,0.0
2024-06-04,1283.52,0.27462256680252284,0.1532603150967394,-1.2221577615286465,-0.3356321015086225,0.0
2024-06-05,1284.35,0.0646450193276448,0.2581946478092266,-0.9439381819450788,-0.061020902015941514,0.0
2024-06-06,1283.56,-0.06152863806932581,0.4976706632087295,-0.9244604243842054,-0.0,-0.056880790861351116
2024-06-07,1287.58,0.31270201355934246,0.29033565865797917,-0.8775767293187894,-0.2744200103108075,0.0
2024-06-10,1290.67,0.2396975839786304,0.2870965046229138,-1.4033417374295782,-0.3363776239582434,0.0
2024-06-11,1284.41,-0.48619944480701854,0.6030762129819992,-1.1871054371541974,-0.0,-0.5771700044717638
2024-06-12,1300.19,1.2210938694768327,0.6234991757728096,-0.8644284253307318,-1.0555482507728686,0.0
2024-06-13,1301.51,0.10147212309353983,0.1689587112036085,-0.8566729424040084,-0.0869284222625245,0.0
2024-06-14,1279.91,-1.673536590566142,0.6129251824378521,-0.8610135942837897,-0.0,-1.4409377550087927
2024-06-17,1274.77,-0.40239927785815416,0.21517807072100947,-1.5111289300547088,-0.0,-0.60807719020458
2024-06-18,1279.5,0.37036064368019106,0.20140918927115978,-1.2879691887074876,-0.47701309776995854,0.0
2024-06-19,1279.79,0.022662535409508567,0.5325644658771969,-1.0526423681731378,-0.02385554494227269,0.0
2024-06-20,1282.3,0.19593385111313044,0.5151822210400746,-1.043111770266795,-0.20438090628980812,0.0
2024-06-21,1282.02,-0.021838148211828005,0.20362583860093136,-1.0671675593260161,-0.0,-0.023304963327416297
2024-06-24,1254.12,-2.2002827588539318,1.4552176483294956,-1.4869547663051403,-0.0,-3.2717209354968775
2024-06-25,1256.56,0.1943697140364327,0.3045269795353063,-1.284768674611832,-0.24972011988726844,0.0
2024-06-26,1261.24,0.3717535459389922,0.712880813738899,-1.0524360248802178,-0.39124682412315837,0.0
2024-06-27,1259.09,-0.17061261989741555,0.1650053006443209,-1.1133970896910057,-0.0,-0.18995959445834024
2024-06-28,1245.32,-1.0996712810001221,1.060661343990493,-1.1498413902391889,-0.0,-1.26444755455129
2024-07-01,1254.56,0.7392388497420311,0.5074461847532743,-1.5176571601662776,-1.1219111333840766,0.0
2024-07-02,1269.79,1.2066618966782006,0.2038026763634479,-1.3606583385278082,-1.641854571498974,0.0
2024-07-03,1276.85,0.5544574880404657,0.2723043199898035,-1.1151894569625218,-0.6183251449966508,0.0
2024-07-04,1279.89,0.23780293910261133,0.22103706533428594,-1.1030083704079718,-0.2622986323377975,0.0
2024-07-05,1283.04,0.24581253378942325,0.18959833577834337,-1.1083468691427079,-0.2724455522215433,0.0
2024-07-08,1283.56,0.0405205335552736,0.264665000166226,-1.4808672422505307,-0.06000553078051811,0.0
2024-07-09,1293.71,0.7876592267044298,0.20730892458156672,-1.2392374990687924,-0.9760968502196565,0.0
2024-07-10,1285.94,-0.602409125079032,0.21778231841391632,-1.0171329437576517,-0.0,-0.6127301667381072
2024-07-11,1283.8,-0.16655385328476893,0.1473656820541075,-1.0572648131266817,-0.0,-0.17609152856864999
2024-07-12,1280.75,-0.23785860583660964,0.3682046206611356,-1.1092685914795275,-0.0,-0.2638490806676601
2024-07-15,1279.82,-0.07264007942712075,0.26680633586558844,-1.5132587177017502,-0.0,-0.10992323344763803
2024-07-16,1281.18,0.10620852228371805,0.43665547533112553,-1.302142500713799,-0.13829863080363786,0.0
2024-07-17,1268.66,-0.9820302934445382,2.9178702553856666,-1.066053501063698,-0.0,-1.0468968324771606
2024-07-18,1274.44,0.45456411093580684,1.0350106153594787,-1.0811733544528932,-0.49146260463436336,0.0
2024-07-19,1264.78,-0.760867242927472,0.8853801428848849,-1.0563299369939847,-0.0,-0.8037268467823633
2024-07-22,1254.64,-0.8049515167346113,1.4790614287665143,-1.4537918331046384,-0.0,-1.1702319410739697
2024-07-23,1231.81,-1.8364046405172203,0.7901968442056064,-1.2358481173057863,-0.0,-2.269517217594816
2024-07-24,1238.47,0.5392114364817119,1.4345521525167295,-0.9507415364472083,-0.512650709590529,0.0
2024-07-25,1233.19,-0.42724387914519896,0.29575501198405074,-1.0872953830912966,-0.0,-0.4645402972485907
2024-07-26,1242.11,0.7207238404949167,0.09203609105734399,-1.1176390057889927,-0.8055090765391631,0.0
2024-07-29,1246.6,0.36082989754389055,0.13714351970765676,-1.499528046965434,-0.5410745515507278,0.0
2024-07-30,1245.06,-0.12361238660921468,0.435951687680306,-1.2905994082092702,-0.0,-0.159534073005188
2024-07-31,1251.51,0.5167100742753986,0.24572083095528635,-1.0278959746166607,-0.531124205391558,0.0
2024-08-01,1226.96,-1.9811256908887496,2.144909867944681,-0.913215518937517,-0.0,-1.8091947258854162
2024-08-02,1236.6,0.782611278194394,1.280168369554335,-0.9432327117725818,-0.7381845581951048,0.0
2024-08-05,1188.07,-4.0035536378821375,2.035552069724153,-1.4338505167150697,-0.0,-5.7404974523738
2024-08-06,1210.28,1.852159603381973,2.024712903002792,-1.1421359341343889,-2.115418038774649,0.0
2024-08-07,1215.88,0.4616356666512275,0.5447340123292705,-0.891351205713304,-0.4114795080698365,0.0
2024-08-08,1208.32,-0.6237129368952555,0.9981181429086843,-0.9931748494540112,-0.0,-0.6194560022034646
2024-08-09,1223.64,1.2599058087108186,0.35548098723469407,-1.1166457049495342,-1.406868409937905,0.0
2024-08-12,1230.28,0.5411762572179802,0.30471594977335986,-1.4384738334145615,-0.7784678852732928,0.0
2024-08-13,1230.42,0.011378875941899447,0.24115406517792384,-1.2413847623414034,-0.014125563206847158,0.0
2024-08-14,1230.36,-0.004876502573333678,0.1606621784451502,-1.0409414443269043,-0.0,-0.005076153631949824
2024-08-15,1223.56,-0.5542167149301727,0.1676546514175372,-1.1789560482423669,-0.0,-0.6533971481039428
2024-08-16,1252.23,2.31613195377392,0.6378378173352018,-1.1149307265560393,-2.582326682020815,0.0
2024-08-19,1261.62,0.7470647549960541,0.15953904253761747,-1.5523476965227578,-1.159704251571463,0.0
2024-08-20,1272.55,0.8626151975185544,0.2788742377815664,-1.314935501796563,-1.1342833476064016,0.0
2024-08-21,1284.05,0.8996383918118266,0.379179362635847,-1.0733260277612497,-0.9656053015049066,0.0
2024-08-22,1282.78,-0.09895474991584495,0.1453308700891003,-1.0176415726044319,-0.0,-0.10070046732103873
2024-08-23,1285.32,0.1978116761995283,0.3578274971518436,-1.0315624159832633,-0.2040550906100844,0.0
2024-08-26,1280.02,-0.41320117729447176,0.19990362406200576,-1.5541025423559527,-0.0,-0.6421570001378113
2024-08-27,1280.56,0.042177944684833484,0.20418282000916482,-1.3350661190826987,-0.056310344921265375,0.0
2024-08-28,1281.44,0.06869633369301614,0.22780460765528543,-1.12926921332455,-0.07757665470779312,0.0
2024-08-29,1281.47,0.00234108884052131,0.19168167977460246,-1.1468534812154567,-0.0026848858865865213,0.0
2024-08-30,1283.87,0.1871097554476947,0.0548183851665154,-1.2061314981452176,-0.2256789696557133,0.0
2024-09-04,1275.8,-0.6305521210399527,0.19485387444639377,-1.549902469525979,-0.0,-0.9772942895646668
2024-09-05,1268.21,-0.5966975381401426,0.6462083049842781,-1.3742146003678155,-0.0,-0.8199904689157154
2024-09-06,1273.96,0.45237020384992993,0.3320530591305551,-1.1716160454223392,-0.5300041893015524,0.0
2024-09-09,1267.73,-0.49022598953352337,0.13999822744263268,-1.5511001745611785,-0.0,-0.7603896179398746
2024-09-10,1255.23,-0.9909076862795133,0.690681338097465,-1.3891188318305598,-0.0,-1.3764885276165204
2024-09-11,1253.27,-0.15626871826657573,0.46322397956760647,-1.2202625599793164,-0.0,-0.19068886619665829
2024-09-12,1256.35,0.24545561052086132,0.07037215728443234,-1.2226362123575998,-0.3001029179491481,0.0
2024-09-13,1251.71,-0.3700075192523659,0.0874539976863947,-1.234470599903094,-0.0,-0.4567634042601238
2024-09-16,1239.26,-0.9996189171903125,0.49583261712377447,-1.64355945862483,-0.0,-1.6429331263684488
2024-09-17,1258.95,1.5763612932007853,0.42745382320753517,-1.4141442249399443,-2.229202219198753,0.0
2024-09-18,1264.9,0.47150274565499456,0.5660360708343285,-1.1523485063167331,-0.5433354846797716,0.0
2024-09-19,1271.27,0.5023333132224256,0.1049819761147017,-1.1121396588580241,-0.5586647996002093,0.0
2024-09-20,1272.04,0.0605510160795262,0.31139369729298727,-1.1449569746909622,-0.06932830818487812,0.0
2024-09-23,1268.48,-0.28025776850019773,0.15061065395311776,-1.451922487743443,-0.0,-0.406912556450233
2024-09-24,1276.99,0.6686412886801099,0.14637250557198056,-1.2892628360036262,-0.8620543641128378,0.0
2024-09-25,1287.48,0.8181073288340289,0.13402127435773267,-1.144423119893919,-0.9362609416723197,0.0
2024-09-26,1291.49,0.31097711346911555,0.26799827491385053,-1.1466956498737517,-0.35659610322533086,0.0
2024-09-27,1290.92,-0.044144811184636146,0.4736079519601472,-1.1541570442386546,-0.0,-0.05095004479533315
2024-09-30,1287.94,-0.23110997311940076,0.18668311245704516,-1.5800893425234621,-0.0,-0.36517440547684893
2024-10-01,1292.2,0.3302149395759032,0.3908134603587323,-1.3242243982546473,-0.43727867965459516,0.0
2024-10-02,1287.84,-0.3379795778641433,0.21222694802199343,-1.1137379783246786,-0.0,-0.37642069176543924
2024-10-03,1278.1,-0.7591796207755055,1.3226169249392115,-1.1276467495491245,-0.0,-0.8560864316914357
2024-10-04,1270.6,-0.5885370305235871,0.07065832692955072,-1.227328743383948,-0.0,-0.7223284141074343
2024-10-07,1269.93,-0.05274490090908634,0.5262044168866282,-1.627468289306108,-0.0,-0.08584065365213094
2024-10-08,1271.98,0.1612960682673404,0.2439207329852006,-1.3882242706570391,-0.22391511673027661,0.0
2024-10-09,1281.85,0.77296054488313,0.1570311478244993,-1.183951723130394,-0.91514796902619,0.0
2024-10-10,1286.36,0.35121774590472754,0.2387834220896956,-1.1182403367085116,-0.392745850438507,0.0
2024-10-11,1288.39,0.15768524482975108,0.10074216352328197,-1.2095359689171374,-0.190725975389089,0.0
2024-10-14,1286.34,-0.1592400316296404,0.15798368826712356,-1.5342780857860234,-0.0,-0.2443184909092305
2024-10-15,1281.08,-0.4097504389164149,0.5061417508560375,-1.3548662080101836,-0.0,-0.5551570234051915
2024-10-16,1279.48,-0.12497267849549841,0.14625136478977244,-1.1428220069064094,-0.0,-0.14282152724669497
2024-10-17,1286.52,0.5487153284372991,0.625264671637178,-1.1767290133592219,-0.6456892470471043,0.0
2024-10-18,1285.46,-0.08242677314871365,0.14875379529289942,-1.2387112110259166,-0.0,-0.10210296798800159
2024-10-21,1279.77,-0.4436256656731703,0.1457696059365181,-1.5229117887944599,-0.0,-0.6756027560654608
2024-10-22,1269.89,-0.7750091739745312,0.42022917242396335,-1.3953217137209892,-0.0,-1.081387128779631
2024-10-23,1270.9,0.07950283598403028,0.30752139750940277,-1.2229182287650346,-0.09722546736338737,0.0
2024-10-24,1257.41,-1.06712610519671,0.412804283255176,-1.2508569394251288,-0.0,-1.3348220939270148
2024-10-25,1252.72,-0.37368625988702037,0.149447228110592,-1.1852951873529125,-0.0,-0.44292852542399497
2024-10-28,1254.77,0.1635101600989648,0.04731942159786074,-1.578132251893366,-0.25804065716442415,0.0
2024-10-29,1261.78,0.5571133600429916,0.042958159637236405,-1.3645151806068736,-0.7601896370975649,0.0
2024-10-30,1258.63,-0.24995946215835038,0.24136922818470966,-1.2002300482371036,-0.0,-0.30000885732363736
2024-10-31,1264.48,0.4637142639641829,0.43372199855785853,-1.2011215925560965,-0.5569772152236375,0.0
2024-11-01,1254.89,-0.7613051134604667,0.19982793623383752,-1.209053870995785,-0.0,-0.9204588944382626
2024-11-04,1244.71,-0.8145348282968377,0.37197377622222355,-1.6007960647788533,-0.0,-1.3039041477628968
2024-11-05,1245.76,0.08432143829986125,0.0925070707560187,-1.4246321314083927,-0.1201270303685526,0.0
2024-11-06,1261.28,1.2381292889507105,0.1984971592211521,-1.1490276823176944,-1.4226448272926897,0.0
2024-11-07,1259.75,-0.12137897508906523,0.05482978640381399,-1.0963565854685444,-0.0,-0.13307463867631905
2024-11-08,1252.56,-0.5723831557440059,0.3029918741983963,-1.080227894711501,-0.0,-0.6183042512976726
2024-11-11,1250.32,-0.17899384693293727,0.4783822066996996,-1.5523435980267386,-0.0,-0.27785995237252314
2024-11-12,1244.82,-0.440857740083501,0.5167111364733,-1.4199801386748938,-0.0,-0.62600923489967
2024-11-13,1246.04,0.09795814277457857,0.4769822042280258,-1.2724644846330437,-0.12464825766126424,0.0
2024-11-14,1231.89,-1.1420947167875959,0.4093798879381724,-1.3129251704813607,-0.0,-1.4994849007442157
2024-11-15,1218.57,-1.0871535296191033,0.22687631050296458,-1.2726343881291342,-0.0,-1.383548966969236
2024-11-18,1217.12,-0.11906278477907348,1.4590106227356552,-1.5116356236884527,-0.0,-0.17997954692759874
2024-11-19,1205.15,-0.9883371743592212,0.2636519055625472,-1.3464496683661593,-0.0,-1.3307462606499203
2024-11-20,1216.54,0.9406723394208153,1.654924750436251,-1.1726166857981488,-1.1030480810736278,0.0
2024-11-21,1228.33,0.9644759347831843,0.3895246972387462,-1.1486226208269,-1.1078188759351353,0.0
2024-11-22,1228.1,-0.018726363110051693,0.16431707504512447,-1.1820083489062227,-0.0,-0.0221347175407306
2024-11-25,1234.7,0.5359765957359764,0.11578053665021877,-1.6050573787685118,-0.8602731898332567,0.0
2024-11-26,1242.13,0.5999622329494406,0.33126439796996754,-1.4136998636978315,-0.8481665269444708,0.0
2024-11-27,1241.97,-0.012881929086698354,0.12001929200309201,-1.258280327543406,-0.0,-0.016209077950601735
2024-11-28,1242.11,0.011271778698595457,0.24859380993882094,-1.2375059434810585,-0.013948893133115068,0.0
2024-11-29,1250.46,0.6699937201642893,0.15981117081082136,-1.2321228544565095,-0.82551457495676,0.0
2024-12-02,1251.21,0.05995994855195957,0.2883506431915875,-1.6864756382931823,-0.10112099250619239,0.0
2024-12-03,1249.83,-0.11035410389657396,0.248548815159479,-1.5601133538080674,-0.0,-0.17216491113656793
2024-12-04,1240.41,-0.7565571938200137,0.08488095058738157,-1.3256797000041256,-0.0,-1.002952513739279
2024-12-05,1267.53,2.1628154714985537,1.3724705358302904,-1.2131915269936995,-2.6239094044729283,0.0
2024-12-06,1270.14,0.20570057732501104,0.17305435266341945,-1.1496458036345205,-0.23648280552689716,0.0
2024-12-09,1273.84,0.29088299506266724,0.2363359099561727,-1.5786742748121654,-0.4592095012857469,0.0
2024-12-10,1272.07,-0.13904657157367484,0.13924659521232619,-1.4200945356072554,-0.0,-0.19745927648669878
2024-12-11,1268.86,-0.252663529313225,0.43995891741348553,-1.2017020120534498,-0.0,-0.3036262715482283
2024-12-12,1267.35,-0.1190753272338045,0.2587642662393474,-1.1722532803254306,-0.0,-0.1395864429556514
2024-12-13,1262.57,-0.37787801099414764,0.1013473772460543,-1.1591948532523382,-0.0,-0.4380342455016464
2024-12-16,1263.79,0.09658165066219467,0.22371526607937456,-1.5819049876434566,-0.1527829948973637,0.0
2024-12-17,1261.72,-0.1639273226829303,0.04909698702092867,-1.381037895164794,-0.0,-0.22638984467803405
2024-12-18,1266.0,0.33864542673068865,0.051060785879380406,-1.2058990102176905,-0.4083721849092849,0.0
2024-12-19,1254.67,-0.8989733922349722,0.32943537247114824,-1.2568984966537435,-0.0,-1.1299183052318527
2024-12-20,1257.5,0.2253033192122547,0.07354772990105413,-1.246306826580079,-0.2807970647853837,0.0
2024-12-23,1262.76,0.4174178566826865,0.039913664104441096,-1.5413283301938012,-0.6433779680338007,0.0
2024-12-24,1260.36,-0.19024071180368515,0.2540229299015115,-1.4034637408703976,-0.0,-0.26699594105384716
2024-12-25,1274.04,1.0795559390797762,1.043989487821048,-1.2388394267444203,-1.3373964607081243,0.0
2024-12-26,1272.87,-0.09187604448542244,0.06379938188076871,-1.2798942448750625,-0.0,-0.11759162057877741
2024-12-27,1275.14,0.17817831174581888,0.09810528392520988,-1.2222362811180831,-0.21777599712410814,0.0
2024-12-30,1272.02,-0.24497884391874997,0.0823865076721007,-1.6383684183842455,-0.0,-0.40136560104876334
2024-12-31,1266.78,-0.4127940318851804,0.02835741657572437,-1.473815378168716,-0.0,-0.6083821922086461
2025-01-02,1269.71,0.23102801928758118,0.1920003097813852,-1.4432555855184848,-0.3334324792480738,0.0
2025-01-03,1254.59,-1.1979701957987536,0.16711770552718472,-1.4319311556378536,-0.0,-1.715410846889815
2025-01-06,1246.35,-0.6589546183834899,0.5896563160327866,-1.5113818924440796,-0.0,-0.9959320781672053
2025-01-07,1246.95,0.04812898661067636,0.3777657797169578,-1.4074864476894968,-0.06774089639555624,0.0
2025-01-08,1251.02,0.3258648904141989,0.3567988242200322,-1.2405292655988134,-0.40424493318996396,0.0
2025-01-09,1245.77,-0.42054059311174347,0.2876248261568687,-1.3207700930493493,-0.0,-0.555437438295226
2025-01-10,1230.48,-1.234947547467657,0.39461259716659347,-1.235943620819947,-0.0,-1.5263255433398895
2025-01-13,1235.65,0.4192810252420064,0.5180411795785143,-1.6132862900373748,-0.6764203296957434,0.0
2025-01-14,1229.07,-0.5339361576412889,0.17509695253960283,-1.4980141457772673,-0.0,-0.7998439170886117
2025-01-15,1236.18,0.5768193662860586,0.1103422363234627,-1.2705383184728085,-0.7328711077036398,0.0
2025-01-16,1242.36,0.49868170835991765,0.3136566493820044,-1.286027022233502,-0.6413181524444206,0.0
2025-01-17,1249.11,0.5418501137945779,0.17745255747304195,-1.2651215825805158,-0.685506273485229,0.0
2025-01-20,1249.55,0.035218877682287056,0.09689524143663192,-1.5911831088398982,-0.05603968328035363,0.0
2025-01-21,1246.09,-0.27728376022884543,0.2846723817832897,-1.4469810124734703,-0.0,-0.40122433611838576
2025-01-22,1242.53,-0.286102532998573,0.05897784583804238,-1.314941567627992,-0.0,-0.37620811324348297
2025-01-23,1259.63,1.3668403479519928,0.6405935601922546,-1.308639401682937,-1.7887011351399933,0.0
2025-01-24,1265.05,0.4293620044164451,0.06906326968406191,-1.3290347205003987,-0.5706370115331011,0.0
2025-02-03,1253.03,-0.9547028924841259,0.18549073841742447,-1.6221198974205733,-0.0,-1.5486425580234748
2025-02-04,1264.68,0.925450758648638,0.1221507993988989,-1.3756982585250397,-1.273140997023608,0.0
2025-02-05,1269.61,0.38906409438684164,0.09472808350123364,-1.0545142206119706,-0.4102736202604425,0.0
2025-02-06,1271.48,0.14718096073495174,0.14926679427721798,-1.0718360170012262,-0.15775385473256454,0.0
2025-02-07,1275.2,0.2921452750886857,0.2975823388763449,-1.0861751102134383,-0.3173209263677884,0.0
2025-02-10,1263.26,-0.9407347805812961,0.19514525738119268,-1.567052781697712,-0.0,-1.4741810547497067
2025-02-11,1268.45,0.41000013985235795,0.06718520574510249,-1.397582398324798,-0.573008978768361,0.0
2025-02-12,1266.91,-0.12148177689889879,0.08505490039360551,-1.1625478044341688,-0.0,-0.14122837301257632
2025-02-13,1270.35,0.271158817604544,0.12175379880213309,-1.1673918043666633,-0.3165485813532996,0.0
2025-02-14,1276.08,0.45004258284751025,0.12858418533439958,-1.1355475895496638,-0.5110447701471952,0.0
2025-02-17,1272.72,-0.2636536367208424,0.05629285890875932,-1.5906381944057533,-0.0,-0.41937754466215116
2025-02-18,1278.14,0.42495536066371153,0.34105285138907804,-1.3974310332638036,-0.5938458087432827,0.0
2025-02-19,1288.56,0.8119419678802444,0.13362261336726947,-1.1874988771904016,-0.9641801752015554,0.0
2025-02-20,1292.98,0.34243159657054595,0.07412921484617427,-1.176074046688868,-0.40272491349285183,0.0
2025-02-21,1296.75,0.29115024833802267,0.0770201928060914,-1.1696648906511788,-0.34054822338535684,0.0
2025-02-24,1304.56,0.6004684921512197,0.2015650264662808,-1.5366435899788342,-0.9227060594484277,0.0
2025-02-25,1303.16,-0.10737350133493796,0.35295804760026456,-1.327336439490124,-0.0,-0.14252076095750463
2025-02-26,1302.96,-0.015348487436704234,0.0713115012405256,-1.102250269932554,-0.0,-0.016917874420163657
2025-02-27,1307.8,0.37077368618702145,0.38538490778529827,-1.0993156977515197,-0.4075973335385885,0.0
2025-02-28,1305.36,-0.18674713443605873,0.18601627399891102,-1.1065194645908079,-0.0,-0.2066393392100553
2025-03-03,1309.37,0.30672407046448247,0.07457117781724695,-1.5124427530558409,-0.4639025975617956,0.0
2025-03-04,1311.91,0.1937985102678713,0.5953299051335748,-1.230288456643146,-0.23842807009720024,0.0
2025-03-05,1304.71,-0.5503296750583484,0.4879451331418267,-0.9900926485697692,-0.0,-0.5448773655650606
2025-03-06,1318.22,1.0301547868489258,0.07517658425990456,-1.0196803305449602,-1.0504285735665857,0.0
2025-03-07,1326.05,0.5922256717506452,0.1210302270439052,-1.1379248324827307,-0.6739082983188256,0.0
2025-03-10,1330.28,0.3184847948483239,0.24339843322969,-1.5677943587447771,-0.4993186647091899,0.0
2025-03-11,1332.54,0.16974489771378384,0.39479713954033996,-1.3482986689252927,-0.2288668196443547,0.0
2025-03-12,1334.41,0.1402351230026883,0.32575893250257015,-1.096659790194469,-0.15379022057002373,0.0
2025-03-13,1326.27,-0.6118755653608704,0.5318297133744498,-1.1404978154451515,-0.0,-0.6978427456183397
2025-03-14,1326.15,-0.00904834076667908,0.2301772822401683,-1.1425104772615968,-0.0,-0.010337824127764078
2025-03-17,1336.26,0.7594659420889907,0.07724646067048384,-1.5095525558431664,-1.146453753956274,0.0
2025-03-18,1330.97,-0.39666672437456113,0.13647249496509262,-1.3081454516888835,-0.0,-0.5188977713269102
2025-03-19,1324.63,-0.47748245559876384,0.20302046692158054,-1.0796888549232107,-0.0,-0.5155324857313521
2025-03-20,1323.93,-0.052858913243332126,0.7394332494881675,-1.1293757150656065,-0.0,-0.059697572941779076
2025-03-21,1321.88,-0.1549620275247285,0.04922395449777978,-1.1707979477569532,-0.0,-0.18142922380620863
2025-03-24,1330.32,0.6364549046259511,0.4063232181845439,-1.5526162797626053,-0.988170246257008,0.0
2025-03-25,1331.92,0.12019954569378458,0.14591244323701935,-1.3828074500855168,-0.1662128272822598,0.0
2025-03-26,1326.09,-0.4386747490910047,0.5086144737230318,-1.144745778049484,-0.0,-0.5021710669588444
2025-03-27,1323.81,-0.1720820078215814,0.08564190293152356,-1.1381736062666192,-0.0,-0.19585919941588986
2025-03-28,1317.46,-0.4808302244153061,0.1581111855188815,-1.180143745290119,-0.0,-0.5674487818901677
2025-03-31,1306.86,-0.8078327068126383,0.19166365941352428,-1.5846022782708593,-0.0,-1.2800935476770219
2025-04-01,1317.33,0.7979647476883305,0.2150711340968207,-1.4590848048977954,-1.1642982381961462,0.0
2025-04-02,1317.83,0.0379483603272903,0.10133231177991822,-1.2289145204100167,-0.046635291031958466,0.0
2025-04-03,1229.84,-6.9102364831003795,2.9135274755490346,-1.0160652035498614,-0.0,-7.021250838779066
2025-04-04,1210.67,-1.571015425109519,2.5737706404375773,-0.7858708535640783,-0.0,-1.234615233093151
2025-04-08,1132.79,-6.649030913637342,2.364037310451662,-1.3478093569123082,-0.0,-8.961626079799604
2025-04-09,1094.3,-3.456872679247795,17.310519984747607,-0.9671769712856828,-0.0,-3.343407648035106
2025-04-10,1168.34,6.546904849399772,0.009326662772569794,-0.6330697005190441,-4.144647092336191,0.0
2025-04-11,1222.46,4.528128405892582,2.5036622275066187,-0.5574604627779928,-2.5242525566670535,0.0
2025-04-14,1241.44,1.5406774168318333,0.8306891472697727,-1.4787327213261008,-2.2782501092774043,0.0
2025-04-15,1227.79,-1.1056190834376738,1.9046548268009311,-1.2383171077253652,-0.0,-1.3691070256485094
2025-04-16,1210.3,-1.4347542566704405,2.0322109719067556,-0.9912965980575863,-0.0,-1.4222670136860487
2025-04-17,1217.25,0.5725953318252279,0.6935949523136583,-1.004064709822513,-0.574922765694823,0.0
2025-04-18,1219.12,0.15350709187948455,0.5824961939041056,-0.9563730354702898,-0.14681004342699933,0.0
2025-04-21,1207.07,-0.9933351536722876,1.056173763495255,-1.5345624876960242,-0.0,-1.5243348645352581
2025-04-22,1197.13,-0.8268909938541404,16.267361823930703,-1.297478751677123,-0.0,-1.0728734944789255
2025-04-23,1211.0,1.151943904675142,0.6143911353881983,-1.0875727304161673,-1.2528227776938055,0.0
2025-04-24,1223.35,1.0146532712810061,0.49789368736617046,-1.0559541464686177,-1.0714273290371257,0.0
2025-04-25,1229.23,0.4794959810403022,0.3251840239411595,-1.0552039106353783,-0.5059660343276742,0.0
2025-04-28,1226.8,-0.19788038362088656,0.3131822504772364,-1.5752988748024022,-0.0,-0.31172074566345026
2025-04-29,1226.3,-0.040764747211609616,0.1515774805133007,-1.4733455820834578,-0.0,-0.06006056020897398
2025-05-05,1240.05,1.115019559881397,0.6664379104279475,-1.6043863115022534,-1.7889221189309805,0.0
2025-05-06,1241.95,0.15310236673155708,0.3740571652407287,-1.355984735074453,-0.20760447219176217,0.0
2025-05-07,1250.37,0.6756782462879687,0.14756937381598834,-1.1870709168198657,-0.802077995296298,0.0
2025-05-08,1269.8,1.5419900239359994,0.8895191990227753,-1.219919966596084,-1.8811044184914991,0.0
2025-05-09,1267.3,-0.19707546483310223,0.5471930498227233,-1.2875855888669647,-0.0,-0.25375152843836074
2025-05-12,1283.26,1.25150620358436,0.5898906859017428,-1.5026295229423043,-1.8805501696513014,0.0
2025-05-13,1293.43,0.7893889300324413,0.32719356870338656,-1.2558433029301492,-0.9913488011884375,0.0
2025-05-14,1309.73,1.2523404657841675,0.5069415352596526,-1.0053905150596336,-1.2590912259247655,0.0
2025-05-15,1313.2,0.26458975454094175,0.6156830798551375,-1.0326810452523043,-0.2732368242823904,0.0
2025-05-16,1301.39,-0.9033982628656522,0.6233748951573983,-1.08939624167499,-0.0,-0.9841586723015562
2025-05-19,1296.29,-0.39265856862126264,0.6099765060728042,-1.5699990045629282,-0.0,-0.6164735618684866
2025-05-20,1315.15,1.4444389235051251,0.5987017421605642,-1.3706671773493648,-1.979845022134325,0.0
2025-05-21,1323.05,0.5988949748138295,0.8745466184670668,-1.1518147332704858,-0.6898160556722253,0.0
2025-05-22,1313.84,-0.6985530266452458,0.9627340875965652,-1.0959144571197552,-0.0,-0.7655543609652864
2025-05-23,1314.46,0.04717878564092997,0.3788332214260368,-1.1147773441162008,-0.052593841355423464,0.0
2025-05-26,1332.51,1.3638446816556433,5.022501890168046,-1.6637457647978078,-2.2690908129465908,0.0
2025-05-27,1339.81,0.5463431144609242,0.28621257521196686,-1.3536336269538325,-0.7395484115889936,0.0
2025-05-28,1341.87,0.1536350649739883,0.31728019810459185,-1.150249577165291,-0.17671866852409204,0.0
2025-05-29,1341.86,-0.0007452314502582065,0.39744919936849527,-1.1330898584973008,-0.0,-0.0008444141985208095
2025-05-30,1332.6,-0.6924790053681066,0.5881138748690068,-1.1378093923108885,-0.0,-0.7879091162859339
2025-06-02,1336.3,0.2772679658578425,0.4384338317161084,-1.5471435182177704,-0.4289733361863871,0.0
2025-06-03,1347.25,0.8160877026590848,0.5141684317337405,-1.387561777497725,-1.1323721032956746,0.0
2025-06-04,1345.74,-0.1121430200816727,0.20618632866969971,-1.167511591874356,-0.0,-0.13092827589315156
2025-06-05,1342.09,-0.27159472463998563,0.3212193053307519,-1.2094817308978556,-0.0,-0.3284888576602963
2025-06-06,1329.89,-0.9131868337900455,0.8780556423119366,-1.1915262701377343,-0.0,-1.08808610200474
2025-06-09,1310.57,-1.463407496434039,0.6455944727741382,-1.594212256299744,-0.0,-2.332982166776069
2025-06-10,1316.23,0.43094325867348815,1.4663007400791508,-1.4566834964667243,-0.6277479328232608,0.0
2025-06-11,1315.2,-0.07828443489680717,0.6197438161610318,-1.270250836608726,-0.0,-0.09944086892111065
2025-06-12,1322.99,0.5905581205486942,0.8656616524842244,-1.3110174087456448,-0.7742319769154471,0.0
2025-06-13,1315.49,-0.5685106728315642,1.4500650604636949,-1.2829380930934653,-0.0,-0.7293639985058099
2025-06-16,1338.11,1.704895078694469,1.4549668133326106,-1.588784792306835,-2.708711373508537,0.0
2025-06-17,1347.69,0.7133845132581198,0.5791594139930027,-1.4213917551890825,-1.013998865424668,0.0
2025-06-18,1346.83,-0.06383326375027833,0.39610885949216706,-1.2109291688097998,-0.0,-0.07729756101554126
2025-06-19,1352.04,0.3860879902965109,0.3191524342053207,-1.2622110758974856,-0.487324537623257,0.0
2025-06-20,1349.35,-0.19915679625095284,0.5145706936708773,-1.3394729561986267,-0.0,-0.2667651426213114
2025-06-23,1358.18,0.6522573197890774,0.7209044648828761,-1.7277630593662419,-1.1269461023328016,0.0
2025-06-24,1366.77,0.6304723722657403,0.6614743244879848,-1.5382079819543877,-0.9697976354208798,0.0
2025-06-25,1366.75,-0.0014633147004843468,0.13860299291238173,-1.2895787053426948,-0.0,-0.0018870594769595371
2025-06-26,1365.67,-0.07905080889769431,0.3635210693986859,-1.295967551910028,-0.0,-0.10244728328365235
2025-06-27,1371.44,0.42161320130940355,0.32372756791440777,-1.3407457276812131,-0.565276098389582,0.0
2025-06-30,1376.07,0.3370327593145392,0.08810404550503408,-1.7186947501299343,-0.5792564340557043,0.0
2025-07-01,1377.84,0.12854452351198964,0.40721012025051334,-1.5655462309455823,-0.20124239429289117,0.0
2025-07-02,1384.59,0.4887011387882989,0.2990136160295533,-1.3584703539556795,-0.6638860089882841,0.0
2025-07-03,1381.96,-0.19012855666896092,0.6126173292110993,-1.2229554322662304,-0.0,-0.23251875120724358
2025-07-04,1386.97,0.3618730316222306,0.18857068476173147,-1.203247734157734,-0.435422905352239,0.0
2025-07-07,1402.06,1.0821072019612015,0.4553569074139992,-1.527042513179189,-1.6524237012121332,0.0
2025-07-08,1415.46,0.9511982902277095,0.42023863432142433,-1.2754462205984534,-1.2132022643106428,0.0
2025-07-09,1431.32,1.11425288167255,0.5009785494158999,-0.9613116359635917,-1.0711442605577854,0.0
2025-07-10,1445.64,0.9955034663240618,0.3973080849105878,-0.92779578456028,-0.9236239195706112,0.0
2025-07-11,1457.76,0.8348880898786613,0.70810560673426,-0.9245371127721761,-0.7718850241042945,0.0
2025-07-14,1470.42,0.8647063284394308,1.6079334388001227,-1.320351418759791,-1.1417162275655723,0.0
2025-07-15,1460.65,-0.6666532142663247,0.2954133400444087,-1.0907864251910662,-0.0,-0.7271762764316982
2025-07-16,1475.47,1.009504097819824,0.3535402130867674,-0.8460227745238328,-0.8540634577307061,0.0
2025-07-17,1490.01,0.980624824090173,0.7012158875546652,-0.8814239658055046,-0.8643462214168857,0.0
2025-07-18,1497.28,0.48672973514721374,0.6415379790211796,-0.7851123490733855,-0.38213752572529575,0.0
2025-07-21,1485.05,-0.8201686974204269,1.1326030257798876,-1.3254728432000797,-0.0,-1.087111335273559
2025-07-22,1509.54,1.635652693283406,1.4166612655923152,-1.1983469294562876,-1.9600793826530765,0.0
2025-07-23,1512.31,0.18333145429722916,0.4848031595047379,-0.9072140556517844,-0.16632087218152902,0.0
2025-07-24,1521.02,0.5742879237307202,1.1032384298738453,-0.7949535260075445,-0.45653220991328786,0.0
2025-07-25,1531.13,0.6624862458456714,0.31268754918501157,-0.7103136073129178,-0.47057299508183137,0.0
2025-07-28,1557.42,1.7024581101225524,1.1351997151551607,-1.2926396952644952,-2.2006649326693846,0.0
2025-07-29,1493.41,-4.196851026762351,4.606680922438733,-0.9533518664952956,-0.0,-4.001075759766585
2025-07-30,1507.63,0.9476785663675668,1.8738797056348688,-0.6936354365732657,-0.6573434361134937,0.0
2025-07-31,1502.52,-0.3395182903638471,2.9413036206967553,-0.7148629261784478,-0.0,-0.24270903854060366
2025-08-01,1495.21,-0.48770332813827644,1.6803314721539468,-0.7995996567832758,-0.0,-0.3899674137914272
2025-08-04,1528.19,2.181736335846301,0.9678110601880292,-1.366682545817423,-2.9817409697767987,0.0
2025-08-05,1547.15,1.233050018829957,9.017185607712653,-0.9725251718338718,-1.1991721814423626,0.0
2025-08-06,1573.71,1.7021360303685944,1.156075695457056,-0.6627164187450713,-1.1280334942628267,0.0
2025-08-07,1581.81,0.5133871939157273,0.8011177347005919,-0.5629886186418783,-0.28903114713104544,0.0
2025-08-08,1584.95,0.19831000953990202,1.4367741022091598,-0.6732621734021563,-0.13351462803023678,0.0
2025-08-11,1596.86,0.7486339929092991,0.5059371155300699,-1.2379689878318094,-0.926785666458411,0.0
2025-08-12,1608.22,0.7088776299293459,0.5346260858001622,-0.9164611263839407,-0.6496587911934266,0.0
2025-08-13,1611.6,0.2099497016326832,1.9055298769330653,-0.6330053955969123,-0.1328992939374503,0.0
2025-08-14,1640.69,1.7889410725601722,0.426266666951162,-0.7056300149591014,-1.2623305157915852,0.0
2025-08-15,1630.0,-0.6536870241985933,3.637905402319101,-0.750883994972858,-0.0,-0.490843124192159
2025-08-18,1636.37,0.39003591604502225,0.541732580924797,-1.2895937771351769,-0.502987890190879,0.0
2025-08-19,1654.2,1.0837134296547801,0.8409399949599943,-0.9624221678649164,-1.042989828312677,0.0
2025-08-20,1664.36,0.6123156877739688,4.817215643909559,-0.6061290640569129,-0.3711423347378006,0.0
2025-08-21,1688.0,1.4103731020356762,0.570434149885303,-0.6675198814386739,-0.9414520858551494,0.0
2025-08-22,1645.47,-2.5518338479269462,4.7905567660756025,-0.7572324922076491,-0.0,-1.9323315043655565
2025-08-25,1614.03,-1.9291900658886858,2.046125753667762,-1.4393030569233118,-0.0,-2.776689159219671
2025-08-26,1667.63,3.2669299752720695,3.200062020997195,-1.17367701583401,-3.8343206243159984,0.0
2025-08-27,1672.78,0.3083456270570452,1.375159117119012,-0.9052104041069301,-0.2791176696729127,0.0
2025-08-28,1680.86,0.4818654139626495,1.0687534312936806,-0.9006346009596884,-0.4339846648205259,0.0
2025-08-29,1682.21,0.08028379263659936,0.3568401169435588,-0.9579852492013364,-0.07691068909580107,0.0
2025-09-03,1681.3,-0.054110142214737825,0.41694555468080197,-1.474367272314421,-0.0,-0.0797782227816884
2025-09-04,1696.29,0.8876209615783106,0.6254830613954221,-1.1995383114460216,-1.0647353494557408,0.0
2025-09-05,1666.97,-1.7435906112528505,1.7390521993625474,-0.904724556446788,-0.0,-1.577469242390519
2025-09-08,1624.53,-2.578906402881577,1.4912299926038899,-1.5035218765382583,-0.0,-3.8774421942770383
2025-09-09,1637.32,0.7842215643914728,1.0320883444729763,-1.2363618421747324,-0.969581618024192,0.0
2025-09-10,1643.26,0.36213148232261494,0.5372307333450898,-0.9777705748702475,-0.3540815076491981,0.0
2025-09-11,1657.75,0.8779187622514888,4.843718168549336,-1.0594310384434351,-0.93009438596107,0.0
2025-09-12,1667.26,0.5720299146186038,0.47432023061091716,-1.1446894871782718,-0.6547966296154001,0.0
2025-09-15,1684.9,1.052465444917656,0.2949836891720053,-1.4912317124311472,-1.5694698476991653,0.0
2025-09-16,1680.9,-0.23768506049910926,0.3461965947874994,-1.2390127815539007,-0.0,-0.2944948279428085
2025-09-17,1670.97,-0.5925068126482078,0.5299395958122601,-1.0155560572690148,-0.0,-0.6017238825580448
2025-09-18,1665.18,-0.3471070433474516,1.0349019938087263,-1.088342116805376,-0.0,-0.3777712143148209
2025-09-19,1658.62,-0.39472943725157333,1.8058238918952323,-1.0855944294865976,-0.0,-0.42851607823468746
2025-09-22,1634.45,-1.4679575005122598,2.761836720740782,-1.505573543656782,-0.0,-2.2101179759837954
2025-09-23,1635.26,0.04954567937644783,0.5366392186368607,-1.3436418462713522,-0.06657164811213882,0.0
2025-09-24,1657.46,1.3484496943285584,2.0469121902520095,-1.0816263587482915,-1.4585187328318454,0.0
2025-09-25,1666.09,0.5193253837513363,0.3069689604799059,-1.1132953553506186,-0.5781625376460403,0.0
2025-09-26,1660.7,-0.3240363663609446,0.27843934364773115,-1.0747266048265254,-0.0,-0.34825050385942213
2025-09-29,1666.48,0.34744172629520537,0.6346424371420472,-1.5969833586474707,-0.5548586549931923,0.0
2025-09-30,1661.7,-0.2872442768491479,1.668984954083735,-1.387423944126773,-0.0,-0.3985295875138875
2025-10-01,1665.05,0.20139782865139308,0.27377371913895,-1.184559746381657,-0.2385677608291106,0.0
2025-10-02,1652.71,-0.7438788160299684,1.1724526005417852,-1.113841786989022,-0.0,-0.828563309750098
2025-10-03,1645.82,-0.4177624590752905,0.4593565752971706,-1.1442639798607006,-0.0,-0.478030534057885
2025-10-06,1695.5,2.9738942323063964,1.059749054197484,-1.6064057214603273,-4.777280709794863,0.0
2025-10-07,1685.3,-0.6034093083719112,0.6482201029266318,-1.4717715913780252,-0.0,-0.8880806780348413
2025-10-08,1697.83,0.7407375591568051,0.9539536424368104,-1.1790441403210368,-0.8733622786395383,0.0
2025-10-09,1716.47,1.0918891246479627,0.3366285947383704,-1.1499847568991823,-1.2556558495691483,0.0
2025-10-10,1747.55,1.7944950681909482,0.47095862534370553,-1.0454328724833362,-1.876024133796043,0.0
2025-10-13,1765.12,1.0003869722896006,0.6300319132802624,-1.48370521195657,-1.4842793647595331,0.0
2025-10-14,1761.06,-0.23027762587880196,1.8156992577665105,-1.2207508951636288,-0.0,-0.28111161792770273
2025-10-15,1757.95,-0.17675430360757946,0.9106702750184715,-1.0311323674563966,-0.0,-0.1822570835369901
2025-10-16,1766.85,0.5049942642939396,0.3535875232690093,-1.0454700904257312,-0.5279563991558606,0.0
2025-10-17,1731.19,-2.038926677753471,1.0816260372183852,-1.0895601627419202,-0.0,-2.2215332828319148
2025-10-20,1636.43,-5.629199348223595,4.141376362901492,-1.329294379651789,-0.0,-7.482863055533139
2025-10-21,1663.43,1.636469580810429,4.781095652177054,-1.1283502807190147,-1.846510910895576,0.0
2025-10-22,1678.5,0.9018801798852792,4.65466391651075,-0.9245064525569703,-0.8337940457371817,0.0
2025-10-23,1687.06,0.5086831587077469,1.3507542561818162,-1.078435545457909,-0.5485819997262412,0.0
2025-10-24,1683.18,-0.23025076636470299,1.7478201156124793,-1.0825326033837241,-0.0,-0.24925396154387955
2025-10-27,1652.54,-1.8371363161767844,0.892578358350196,-1.529895683757223,-0.0,-2.8106269205925076
2025-10-28,1680.5,1.6777869983408067,4.896138237157396,-1.3115298553452055,-2.200467739233985,0.0
2025-10-29,1685.83,0.3166655945182926,0.7257152331964397,-1.0850066716494986,-0.3435842827342024,0.0
2025-10-30,1669.57,-0.9691915884444288,0.9646707684258753,-1.0940811932633254,-0.0,-1.0603742895860584
2025-10-31,1639.65,-1.8083303817944703,0.7248399829138801,-1.0841314129559405,-0.0,-1.9604677719059944
2025-11-03,1617.0,-1.3910223830847397,1.2521170295561346,-1.496529482933183,-0.0,-2.0817060077062894
2025-11-04,1651.98,2.1401987893001584,4.748423372716558,-1.3421603823064858,-2.872490025258979,0.0
2025-11-05,1654.89,0.17599728753443533,0.5896474073780709,-1.1514415851552018,-0.20265059574166605,0.0
2025-11-06,1642.64,-0.7429837698209416,0.4991967361042663,-1.2139716606967268,-0.0,-0.9019612409202431
2025-11-07,1599.1,-2.6863732681847003,1.541220528284955,-1.1938596577360545,-0.0,-3.2071526705062725
2025-11-10,1580.54,-1.1674410183283226,1.179942928792181,-1.5829453936263034,-0.0,-1.8479953822932191
2025-11-11,1593.61,0.8235322128933896,0.585538030513282,-1.4185283052921773,-1.1682037543091766,0.0
2025-11-12,1631.86,2.3718585619595154,0.8719694539325047,-1.192352895118307,-2.828092423163573,0.0
2025-11-13,1631.44,-0.025740814655038996,0.3072018206091975,-1.2221193400073807,-0.0,-0.03145834741746857
2025-11-14,1635.46,0.2461049942769355,0.3481991773942903,-1.2215215948843634,-0.30062256511816937,0.0
2025-11-17,1654.42,1.1526383889032839,0.08152930848364894,-1.5240879827669078,-1.7567223170033044,0.0
2025-11-18,1659.92,0.33189142023017154,0.2893327110504271,-1.3730490032150435,-0.45570318372266216,0.0
2025-11-19,1649.0,-0.6600364858596777,0.4764791913178401,-1.2214602941138313,-0.0,-0.8062083601440215
2025-11-20,1655.99,0.4229973720030429,0.27424279082623715,-1.2796065352497072,-0.5412702016085452,0.0
2025-11-21,1654.93,-0.06403054354776623,0.7681542517086171,-1.2542105460163349,-0.0,-0.0803077829847666
2025-11-24,1667.98,0.7854601594981003,0.4028864312611036,-1.6200902775657304,-1.2725163678181002,0.0
2025-11-25,1660.36,-0.457886713101474,0.5129785540771746,-1.4201146660320614,-0.0,-0.650251636656618
2025-11-26,1680.36,1.1973609847567992,0.3555706735663898,-1.244226128885228,-1.4897878229421568,0.0
2025-11-27,1684.32,0.2353865347328747,0.35277018720098435,-1.2757295770570831,-0.30028956439970267,0.0
2025-11-28,1690.99,0.39522347175239697,0.43783553147227955,-1.1953176879878615,-0.47241760649361103,0.0
2025-12-01,1701.67,0.629596557205811,0.45206666385863914,-1.663396271411237,-1.0472685657494976,0.0
2025-12-02,1717.06,0.9003404165265816,1.2172795757656674,-1.4084378697278135,-1.2680735382825508,0.0
2025-12-03,1731.77,0.853048088927859,1.153335061801983,-1.190475236578547,-1.0155326254792703,0.0
2025-12-04,1737.24,0.3153640106811487,0.44762560635048215,-1.2095915290679906,-0.3814616358928248,0.0
2025-12-05,1741.32,0.23457993370493893,0.40148265579018627,-1.1697138636973603,-0.27439140059987477,0.0
2025-12-08,1753.74,0.7107204042412724,0.2326224460222363,-1.5660768452532767,-1.1130427685313053,0.0
2025-12-09,1747.17,-0.37533142599107067,2.8998323941151596,-1.3768864059822892,-0.0,-0.5167887381850529
2025-12-10,1718.98,-1.6266244429658419,0.9206523586586091,-1.1510158565145128,-0.0,-1.8722705264477706
2025-12-11,1698.9,-1.1750108855976362,1.1785413333404489,-1.2428628716281214,-0.0,-1.4603774034681802
2025-12-12,1646.89,-3.109232194022805,3.1039019141513853,-1.261234884707951,-0.0,-3.921472107758602
2025-12-15,1646.01,-0.05344832949372659,1.5242479550952304,-1.6725768791355147,-0.0,-0.0893964401396239
2025-12-16,1679.18,1.995140144925003,5.065948180804711,-1.416570331838009,-2.826256337159745,0.0
2025-12-17,1673.66,-0.3292733913555967,0.38368679986018145,-1.2345984185808305,-0.0,-0.4065204082483666
2025-12-18,1676.98,0.19817116052574962,0.24519067851672832,-1.2482911911988344,-0.24737531403394342,0.0
2025-12-19,1704.31,1.616578003191025,0.4944568086664002,-1.307983994013526,-2.114458153248208,0.0
2025-12-22,1751.03,2.7043849480335997,1.0268740650618355,-1.5651115956722759,-4.232664241328952,0.0
2025-12-23,1772.15,1.1989312489372992,0.2795354736143153,-1.3741138254900174,-1.6474680049767565,0.0
2025-12-24,1782.82,0.6002881622480574,1.567830460842981,-1.0871635468559233,-0.652611407605222,0.0
2025-12-25,1742.85,-2.267467602077457,4.675338079417241,-1.0452881089700568,-0.0,-2.3701569219264145
2025-12-26,1729.8,-0.7515909424569065,2.574647369100617,-1.0017708886033916,-0.0,-0.7529219262913158
2025-12-29,1754.84,1.4371889780323606,0.3020856169278773,-1.6459050847416998,-2.3654766466781894,0.0
2025-12-30,1766.9,0.6848913969869385,1.0818675794114798,-1.5013254459064553,-1.0282448819789105,0.0
2025-12-31,1784.49,0.9906061481318014,0.5219033160015633,-1.255180147489326,-1.2433891711159075,0.0
