date,close,svi_sma_composite,rv_proxy,return,svi_lag1,svi_lag2,svi_lag3,svi_lag4,svi_lag5
2010-01-15,505.4,2.5443758470047046,18.798895367287425,-3.0207889797052054,2.2206801422886855,1.5975323973419016,1.8739906760725091,1.5296306925139302,1.9999870583457804
2010-01-22,477.6,1.713903631951555,23.298704446337144,-5.657663287570138,2.5443758470047046,2.2206801422886855,1.5975323973419016,1.8739906760725091,1.5296306925139302
2010-01-29,482.0,1.720931376489522,18.907997203400402,0.9170551972207884,1.713903631951555,2.5443758470047046,2.2206801422886855,1.5975323973419016,1.8739906760725091
2010-02-05,493.0,1.1905733054333312,10.9438293618151,2.2565059992089727,1.720931376489522,1.713903631951555,2.5443758470047046,2.2206801422886855,1.5975323973419016
2010-02-12,507.0,0.47889665957763905,11.027301982847586,2.8001829548493133,1.1905733054333312,1.720931376489522,1.713903631951555,2.5443758470047046,2.2206801422886855
2010-02-26,496.9,1.3293998144041435,8.03391097775744,-2.0122204982908327,0.47889665957763905,1.1905733054333312,1.720931376489522,1.713903631951555,2.5443758470047046
2010-03-05,513.4,1.9054183760840329,4.109508971160735,3.266646982876508,1.3293998144041435,0.47889665957763905,1.1905733054333312,1.720931376489522,1.713903631951555
2010-03-12,531.5,2.3302475588937996,5.45880328639166,3.4647929344962662,1.9054183760840329,1.3293998144041435,0.47889665957763905,1.1905733054333312,1.720931376489522
2010-03-19,516.0,2.2064744514544996,13.551400066125083,-2.9596432300439868,2.3302475588937996,1.9054183760840329,1.3293998144041435,0.47889665957763905,1.1905733054333312
2010-03-26,505.3,2.235217568540532,6.024098772576335,-2.095445318369981,2.2064744514544996,2.3302475588937996,1.9054183760840329,1.3293998144041435,0.47889665957763905
2010-04-02,510.5,1.8543212495601147,4.480266092335004,1.0238325306857425,2.235217568540532,2.2064744514544996,2.3302475588937996,1.9054183760840329,1.3293998144041435
2010-04-09,517.4,2.177485003126985,0.8070568272708322,1.3425632147208437,1.8543212495601147,2.235217568540532,2.2064744514544996,2.3302475588937996,1.9054183760840329
2010-04-16,522.0,2.2120146178557265,1.5402055484683852,0.8851318130710094,2.177485003126985,1.8543212495601147,2.235217568540532,2.2064744514544996,2.3302475588937996
2010-04-23,529.3,2.419949419995222,5.232510906968093,1.3887790981303025,2.2120146178557265,2.177485003126985,1.8543212495601147,2.235217568540532,2.2064744514544996
2010-04-30,542.4,2.299063561830727,1.6142304619583205,2.444835776224403,2.419949419995222,2.2120146178557265,2.177485003126985,1.8543212495601147,2.235217568540532
2010-05-07,542.0,2.304017713116511,3.5107766415751716,-0.07377351865395868,2.299063561830727,2.419949419995222,2.2120146178557265,2.177485003126985,1.8543212495601147
2010-05-14,520.7,2.8513197799092698,10.020083936066786,-4.009194127079279,2.304017713116511,2.299063561830727,2.419949419995222,2.2120146178557265,2.177485003126985
2010-05-21,483.7,2.1757002864678046,30.09439228014157,-7.370918033991599,2.8513197799092698,2.304017713116511,2.299063561830727,2.419949419995222,2.2120146178557265
2010-05-28,513.0,2.0207397310339394,12.588862722404652,5.881096534183209,2.1757002864678046,2.8513197799092698,2.304017713116511,2.299063561830727,2.419949419995222
2010-06-04,510.4,2.0438661140882255,1.4583174233309468,-0.5081113140189487,2.0207397310339394,2.1757002864678046,2.8513197799092698,2.304017713116511,2.299063561830727
2010-06-11,504.3,1.9239172955162431,8.105474646665298,-1.2023402947900481,2.0438661140882255,2.0207397310339394,2.1757002864678046,2.8513197799092698,2.304017713116511
2010-06-18,511.2,1.5271701271947962,0.9151684186513489,1.3589573980645338,1.9239172955162431,2.0438661140882255,2.0207397310339394,2.1757002864678046,2.8513197799092698
2010-06-25,505.1,1.892400759779371,2.408855381559016,-1.2004473589318134,1.5271701271947962,1.9239172955162431,2.0438661140882255,2.0207397310339394,2.1757002864678046
2010-07-02,503.7,2.0481285339701296,1.5150673118078957,-0.2775576722402171,1.892400759779371,1.5271701271947962,1.9239172955162431,2.0438661140882255,2.0207397310339394
2010-07-09,499.5,1.5650838577540367,2.3485453788195443,-0.8373254662996608,2.0481285339701296,1.892400759779371,1.5271701271947962,1.9239172955162431,2.0438661140882255
2010-07-16,506.2,1.3649842712878788,3.6686910746916856,1.3324250022415456,1.5650838577540367,2.0481285339701296,1.892400759779371,1.5271701271947962,1.9239172955162431
2010-07-23,500.3,1.3601431118006326,1.100490607915783,-1.1723929616864328,1.3649842712878788,1.5650838577540367,2.0481285339701296,1.892400759779371,1.5271701271947962
2010-07-30,493.9,1.3485802606352517,2.3612513393027457,-1.2874850947580285,1.3601431118006326,1.3649842712878788,1.5650838577540367,2.0481285339701296,1.892400759779371
2010-08-06,482.8,1.2617095443217081,1.8540665039592774,-2.273057832320266,1.3485802606352517,1.3601431118006326,1.3649842712878788,1.5650838577540367,2.0481285339701296
2010-08-13,452.7,1.3036475458422694,21.421498120741056,-6.4372834781463535,1.2617095443217081,1.3485802606352517,1.3601431118006326,1.3649842712878788,1.5650838577540367
2010-08-20,454.8,1.543892746796839,10.924904958924502,0.46281074344680173,1.3036475458422694,1.2617095443217081,1.3485802606352517,1.3601431118006326,1.3649842712878788
2010-08-27,429.1,1.441716563018605,18.489224244313785,-5.816776987890188,1.543892746796839,1.3036475458422694,1.2617095443217081,1.3485802606352517,1.3601431118006326
2010-09-03,458.8,1.4678077913459218,18.69607778435143,6.692439325773668,1.441716563018605,1.543892746796839,1.3036475458422694,1.2617095443217081,1.3485802606352517
2010-09-10,451.4,1.6286552988141314,12.561360804140767,-1.6260520871780406,1.4678077913459218,1.441716563018605,1.543892746796839,1.3036475458422694,1.2617095443217081
2010-09-17,457.6,1.5051501063381951,4.202282641905143,1.364157568215297,1.6286552988141314,1.4678077913459218,1.441716563018605,1.543892746796839,1.3036475458422694
2010-09-24,449.7,1.4810858095832413,1.5705580642353998,-1.7414746288926461,1.5051501063381951,1.6286552988141314,1.4678077913459218,1.441716563018605,1.543892746796839
2010-10-01,451.7,1.2348219234264537,1.9252780023827984,0.4437548883896839,1.4810858095832413,1.5051501063381951,1.6286552988141314,1.4678077913459218,1.441716563018605
2010-10-08,459.3,1.2219560876699433,8.06326156585712,1.6685348671189266,1.2348219234264537,1.4810858095832413,1.5051501063381951,1.6286552988141314,1.4678077913459218
2010-10-15,458.4,1.0938734359744893,1.8059661836622494,-0.1961425931218062,1.2219560876699433,1.2348219234264537,1.4810858095832413,1.5051501063381951,1.6286552988141314
2010-10-22,445.2,1.1931009835322743,8.269711428999196,-2.9218545999139987,1.0938734359744893,1.2219560876699433,1.2348219234264537,1.4810858095832413,1.5051501063381951
2010-10-29,452.6,1.11987763022911,4.225589187848242,1.6485113798047246,1.1931009835322743,1.0938734359744893,1.2219560876699433,1.2348219234264537,1.4810858095832413
2010-11-05,457.3,1.417770719470874,5.987275985190198,1.033089746457243,1.11987763022911,1.1931009835322743,1.0938734359744893,1.2219560876699433,1.2348219234264537
2010-11-12,441.6,1.450612803529213,5.434258668808708,-3.4935135701123965,1.417770719470874,1.11987763022911,1.1931009835322743,1.0938734359744893,1.2219560876699433
2010-11-19,426.5,1.5937268957747173,8.3246181884709,-3.47921280311518,1.450612803529213,1.417770719470874,1.11987763022911,1.1931009835322743,1.0938734359744893
2010-11-26,439.9,1.6317119203419668,3.414360310117144,3.0935061422940286,1.5937268957747173,1.450612803529213,1.417770719470874,1.11987763022911,1.1931009835322743
2010-12-03,464.4,1.9702102464670215,8.6751589337009,5.419882146906232,1.6317119203419668,1.5937268957747173,1.450612803529213,1.417770719470874,1.11987763022911
2010-12-10,473.1,1.8626570815365873,14.337828882242945,1.8560532813366135,1.9702102464670215,1.6317119203419668,1.5937268957747173,1.450612803529213,1.417770719470874
2010-12-17,485.3,2.04831103919186,21.79519888749254,2.5460473774068024,1.8626570815365873,1.9702102464670215,1.6317119203419668,1.5937268957747173,1.450612803529213
2010-12-24,472.8,1.41245030198006,4.572701415454304,-2.6094790319282075,2.04831103919186,1.8626570815365873,1.9702102464670215,1.6317119203419668,1.5937268957747173
2010-12-31,484.7,1.3618024494301422,2.470093411970609,2.485767675944175,1.41245030198006,2.04831103919186,1.8626570815365873,1.9702102464670215,1.6317119203419668
2011-01-07,481.9,1.8104062157072969,0.803258645969986,-0.5793519205043295,1.3618024494301422,1.41245030198006,2.04831103919186,1.8626570815365873,1.9702102464670215
2011-01-14,489.2,1.2626509615752064,3.385254482612625,1.5034780166730193,1.8104062157072969,1.3618024494301422,1.41245030198006,2.04831103919186,1.8626570815365873
2011-01-21,519.5,1.6485888087570388,8.104992417368852,6.009540672626492,1.2626509615752064,1.8104062157072969,1.3618024494301422,1.41245030198006,2.04831103919186
2011-01-28,510.6,0.8518258808347399,8.44581169728994,-1.7280305731898589,1.6485888087570388,1.2626509615752064,1.8104062157072969,1.3618024494301422,1.41245030198006
2011-02-11,520.0,0.973871870779957,4.182741045175209,1.8242306768089573,0.8518258808347399,1.6485888087570388,1.2626509615752064,1.8104062157072969,1.3618024494301422
2011-02-18,503.9,1.1002649931504411,4.4947484088929235,-3.145097588892066,0.973871870779957,0.8518258808347399,1.6485888087570388,1.2626509615752064,1.8104062157072969
2011-02-25,467.0,1.3956319183881591,30.593621236451646,-7.604857801765506,1.1002649931504411,0.973871870779957,0.8518258808347399,1.6485888087570388,1.2626509615752064
2011-03-04,459.2,1.267557216519937,9.464087684407072,-1.6843412663540664,1.3956319183881591,1.1002649931504411,0.973871870779957,0.8518258808347399,1.6485888087570388
2011-03-11,495.1,1.1864854591037128,20.158078808756958,7.527391736202069,1.267557216519937,1.3956319183881591,1.1002649931504411,0.973871870779957,0.8518258808347399
2011-03-18,461.1,1.1956102258493184,16.96389316290107,-7.114482315471745,1.1864854591037128,1.267557216519937,1.3956319183881591,1.1002649931504411,0.973871870779957
2011-03-25,457.7,1.1831556412165591,5.778015701913477,-0.7400991553063588,1.1956102258493184,1.1864854591037128,1.267557216519937,1.3956319183881591,1.1002649931504411
2011-04-01,459.2,1.164097019883947,0.7126344036706822,0.32718973457602796,1.1831556412165591,1.1956102258493184,1.1864854591037128,1.267557216519937,1.3956319183881591
2011-04-08,464.3,1.0947663311487568,3.0824542792423624,1.1045050020519502,1.164097019883947,1.1831556412165591,1.1956102258493184,1.1864854591037128,1.267557216519937
2011-04-15,461.0,1.0296309891237172,0.5238461915518118,-0.7132852029227539,1.0947663311487568,1.164097019883947,1.1831556412165591,1.1956102258493184,1.1864854591037128
2011-04-22,456.5,1.05677461540903,3.5456244027303137,-0.980934296162541,1.0296309891237172,1.0947663311487568,1.164097019883947,1.1831556412165591,1.1956102258493184
2011-04-29,480.1,1.0041393407264825,9.92587740776076,5.040571550187154,1.05677461540903,1.0296309891237172,1.0947663311487568,1.164097019883947,1.1831556412165591
2011-05-06,472.7,0.8205721790059924,6.015937523903039,-1.5533477737704082,1.0041393407264825,1.05677461540903,1.0296309891237172,1.0947663311487568,1.164097019883947
2011-05-13,479.7,0.8644369524637614,2.1052976847077858,1.4699970708827508,0.8205721790059924,1.0041393407264825,1.05677461540903,1.0296309891237172,1.0947663311487568
2011-05-20,432.9,0.8551251317366686,21.964030162427782,-10.265415406008334,0.8644369524637614,0.8205721790059924,1.0041393407264825,1.05677461540903,1.0296309891237172
2011-05-27,410.8,0.944388577111198,61.97617466601158,-5.240027639353167,0.8551251317366686,0.8644369524637614,0.8205721790059924,1.0041393407264825,1.05677461540903
2011-06-03,443.4,1.4976733586609856,30.118330490185826,7.636581912780775,0.944388577111198,0.8551251317366686,0.8644369524637614,0.8205721790059924,1.0041393407264825
2011-06-10,445.0,0.9398727743096682,11.787289386028835,0.3601984984029142,1.4976733586609856,0.944388577111198,0.8551251317366686,0.8644369524637614,0.8205721790059924
2011-06-17,438.9,0.9132666218525827,3.0698923861068796,-1.3802685472051963,0.9398727743096682,1.4976733586609856,0.944388577111198,0.8551251317366686,0.8644369524637614
2011-06-24,433.4,0.7387388534505748,11.064433676149106,-1.2610507591929696,0.9132666218525827,0.9398727743096682,1.4976733586609856,0.944388577111198,0.8551251317366686
2011-07-01,425.3,0.592504473943729,3.590478366229374,-1.8866286842670752,0.7387388534505748,0.9132666218525827,0.9398727743096682,1.4976733586609856,0.944388577111198
2011-07-08,430.3,0.5027278778850194,2.267639934079253,1.168783758496617,0.592504473943729,0.7387388534505748,0.9132666218525827,0.9398727743096682,1.4976733586609856
2011-07-15,414.7,0.5138752591955768,5.997586834798904,-3.692727259221836,0.5027278778850194,0.592504473943729,0.7387388534505748,0.9132666218525827,0.9398727743096682
2011-07-22,409.2,0.5000830438842006,6.296533966683956,-1.3351333174864226,0.5138752591955768,0.5027278778850194,0.592504473943729,0.7387388534505748,0.9132666218525827
2011-07-29,405.7,0.3385954957239047,0.501414979592928,-0.859006386506986,0.5000830438842006,0.5138752591955768,0.5027278778850194,0.592504473943729,0.7387388534505748
2011-08-05,397.66,0.8106854995168309,5.871638180184223,-2.0016601382466312,0.3385954957239047,0.5000830438842006,0.5138752591955768,0.5027278778850194,0.592504473943729
2011-08-12,383.92,0.3601696612030255,5.406802854128366,-3.5163171279945047,0.8106854995168309,0.3385954957239047,0.5000830438842006,0.5138752591955768,0.5027278778850194
2011-08-19,400.76,0.5457383380280296,9.419185812270907,4.292854684107219,0.3601696612030255,0.8106854995168309,0.3385954957239047,0.5000830438842006,0.5138752591955768
2011-08-26,404.4,0.6001347709617093,6.436730230896089,0.9041742755254114,0.5457383380280296,0.3601696612030255,0.8106854995168309,0.3385954957239047,0.5000830438842006
2011-09-02,435.29,0.4985579700512631,14.198626068134006,7.360798848552838,0.6001347709617093,0.5457383380280296,0.3601696612030255,0.8106854995168309,0.3385954957239047
2011-09-09,459.92,0.895263750927651,9.583465751905294,5.504008568319092,0.4985579700512631,0.6001347709617093,0.5457383380280296,0.3601696612030255,0.8106854995168309
2011-09-16,457.11,0.8383779497428613,11.778776177127623,-0.6128499165662435,0.895263750927651,0.4985579700512631,0.6001347709617093,0.5457383380280296,0.3601696612030255
2011-09-23,440.3,0.6233795278570249,10.011057841525375,-3.7467749387664937,0.8383779497428613,0.895263750927651,0.4985579700512631,0.6001347709617093,0.5457383380280296
2011-09-30,427.6,0.6643635383355643,4.812874092639776,-2.9268133610817966,0.6233795278570249,0.8383779497428613,0.895263750927651,0.4985579700512631,0.6001347709617093
2011-10-07,417.96,0.5629501993766374,4.182280707129355,-2.280244498498018,0.6643635383355643,0.6233795278570249,0.8383779497428613,0.895263750927651,0.4985579700512631
2011-10-14,414.49,1.0121889581689227,3.4644865405194207,-0.8336885333936025,0.5629501993766374,0.6643635383355643,0.6233795278570249,0.8383779497428613,0.895263750927651
2011-10-21,411.03,0.4649339368489572,7.583221257835458,-0.8382644298847114,1.0121889581689227,0.5629501993766374,0.6643635383355643,0.6233795278570249,0.8383779497428613
2011-10-28,422.07,0.5489087219475914,6.121788650329336,2.6504972524104713,0.4649339368489572,1.0121889581689227,0.5629501993766374,0.6643635383355643,0.6233795278570249
2011-11-04,410.57,0.5921624888970494,5.345695006432192,-2.762473895074842,0.5489087219475914,0.4649339368489572,1.0121889581689227,0.5629501993766374,0.6643635383355643
2011-11-11,396.3,0.4425285994689811,3.394975483259322,-3.5374937910093753,0.5921624888970494,0.5489087219475914,0.4649339368489572,1.0121889581689227,0.5629501993766374
2011-11-18,379.62,0.4901732915283678,7.262194180504867,-4.300074780954139,0.4425285994689811,0.5921624888970494,0.5489087219475914,0.4649339368489572,1.0121889581689227
2011-11-25,383.35,0.5159105190934128,6.892675273134857,0.9777657618055529,0.4901732915283678,0.4425285994689811,0.5921624888970494,0.5489087219475914,0.4649339368489572
2011-12-02,383.88,0.5111852862355585,1.3499163533117342,0.13815937445233648,0.5159105190934128,0.4901732915283678,0.4425285994689811,0.5921624888970494,0.5489087219475914
2011-12-09,377.16,0.5234145808341515,7.709385709316286,-1.7660503151950362,0.5111852862355585,0.5159105190934128,0.4901732915283678,0.4425285994689811,0.5921624888970494
2011-12-16,366.03,0.45865548816954577,3.3223101443343728,-2.9954203342124135,0.5234145808341515,0.5111852862355585,0.5159105190934128,0.4901732915283678,0.4425285994689811
2011-12-23,356.21,0.3740949156391835,6.099554059932656,-2.719485267819649,0.45865548816954577,0.5234145808341515,0.5111852862355585,0.5159105190934128,0.4901732915283678
2011-12-30,351.55,0.3942468751382905,3.693596410320772,-1.3168495931985589,0.3740949156391835,0.45865548816954577,0.5234145808341515,0.5111852862355585,0.5159105190934128
2012-01-06,336.73,0.3608069014072184,7.096535563820507,-4.3070526358218615,0.3942468751382905,0.3740949156391835,0.45865548816954577,0.5234145808341515,0.5111852862355585
2012-01-13,354.33,0.29901192140233235,6.849709352117457,5.094726000491372,0.3608069014072184,0.3942468751382905,0.3740949156391835,0.45865548816954577,0.5234145808341515
2012-01-20,373.0,0.049085804782974606,10.751670029167268,5.134973735195011,0.29901192140233235,0.3608069014072184,0.3942468751382905,0.3740949156391835,0.45865548816954577
2012-02-03,401.74,0.3541133449820034,18.652644988333265,7.42266935625865,0.049085804782974606,0.29901192140233235,0.3608069014072184,0.3942468751382905,0.3740949156391835
2012-02-10,405.02,0.44248539482846877,7.352746138255519,0.8131335396900179,0.3541133449820034,0.049085804782974606,0.29901192140233235,0.3608069014072184,0.3942468751382905
2012-02-17,403.3,0.5327626420204749,10.46178619430798,-0.42557467239797825,0.44248539482846877,0.3541133449820034,0.049085804782974606,0.29901192140233235,0.3608069014072184
2012-02-24,423.43,1.0497730995178522,12.362026193467853,4.870750929481369,0.5327626420204749,0.44248539482846877,0.3541133449820034,0.049085804782974606,0.29901192140233235
2012-03-02,439.6,0.739669819794867,11.83670596198417,3.747701135533008,1.0497730995178522,0.5327626420204749,0.44248539482846877,0.3541133449820034,0.049085804782974606
2012-03-09,432.11,0.9268115538091525,30.783894932046813,-1.718503706834844,0.739669819794867,1.0497730995178522,0.5327626420204749,0.44248539482846877,0.3541133449820034
2012-03-16,438.52,0.7978157726536027,5.981500590548091,1.47252353452213,0.9268115538091525,0.739669819794867,1.0497730995178522,0.5327626420204749,0.44248539482846877
2012-03-23,454.1,0.751505255583705,5.30799198626676,3.491201729756631,0.7978157726536027,0.9268115538091525,0.739669819794867,1.0497730995178522,0.5327626420204749
2012-03-30,441.03,0.7698941217492534,12.382919849473659,-2.9204537759920943,0.751505255583705,0.7978157726536027,0.9268115538091525,0.739669819794867,1.0497730995178522
2012-04-06,447.44,0.6078788405167993,4.656382640386219,1.4429550169347947,0.7698941217492534,0.751505255583705,0.7978157726536027,0.9268115538091525,0.739669819794867
2012-04-13,462.52,0.7055664784841765,5.88785030728897,3.314734874742853,0.6078788405167993,0.7698941217492534,0.751505255583705,0.7978157726536027,0.9268115538091525
2012-04-20,465.72,0.7316840274655199,3.744527565130753,0.68947959080542,0.7055664784841765,0.6078788405167993,0.7698941217492534,0.751505255583705,0.7978157726536027
2012-04-27,473.77,0.6669822500293227,3.279085095745362,1.7137376695574413,0.7316840274655199,0.7055664784841765,0.6078788405167993,0.7698941217492534,0.751505255583705
2012-05-04,476.32,0.5458551656676026,3.2139064525054915,0.5367925403076498,0.6669822500293227,0.7316840274655199,0.7055664784841765,0.6078788405167993,0.7698941217492534
2012-05-11,480.1,0.726634210321858,6.075911361127833,0.7904518269428368,0.5458551656676026,0.6669822500293227,0.7316840274655199,0.7055664784841765,0.6078788405167993
2012-05-18,434.95,0.6729952829729278,21.345080384364906,-9.876333358334502,0.726634210321858,0.5458551656676026,0.6669822500293227,0.7316840274655199,0.7055664784841765
2012-05-25,437.38,0.5064732557667667,26.207318862292276,0.5571300506627379,0.6729952829729278,0.726634210321858,0.5458551656676026,0.6669822500293227,0.7316840274655199
2012-06-01,428.8,0.5235733688890226,3.8943540154353853,-1.9811772703584734,0.5064732557667667,0.6729952829729278,0.726634210321858,0.5458551656676026,0.6669822500293227
2012-06-08,432.9,0.3992809349795402,14.550822248370002,0.9516144691342651,0.5235733688890226,0.5064732557667667,0.6729952829729278,0.726634210321858,0.5458551656676026
2012-06-15,433.09,0.445316132416609,4.652337724824157,0.043880415027590734,0.3992809349795402,0.5235733688890226,0.5064732557667667,0.6729952829729278,0.726634210321858
2012-06-22,427.17,0.6725314361247339,2.6099336149977233,-1.3763498137197716,0.445316132416609,0.3992809349795402,0.5235733688890226,0.5064732557667667,0.6729952829729278
2012-06-29,422.37,0.3646937823724393,2.9603372674215436,-1.1300353318467307,0.6725314361247339,0.445316132416609,0.3992809349795402,0.5235733688890226,0.5064732557667667
2012-07-06,415.44,0.1919119642367896,3.803008478566903,-1.6543507606482162,0.3646937823724393,0.6725314361247339,0.445316132416609,0.3992809349795402,0.5235733688890226
2012-07-13,416.98,0.1914375682042666,7.954758402631945,0.37000594818466953,0.1919119642367896,0.3646937823724393,0.6725314361247339,0.445316132416609,0.3992809349795402
2012-07-20,424.47,0.24101615086348,7.276137755764633,1.7803072858060436,0.1914375682042666,0.1919119642367896,0.3646937823724393,0.6725314361247339,0.445316132416609
2012-07-27,413.16,0.2231746704394662,3.44615546539168,-2.700640473753798,0.24101615086348,0.1914375682042666,0.1919119642367896,0.3646937823724393,0.6725314361247339
2012-08-03,418.21,0.1410005071775016,1.4209967447468088,1.2148771574038808,0.2231746704394662,0.24101615086348,0.1914375682042666,0.1919119642367896,0.3646937823724393
2012-08-10,425.56,0.2842472101400003,2.226798362331569,1.7422249935693623,0.1410005071775016,0.2231746704394662,0.24101615086348,0.1914375682042666,0.1919119642367896
2012-08-17,433.45,0.3054296210423296,1.0746352152008871,1.8370500666484146,0.2842472101400003,0.1410005071775016,0.2231746704394662,0.24101615086348,0.1914375682042666
2012-08-24,399.72,0.6492003346471573,48.08411828033056,-8.101214732106065,0.3054296210423296,0.2842472101400003,0.1410005071775016,0.2231746704394662,0.24101615086348
2012-08-31,396.02,0.5032668483651075,16.584407246764886,-0.929958696394025,0.6492003346471573,0.3054296210423296,0.2842472101400003,0.1410005071775016,0.2231746704394662
2012-09-07,397.51,0.33242606002135366,5.938193093595792,0.3755375981004653,0.5032668483651075,0.6492003346471573,0.3054296210423296,0.2842472101400003,0.1410005071775016
2012-09-14,398.87,0.4390137873269217,9.56580087634519,0.34154582537817146,0.33242606002135366,0.5032668483651075,0.6492003346471573,0.3054296210423296,0.2842472101400003
2012-09-21,395.48,0.3831465749529179,8.129874452311041,-0.8535332235502513,0.4390137873269217,0.33242606002135366,0.5032668483651075,0.6492003346471573,0.3054296210423296
2012-09-28,392.57,0.34930720194556925,2.7867564033523307,-0.7385351758816054,0.3831465749529179,0.4390137873269217,0.33242606002135366,0.5032668483651075,0.6492003346471573
2012-10-05,388.16,0.37175100325815424,3.7398591564351102,-1.129723951443077,0.34930720194556925,0.3831465749529179,0.4390137873269217,0.33242606002135366,0.5032668483651075
2012-10-12,392.54,0.35963098797245585,2.0886856994030785,1.1220817102247616,0.37175100325815424,0.34930720194556925,0.3831465749529179,0.4390137873269217,0.33242606002135366
2012-10-19,398.23,0.27797489893361965,4.266583225897839,1.4391284959936426,0.35963098797245585,0.37175100325815424,0.34930720194556925,0.3831465749529179,0.4390137873269217
2012-10-26,391.7,0.23463252086978206,2.6430693059893007,-1.6533487146083732,0.27797489893361965,0.35963098797245585,0.37175100325815424,0.34930720194556925,0.3831465749529179
2012-11-02,375.26,0.23528779433202512,11.367113880439828,-4.287712161255708,0.23463252086978206,0.27797489893361965,0.35963098797245585,0.37175100325815424,0.34930720194556925
2012-11-09,386.71,0.26676286415489725,2.965841976238642,3.0055939059331913,0.23528779433202512,0.23463252086978206,0.27797489893361965,0.35963098797245585,0.37175100325815424
2012-11-16,385.71,0.2644609156749319,1.5692157628534298,-0.25892663542933436,0.26676286415489725,0.23528779433202512,0.23463252086978206,0.27797489893361965,0.35963098797245585
2012-11-23,381.71,0.15047678984973883,0.8879144161974942,-1.0424633770983687,0.2644609156749319,0.26676286415489725,0.23528779433202512,0.23463252086978206,0.27797489893361965
2012-11-30,377.82,0.15644240262868797,1.5821442226615048,-1.0243266264577129,0.15047678984973883,0.2644609156749319,0.26676286415489725,0.23528779433202512,0.23463252086978206
2012-12-07,383.8,0.10757473811058652,1.8152015536928992,1.5703691844893202,0.15644240262868797,0.15047678984973883,0.2644609156749319,0.26676286415489725,0.23528779433202512
2012-12-14,392.21,0.1617701291539759,1.3004180936154082,2.167582705890675,0.10757473811058652,0.15644240262868797,0.15047678984973883,0.2644609156749319,0.26676286415489725
2012-12-21,396.78,0.07232402828731894,2.4636691709440717,1.1584560282119527,0.1617701291539759,0.10757473811058652,0.15644240262868797,0.15047678984973883,0.2644609156749319
2012-12-28,413.73,0.061283802907178234,3.83014123875099,4.183161623973016,0.07232402828731894,0.1617701291539759,0.10757473811058652,0.15644240262868797,0.15047678984973883
2013-01-04,426.06,0.11541393135879097,3.8622914379011233,2.936659426770113,0.061283802907178234,0.07232402828731894,0.1617701291539759,0.10757473811058652,0.15644240262868797
2013-01-11,462.69,0.29071015064456307,18.91445101260609,8.247710198157547,0.11541393135879097,0.061283802907178234,0.07232402828731894,0.1617701291539759,0.10757473811058652
2013-01-18,454.16,0.28790366498587766,5.336037250904327,-1.860772454116183,0.29071015064456307,0.11541393135879097,0.061283802907178234,0.07232402828731894,0.1617701291539759
2013-01-25,468.09,0.20019288171217048,18.928590691605752,3.021102625872963,0.28790366498587766,0.29071015064456307,0.11541393135879097,0.061283802907178234,0.07232402828731894
2013-02-01,483.42,0.17529573001604346,10.460164608893784,3.222525589595909,0.20019288171217048,0.28790366498587766,0.29071015064456307,0.11541393135879097,0.061283802907178234
2013-02-08,494.03,-0.11893549927010842,7.02383421812898,2.171040307178642,0.17529573001604346,0.20019288171217048,0.28790366498587766,0.29071015064456307,0.11541393135879097
2013-02-22,477.69,0.2867459643416964,15.016698026839164,-3.3634257552501783,-0.11893549927010842,0.17529573001604346,0.20019288171217048,0.28790366498587766,0.29071015064456307
2013-03-01,477.15,0.28702054808760663,20.85506609147019,-0.11310796731816174,0.2867459643416964,-0.11893549927010842,0.17529573001604346,0.20019288171217048,0.28790366498587766
2013-03-08,470.68,0.23382128775875932,10.532875305535091,-1.365244926753454,0.28702054808760663,0.2867459643416964,-0.11893549927010842,0.17529573001604346,0.20019288171217048
2013-03-15,481.35,0.2806180355551243,3.861286916534396,2.241619862824733,0.23382128775875932,0.28702054808760663,0.2867459643416964,-0.11893549927010842,0.17529573001604346
2013-03-22,489.99,0.23709093067362258,3.2082022358350097,1.7790326509182084,0.2806180355551243,0.23382128775875932,0.28702054808760663,0.2867459643416964,-0.11893549927010842
2013-03-29,491.04,0.22066147349960313,1.3840330421951041,0.2140608138268422,0.23709093067362258,0.2806180355551243,0.23382128775875932,0.28702054808760663,0.2867459643416964
2013-04-05,502.58,0.28812800283618983,13.786354462805512,2.322924037029555,0.22066147349960313,0.23709093067362258,0.2806180355551243,0.23382128775875932,0.28702054808760663
2013-04-12,494.27,0.2702388951520084,15.0866622614875,-1.667290465815283,0.28812800283618983,0.22066147349960313,0.23709093067362258,0.2806180355551243,0.23382128775875932
2013-04-19,473.21,0.16237041342259068,15.312144927661926,-4.354266198918931,0.2702388951520084,0.28812800283618983,0.22066147349960313,0.23709093067362258,0.2806180355551243
2013-04-26,474.51,0.1665202411053868,3.104950075956167,0.27434280491277674,0.16237041342259068,0.2702388951520084,0.28812800283618983,0.22066147349960313,0.23709093067362258
2013-05-03,475.24,-0.10401934117984152,0.31814801914089746,0.15372469465795366,0.1665202411053868,0.16237041342259068,0.2702388951520084,0.28812800283618983,0.22066147349960313
2013-05-10,486.1,0.20291885660611042,7.756104931155737,2.259442446132314,-0.10401934117984152,0.1665202411053868,0.16237041342259068,0.2702388951520084,0.28812800283618983
2013-05-17,487.6,0.18532828581992922,2.7343823415187862,0.3081033555706598,0.20291885660611042,-0.10401934117984152,0.1665202411053868,0.16237041342259068,0.2702388951520084
2013-05-24,500.24,0.20059988740295812,4.423281416480108,2.5592585651925908,0.18532828581992922,0.20291885660611042,-0.10401934117984152,0.1665202411053868,0.16237041342259068
2013-05-31,518.39,0.30948809309232617,8.268788919889756,3.563987146950879,0.20059988740295812,0.18532828581992922,0.20291885660611042,-0.10401934117984152,0.1665202411053868
2013-06-07,527.97,0.14973298067888358,5.464226160571535,1.8311609181677908,0.30948809309232617,0.20059988740295812,0.18532828581992922,0.20291885660611042,-0.10401934117984152
2013-06-14,509.03,0.29623821816583806,2.949817203106151,-3.653251000027974,0.14973298067888358,0.30948809309232617,0.20059988740295812,0.18532828581992922,0.20291885660611042
2013-06-21,498.84,0.1482648864466903,5.771346260740798,-2.022155085740327,0.29623821816583806,0.14973298067888358,0.30948809309232617,0.20059988740295812,0.18532828581992922
2013-06-28,481.13,0.043124349634941196,19.490354036187053,-3.614789919294499,0.1482648864466903,0.29623821816583806,0.14973298067888358,0.30948809309232617,0.20059988740295812
2013-07-05,485.66,0.04963542134734387,4.498906126398204,0.9371286737315645,0.043124349634941196,0.1482648864466903,0.29623821816583806,0.14973298067888358,0.30948809309232617
2013-07-12,493.99,-0.051369220419951414,4.50977107275801,1.7006483471135214,0.04963542134734387,0.043124349634941196,0.1482648864466903,0.29623821816583806,0.14973298067888358
2013-07-19,503.76,-0.04508694088772904,2.18101444025394,1.9584690112435004,-0.051369220419951414,0.04963542134734387,0.043124349634941196,0.1482648864466903,0.29623821816583806
2013-07-26,493.93,-0.03701112253210041,4.891508733290698,-1.970615743787392,-0.04508694088772904,-0.051369220419951414,0.04963542134734387,0.043124349634941196,0.1482648864466903
2013-08-02,494.66,-0.03498801964429084,3.8465314618085733,0.14768511368370982,-0.03701112253210041,-0.04508694088772904,-0.051369220419951414,0.04963542134734387,0.043124349634941196
2013-08-09,500.62,-0.06593156327883458,1.2614532510574514,1.1976672377692121,-0.03498801964429084,-0.03701112253210041,-0.04508694088772904,-0.051369220419951414,0.04963542134734387
2013-08-16,507.79,-0.047646696479981765,2.386959500582414,1.4220646027091828,-0.06593156327883458,-0.03498801964429084,-0.03701112253210041,-0.04508694088772904,-0.051369220419951414
2013-08-23,486.82,-0.0030377412629460005,7.389337014721264,-4.21735313804662,-0.047646696479981765,-0.06593156327883458,-0.03498801964429084,-0.03701112253210041,-0.04508694088772904
2013-08-30,472.7,-0.021799059023972955,9.962022907400486,-2.9433507104577767,-0.0030377412629460005,-0.047646696479981765,-0.06593156327883458,-0.03498801964429084,-0.03701112253210041
2013-09-06,480.03,-0.12763665251160985,1.9633541201164906,1.5387664149702285,-0.021799059023972955,-0.0030377412629460005,-0.047646696479981765,-0.06593156327883458,-0.03498801964429084
2013-09-13,476.42,-0.03328341142173402,5.386231104427913,-0.7548783820819929,-0.12763665251160985,-0.021799059023972955,-0.0030377412629460005,-0.047646696479981765,-0.06593156327883458
2013-09-20,477.19,-0.03909162731038673,0.9702693997749722,0.1614916301934255,-0.03328341142173402,-0.12763665251160985,-0.021799059023972955,-0.0030377412629460005,-0.047646696479981765
2013-09-27,486.61,-0.012799395834263103,1.3993485431392814,1.9548246468629193,-0.03909162731038673,-0.03328341142173402,-0.12763665251160985,-0.021799059023972955,-0.0030377412629460005
2013-10-04,497.5,-0.024672724984082805,2.991485229986954,2.2132575700011006,-0.012799395834263103,-0.03909162731038673,-0.03328341142173402,-0.12763665251160985,-0.021799059023972955
2013-10-11,494.53,-0.023115407086599576,1.9609877836745322,-0.598774003532119,-0.024672724984082805,-0.012799395834263103,-0.03909162731038673,-0.03328341142173402,-0.12763665251160985
2013-10-18,500.83,-0.05017303281521672,0.7159308925398387,1.2658905581734843,-0.023115407086599576,-0.024672724984082805,-0.012799395834263103,-0.03909162731038673,-0.03328341142173402
2013-10-25,500.75,-0.047219948635272284,0.8769732574216466,-0.015974759913359376,-0.05017303281521672,-0.023115407086599576,-0.024672724984082805,-0.012799395834263103,-0.03909162731038673
2013-11-01,497.08,-0.08069917838583818,1.0309147056059913,-0.7355995608133886,-0.047219948635272284,-0.05017303281521672,-0.023115407086599576,-0.024672724984082805,-0.012799395834263103
2013-11-08,498.61,-0.08075782404125013,0.938928400775475,0.3073248107782062,-0.08069917838583818,-0.047219948635272284,-0.05017303281521672,-0.023115407086599576,-0.024672724984082805
2013-11-15,501.34,-0.016085063981134917,1.4199709035486185,0.5460286580024227,-0.08075782404125013,-0.08069917838583818,-0.047219948635272284,-0.05017303281521672,-0.023115407086599576
2013-11-22,505.64,-0.011419322953705601,1.5159579587323337,0.8540440001756976,-0.016085063981134917,-0.08075782404125013,-0.08069917838583818,-0.047219948635272284,-0.05017303281521672
2013-11-29,507.78,-0.018117040934811226,0.34981559988630917,0.42233292827127844,-0.011419322953705601,-0.016085063981134917,-0.08075782404125013,-0.08069917838583818,-0.047219948635272284
2013-12-06,510.12,-0.036897553590926876,0.43776159976610646,0.45977092486295495,-0.018117040934811226,-0.011419322953705601,-0.016085063981134917,-0.08075782404125013,-0.08069917838583818
2013-12-13,506.06,-0.06910371048025381,1.7129122996201211,-0.7990752825840356,-0.036897553590926876,-0.018117040934811226,-0.011419322953705601,-0.016085063981134917,-0.08075782404125013
2013-12-20,504.45,0.42908446900532615,1.3346284075361408,-0.31865124784704657,-0.06910371048025381,-0.036897553590926876,-0.018117040934811226,-0.011419322953705601,-0.016085063981134917
2013-12-27,506.41,-0.08074508172976598,1.2961371196242093,0.38778910159911945,0.42908446900532615,-0.06910371048025381,-0.036897553590926876,-0.018117040934811226,-0.011419322953705601
2014-01-03,505.37,-0.11669883833422229,2.204392943705212,-0.20557836017210668,-0.08074508172976598,0.42908446900532615,-0.06910371048025381,-0.036897553590926876,-0.018117040934811226
2014-01-10,518.94,-0.029376204837532623,1.6261204482917275,2.6497435277817236,-0.11669883833422229,-0.08074508172976598,0.42908446900532615,-0.06910371048025381,-0.036897553590926876
2014-01-17,543.59,-0.10281584032633033,6.078322390649812,4.640701668198377,-0.029376204837532623,-0.11669883833422229,-0.08074508172976598,0.42908446900532615,-0.06910371048025381
2014-01-24,560.19,-0.0943582952605538,8.206473880527192,3.0080725670639015,-0.10281584032633033,-0.029376204837532623,-0.11669883833422229,-0.08074508172976598,0.42908446900532615
2014-01-31,556.52,-0.3245416090048911,0.43203052867025865,-0.6572902925422364,-0.0943582952605538,-0.10281584032633033,-0.029376204837532623,-0.11669883833422229,-0.08074508172976598
2014-02-07,549.76,-0.10117886984742126,0.903477176262462,-1.2221289617840136,-0.3245416090048911,-0.0943582952605538,-0.10281584032633033,-0.029376204837532623,-0.11669883833422229
2014-02-14,572.22,0.06506857739112801,6.011433017438777,4.004171346304015,-0.10117886984742126,-0.3245416090048911,-0.0943582952605538,-0.10281584032633033,-0.029376204837532623
2014-02-21,570.57,0.11486764584522166,2.6119894534554935,-0.288767165719663,0.06506857739112801,-0.10117886984742126,-0.3245416090048911,-0.0943582952605538,-0.10281584032633033
2014-02-28,586.48,0.16179602899757056,5.026766536508525,2.750270575365176,0.11486764584522166,0.06506857739112801,-0.10117886984742126,-0.3245416090048911,-0.0943582952605538
2014-03-07,579.75,0.1011834282106209,6.64877496832543,-1.1541590779690099,0.16179602899757056,0.11486764584522166,0.06506857739112801,-0.10117886984742126,-0.3245416090048911
2014-03-14,596.83,0.12001254912416943,2.041724398114526,2.9035339587026474,0.1011834282106209,0.16179602899757056,0.11486764584522166,0.06506857739112801,-0.10117886984742126
2014-03-21,601.75,0.2820710469848309,2.1049419213093485,0.8209760940513842,0.12001254912416943,0.1011834282106209,0.16179602899757056,0.11486764584522166,0.06506857739112801
2014-03-28,594.29,0.3590220465300698,7.79719492571804,-1.247466095072721,0.2820710469848309,0.12001254912416943,0.1011834282106209,0.16179602899757056,0.11486764584522166
2014-04-04,593.04,0.21488848149441903,4.207490410155212,-0.21055653639898866,0.3590220465300698,0.2820710469848309,0.12001254912416943,0.1011834282106209,0.16179602899757056
2014-04-11,600.57,0.10343588655273786,1.907840513071053,1.2617353903270356,0.21488848149441903,0.3590220465300698,0.2820710469848309,0.12001254912416943,0.1011834282106209
2014-04-18,565.33,0.10645368188064781,15.493084360564682,-6.046957281179385,0.10343588655273786,0.21488848149441903,0.3590220465300698,0.2820710469848309,0.12001254912416943
2014-04-25,578.92,0.0938199483466952,8.17652121920815,2.3754667329462897,0.10645368188064781,0.10343588655273786,0.21488848149441903,0.3590220465300698,0.2820710469848309
2014-05-02,578.0,-0.11363099576320629,1.7457456349363223,-0.15904300970262392,0.0938199483466952,0.10645368188064781,0.10343588655273786,0.21488848149441903,0.3590220465300698
2014-05-09,542.46,-0.0026549714317656015,53.96013682287045,-6.345951869504736,-0.11363099576320629,0.0938199483466952,0.10645368188064781,0.10343588655273786,0.21488848149441903
2014-05-16,529.49,0.0009456270979342595,34.5005461557973,-2.4200070855472116,-0.0026549714317656015,-0.11363099576320629,0.0938199483466952,0.10645368188064781,0.10343588655273786
2014-05-23,541.49,-0.02538414016377208,2.6894567335561534,2.2410319927982947,0.0009456270979342595,-0.0026549714317656015,-0.11363099576320629,0.0938199483466952,0.10645368188064781
2014-05-30,562.02,-0.014992971564047428,3.8647682984052687,3.721283739925327,-0.02538414016377208,0.0009456270979342595,-0.0026549714317656015,-0.11363099576320629,0.0938199483466952
2014-06-06,559.04,-0.09843567934186011,4.131389988235983,-0.5316409503402483,-0.014992971564047428,-0.02538414016377208,0.0009456270979342595,-0.0026549714317656015,-0.11363099576320629
2014-06-13,574.48,-0.05772564829911346,2.1592165128345804,2.724425685637047,-0.09843567934186011,-0.014992971564047428,-0.02538414016377208,0.0009456270979342595,-0.0026549714317656015
2014-06-20,560.78,-0.10935222996359908,1.8657034462513398,-2.413661205572222,-0.05772564829911346,-0.09843567934186011,-0.014992971564047428,-0.02538414016377208,0.0009456270979342595
2014-06-27,578.82,-0.1180352989917807,2.1740136379039727,3.166287666417734,-0.10935222996359908,-0.05772564829911346,-0.09843567934186011,-0.014992971564047428,-0.02538414016377208
2014-07-04,589.35,-0.06555740951135507,1.7166063366236088,1.8028686262061115,-0.1180352989917807,-0.10935222996359908,-0.05772564829911346,-0.09843567934186011,-0.014992971564047428
2014-07-11,582.77,-0.09965314456133219,1.50517883159371,-1.122763731131087,-0.06555740951135507,-0.1180352989917807,-0.10935222996359908,-0.05772564829911346,-0.09843567934186011
2014-07-18,596.26,-0.033137283080274985,1.6281490343175378,2.288421618911316,-0.09965314456133219,-0.06555740951135507,-0.1180352989917807,-0.10935222996359908,-0.05772564829911346
2014-07-25,600.14,-0.033347952864095066,1.5845803522457491,0.648614778111064,-0.033137283080274985,-0.09965314456133219,-0.06555740951135507,-0.1180352989917807,-0.10935222996359908
2014-08-01,593.9,-0.08936734393839559,5.1221078108255815,-1.045200630967685,-0.033347952864095066,-0.033137283080274985,-0.09965314456133219,-0.06555740951135507,-0.1180352989917807
2014-08-08,605.43,-0.09392919713924953,2.9989777276177176,1.9227994351919353,-0.08936734393839559,-0.033347952864095066,-0.033137283080274985,-0.09965314456133219,-0.06555740951135507
2014-08-15,604.24,-0.0004299086512411385,0.5264257818223154,-0.19674793685412373,-0.09392919713924953,-0.08936734393839559,-0.033347952864095066,-0.033137283080274985,-0.09965314456133219
2014-08-22,620.14,0.012251551696761467,2.5511417753482837,2.5973788995117997,-0.0004299086512411385,-0.09392919713924953,-0.08936734393839559,-0.033347952864095066,-0.033137283080274985
2014-08-29,636.65,0.04067903382458887,1.9057137802598327,2.6274795019134105,0.012251551696761467,-0.0004299086512411385,-0.09392919713924953,-0.08936734393839559,-0.033347952864095066
2014-09-05,638.65,0.013221351918407015,0.479207770989198,0.31365194693413734,0.04067903382458887,0.012251551696761467,-0.0004299086512411385,-0.09392919713924953,-0.08936734393839559
2014-09-12,632.5,0.0773044897425493,4.603140931811874,-0.9676352887110485,0.013221351918407015,0.04067903382458887,0.012251551696761467,-0.0004299086512411385,-0.09392919713924953
2014-09-19,613.29,0.03650997975343237,3.0905245808972475,-3.0842313336649148,0.0773044897425493,0.013221351918407015,0.04067903382458887,0.012251551696761467,-0.0004299086512411385
2014-09-26,604.98,0.06348006918982883,1.4306585777192566,-1.364250763184714,0.03650997975343237,0.0773044897425493,0.013221351918407015,0.04067903382458887,0.012251551696761467
2014-10-03,611.55,0.19602874805668882,4.117323057216312,1.0801318300192992,0.06348006918982883,0.03650997975343237,0.0773044897425493,0.013221351918407015,0.04067903382458887
2014-10-10,617.72,0.5437338964508007,2.926062725654331,1.0038562421428228,0.19602874805668882,0.06348006918982883,0.03650997975343237,0.0773044897425493,0.013221351918407015
2014-10-17,585.28,0.1930593924960354,10.657910632411658,-5.394491515229939,0.5437338964508007,0.19602874805668882,0.06348006918982883,0.03650997975343237,0.0773044897425493
2014-10-24,591.51,0.16951085045173978,6.034924199000433,1.0588224243785165,0.1930593924960354,0.5437338964508007,0.19602874805668882,0.06348006918982883,0.03650997975343237
2014-10-31,600.84,0.11566446267826636,9.37693022224114,1.5650086683567737,0.16951085045173978,0.1930593924960354,0.5437338964508007,0.19602874805668882,0.06348006918982883
2014-11-07,602.59,0.047382763990161024,1.4717426236421445,0.2908355672595584,0.11566446267826636,0.16951085045173978,0.1930593924960354,0.5437338964508007,0.19602874805668882
2014-11-14,600.36,0.08561410156009007,0.3661238523975754,-0.3707556514335362,0.047382763990161024,0.11566446267826636,0.16951085045173978,0.1930593924960354,0.5437338964508007
2014-11-21,588.03,0.05351820705973722,3.7638651291231686,-2.075150828282063,0.08561410156009007,0.047382763990161024,0.11566446267826636,0.16951085045173978,0.1930593924960354
2014-11-28,566.58,0.012246844863303904,5.631429533507998,-3.7159678502260487,0.05351820705973722,0.08561410156009007,0.047382763990161024,0.11566446267826636,0.16951085045173978
2014-12-05,578.76,0.05825999058584193,1.4059621075220852,2.1269595365847946,0.012246844863303904,0.05351820705973722,0.08561410156009007,0.047382763990161024,0.11566446267826636
2014-12-12,553.93,-0.007101083056020934,12.184127381935387,-4.384955889552352,0.05825999058584193,0.012246844863303904,0.05351820705973722,0.08561410156009007,0.047382763990161024
2014-12-19,523.09,0.036214607535900424,21.94784181545511,-5.728479158319068,-0.007101083056020934,0.05825999058584193,0.012246844863303904,0.05351820705973722,0.08561410156009007
2014-12-26,533.37,-0.07001963485121862,9.502051980674358,1.9461833806423443,0.036214607535900424,-0.007101083056020934,0.05825999058584193,0.012246844863303904,0.05351820705973722
2015-01-02,545.63,-0.15790073418427256,3.066579676053042,2.2725723158267472,-0.07001963485121862,0.036214607535900424,-0.007101083056020934,0.05825999058584193,0.012246844863303904
2015-01-09,569.73,-0.055877981268374746,9.592065024380508,4.3221474039405825,-0.15790073418427256,-0.07001963485121862,0.036214607535900424,-0.007101083056020934,0.05825999058584193
2015-01-16,574.81,0.06745184296378716,2.485798543601451,0.8876987014876184,-0.055877981268374746,-0.15790073418427256,-0.07001963485121862,0.036214607535900424,-0.007101083056020934
2015-01-23,582.38,-0.03593604185798914,3.3773603633145126,1.308360422434223,0.06745184296378716,-0.055877981268374746,-0.15790073418427256,-0.07001963485121862,0.036214607535900424
2015-01-30,576.07,0.0464718449914874,2.284968159973278,-1.0893974543714617,-0.03593604185798914,0.06745184296378716,-0.055877981268374746,-0.15790073418427256,-0.07001963485121862
2015-02-06,574.13,-0.041117769724034754,9.243357694287292,-0.3373329576876551,0.0464718449914874,-0.03593604185798914,0.06745184296378716,-0.055877981268374746,-0.15790073418427256
2015-02-13,587.24,-0.17579653055331704,2.048376930531085,2.257774335836922,-0.041117769724034754,0.0464718449914874,-0.03593604185798914,0.06745184296378716,-0.055877981268374746
2015-02-27,592.57,0.07498637981365908,4.162877402422932,0.9035414619553416,-0.17579653055331704,-0.041117769724034754,0.0464718449914874,-0.03593604185798914,0.06745184296378716
2015-03-06,593.97,0.02419908807211474,2.072243671670556,0.23598035459038846,0.07498637981365908,-0.17579653055331704,-0.041117769724034754,0.0464718449914874,-0.03593604185798914
2015-03-13,586.1,0.04113945581049039,1.4852025240242106,-1.3338389554333339,0.02419908807211474,0.07498637981365908,-0.17579653055331704,-0.041117769724034754,0.0464718449914874
2015-03-20,575.44,0.026644711260341868,1.95679642412655,-1.8355457923282685,0.04113945581049039,0.02419908807211474,0.07498637981365908,-0.17579653055331704,-0.041117769724034754
2015-03-27,551.42,-0.0317972469170098,3.7890842185426408,-4.263819631779835,0.026644711260341868,0.04113945581049039,0.02419908807211474,0.07498637981365908,-0.17579653055331704
2015-04-03,547.85,0.15064268887737403,9.66539788612785,-0.6495242389900233,-0.0317972469170098,0.026644711260341868,0.04113945581049039,0.02419908807211474,0.07498637981365908
2015-04-10,554.03,-0.018568976001522432,2.3572996810895313,1.1217310054283887,0.15064268887737403,-0.0317972469170098,0.026644711260341868,0.04113945581049039,0.02419908807211474
2015-04-17,568.32,0.06426674938998811,2.5267520233044913,2.546580345806434,-0.018568976001522432,0.15064268887737403,-0.0317972469170098,0.026644711260341868,0.04113945581049039
2015-04-24,565.77,-0.016926941629694235,1.2777929475331176,-0.44970051713671827,0.06426674938998811,-0.018568976001522432,0.15064268887737403,-0.0317972469170098,0.026644711260341868
2015-05-01,562.4,-0.24450428163675678,0.3569219711379749,-0.5974294695928339,-0.016926941629694235,0.06426674938998811,-0.018568976001522432,0.15064268887737403,-0.0317972469170098
2015-05-08,554.51,-0.11199505269953225,12.579004348495841,-1.4128499603545148,-0.24450428163675678,-0.016926941629694235,0.06426674938998811,-0.018568976001522432,0.15064268887737403
2015-05-15,537.44,-0.10034179541370583,3.4666162155675,-3.1267715028927285,-0.11199505269953225,-0.24450428163675678,-0.016926941629694235,0.06426674938998811,-0.018568976001522432
2015-05-22,561.82,-0.10946115454346501,13.649651414075464,4.436438803010131,-0.10034179541370583,-0.11199505269953225,-0.24450428163675678,-0.016926941629694235,0.06426674938998811
2015-05-29,569.56,-0.0666346763888526,2.2665512370366065,1.3682619018709616,-0.10946115454346501,-0.10034179541370583,-0.11199505269953225,-0.24450428163675678,-0.016926941629694235
2015-06-05,578.07,-0.08020370173337492,4.284746857494464,1.4830835693126814,-0.0666346763888526,-0.10946115454346501,-0.10034179541370583,-0.11199505269953225,-0.24450428163675678
2015-06-12,582.73,-0.08270710804609924,2.4904035182123936,0.8028988686680055,-0.08020370173337492,-0.0666346763888526,-0.10946115454346501,-0.10034179541370583,-0.11199505269953225
2015-06-19,584.7,-0.0561324368435131,2.2035247977541457,0.3374937889024197,-0.08270710804609924,-0.08020370173337492,-0.0666346763888526,-0.10946115454346501,-0.10034179541370583
2015-06-26,581.75,-0.0642698619312165,4.084787342162982,-0.5058092999223824,-0.0561324368435131,-0.08270710804609924,-0.08020370173337492,-0.0666346763888526,-0.10946115454346501
2015-07-03,616.43,-0.12114635512278844,11.732826203257776,5.790396977423158,-0.0642698619312165,-0.0561324368435131,-0.08270710804609924,-0.08020370173337492,-0.0666346763888526
2015-07-10,627.28,-0.02717096920147516,4.652475996367733,1.7448239966033798,-0.12114635512278844,-0.0642698619312165,-0.0561324368435131,-0.08270710804609924,-0.08020370173337492
2015-07-17,628.63,-0.04044795373174986,3.673435594524676,0.21498364053986257,-0.02717096920147516,-0.12114635512278844,-0.0642698619312165,-0.0561324368435131,-0.08270710804609924
2015-07-24,631.26,-0.09498091411615499,6.7261823158947065,0.41749737201862597,-0.04044795373174986,-0.02717096920147516,-0.12114635512278844,-0.0642698619312165,-0.0561324368435131
2015-07-31,621.06,0.004208550815691667,2.867852597528339,-1.6290126424537663,-0.09498091411615499,-0.04044795373174986,-0.02717096920147516,-0.12114635512278844,-0.0642698619312165
2015-08-07,603.76,-0.06965013303273208,7.919492349513571,-2.8250927647100723,0.004208550815691667,-0.09498091411615499,-0.04044795373174986,-0.02717096920147516,-0.12114635512278844
2015-08-14,589.03,-0.1461484124290517,8.834735815232175,-2.469965183602945,-0.06965013303273208,0.004208550815691667,-0.09498091411615499,-0.04044795373174986,-0.02717096920147516
2015-08-21,556.3,-0.084643431986933,16.351209549661995,-5.716939905933611,-0.1461484124290517,-0.06965013303273208,0.004208550815691667,-0.09498091411615499,-0.04044795373174986
2015-08-28,570.87,0.07051116499934369,48.89245289636266,2.5853795900777716,-0.084643431986933,-0.1461484124290517,-0.06965013303273208,0.004208550815691667,-0.09498091411615499
2015-09-04,556.81,-0.22052403826451888,3.6117645786208272,-2.4937444352975113,0.07051116499934369,-0.084643431986933,-0.1461484124290517,-0.06965013303273208,0.004208550815691667
2015-09-11,566.74,-0.11472184419713542,6.3864126321904235,1.7676576138873652,-0.22052403826451888,0.07051116499934369,-0.084643431986933,-0.1461484124290517,-0.06965013303273208
2015-09-18,566.25,-0.11933751026584467,1.249032494404743,-0.08649679706798692,-0.11472184419713542,-0.22052403826451888,0.07051116499934369,-0.084643431986933,-0.1461484124290517
2015-09-25,570.38,-0.09615841643740511,1.2935059924554686,0.7267128574512662,-0.11933751026584467,-0.11472184419713542,-0.22052403826451888,0.07051116499934369,-0.084643431986933
2015-10-02,564.15,-0.09899623134571918,1.4722215080289258,-1.098263178730132,-0.09615841643740511,-0.11933751026584467,-0.11472184419713542,-0.22052403826451888,0.07051116499934369
2015-10-09,588.02,-0.04040814577182189,6.572036609863682,4.144078734116455,-0.09899623134571918,-0.09615841643740511,-0.11933751026584467,-0.11472184419713542,-0.22052403826451888
2015-10-16,593.02,-0.033808220334830164,0.7232173756255382,0.8467164316185919,-0.04040814577182189,-0.09899623134571918,-0.09615841643740511,-0.11933751026584467,-0.11472184419713542
2015-10-23,601.74,-0.0528106353595312,2.4714911491673295,1.4597333086366466,-0.033808220334830164,-0.04040814577182189,-0.09899623134571918,-0.09615841643740511,-0.11933751026584467
2015-10-30,607.37,0.014141447508108371,2.761319851077983,0.9312702217478538,-0.0528106353595312,-0.033808220334830164,-0.04040814577182189,-0.09899623134571918,-0.09615841643740511
2015-11-06,612.36,-0.08813836102693279,3.5554604217035153,0.8182184318229868,0.014141447508108371,-0.0528106353595312,-0.033808220334830164,-0.04040814577182189,-0.09899623134571918
2015-11-13,611.27,-0.09270638772392972,1.9357692984404378,-0.17815847736800594,-0.08813836102693279,0.014141447508108371,-0.0528106353595312,-0.033808220334830164,-0.04040814577182189
2015-11-20,604.46,-0.05209156287262902,0.9007774441925491,-1.120326261346073,-0.09270638772392972,-0.08813836102693279,0.014141447508108371,-0.0528106353595312,-0.033808220334830164
2015-11-27,582.86,-0.1070374452406607,4.165539575111598,-3.638847718507577,-0.05209156287262902,-0.09270638772392972,-0.08813836102693279,0.014141447508108371,-0.0528106353595312
2015-12-04,571.62,-0.13792874091401944,3.753914938751635,-1.947258534492087,-0.1070374452406607,-0.05209156287262902,-0.09270638772392972,-0.08813836102693279,0.014141447508108371
2015-12-11,563.43,-0.12431847179928268,8.607624180401912,-1.4431332785787374,-0.13792874091401944,-0.1070374452406607,-0.05209156287262902,-0.09270638772392972,-0.08813836102693279
2015-12-18,568.18,-0.09749604414085468,4.790184011306776,0.8395167766000947,-0.12431847179928268,-0.13792874091401944,-0.1070374452406607,-0.05209156287262902,-0.09270638772392972
2015-12-25,567.67,-0.19758629209845763,0.3786729698420189,-0.08980059590133077,-0.09749604414085468,-0.12431847179928268,-0.13792874091401944,-0.1070374452406607,-0.05209156287262902
2016-01-01,579.03,-0.1640331591896103,1.7012499692693916,1.981402573428289,-0.19758629209845763,-0.09749604414085468,-0.12431847179928268,-0.13792874091401944,-0.1070374452406607
2016-01-08,560.05,-0.10316229283606744,5.408392291077487,-3.3328224244477846,-0.1640331591896103,-0.19758629209845763,-0.09749604414085468,-0.12431847179928268,-0.13792874091401944
2016-01-15,543.04,-0.16862949567325494,6.989321741946137,-3.084308341188693,-0.10316229283606744,-0.1640331591896103,-0.19758629209845763,-0.09749604414085468,-0.12431847179928268
2016-01-22,522.24,-0.10187577986538572,16.339935336144066,-3.9055729710173925,-0.16862949567325494,-0.10316229283606744,-0.1640331591896103,-0.19758629209845763,-0.09749604414085468
2016-01-29,545.25,-0.1561913590793569,17.34135785813344,4.311715274605084,-0.10187577986538572,-0.16862949567325494,-0.10316229283606744,-0.1640331591896103,-0.19758629209845763
2016-02-05,544.75,-0.3154269167478024,2.119651869125256,-0.09174312570092291,-0.1561913590793569,-0.10187577986538572,-0.16862949567325494,-0.10316229283606744,-0.1640331591896103
2016-02-19,554.03,-0.1322024315987807,1.7300073057505676,1.6891863080956866,-0.3154269167478024,-0.1561913590793569,-0.10187577986538572,-0.16862949567325494,-0.10316229283606744
2016-02-26,566.11,-0.0482471695699788,4.072015116478671,2.1569568704455655,-0.1322024315987807,-0.3154269167478024,-0.1561913590793569,-0.10187577986538572,-0.16862949567325494
2016-03-04,573.65,-0.05513654860891248,4.233973021447095,1.3231048635010039,-0.0482471695699788,-0.1322024315987807,-0.3154269167478024,-0.1561913590793569,-0.10187577986538572
2016-03-11,577.26,-0.05550979687194898,1.1282584551312205,0.6273317356076227,-0.05513654860891248,-0.0482471695699788,-0.1322024315987807,-0.3154269167478024,-0.1561913590793569
2016-03-18,575.82,-0.015626588991456462,1.2588230714776667,-0.2497659743636766,-0.05550979687194898,-0.05513654860891248,-0.0482471695699788,-0.1322024315987807,-0.3154269167478024
2016-03-25,572.08,-0.08528197665651205,1.441047626850421,-0.6516270117450808,-0.015626588991456462,-0.05550979687194898,-0.05513654860891248,-0.0482471695699788,-0.1322024315987807
2016-04-01,558.43,-0.057052069040600596,4.785536963850819,-2.4149566806743423,-0.08528197665651205,-0.015626588991456462,-0.05550979687194898,-0.05513654860891248,-0.0482471695699788
2016-04-08,572.34,0.11875032052918102,3.0876111670674975,2.460394545177458,-0.057052069040600596,-0.08528197665651205,-0.015626588991456462,-0.05550979687194898,-0.05513654860891248
2016-04-15,579.86,-0.008489032988962232,1.6256157755245715,1.3053474708273867,0.11875032052918102,-0.057052069040600596,-0.08528197665651205,-0.015626588991456462,-0.05550979687194898
2016-04-22,592.48,-0.04079575330633635,14.108613400291015,2.1530422071856874,-0.008489032988962232,0.11875032052918102,-0.057052069040600596,-0.08528197665651205,-0.015626588991456462
2016-04-29,598.37,-0.04634036449594795,3.3597134874401253,0.9892174548389803,-0.04079575330633635,-0.008489032988962232,0.11875032052918102,-0.057052069040600596,-0.08528197665651205
2016-05-06,606.52,-0.12932332079253386,0.8668823854469712,1.352841221904606,-0.04634036449594795,-0.04079575330633635,-0.008489032988962232,0.11875032052918102,-0.057052069040600596
2016-05-13,610.82,-0.1142295458433279,2.5643284796418557,0.7064612818038539,-0.12932332079253386,-0.04634036449594795,-0.04079575330633635,-0.008489032988962232,0.11875032052918102
2016-05-20,614.81,-0.11199669397626004,3.6618292485111805,0.6510960233562337,-0.1142295458433279,-0.12932332079253386,-0.04634036449594795,-0.04079575330633635,-0.008489032988962232
2016-05-27,608.11,-0.1925209350706631,2.319812077180276,-1.0957490329780544,-0.11199669397626004,-0.1142295458433279,-0.12932332079253386,-0.04634036449594795,-0.04079575330633635
2016-06-03,621.88,-0.1507948547731083,1.929872061578908,2.239136142698132,-0.1925209350706631,-0.11199669397626004,-0.1142295458433279,-0.12932332079253386,-0.04634036449594795
2016-06-10,629.84,-0.17484257309201595,1.2382022341461736,1.2718670794671796,-0.1507948547731083,-0.1925209350706631,-0.11199669397626004,-0.1142295458433279,-0.12932332079253386
2016-06-17,619.25,-0.20285667085575895,2.130141495527834,-1.6956750506742873,-0.17484257309201595,-0.1507948547731083,-0.1925209350706631,-0.11199669397626004,-0.1142295458433279
2016-06-24,620.77,-0.18372238224406487,5.700956903929574,0.24515745895940863,-0.20285667085575895,-0.17484257309201595,-0.1507948547731083,-0.1925209350706631,-0.11199669397626004
2016-07-01,640.3,-0.01719004228298161,3.340414942055772,3.0976173565693403,-0.18372238224406487,-0.20285667085575895,-0.17484257309201595,-0.1507948547731083,-0.1925209350706631
2016-07-08,658.68,-0.07432133669851901,4.967126310427407,2.8301015825041578,-0.01719004228298161,-0.18372238224406487,-0.20285667085575895,-0.17484257309201595,-0.1507948547731083
2016-07-15,664.56,-0.06299220954805333,9.580449986534587,0.8887335181018048,-0.07432133669851901,-0.01719004228298161,-0.18372238224406487,-0.20285667085575895,-0.17484257309201595
2016-07-22,649.87,-0.103951869750774,6.000046596524266,-2.2352824643800275,-0.06299220954805333,-0.07432133669851901,-0.01719004228298161,-0.18372238224406487,-0.20285667085575895
2016-07-29,652.23,-0.12249883978053448,1.9356241559007057,0.3624917570393793,-0.103951869750774,-0.06299220954805333,-0.07432133669851901,-0.01719004228298161,-0.18372238224406487
2016-08-05,627.39,-0.11102970517500028,5.05241409987898,-3.8828903622882707,-0.12249883978053448,-0.103951869750774,-0.06299220954805333,-0.07432133669851901,-0.01719004228298161
2016-08-12,655.71,-0.13942519914193174,8.366904986497122,4.415026119567898,-0.11102970517500028,-0.12249883978053448,-0.103951869750774,-0.06299220954805333,-0.07432133669851901
2016-08-19,662.28,0.28022338493460813,0.5632388150762241,0.9969809209204398,-0.13942519914193174,-0.11102970517500028,-0.12249883978053448,-0.103951869750774,-0.06299220954805333
2016-08-26,667.75,0.19539434332044486,2.660103053169446,0.8225424750660068,0.28022338493460813,-0.13942519914193174,-0.11102970517500028,-0.12249883978053448,-0.103951869750774
2016-09-02,669.19,0.6770413653976814,1.0357380798637648,0.21541737951678236,0.19539434332044486,0.28022338493460813,-0.13942519914193174,-0.11102970517500028,-0.12249883978053448
2016-09-09,666.88,0.7082424537365262,1.1857387715865906,-0.3457906100345253,0.6770413653976814,0.19539434332044486,0.28022338493460813,-0.13942519914193174,-0.11102970517500028
2016-09-16,651.31,0.08867493726064914,1.9310560643909351,-2.362440034283753,0.7082424537365262,0.6770413653976814,0.19539434332044486,0.28022338493460813,-0.13942519914193174
2016-09-23,674.09,-0.05528416180307063,2.637027850441658,3.4377913813030534,0.08867493726064914,0.7082424537365262,0.6770413653976814,0.19539434332044486,0.28022338493460813
2016-09-30,685.73,-0.06697653912055301,1.8300586732303223,1.7120331089667182,-0.05528416180307063,0.08867493726064914,0.7082424537365262,0.6770413653976814,0.19539434332044486
2016-10-07,683.95,-0.08434572564139606,0.5964711636909077,-0.2599148709299481,-0.06697653912055301,-0.05528416180307063,0.08867493726064914,0.7082424537365262,0.6770413653976814
2016-10-14,687.0,-0.046362161873089655,3.7486952932985527,0.4449476686895897,-0.08434572564139606,-0.06697653912055301,-0.05528416180307063,0.08867493726064914,0.7082424537365262
2016-10-21,684.83,-0.12603174156554234,1.9955447379788134,-0.3163659943162415,-0.046362161873089655,-0.08434572564139606,-0.06697653912055301,-0.05528416180307063,0.08867493726064914
2016-10-28,682.25,-0.0827476763075968,2.074792315292994,-0.3774472690739041,-0.12603174156554234,-0.046362161873089655,-0.08434572564139606,-0.06697653912055301,-0.05528416180307063
2016-11-04,666.73,0.38512964305407016,1.8468165124653058,-2.301099322668938,-0.0827476763075968,-0.12603174156554234,-0.046362161873089655,-0.08434572564139606,-0.06697653912055301
2016-11-11,679.2,-0.07649045376410828,3.5869388139292484,1.853046863537922,0.38512964305407016,-0.0827476763075968,-0.12603174156554234,-0.046362161873089655,-0.08434572564139606
2016-11-18,673.25,-0.08328659611238459,0.9005640818143883,-0.8798903305429333,-0.07649045376410828,0.38512964305407016,-0.0827476763075968,-0.12603174156554234,-0.046362161873089655
2016-11-25,675.87,-0.07976582407941604,1.9718644754443833,0.38840181654528627,-0.08328659611238459,-0.07649045376410828,0.38512964305407016,-0.0827476763075968,-0.12603174156554234
2016-12-02,665.14,-0.05758002944167397,4.770125520551848,-1.600320504307259,-0.07976582407941604,-0.08328659611238459,-0.07649045376410828,0.38512964305407016,-0.0827476763075968
2016-12-09,663.07,-0.10397295643583224,3.486145146496022,-0.31169795076591755,-0.05758002944167397,-0.07976582407941604,-0.08328659611238459,-0.07649045376410828,0.38512964305407016
2016-12-16,675.16,-0.10490724370314189,5.282682718326972,1.806913451429769,-0.10397295643583224,-0.05758002944167397,-0.07976582407941604,-0.08328659611238459,-0.07649045376410828
2016-12-23,664.37,-0.1204958886813577,3.6541130757903844,-1.6110476623012866,-0.10490724370314189,-0.10397295643583224,-0.05758002944167397,-0.07976582407941604,-0.08328659611238459
2016-12-30,664.87,-0.1596827369276035,0.16616651833780346,0.07523096259247809,-0.1204958886813577,-0.10490724370314189,-0.10397295643583224,-0.05758002944167397,-0.07976582407941604
2017-01-06,679.8,-0.09539516005952012,1.6741289712120866,2.2207104438376817,-0.1596827369276035,-0.1204958886813577,-0.10490724370314189,-0.10397295643583224,-0.05758002944167397
2017-01-13,685.06,-0.1694220357157523,1.083784946460405,0.7707788405196898,-0.09539516005952012,-0.1596827369276035,-0.1204958886813577,-0.10490724370314189,-0.10397295643583224
2017-01-20,686.26,-0.2387218488219524,2.475995914604593,0.17501389993564412,-0.1694220357157523,-0.09539516005952012,-0.1596827369276035,-0.1204958886813577,-0.10490724370314189
2017-01-27,697.28,-0.3268566155720419,1.1168731537766061,1.5930487089686283,-0.2387218488219524,-0.1694220357157523,-0.09539516005952012,-0.1596827369276035,-0.1204958886813577
2017-02-03,700.35,-0.2696910158504719,0.872576200941868,0.4393158328800665,-0.3268566155720419,-0.2387218488219524,-0.1694220357157523,-0.09539516005952012,-0.1596827369276035
2017-02-10,703.78,-0.07652265061622823,0.3114277005593326,0.48855972346868043,-0.2696910158504719,-0.3268566155720419,-0.2387218488219524,-0.1694220357157523,-0.09539516005952012
2017-02-17,707.83,0.040530536840015605,0.7977756221872997,0.5738144547886795,-0.07652265061622823,-0.2696910158504719,-0.3268566155720419,-0.2387218488219524,-0.1694220357157523
2017-02-24,714.47,0.07445432543352751,0.9734651070957608,0.9337057217018376,0.040530536840015605,-0.07652265061622823,-0.2696910158504719,-0.3268566155720419,-0.2387218488219524
2017-03-03,712.62,0.06960810033598727,1.669639866344363,-0.2592690070443617,0.07445432543352751,0.040530536840015605,-0.07652265061622823,-0.2696910158504719,-0.3268566155720419
2017-03-10,712.21,0.068905164604203,0.530437880660614,-0.057550726938122625,0.06960810033598727,0.07445432543352751,0.040530536840015605,-0.07652265061622823,-0.2696910158504719
2017-03-17,710.54,0.1363162354554063,0.9765311624243448,-0.23475674109402125,0.068905164604203,0.06960810033598727,0.07445432543352751,0.040530536840015605,-0.07652265061622823
2017-03-24,722.14,0.16589584167880683,1.6159056839105512,1.619378157881525,0.1363162354554063,0.068905164604203,0.06960810033598727,0.07445432543352751,0.040530536840015605
2017-03-31,722.31,0.16765777902926143,0.6797336268684806,0.02353837111492969,0.16589584167880683,0.1363162354554063,0.068905164604203,0.06960810033598727,0.07445432543352751
2017-04-07,727.95,0.03785042157082368,0.5004318419485125,0.77779548954878,0.16765777902926143,0.16589584167880683,0.1363162354554063,0.068905164604203,0.06960810033598727
2017-04-14,718.45,0.10929058017111286,1.4300632482155164,-1.3136250844119282,0.03785042157082368,0.16765777902926143,0.16589584167880683,0.1363162354554063,0.068905164604203
2017-04-21,712.41,-0.012190990706523542,1.8657226867250285,-0.8442525300395002,0.10929058017111286,0.03785042157082368,0.16765777902926143,0.16589584167880683,0.1363162354554063
2017-04-28,717.73,0.003931694391345196,1.2220698567644626,0.7439865382669414,-0.012190990706523542,0.10929058017111286,0.03785042157082368,0.16765777902926143,0.16589584167880683
2017-05-05,720.0,-0.08932376223308437,0.26031346861839727,0.3157758252611062,0.003931694391345196,-0.012190990706523542,0.10929058017111286,0.03785042157082368,0.16765777902926143
2017-05-12,725.37,0.00777653929727905,0.332676459422461,0.7430657490528276,-0.08932376223308437,0.003931694391345196,-0.012190990706523542,0.10929058017111286,0.03785042157082368
2017-05-19,733.82,0.036222629201107415,0.9665211664378363,1.1581897432069423,0.00777653929727905,-0.08932376223308437,0.003931694391345196,-0.012190990706523542,0.10929058017111286
2017-05-26,743.41,0.034184895501172236,2.230439724466874,1.2983942548346554,0.036222629201107415,0.00777653929727905,-0.08932376223308437,0.003931694391345196,-0.012190990706523542
2017-06-02,738.81,0.013391809482546419,1.774117217564609,-0.6206925784651128,0.034184895501172236,0.036222629201107415,0.00777653929727905,-0.08932376223308437,0.003931694391345196
2017-06-09,749.72,-0.01972663548427529,1.7743270571623906,1.4659019794390147,0.013391809482546419,0.034184895501172236,0.036222629201107415,0.00777653929727905,-0.08932376223308437
2017-06-16,761.24,-0.035537583346396485,0.8949558739904095,1.5248879158042348,-0.01972663548427529,0.013391809482546419,0.034184895501172236,0.036222629201107415,0.00777653929727905
2017-06-23,769.01,0.04134837083821006,0.7094384828030724,1.0155290673437691,-0.035537583346396485,-0.01972663548427529,0.013391809482546419,0.034184895501172236,0.036222629201107415
2017-06-30,776.47,0.05050793899460336,1.1658898210264175,0.9654033619937209,0.04134837083821006,-0.035537583346396485,-0.01972663548427529,0.013391809482546419,0.034184895501172236
2017-07-07,775.73,0.09327075633706008,1.5052715070254261,-0.09534854478331595,0.05050793899460336,0.04134837083821006,-0.035537583346396485,-0.01972663548427529,0.013391809482546419
2017-07-14,777.6,0.04824791199873401,2.2266440205552844,0.24077316518608555,0.09327075633706008,0.05050793899460336,0.04134837083821006,-0.035537583346396485,-0.01972663548427529
2017-07-21,761.86,0.05294346421324399,2.416153088014143,-2.044944137358292,0.04824791199873401,0.09327075633706008,0.05050793899460336,0.04134837083821006,-0.035537583346396485
2017-07-28,777.09,-0.008142720981518688,2.402252383184077,1.979336200304118,0.05294346421324399,0.04824791199873401,0.09327075633706008,0.05050793899460336,0.04134837083821006
2017-08-04,788.68,0.06797992908755411,0.9461612817062631,1.480448812237936,-0.008142720981518688,0.05294346421324399,0.04824791199873401,0.09327075633706008,0.05050793899460336
2017-08-11,772.08,0.6150574365891213,5.596328416307286,-2.127249029918631,0.06797992908755411,-0.008142720981518688,0.05294346421324399,0.04824791199873401,0.09327075633706008
2017-08-18,768.97,-0.011538826009599715,1.4555824198564367,-0.4036214557724002,0.6150574365891213,0.06797992908755411,-0.008142720981518688,0.05294346421324399,0.04824791199873401
2017-08-25,771.63,-0.09927859530411771,1.6532912633808328,0.3453203483433557,-0.011538826009599715,0.6150574365891213,0.06797992908755411,-0.008142720981518688,0.05294346421324399
2017-09-01,788.73,-0.022878433563743503,1.9104840028435472,2.191889643248712,-0.09927859530411771,-0.011538826009599715,0.6150574365891213,0.06797992908755411,-0.008142720981518688
2017-09-08,801.2,-0.059917349801507855,0.7029044162615322,1.568654683458584,-0.022878433563743503,-0.09927859530411771,-0.011538826009599715,0.6150574365891213,0.06797992908755411
2017-09-15,805.82,-0.05489952677491126,0.6364317448708302,0.5749788712175437,-0.059917349801507855,-0.022878433563743503,-0.09927859530411771,-0.011538826009599715,0.6150574365891213
2017-09-22,807.13,-0.0379036062930853,0.3377420348163631,0.1624353250923711,-0.05489952677491126,-0.059917349801507855,-0.022878433563743503,-0.09927859530411771,-0.011538826009599715
2017-09-29,804.42,-0.04511673789722483,0.09584492587262558,-0.33632249132376374,-0.0379036062930853,-0.05489952677491126,-0.059917349801507855,-0.022878433563743503,-0.09927859530411771
2017-10-06,807.8,-0.07699570347763324,1.3708489651766296,0.41929822877876793,-0.04511673789722483,-0.0379036062930853,-0.05489952677491126,-0.059917349801507855,-0.022878433563743503
2017-10-13,820.95,-0.03942275454901641,0.6699886021019683,1.6147703128724489,-0.07699570347763324,-0.04511673789722483,-0.0379036062930853,-0.05489952677491126,-0.059917349801507855
2017-10-20,826.84,-0.045935423887263425,1.2807158352759396,0.7148999672998393,-0.03942275454901641,-0.07699570347763324,-0.04511673789722483,-0.0379036062930853,-0.05489952677491126
2017-10-27,840.37,-0.012016713311861252,3.028667755847411,1.6231065115640555,-0.045935423887263425,-0.03942275454901641,-0.07699570347763324,-0.04511673789722483,-0.0379036062930853
2017-11-03,843.73,-0.002888117280466412,4.561457670898445,0.39902671554229135,-0.012016713311861252,-0.045935423887263425,-0.03942275454901641,-0.07699570347763324,-0.04511673789722483
2017-11-10,868.21,0.040076177190632035,2.4464712934466037,2.860108268045277,-0.002888117280466412,-0.012016713311861252,-0.045935423887263425,-0.03942275454901641,-0.07699570347763324
2017-11-17,890.69,0.07965109503396157,3.0696268449894606,2.556282236751428,0.040076177190632035,-0.002888117280466412,-0.012016713311861252,-0.045935423887263425,-0.03942275454901641
2017-11-24,935.57,0.11449391423178454,7.137050039324199,4.915952596082913,0.07965109503396157,0.040076177190632035,-0.002888117280466412,-0.012016713311861252,-0.045935423887263425
2017-12-01,960.33,0.16142672393534477,2.7544491112051337,2.612100618249185,0.11449391423178454,0.07965109503396157,0.040076177190632035,-0.002888117280466412,-0.012016713311861252
2017-12-08,940.16,0.17583811963448664,5.3200962246502135,-2.1226901847929103,0.16142672393534477,0.11449391423178454,0.07965109503396157,0.040076177190632035,-0.002888117280466412
2017-12-15,935.16,0.0756163735962058,8.723577029775381,-0.5332435901987903,0.17583811963448664,0.16142672393534477,0.11449391423178454,0.07965109503396157,0.040076177190632035
2017-12-22,952.32,0.10764367479687424,7.4349701608632195,1.8183475121147863,0.0756163735962058,0.17583811963448664,0.16142672393534477,0.11449391423178454,0.07965109503396157
2017-12-29,984.24,0.05033771344396779,2.3983852089819218,3.2968656987295777,0.10764367479687424,0.0756163735962058,0.17583811963448664,0.16142672393534477,0.11449391423178454
2018-01-05,1012.65,0.1063788044443084,4.756360893039911,2.845616640407575,0.05033771344396779,0.10764367479687424,0.0756163735962058,0.17583811963448664,0.16142672393534477
2018-01-12,1050.11,0.22343492587652164,3.2463159691657855,3.6324263413196527,0.1063788044443084,0.05033771344396779,0.10764367479687424,0.0756163735962058,0.17583811963448664
2018-01-19,1062.07,0.2036663811668022,12.347089550888864,1.1324913431505697,0.22343492587652164,0.1063788044443084,0.05033771344396779,0.10764367479687424,0.0756163735962058
2018-01-26,1115.64,0.11041098782649521,8.888142727131267,4.920839725507559,0.2036663811668022,0.22343492587652164,0.1063788044443084,0.05033771344396779,0.10764367479687424
2018-02-02,1105.04,0.23572514202282027,1.4536665812924807,-0.9546697864062562,0.11041098782649521,0.2036663811668022,0.22343492587652164,0.1063788044443084,0.05033771344396779
2018-02-09,1003.94,0.26814197947352875,54.75643725509338,-9.594927488196218,0.23572514202282027,0.11041098782649521,0.2036663811668022,0.22343492587652164,0.1063788044443084
2018-02-16,1059.73,-0.18265453118512598,16.611152733833006,5.40819001693585,0.26814197947352875,0.23572514202282027,0.11041098782649521,0.2036663811668022,0.22343492587652164
2018-02-23,1102.85,0.044503033209788496,13.643879886125806,3.9883579579496087,-0.18265453118512598,0.26814197947352875,0.23572514202282027,0.11041098782649521,0.2036663811668022
2018-03-02,1121.21,0.20858954962132392,2.4280614575430914,1.6510721007603035,0.044503033209788496,-0.18265453118512598,0.26814197947352875,0.23572514202282027,0.11041098782649521
2018-03-09,1123.41,0.1672872918981302,13.791282403743336,0.19602433413835035,0.20858954962132392,0.044503033209788496,-0.18265453118512598,0.26814197947352875,0.23572514202282027
2018-03-16,1150.19,0.2189381459346465,1.6296802278331084,2.355844349412666,0.1672872918981302,0.20858954962132392,0.044503033209788496,-0.18265453118512598,0.26814197947352875
2018-03-23,1153.59,0.2790132303448946,4.015595292654449,0.2951672875452636,0.2189381459346465,0.1672872918981302,0.20858954962132392,0.044503033209788496,-0.18265453118512598
2018-03-30,1174.46,0.2705418796120363,2.905389345686232,1.7929648496299233,0.2790132303448946,0.2189381459346465,0.1672872918981302,0.20858954962132392,0.044503033209788496
2018-04-06,1199.96,0.25174681280262157,4.393071730247306,2.147975541372859,0.2705418796120363,0.2790132303448946,0.2189381459346465,0.1672872918981302,0.20858954962132392
2018-04-13,1157.14,0.24376816295349837,9.38883622809424,-3.6336779420824334,0.25174681280262157,0.2705418796120363,0.2790132303448946,0.2189381459346465,0.1672872918981302
2018-04-20,1119.86,0.21644700465013175,23.04758502060922,-3.274776599037704,0.24376816295349837,0.25174681280262157,0.2705418796120363,0.2790132303448946,0.2189381459346465
2018-04-27,1050.26,-0.019656488829827436,27.188746718731036,-6.416592492933729,0.21644700465013175,0.24376816295349837,0.25174681280262157,0.2705418796120363,0.2790132303448946
2018-05-04,1026.8,-0.04087482883888185,4.21649081575475,-2.2590582549666376,-0.019656488829827436,0.21644700465013175,0.24376816295349837,0.25174681280262157,0.2705418796120363
2018-05-11,1044.85,0.10572553345137267,21.3000114053964,1.7426164429121709,-0.04087482883888185,-0.019656488829827436,0.21644700465013175,0.24376816295349837,0.25174681280262157
2018-05-18,1040.54,0.02532412911103017,14.11647960343222,-0.41335252751101925,0.10572553345137267,-0.04087482883888185,-0.019656488829827436,0.21644700465013175,0.24376816295349837
2018-05-25,963.9,0.04052378749480735,19.91966610050867,-7.6507533361074245,0.02532412911103017,0.10572553345137267,-0.04087482883888185,-0.019656488829827436,0.21644700465013175
2018-06-01,992.87,0.12047822906944734,26.826897598302043,2.9612184270044013,0.04052378749480735,0.02532412911103017,0.10572553345137267,-0.04087482883888185,-0.019656488829827436
2018-06-08,1039.01,0.11442398105987331,6.51976181445217,4.542387663202044,0.12047822906944734,0.04052378749480735,0.02532412911103017,0.10572553345137267,-0.04087482883888185
2018-06-15,1016.51,-0.04426915639774097,6.152566974809381,-2.1893144993667257,0.11442398105987331,0.12047822906944734,0.04052378749480735,0.02532412911103017,0.10572553345137267
2018-06-22,983.17,-5.962000835135761e-05,22.28413703287252,-3.334842552389339,-0.04426915639774097,0.11442398105987331,0.12047822906944734,0.04052378749480735,0.02532412911103017
2018-06-29,960.78,-0.22545837462738566,4.791229937670993,-2.3036590611985956,-5.962000835135761e-05,-0.04426915639774097,0.11442398105987331,0.12047822906944734,0.04052378749480735
2018-07-06,917.51,-0.07428900733287602,29.66175965025193,-4.608197551054938,-0.22545837462738566,-5.962000835135761e-05,-0.04426915639774097,0.11442398105987331,0.12047822906944734
2018-07-13,909.72,-0.1041144480791191,6.117577933273321,-0.8526619195678037,-0.07428900733287602,-0.22545837462738566,-5.962000835135761e-05,-0.04426915639774097,0.11442398105987331
2018-07-20,933.39,-0.032330323158426086,7.689058687732961,2.568626008164924,-0.1041144480791191,-0.07428900733287602,-0.22545837462738566,-5.962000835135761e-05,-0.04426915639774097
2018-07-27,935.52,-0.02050850780565556,1.1041508901442083,0.22794044894981774,-0.032330323158426086,-0.1041144480791191,-0.07428900733287602,-0.22545837462738566,-5.962000835135761e-05
2018-08-03,959.6,0.0028091027960334136,3.3114696917880684,2.5414006538179086,-0.02050850780565556,-0.032330323158426086,-0.1041144480791191,-0.07428900733287602,-0.22545837462738566
2018-08-10,968.47,-0.02659913435087321,1.4523087807110824,0.9200975666079321,0.0028091027960334136,-0.02050850780565556,-0.032330323158426086,-0.1041144480791191,-0.07428900733287602
2018-08-17,968.88,-0.11173285413534528,4.322055232959133,0.04232585811762383,-0.02659913435087321,0.0028091027960334136,-0.02050850780565556,-0.032330323158426086,-0.1041144480791191
2018-08-24,987.05,-0.1037685529605343,1.3452285346574056,1.8579931498881646,-0.11173285413534528,-0.02659913435087321,0.0028091027960334136,-0.02050850780565556,-0.032330323158426086
2018-08-31,989.54,-0.16202070803263735,2.58213099932954,0.2519491970693671,-0.1037685529605343,-0.11173285413534528,-0.02659913435087321,0.0028091027960334136,-0.02050850780565556
2018-09-07,968.9,-0.1502276394892479,4.878041751899167,-2.107878129141198,-0.16202070803263735,-0.1037685529605343,-0.11173285413534528,-0.02659913435087321,0.0028091027960334136
2018-09-14,991.34,-0.07154803458704048,2.4544053341419474,2.2896155887982754,-0.1502276394892479,-0.16202070803263735,-0.1037685529605343,-0.11173285413534528,-0.02659913435087321
2018-09-21,1002.97,-0.07046927699135805,1.4142330508598395,1.1663313966480926,-0.07154803458704048,-0.1502276394892479,-0.16202070803263735,-0.1037685529605343,-0.11173285413534528
2018-09-28,1017.13,0.014692454022970047,1.0515737551536624,1.401933757595658,-0.07046927699135805,-0.07154803458704048,-0.1502276394892479,-0.16202070803263735,-0.1037685529605343
2018-10-05,1008.39,-0.020237096035575195,2.8851139398625065,-0.8629936256507129,0.014692454022970047,-0.07046927699135805,-0.07154803458704048,-0.1502276394892479,-0.16202070803263735
2018-10-12,970.08,-0.017236356939381848,32.49836151690758,-3.8731736241450974,-0.020237096035575195,0.014692454022970047,-0.07046927699135805,-0.07154803458704048,-0.1502276394892479
2018-10-19,958.36,-0.07819870698344257,6.896536353481871,-1.215505206026129,-0.017236356939381848,-0.020237096035575195,0.014692454022970047,-0.07046927699135805,-0.07154803458704048
2018-10-26,900.82,-0.08073214401279913,8.650071167715241,-6.191803063752639,-0.07819870698344257,-0.017236356939381848,-0.020237096035575195,0.014692454022970047,-0.07046927699135805
2018-11-02,924.86,-0.018379025211287033,14.116276855225607,2.6336915080669345,-0.08073214401279913,-0.07819870698344257,-0.017236356939381848,-0.020237096035575195,0.014692454022970047
2018-11-09,914.29,-0.1253342139651599,2.0435032670480364,-1.1494566924838654,-0.018379025211287033,-0.08073214401279913,-0.07819870698344257,-0.017236356939381848,-0.020237096035575195
2018-11-16,898.19,-0.10429382439382431,2.205185540688087,-1.776618056766919,-0.1253342139651599,-0.018379025211287033,-0.08073214401279913,-0.07819870698344257,-0.017236356939381848
2018-11-23,917.97,0.198426777751224,4.663688193714007,2.178308313413978,-0.10429382439382431,-0.1253342139651599,-0.018379025211287033,-0.08073214401279913,-0.07819870698344257
2018-11-30,926.54,-0.18732247284779677,0.8814879463856662,0.9292507678138974,0.198426777751224,-0.10429382439382431,-0.1253342139651599,-0.018379025211287033,-0.08073214401279913
2018-12-07,958.59,-0.11399793852483894,7.938394080482207,3.400623676522062,-0.18732247284779677,0.198426777751224,-0.10429382439382431,-0.1253342139651599,-0.018379025211287033
2018-12-14,952.04,-0.21388712805844814,1.336357641823268,-0.6856404075887088,-0.11399793852483894,-0.18732247284779677,0.198426777751224,-0.10429382439382431,-0.1253342139651599
2018-12-21,912.26,-0.23437280697516552,5.469211056398131,-4.2682013551559095,-0.21388712805844814,-0.11399793852483894,-0.18732247284779677,0.198426777751224,-0.10429382439382431
2018-12-28,892.54,-0.29394683897743296,3.8985746600297047,-2.185370658717597,-0.23437280697516552,-0.21388712805844814,-0.11399793852483894,-0.18732247284779677,0.198426777751224
2019-01-04,880.9,-0.31572469233546313,2.4381232980328917,-1.3127218460921726,-0.29394683897743296,-0.23437280697516552,-0.21388712805844814,-0.11399793852483894,-0.18732247284779677
2019-01-11,902.71,-0.29958439370160145,2.44286405707139,2.4457238004478845,-0.31572469233546313,-0.29394683897743296,-0.23437280697516552,-0.21388712805844814,-0.11399793852483894
2019-01-18,902.3,-0.2698326920668336,1.3466497011101164,-0.04542911197737627,-0.29958439370160145,-0.31572469233546313,-0.29394683897743296,-0.23437280697516552,-0.21388712805844814
2019-01-25,908.88,-0.2626167108920129,1.2100812345072436,0.7266013261194036,-0.2698326920668336,-0.29958439370160145,-0.31572469233546313,-0.29394683897743296,-0.23437280697516552
2019-02-01,908.67,-0.3585038169219259,0.6701109513567043,-0.02310803014327476,-0.2626167108920129,-0.2698326920668336,-0.29958439370160145,-0.31572469233546313,-0.29394683897743296
2019-02-15,950.89,-0.2228139445184453,6.369773639888148,4.541639617695623,-0.3585038169219259,-0.2626167108920129,-0.2698326920668336,-0.29958439370160145,-0.31572469233546313
2019-02-22,988.91,-0.21993024104312558,4.730383083861324,3.920493833357402,-0.2228139445184453,-0.3585038169219259,-0.2626167108920129,-0.2698326920668336,-0.29958439370160145
2019-03-01,979.63,-0.22702515867988762,9.521162452984509,-0.9428377116868019,-0.21993024104312558,-0.2228139445184453,-0.3585038169219259,-0.2626167108920129,-0.2698326920668336
2019-03-08,985.25,-0.1461506969916852,2.9731293816361672,0.5720466721234438,-0.22702515867988762,-0.21993024104312558,-0.2228139445184453,-0.3585038169219259,-0.2626167108920129
2019-03-15,1004.12,-0.18409891397194278,3.4676221642252614,1.8971398946737459,-0.1461506969916852,-0.22702515867988762,-0.21993024104312558,-0.2228139445184453,-0.3585038169219259
2019-03-22,988.71,-0.16247873024129209,5.818312223492144,-1.5465751878418303,-0.18409891397194278,-0.1461506969916852,-0.22702515867988762,-0.21993024104312558,-0.2228139445184453
2019-03-29,980.76,-0.22565412168087023,4.591237506922962,-0.8073281827393478,-0.16247873024129209,-0.18409891397194278,-0.1461506969916852,-0.22702515867988762,-0.21993024104312558
2019-04-05,989.26,-0.22107265615458402,0.8357569472542656,0.8629407566585754,-0.22565412168087023,-0.16247873024129209,-0.18409891397194278,-0.1461506969916852,-0.22702515867988762
2019-04-12,982.9,-0.24767182629805867,2.243491609156756,-0.6449803310040734,-0.22107265615458402,-0.22565412168087023,-0.16247873024129209,-0.18409891397194278,-0.1461506969916852
2019-04-19,966.21,-0.32152431983934154,1.8035352678660312,-1.7126183681783398,-0.24767182629805867,-0.22107265615458402,-0.22565412168087023,-0.16247873024129209,-0.18409891397194278
2019-04-26,979.64,-0.31604359086206096,1.2916113114538867,1.380395534662679,-0.32152431983934154,-0.24767182629805867,-0.22107265615458402,-0.22565412168087023,-0.16247873024129209
2019-05-03,974.14,-0.564438179320137,0.21298738266749692,-0.5630126757764228,-0.31604359086206096,-0.32152431983934154,-0.24767182629805867,-0.22107265615458402,-0.22565412168087023
2019-05-10,952.55,-0.3782387220191512,3.781913751680307,-2.241243141821899,-0.564438179320137,-0.31604359086206096,-0.32152431983934154,-0.24767182629805867,-0.22107265615458402
2019-05-17,976.48,-0.30121327125359565,2.025680993857296,2.4811669734740875,-0.3782387220191512,-0.564438179320137,-0.31604359086206096,-0.32152431983934154,-0.24767182629805867
2019-05-24,970.03,-0.3331704706916071,2.9473346505125404,-0.6627269941960474,-0.30121327125359565,-0.3782387220191512,-0.564438179320137,-0.31604359086206096,-0.32152431983934154
2019-05-31,959.88,-0.3830025236585005,1.3955090267345949,-1.0518722205493602,-0.3331704706916071,-0.30121327125359565,-0.3782387220191512,-0.564438179320137,-0.31604359086206096
2019-06-07,958.28,-0.4725323322226604,3.453885310998892,-0.16682658079424062,-0.3830025236585005,-0.3331704706916071,-0.30121327125359565,-0.3782387220191512,-0.564438179320137
2019-06-14,953.61,-0.49225404710244963,1.2406777556033932,-0.4885228007505637,-0.4725323322226604,-0.3830025236585005,-0.3331704706916071,-0.30121327125359565,-0.3782387220191512
2019-06-21,959.2,-0.4494213516579323,1.936408148039507,0.58448208800217,-0.49225404710244963,-0.4725323322226604,-0.3830025236585005,-0.3331704706916071,-0.30121327125359565
2019-06-28,949.94,-0.4369721553236571,3.5929328436341548,-0.9700779007998669,-0.4494213516579323,-0.49225404710244963,-0.4725323322226604,-0.3830025236585005,-0.3331704706916071
2019-07-05,975.34,-0.42592118449510386,4.614214194754898,2.6387303453286814,-0.4369721553236571,-0.4494213516579323,-0.49225404710244963,-0.4725323322226604,-0.3830025236585005
2019-07-12,975.4,-0.47787788505998774,1.5291717185094114,0.006151511735948676,-0.42592118449510386,-0.4369721553236571,-0.4494213516579323,-0.49225404710244963,-0.4725323322226604
2019-07-19,982.34,-0.4505077860195817,1.9057881484285124,0.7089837333210205,-0.47787788505998774,-0.42592118449510386,-0.4369721553236571,-0.4494213516579323,-0.49225404710244963
2019-07-26,993.35,-0.45998753691200517,1.0396366853226386,1.114558860490996,-0.4505077860195817,-0.47787788505998774,-0.42592118449510386,-0.4369721553236571,-0.4494213516579323
2019-08-02,991.1,-0.4848211683419358,2.714006589954968,-0.22676318014097346,-0.45998753691200517,-0.4505077860195817,-0.47787788505998774,-0.42592118449510386,-0.4369721553236571
2019-08-09,974.34,-0.36692254531503876,5.064824113149073,-1.7055118707611492,-0.4848211683419358,-0.45998753691200517,-0.4505077860195817,-0.47787788505998774,-0.42592118449510386
2019-08-16,980.0,-0.39503902101419525,1.9778821989152071,0.579225295956626,-0.36692254531503876,-0.4848211683419358,-0.45998753691200517,-0.4505077860195817,-0.47787788505998774
2019-08-23,992.45,-0.37172108182013497,1.4285221504467667,1.2624061793969108,-0.39503902101419525,-0.36692254531503876,-0.4848211683419358,-0.45998753691200517,-0.4505077860195817
2019-08-30,984.06,-0.3543188836105736,1.6567065705648893,-0.8489762655514158,-0.37172108182013497,-0.39503902101419525,-0.36692254531503876,-0.4848211683419358,-0.45998753691200517
2019-09-06,974.08,-0.46379611166960566,0.3450432798691705,-1.0193435009860914,-0.3543188836105736,-0.37172108182013497,-0.39503902101419525,-0.36692254531503876,-0.4848211683419358
2019-09-13,987.22,-0.4594630982684193,1.9404360536725935,1.3399476471981304,-0.46379611166960566,-0.3543188836105736,-0.37172108182013497,-0.39503902101419525,-0.36692254531503876
2019-09-20,990.36,-0.41307475124289683,1.0749152777314603,0.31756011274000967,-0.4594630982684193,-0.46379611166960566,-0.3543188836105736,-0.37172108182013497,-0.39503902101419525
2019-09-27,997.84,-0.46812424254536467,0.7220917055041387,0.7524429424860577,-0.41307475124289683,-0.4594630982684193,-0.46379611166960566,-0.3543188836105736,-0.37172108182013497
2019-10-04,987.59,-0.4378519691184112,1.077921044912834,-1.0325310954598674,-0.46812424254536467,-0.41307475124289683,-0.4594630982684193,-0.46379611166960566,-0.3543188836105736
2019-10-11,991.84,-0.4730410990763142,0.6862070837704717,0.429417209075417,-0.4378519691184112,-0.46812424254536467,-0.41307475124289683,-0.4594630982684193,-0.46379611166960566
2019-10-18,989.2,-0.5046719161360869,0.27589022641029576,-0.26652683063481303,-0.4730410990763142,-0.4378519691184112,-0.46812424254536467,-0.41307475124289683,-0.4594630982684193
2019-10-25,996.57,-0.42379845822401274,0.899361009804937,0.7422847398975171,-0.5046719161360869,-0.4730410990763142,-0.4378519691184112,-0.46812424254536467,-0.41307475124289683
2019-11-01,1015.59,-0.3773408565310808,3.071881447471166,1.8905620339592046,-0.42379845822401274,-0.5046719161360869,-0.4730410990763142,-0.4378519691184112,-0.46812424254536467
2019-11-08,1022.49,-0.36090400538157297,0.518522265222659,0.6771104532204208,-0.3773408565310808,-0.42379845822401274,-0.5046719161360869,-0.4730410990763142,-0.4378519691184112
2019-11-15,1010.03,-0.40861941294617,0.6933256848538226,-1.2260795553554915,-0.36090400538157297,-0.3773408565310808,-0.42379845822401274,-0.5046719161360869,-0.4730410990763142
2019-11-22,977.78,-0.44871000887744544,4.076750124121222,-3.245061650970916,-0.40861941294617,-0.36090400538157297,-0.3773408565310808,-0.42379845822401274,-0.5046719161360869
2019-11-29,970.75,-0.43816701193796187,0.6824280717330866,-0.7215727242991872,-0.44871000887744544,-0.40861941294617,-0.36090400538157297,-0.3773408565310808,-0.42379845822401274
2019-12-06,963.56,0.06968938085140812,3.5471152950272242,-0.7434209733080986,-0.43816701193796187,-0.44871000887744544,-0.40861941294617,-0.36090400538157297,-0.3773408565310808
2019-12-13,966.18,-0.43305547905350117,0.9293251802249021,0.2715393379263854,0.06968938085140812,-0.43816701193796187,-0.44871000887744544,-0.40861941294617,-0.36090400538157297
2019-12-20,956.41,-0.437518761042876,1.138145152148978,-1.016346085224978,-0.43305547905350117,0.06968938085140812,-0.43816701193796187,-0.44871000887744544,-0.40861941294617
2019-12-27,963.51,-0.4486960009589767,0.46886813573646724,0.7396175222044226,-0.437518761042876,-0.43305547905350117,0.06968938085140812,-0.43816701193796187,-0.44871000887744544
2020-01-03,965.14,-0.478830297014247,0.5732293661182196,0.1690301908684426,-0.4486960009589767,-0.437518761042876,-0.43305547905350117,0.06968938085140812,-0.43816701193796187
2020-01-10,968.54,-0.4085757994063455,4.255212204977933,0.35166144386483683,-0.478830297014247,-0.4486960009589767,-0.437518761042876,-0.43305547905350117,0.06968938085140812
2020-01-17,978.96,-0.4709443163064762,0.8057001228719896,1.0701000702325876,-0.4085757994063455,-0.478830297014247,-0.4486960009589767,-0.437518761042876,-0.43305547905350117
2020-01-24,991.46,-0.5055658866184974,0.8866732385671787,1.2687820553865052,-0.4709443163064762,-0.4085757994063455,-0.478830297014247,-0.4486960009589767,-0.437518761042876
2020-01-31,936.62,-0.5077029097877168,16.546863484084447,-5.690095387681331,-0.5055658866184974,-0.4709443163064762,-0.4085757994063455,-0.478830297014247,-0.4486960009589767
2020-02-07,940.75,-0.3128897497899655,2.84613827717049,0.4399779119082096,-0.5077029097877168,-0.5055658866184974,-0.4709443163064762,-0.4085757994063455,-0.478830297014247
2020-02-14,937.45,-0.3284126011192927,1.439139967046807,-0.3514006384586818,-0.3128897497899655,-0.5077029097877168,-0.5055658866184974,-0.4709443163064762,-0.4085757994063455
2020-02-21,933.09,-0.3410670588602432,1.927162935972707,-0.46617638713661147,-0.3284126011192927,-0.3128897497899655,-0.5077029097877168,-0.5055658866184974,-0.4709443163064762
2020-02-28,882.19,-0.319194038609638,16.69704131497179,-5.609420690911763,-0.3410670588602432,-0.3284126011192927,-0.3128897497899655,-0.5077029097877168,-0.5055658866184974
2020-03-06,891.44,-0.28544855590851537,0.8078943055452523,1.0430680430322463,-0.319194038609638,-0.3410670588602432,-0.3284126011192927,-0.3128897497899655,-0.5077029097877168
2020-03-13,761.78,-0.19392137472284404,81.47998375817734,-15.718033264879825,-0.28544855590851537,-0.319194038609638,-0.3410670588602432,-0.3284126011192927,-0.3128897497899655
2020-03-20,709.73,-0.16875482463825264,17.333110731588185,-7.077318407019846,-0.19392137472284404,-0.28544855590851537,-0.319194038609638,-0.3410670588602432,-0.3284126011192927
2020-03-27,696.06,-0.11952492444245184,62.13304876950562,-1.944875250443143,-0.16875482463825264,-0.19392137472284404,-0.28544855590851537,-0.319194038609638,-0.3410670588602432
2020-04-03,701.8,-0.1931203875639725,41.47631042531527,0.8212599633744395,-0.11952492444245184,-0.16875482463825264,-0.19392137472284404,-0.28544855590851537,-0.319194038609638
2020-04-10,757.94,0.06692044829846597,28.21089035086764,7.695576368745832,-0.1931203875639725,-0.11952492444245184,-0.16875482463825264,-0.19392137472284404,-0.28544855590851537
2020-04-17,789.6,0.02111984149242841,4.204329569319263,4.092226128269891,0.06692044829846597,-0.1931203875639725,-0.11952492444245184,-0.16875482463825264,-0.19392137472284404
2020-04-24,776.66,0.1278353721608128,14.055898159119424,-1.652381395546256,0.02111984149242841,0.06692044829846597,-0.1931203875639725,-0.11952492444245184,-0.16875482463825264
2020-05-01,769.11,-0.09752465590169136,0.8550237822558036,-0.9768671974953409,0.1278353721608128,0.02111984149242841,0.06692044829846597,-0.1931203875639725,-0.11952492444245184
2020-05-08,813.73,-0.07286285096599072,14.160867804198663,5.639461345892494,-0.09752465590169136,0.1278353721608128,0.02111984149242841,0.06692044829846597,-0.1931203875639725
2020-05-15,827.03,-0.004252394903263917,4.3522466052232245,1.6212354413247452,-0.07286285096599072,-0.09752465590169136,0.1278353721608128,0.02111984149242841,0.06692044829846597
2020-05-22,852.74,-0.11095906619815481,5.904292398122426,3.0613724402623563,-0.004252394903263917,-0.07286285096599072,-0.09752465590169136,0.1278353721608128,0.02111984149242841
2020-05-29,864.47,-0.1062251535597299,4.06087472592946,1.3661907917594813,-0.11095906619815481,-0.004252394903263917,-0.07286285096599072,-0.09752465590169136,0.1278353721608128
2020-06-05,886.22,-0.02818746480938285,3.5401883652859496,2.484862439849661,-0.1062251535597299,-0.11095906619815481,-0.004252394903263917,-0.07286285096599072,-0.09752465590169136
2020-06-12,863.52,0.12766923583200668,16.19583067849102,-2.5948167909410667,-0.02818746480938285,-0.1062251535597299,-0.11095906619815481,-0.004252394903263917,-0.07286285096599072
2020-06-19,868.56,-0.04866398470035492,23.690253004337848,0.5819609053264002,0.12766923583200668,-0.02818746480938285,-0.1062251535597299,-0.11095906619815481,-0.004252394903263917
2020-06-26,851.98,-0.10305938380010385,1.6392309961898597,-1.927361554820749,-0.04866398470035492,0.12766923583200668,-0.02818746480938285,-0.1062251535597299,-0.11095906619815481
2020-07-03,847.61,0.012724904592904407,12.75897480893073,-0.514242803290825,-0.10305938380010385,-0.04866398470035492,0.12766923583200668,-0.02818746480938285,-0.1062251535597299
2020-07-10,871.21,-0.21708979973817993,4.848391220938241,2.7462425630962475,0.012724904592904407,-0.10305938380010385,-0.04866398470035492,0.12766923583200668,-0.02818746480938285
2020-07-17,872.02,-0.2461252107135099,1.060142215062734,0.09293094523316435,-0.21708979973817993,0.012724904592904407,-0.10305938380010385,-0.04866398470035492,0.12766923583200668
2020-07-24,829.16,-0.2270293812381161,12.848147336130857,-5.039921929446466,-0.2461252107135099,-0.21708979973817993,0.012724904592904407,-0.10305938380010385,-0.04866398470035492
2020-07-31,798.39,-0.20037986775624947,51.83120440873143,-3.7815940262595604,-0.2270293812381161,-0.2461252107135099,-0.21708979973817993,0.012724904592904407,-0.10305938380010385
2020-08-07,841.46,-0.2511640533217062,8.149958498839398,5.254127846718042,-0.20037986775624947,-0.2270293812381161,-0.2461252107135099,-0.21708979973817993,0.012724904592904407
2020-08-14,850.74,-0.23787512654039258,1.4174887592410697,1.0968080641626254,-0.2511640533217062,-0.20037986775624947,-0.2270293812381161,-0.2461252107135099,-0.21708979973817993
2020-08-21,854.78,-0.24564686221457058,1.2342445674567544,0.47375669078352395,-0.23787512654039258,-0.2511640533217062,-0.20037986775624947,-0.2270293812381161,-0.2461252107135099
2020-08-28,878.98,-0.16392804119050491,3.2545260104217015,2.7918018412408556,-0.24564686221457058,-0.23787512654039258,-0.2511640533217062,-0.20037986775624947,-0.2270293812381161
2020-09-04,901.54,-0.3340019741415602,3.315343268651261,2.5342267854887033,-0.16392804119050491,-0.24564686221457058,-0.23787512654039258,-0.2511640533217062,-0.20037986775624947
2020-09-11,888.97,-0.22916579430936995,2.262694476967844,-1.4040922989926847,-0.3340019741415602,-0.16392804119050491,-0.24564686221457058,-0.23787512654039258,-0.2511640533217062
2020-09-18,900.95,-0.21030397197036335,1.1875763078153398,1.3386273010097574,-0.22916579430936995,-0.3340019741415602,-0.16392804119050491,-0.24564686221457058,-0.23787512654039258
2020-09-25,908.27,-0.18934340791261392,1.3025411725819862,0.8091929054884518,-0.21030397197036335,-0.22916579430936995,-0.3340019741415602,-0.16392804119050491,-0.24564686221457058
2020-10-02,909.91,-0.1700149129794528,2.2774326719911655,0.18040022932506158,-0.18934340791261392,-0.21030397197036335,-0.22916579430936995,-0.3340019741415602,-0.16392804119050491
2020-10-09,924.0,-0.13859439427816783,0.8026208023542587,1.5366378120725686,-0.1700149129794528,-0.18934340791261392,-0.21030397197036335,-0.22916579430936995,-0.3340019741415602
2020-10-16,943.3,-0.173521813056165,1.5243973216978608,2.0672294014123205,-0.13859439427816783,-0.1700149129794528,-0.18934340791261392,-0.21030397197036335,-0.22916579430936995
2020-10-23,961.26,-0.21522243561534818,3.0732108210140465,1.886055823087041,-0.173521813056165,-0.13859439427816783,-0.1700149129794528,-0.18934340791261392,-0.21030397197036335
2020-10-30,925.47,-0.22111340751023678,9.34331157635408,-3.7943207309359224,-0.21522243561534818,-0.173521813056165,-0.13859439427816783,-0.1700149129794528,-0.18934340791261392
2020-11-06,938.29,-0.25202727259290236,1.0787358140092285,1.375735308968798,-0.22111340751023678,-0.21522243561534818,-0.173521813056165,-0.13859439427816783,-0.1700149129794528
2020-11-13,966.29,-0.1475334681793612,3.178194863929069,2.940492653173217,-0.25202727259290236,-0.22111340751023678,-0.21522243561534818,-0.173521813056165,-0.13859439427816783
2020-11-20,990.0,-0.11837396468571507,7.857985008896672,2.42409469298968,-0.1475334681793612,-0.25202727259290236,-0.22111340751023678,-0.21522243561534818,-0.173521813056165
2020-11-27,1010.22,-0.10875824489363654,0.9179553539842582,2.0218464769127764,-0.11837396468571507,-0.1475334681793612,-0.25202727259290236,-0.22111340751023678,-0.21522243561534818
2020-12-04,1021.49,-0.15959636886493472,1.44234832423997,1.1094216786787596,-0.10875824489363654,-0.11837396468571507,-0.1475334681793612,-0.25202727259290236,-0.22111340751023678
2020-12-11,1045.96,-0.07669109507513874,4.33208482176506,2.3672778291332603,-0.15959636886493472,-0.10875824489363654,-0.11837396468571507,-0.1475334681793612,-0.25202727259290236
2020-12-18,1067.46,-0.038867193685045695,9.12265229772053,2.0346870698855493,-0.07669109507513874,-0.15959636886493472,-0.10875824489363654,-0.11837396468571507,-0.1475334681793612
2020-12-25,1084.42,-0.012018143056227022,5.4240455648275905,1.5763287158521437,-0.038867193685045695,-0.07669109507513874,-0.15959636886493472,-0.10875824489363654,-0.11837396468571507
2021-01-01,1103.87,-0.04608628897068385,1.3206175583204167,1.7776905447089515,-0.012018143056227022,-0.038867193685045695,-0.07669109507513874,-0.15959636886493472,-0.10875824489363654
2021-01-08,1167.69,0.12413093724341191,6.518253669355519,5.620525092119644,-0.04608628897068385,-0.012018143056227022,-0.038867193685045695,-0.07669109507513874,-0.15959636886493472
2021-01-15,1194.2,0.21448142402384335,3.138253370098298,2.244906691134573,0.12413093724341191,-0.04608628897068385,-0.012018143056227022,-0.038867193685045695,-0.07669109507513874
2021-01-22,1166.78,0.7162586210034011,34.332398421400384,-2.3228687164415747,0.21448142402384335,0.12413093724341191,-0.04608628897068385,-0.012018143056227022,-0.038867193685045695
2021-01-29,1056.61,0.11762381890396875,76.51467120068163,-9.9182147943532,0.7162586210034011,0.21448142402384335,0.12413093724341191,-0.04608628897068385,-0.012018143056227022
2021-02-05,1126.91,-0.06406094155701907,30.88125921651455,6.441370381584107,0.11762381890396875,0.7162586210034011,0.21448142402384335,0.12413093724341191,-0.04608628897068385
2021-02-12,1114.93,-0.3822953600678706,24.010939543801776,-1.0687751166388166,-0.06406094155701907,0.11762381890396875,0.7162586210034011,0.21448142402384335,0.12413093724341191
2021-02-19,1173.5,-0.09363487428472861,15.502753688563864,5.1199113636680815,-0.3822953600678706,-0.06406094155701907,0.11762381890396875,0.7162586210034011,0.21448142402384335
2021-02-26,1168.47,-0.03130975716845251,2.0054932075804928,-0.429553558269671,-0.09363487428472861,-0.3822953600678706,-0.06406094155701907,0.11762381890396875,0.7162586210034011
2021-03-05,1168.69,0.44606245320888516,4.711660566695992,0.018826267833598538,-0.03130975716845251,-0.09363487428472861,-0.3822953600678706,-0.06406094155701907,0.11762381890396875
2021-03-12,1181.56,0.11467524393210797,1.7591891992634472,1.0952135853926412,0.44606245320888516,-0.03130975716845251,-0.09363487428472861,-0.3822953600678706,-0.06406094155701907
2021-03-19,1194.05,0.08268357767111802,2.3726464779636047,1.0515290882027506,0.11467524393210797,0.44606245320888516,-0.03130975716845251,-0.09363487428472861,-0.3822953600678706
2021-03-26,1162.21,0.08727077082418033,4.277857477155749,-2.7027525147663085,0.08268357767111802,0.11467524393210797,0.44606245320888516,-0.03130975716845251,-0.09363487428472861
2021-04-02,1224.45,0.10757327557709684,6.993362351715891,5.216839859046633,0.08727077082418033,0.08268357767111802,0.11467524393210797,0.44606245320888516,-0.03130975716845251
2021-04-09,1231.66,0.14861283390438004,1.4610905152336675,0.5871089414177194,0.10757327557709684,0.08727077082418033,0.08268357767111802,0.11467524393210797,0.44606245320888516
2021-04-16,1238.71,0.18776027226237688,4.219489419697668,0.5707662527652853,0.14861283390438004,0.10757327557709684,0.08727077082418033,0.08268357767111802,0.11467524393210797
2021-04-23,1248.53,-0.051140763104068315,16.74312096308151,0.7896343758436712,0.18776027226237688,0.14861283390438004,0.10757327557709684,0.08727077082418033,0.08268357767111802
2021-04-30,1239.39,0.39562988651745623,8.452446701297994,-0.7347536190487656,-0.051140763104068315,0.18776027226237688,0.14861283390438004,0.10757327557709684,0.08727077082418033
2021-05-07,1241.81,-0.04830949822313761,2.061372794360628,0.19506696496567189,0.39562988651745623,-0.051140763104068315,0.18776027226237688,0.14861283390438004,0.10757327557709684
2021-05-14,1266.36,-0.028129077021480646,3.6005934497722465,1.9576650746088344,-0.04830949822313761,0.39562988651745623,-0.051140763104068315,0.18776027226237688,0.14861283390438004
2021-05-21,1283.93,-0.0006668019316516061,2.9383969112225197,1.3779043158838078,-0.028129077021480646,-0.04830949822313761,0.39562988651745623,-0.051140763104068315,0.18776027226237688
2021-05-28,1320.46,0.06925000305641738,4.890363903386053,2.805447409232251,-0.0006668019316516061,-0.028129077021480646,-0.04830949822313761,0.39562988651745623,-0.051140763104068315
2021-06-04,1374.05,0.19378021865823922,4.439752242627038,3.978242249992344,0.06925000305641738,-0.0006668019316516061,-0.028129077021480646,-0.04830949822313761,0.39562988651745623
2021-06-11,1351.74,0.1275814271950269,15.573824831373644,-1.63699318049768,0.19378021865823922,0.06925000305641738,-0.0006668019316516061,-0.028129077021480646,-0.04830949822313761
2021-06-18,1377.77,-0.09033207071149665,3.108618508660967,1.9073598662578013,0.1275814271950269,0.19378021865823922,0.06925000305641738,-0.0006668019316516061,-0.028129077021480646
2021-06-25,1390.12,-0.05222666813564199,1.081384617422441,0.8923824254003867,-0.09033207071149665,0.1275814271950269,0.19378021865823922,0.06925000305641738,-0.0006668019316516061
2021-07-02,1420.27,-0.06912191483095982,1.7762184108443613,2.1456920032209075,-0.05222666813564199,-0.09033207071149665,0.1275814271950269,0.19378021865823922,0.06925000305641738
2021-07-09,1347.14,-0.04571612551559747,28.179368748346064,-5.28631676867307,-0.06912191483095982,-0.05222666813564199,-0.09033207071149665,0.1275814271950269,0.19378021865823922
2021-07-16,1299.31,-0.06129010771240058,18.037897782171346,-3.6150472368157995,-0.04571612551559747,-0.06912191483095982,-0.05222666813564199,-0.09033207071149665,0.1275814271950269
2021-07-23,1268.83,0.004791565109417029,31.85059309918495,-2.3738138321550886,-0.06129010771240058,-0.04571612551559747,-0.06912191483095982,-0.05222666813564199,-0.09033207071149665
2021-07-30,1310.05,-0.10249624993787798,3.453638413247421,3.1970088416293443,0.004791565109417029,-0.06129010771240058,-0.04571612551559747,-0.06912191483095982,-0.05222666813564199
2021-08-06,1341.45,0.35586615772112373,2.770251688420641,2.368581405454862,-0.10249624993787798,0.004791565109417029,-0.06129010771240058,-0.04571612551559747,-0.06912191483095982
2021-08-13,1357.05,0.06761269635552265,2.2194084674083796,1.1562107679560352,0.35586615772112373,-0.10249624993787798,0.004791565109417029,-0.06129010771240058,-0.04571612551559747
2021-08-20,1329.43,0.06823015741992784,13.716237175857628,-2.056294721561443,0.06761269635552265,0.35586615772112373,-0.10249624993787798,0.004791565109417029,-0.06129010771240058
2021-08-27,1313.2,-0.09976913520575519,7.370106288697802,-1.228337229680828,0.06823015741992784,0.06761269635552265,0.35586615772112373,-0.10249624993787798,0.004791565109417029
2021-09-03,1334.65,-0.03776137165342077,1.3993524554626537,1.6202178549106803,-0.09976913520575519,0.06823015741992784,0.06761269635552265,0.35586615772112373,-0.10249624993787798
2021-09-10,1345.31,-0.06247369594232647,1.8723668236838864,0.7955384573581872,-0.03776137165342077,-0.09976913520575519,0.06823015741992784,0.06761269635552265,0.35586615772112373
2021-09-17,1352.64,-0.07680410533186019,0.560257639959438,0.5433768628298833,-0.06247369594232647,-0.03776137165342077,-0.09976913520575519,0.06823015741992784,0.06761269635552265
2021-09-24,1351.17,-0.01737882460424453,1.3380209648331274,-0.1087354617992133,-0.07680410533186019,-0.06247369594232647,-0.03776137165342077,-0.09976913520575519,0.06823015741992784
2021-10-01,1334.89,-0.13927660686074966,5.316028353664642,-1.2121992324647939,-0.01737882460424453,-0.07680410533186019,-0.06247369594232647,-0.03776137165342077,-0.09976913520575519
2021-10-08,1372.73,-0.09188597470674985,2.0353658484234938,2.7952566321853403,-0.13927660686074966,-0.01737882460424453,-0.07680410533186019,-0.06247369594232647,-0.03776137165342077
2021-10-15,1392.7,-0.10177024271664284,2.433422618063778,1.4442851301407942,-0.09188597470674985,-0.13927660686074966,-0.01737882460424453,-0.07680410533186019,-0.06247369594232647
2021-10-22,1389.24,-0.0875110313149876,0.579782259903491,-0.24874740534089534,-0.10177024271664284,-0.09188597470674985,-0.13927660686074966,-0.01737882460424453,-0.07680410533186019
2021-10-29,1444.27,-0.07680505215890701,6.540096358937314,3.884716857785703,-0.0875110313149876,-0.10177024271664284,-0.09188597470674985,-0.13927660686074966,-0.01737882460424453
2021-11-05,1456.51,-0.04160013159983326,1.7177027709855965,0.8439159566541614,-0.07680505215890701,-0.0875110313149876,-0.10177024271664284,-0.09188597470674985,-0.13927660686074966
2021-11-12,1473.37,0.059032316083010884,1.3988252168990567,1.1509130821752984,-0.04160013159983326,-0.07680505215890701,-0.0875110313149876,-0.10177024271664284,-0.09188597470674985
2021-11-19,1452.35,0.03711671071337518,2.5267035819607866,-1.436935980221157,0.059032316083010884,-0.04160013159983326,-0.07680505215890701,-0.0875110313149876,-0.10177024271664284
2021-11-26,1493.03,0.03184202505692149,5.221844052414363,2.7624677938666786,0.03711671071337518,0.059032316083010884,-0.04160013159983326,-0.07680505215890701,-0.0875110313149876
2021-12-03,1443.32,0.09767109734470486,7.753480280510212,-3.386159669777658,0.03184202505692149,0.03711671071337518,0.059032316083010884,-0.04160013159983326,-0.07680505215890701
2021-12-10,1463.54,0.5107777728495247,11.06031073962332,1.3912143086949627,0.09767109734470486,0.03184202505692149,0.03711671071337518,0.059032316083010884,-0.04160013159983326
2021-12-17,1479.79,-0.07978091087116715,0.7963571932820123,1.1042027301244794,0.5107777728495247,0.09767109734470486,0.03184202505692149,0.03711671071337518,0.059032316083010884
2021-12-24,1477.03,-0.05061002968388458,3.905962497666068,-0.18668710314443535,-0.07978091087116715,0.5107777728495247,0.09767109734470486,0.03184202505692149,0.03711671071337518
2021-12-31,1498.28,-0.1560848021879209,1.7864920749293693,1.4284468731199464,-0.05061002968388458,-0.07978091087116715,0.5107777728495247,0.09767109734470486,0.03184202505692149
2022-01-07,1528.48,0.07230525541351272,3.4597061852592272,1.995599402328109,-0.1560848021879209,-0.05061002968388458,-0.07978091087116715,0.5107777728495247,0.09767109734470486
2022-01-14,1496.02,0.24129915933750762,5.643284436001863,-2.1465529092682596,0.07230525541351272,-0.1560848021879209,-0.05061002968388458,-0.07978091087116715,0.5107777728495247
2022-01-21,1472.89,0.022372143847449805,12.237074770176411,-1.5581791283743491,0.24129915933750762,0.07230525541351272,-0.1560848021879209,-0.05061002968388458,-0.07978091087116715
2022-01-28,1478.96,-0.1133788020219566,13.518023213344941,0.41126808989180386,0.022372143847449805,0.24129915933750762,0.07230525541351272,-0.1560848021879209,-0.05061002968388458
2022-02-11,1501.71,-0.03904798853848604,1.836162546841219,1.5265320739537478,-0.1133788020219566,0.022372143847449805,0.24129915933750762,0.07230525541351272,-0.1560848021879209
2022-02-18,1504.84,-0.037571813448138154,7.138674201493979,0.20821214553373094,-0.03904798853848604,-0.1133788020219566,0.022372143847449805,0.24129915933750762,0.07230525541351272
2022-02-25,1498.89,-0.10557490908230378,2.1601703502959544,-0.3961746083913116,-0.037571813448138154,-0.03904798853848604,-0.1133788020219566,0.022372143847449805,0.24129915933750762
2022-03-04,1505.33,-0.0703172963739774,3.166070635400891,0.42873090948580517,-0.10557490908230378,-0.037571813448138154,-0.03904798853848604,-0.1133788020219566,0.022372143847449805
2022-03-11,1466.54,0.012487332077853991,3.9370706346329998,-2.610625837768425,-0.0703172963739774,-0.10557490908230378,-0.037571813448138154,-0.03904798853848604,-0.1133788020219566
2022-03-18,1469.1,-0.10640953795061656,2.645730798303424,0.17440835040556146,0.012487332077853991,-0.0703172963739774,-0.10557490908230378,-0.037571813448138154,-0.03904798853848604
2022-03-25,1498.5,-0.09014991372545875,3.472723906766398,1.981463938033668,-0.10640953795061656,0.012487332077853991,-0.0703172963739774,-0.10557490908230378,-0.037571813448138154
2022-04-01,1516.44,-0.021452020198734545,4.867861836119069,1.1900874801871786,-0.09014991372545875,-0.10640953795061656,0.012487332077853991,-0.0703172963739774,-0.10557490908230378
2022-04-08,1482.0,-0.09050384211837634,4.130484080136919,-2.2972955702557556,-0.021452020198734545,-0.09014991372545875,-0.10640953795061656,0.012487332077853991,-0.0703172963739774
2022-04-15,1458.56,-0.19234414359838992,6.534030173472569,-1.594287923876751,-0.09050384211837634,-0.021452020198734545,-0.09014991372545875,-0.10640953795061656,0.012487332077853991
2022-04-22,1379.23,-0.09761745282965686,10.583570724533256,-5.592427520426246,-0.19234414359838992,-0.09050384211837634,-0.021452020198734545,-0.09014991372545875,-0.10640953795061656
2022-04-29,1366.8,0.5539676524451213,33.311682954296955,-0.9053131171865492,-0.09761745282965686,-0.19234414359838992,-0.09050384211837634,-0.021452020198734545,-0.09014991372545875
2022-05-06,1329.26,-0.34290919115810653,8.023729451986958,-2.784984484567893,0.5539676524451213,-0.09761745282965686,-0.19234414359838992,-0.09050384211837634,-0.021452020198734545
2022-05-13,1182.77,0.35248017223685607,70.76042820747426,-11.676325128292834,-0.34290919115810653,0.5539676524451213,-0.09761745282965686,-0.19234414359838992,-0.09050384211837634
2022-05-20,1240.71,-0.2629555863289116,23.970357306163784,4.782465126996317,0.35248017223685607,-0.34290919115810653,0.5539676524451213,-0.09761745282965686,-0.19234414359838992
2022-05-27,1285.45,-0.05828407451248433,14.183191487367061,3.542505519555608,-0.2629555863289116,0.35248017223685607,-0.34290919115810653,0.5539676524451213,-0.09761745282965686
2022-06-03,1287.98,-0.32219991539446025,1.4309753298976684,0.19662480153795703,-0.05828407451248433,-0.2629555863289116,0.35248017223685607,-0.34290919115810653,0.5539676524451213
2022-06-10,1284.08,-0.34196564602496565,5.009604824473777,-0.3032590988466273,-0.32219991539446025,-0.05828407451248433,-0.2629555863289116,0.35248017223685607,-0.34290919115810653
2022-06-17,1217.3,-0.3069279897480495,28.427709659110448,-5.340721718941167,-0.34196564602496565,-0.32219991539446025,-0.05828407451248433,-0.2629555863289116,0.35248017223685607
2022-06-24,1185.48,-0.2948144564715962,12.852615307971973,-2.648753557116768,-0.3069279897480495,-0.34196564602496565,-0.32219991539446025,-0.05828407451248433,-0.2629555863289116
2022-07-01,1198.9,-0.33256293992056907,6.591841669828109,1.1256713869225161,-0.2948144564715962,-0.3069279897480495,-0.34196564602496565,-0.32219991539446025,-0.05828407451248433
2022-07-08,1171.31,-0.3691743062323266,11.197897487365388,-2.328168915181257,-0.33256293992056907,-0.2948144564715962,-0.3069279897480495,-0.34196564602496565,-0.32219991539446025
2022-07-15,1179.25,-0.3490574989316984,5.264153617785778,0.6755862602575525,-0.3691743062323266,-0.33256293992056907,-0.2948144564715962,-0.3069279897480495,-0.34196564602496565
2022-07-22,1194.76,-0.38274305935747965,2.082837659602426,1.3066685210741353,-0.3490574989316984,-0.3691743062323266,-0.33256293992056907,-0.2948144564715962,-0.3069279897480495
2022-07-29,1206.33,-0.4016138602982614,2.6613638238307677,0.9637364322449975,-0.38274305935747965,-0.3490574989316984,-0.3691743062323266,-0.33256293992056907,-0.2948144564715962
2022-08-05,1252.74,0.16373627916656214,5.466652987641176,3.7750459671776606,-0.4016138602982614,-0.38274305935747965,-0.3490574989316984,-0.3691743062323266,-0.33256293992056907
2022-08-12,1262.33,-0.40092421023010766,0.9556932619864071,0.7626067248237316,0.16373627916656214,-0.4016138602982614,-0.38274305935747965,-0.3490574989316984,-0.3691743062323266
2022-08-19,1269.18,-0.4083638810047785,1.0199032367412273,0.5411803009537431,-0.40092421023010766,0.16373627916656214,-0.4016138602982614,-0.38274305935747965,-0.3490574989316984
2022-08-26,1282.57,-0.4111227140298176,2.4749934534472082,1.0494854825013862,-0.4083638810047785,-0.40092421023010766,0.16373627916656214,-0.4016138602982614,-0.38274305935747965
2022-09-02,1280.51,-0.4662893985143963,1.311445138439804,-0.1607441393607571,-0.4111227140298176,-0.4083638810047785,-0.40092421023010766,0.16373627916656214,-0.4016138602982614
2022-09-09,1248.78,-0.4440394527414334,9.221609324160113,-2.5091361360305138,-0.4662893985143963,-0.4111227140298176,-0.4083638810047785,-0.40092421023010766,0.16373627916656214
2022-09-16,1234.03,-0.4626339270866019,1.4245103706660018,-1.188183834524976,-0.4440394527414334,-0.4662893985143963,-0.4111227140298176,-0.4083638810047785,-0.40092421023010766
2022-09-23,1203.28,-0.46109040700179343,8.224144446157432,-2.5234075006007517,-0.4626339270866019,-0.4440394527414334,-0.4662893985143963,-0.4111227140298176,-0.4083638810047785
2022-09-30,1132.11,-0.47865954887239426,12.983271948249122,-6.096801315995762,-0.46109040700179343,-0.4626339270866019,-0.4440394527414334,-0.4662893985143963,-0.4111227140298176
2022-10-07,1035.91,-0.4137408347250687,44.118485689116696,-8.880288072808613,-0.47865954887239426,-0.46109040700179343,-0.4626339270866019,-0.4440394527414334,-0.4662893985143963
2022-10-14,1061.85,-0.34716896273852826,24.27121972086896,2.473240242939367,-0.4137408347250687,-0.47865954887239426,-0.46109040700179343,-0.4626339270866019,-0.4440394527414334
2022-10-21,1019.82,-0.3316109367051804,16.209978348307306,-4.03865287709927,-0.34716896273852826,-0.4137408347250687,-0.47865954887239426,-0.46109040700179343,-0.4626339270866019
2022-10-28,1027.36,-0.39528608554972733,24.577353509760854,0.7366263928422916,-0.3316109367051804,-0.34716896273852826,-0.4137408347250687,-0.47865954887239426,-0.46109040700179343
2022-11-04,997.15,-0.4171884677446778,6.533796625421712,-2.984647404650751,-0.39528608554972733,-0.3316109367051804,-0.34716896273852826,-0.4137408347250687,-0.47865954887239426
2022-11-11,954.53,-0.37617984954648126,21.894514521754246,-4.368213725924405,-0.4171884677446778,-0.39528608554972733,-0.3316109367051804,-0.34716896273852826,-0.4137408347250687
2022-11-18,969.33,-0.2994273867565895,30.698419676510703,1.5386038449855055,-0.37617984954648126,-0.4171884677446778,-0.39528608554972733,-0.3316109367051804,-0.34716896273852826
2022-11-25,971.46,-0.44831609560862135,8.17943047581791,0.21949833368744895,-0.2994273867565895,-0.37617984954648126,-0.4171884677446778,-0.39528608554972733,-0.3316109367051804
2022-12-02,1080.01,-0.379064201301051,39.62498173868389,10.592548480794175,-0.44831609560862135,-0.2994273867565895,-0.37617984954648126,-0.4171884677446778,-0.39528608554972733
2022-12-09,1051.81,-0.35476620464671493,20.598080312553673,-2.64578107136767,-0.379064201301051,-0.44831609560862135,-0.2994273867565895,-0.37617984954648126,-0.4171884677446778
2022-12-16,1052.48,-0.4047276179062492,6.146618440511707,0.06367943797107549,-0.35476620464671493,-0.379064201301051,-0.44831609560862135,-0.2994273867565895,-0.37617984954648126
2022-12-23,1020.34,-0.4502818719075977,4.364812813178656,-3.101337893225497,-0.4047276179062492,-0.35476620464671493,-0.379064201301051,-0.44831609560862135,-0.2994273867565895
2022-12-30,1007.09,-0.4682464731037562,17.71125484089788,-1.3070920964182184,-0.4502818719075977,-0.4047276179062492,-0.35476620464671493,-0.379064201301051,-0.44831609560862135
2023-01-06,1051.44,-0.5118121076034197,13.92670762253983,4.309566906949783,-0.4682464731037562,-0.4502818719075977,-0.4047276179062492,-0.35476620464671493,-0.379064201301051
2023-01-13,1060.17,-0.5134160918535355,0.2592489420336259,0.8268619431776982,-0.5118121076034197,-0.4682464731037562,-0.4502818719075977,-0.4047276179062492,-0.35476620464671493
2023-01-20,1108.08,-0.5422315215977765,6.021573365270319,4.419951526131339,-0.5134160918535355,-0.5118121076034197,-0.4682464731037562,-0.4502818719075977,-0.4047276179062492
2023-01-27,1117.1,-0.6544470435946137,0.6572756271765033,0.8107253709959392,-0.5422315215977765,-0.5134160918535355,-0.5118121076034197,-0.4682464731037562,-0.4502818719075977
2023-02-03,1077.15,-0.40901236758112847,12.711803924025574,-3.641737735236624,-0.6544470435946137,-0.5422315215977765,-0.5134160918535355,-0.5118121076034197,-0.4682464731037562
2023-02-10,1055.3,-0.3248839309754298,7.615137891795257,-2.0493577547391837,-0.40901236758112847,-0.6544470435946137,-0.5422315215977765,-0.5134160918535355,-0.5118121076034197
2023-02-17,1059.31,-0.4320308863293854,3.2243853951525825,0.37926660772035853,-0.3248839309754298,-0.40901236758112847,-0.6544470435946137,-0.5422315215977765,-0.5134160918535355
2023-02-24,1039.56,-0.43374596898712825,15.346039421441244,-1.882020606419891,-0.4320308863293854,-0.3248839309754298,-0.40901236758112847,-0.6544470435946137,-0.5422315215977765
2023-03-03,1024.77,-0.5149262013247751,7.262824684667457,-1.4329349540700567,-0.43374596898712825,-0.4320308863293854,-0.3248839309754298,-0.40901236758112847,-0.6544470435946137
2023-03-10,1053.0,-0.5313289898208593,2.794059272969263,2.71750359846269,-0.5149262013247751,-0.43374596898712825,-0.4320308863293854,-0.3248839309754298,-0.40901236758112847
2023-03-17,1045.14,-0.514569306481638,7.8836808185035885,-0.7492385416550091,-0.5313289898208593,-0.5149262013247751,-0.43374596898712825,-0.4320308863293854,-0.3248839309754298
2023-03-24,1046.79,-0.5387681264100511,6.196360006513076,0.15774909697413936,-0.514569306481638,-0.5313289898208593,-0.5149262013247751,-0.43374596898712825,-0.4320308863293854
2023-03-31,1064.64,-0.5283464139060943,0.6716879970855477,1.6908375142945278,-0.5387681264100511,-0.514569306481638,-0.5313289898208593,-0.5149262013247751,-0.43374596898712825
2023-04-07,1069.71,-0.45753574374378186,2.788876335999529,0.4750869853720568,-0.5283464139060943,-0.5387681264100511,-0.514569306481638,-0.5313289898208593,-0.5149262013247751
2023-04-14,1052.89,-0.48330510044469815,1.709855962320915,-1.584881944433869,-0.45753574374378186,-0.5283464139060943,-0.5387681264100511,-0.514569306481638,-0.5313289898208593
2023-04-21,1042.91,-0.5164127024920376,0.7184289852331633,-0.9523881511255479,-0.48330510044469815,-0.45753574374378186,-0.5283464139060943,-0.5387681264100511,-0.514569306481638
2023-04-28,1049.12,-0.5192389550914358,1.582432055404631,0.5936834787070742,-0.5164127024920376,-0.48330510044469815,-0.45753574374378186,-0.5283464139060943,-0.5387681264100511
2023-05-05,1040.31,-0.641848764925017,0.664182624490277,-0.8432971872913971,-0.5192389550914358,-0.5164127024920376,-0.48330510044469815,-0.45753574374378186,-0.5283464139060943
2023-05-12,1066.9,-0.5302926184736558,2.614520865404311,2.523850155502035,-0.641848764925017,-0.5192389550914358,-0.5164127024920376,-0.48330510044469815,-0.45753574374378186
2023-05-19,1067.07,-0.5221437730920883,0.8377218376730328,0.015932745105092818,-0.5302926184736558,-0.641848764925017,-0.5192389550914358,-0.5164127024920376,-0.48330510044469815
2023-05-26,1063.76,-0.512071566577341,0.5363064144981348,-0.31067731000160603,-0.5221437730920883,-0.5302926184736558,-0.641848764925017,-0.5192389550914358,-0.5164127024920376
2023-06-02,1090.84,-0.45614623261325854,2.66082704219142,2.5138240084342844,-0.512071566577341,-0.5221437730920883,-0.5302926184736558,-0.641848764925017,-0.5192389550914358
2023-06-09,1107.53,-0.4476813603975617,2.1926394184825706,1.518426895574074,-0.45614623261325854,-0.512071566577341,-0.5221437730920883,-0.5302926184736558,-0.641848764925017
2023-06-16,1115.22,-0.46411361432894827,1.1429634201203642,0.6919384259782755,-0.4476813603975617,-0.45614623261325854,-0.512071566577341,-0.5221437730920883,-0.5302926184736558
2023-06-23,1129.38,-0.48784943496795086,1.9753179379018388,1.261711471582512,-0.46411361432894827,-0.4476813603975617,-0.45614623261325854,-0.512071566577341,-0.5221437730920883
2023-06-30,1120.18,-0.46282051247482026,1.747667137864518,-0.8179422902444411,-0.48784943496795086,-0.46411361432894827,-0.4476813603975617,-0.45614623261325854,-0.512071566577341
2023-07-07,1138.07,-0.49264825684965385,2.257299131655733,1.584445855637883,-0.46282051247482026,-0.48784943496795086,-0.46411361432894827,-0.4476813603975617,-0.45614623261325854
2023-07-14,1168.4,-0.4041257550343681,2.019569957575675,2.6301446295509736,-0.49264825684965385,-0.46282051247482026,-0.48784943496795086,-0.46411361432894827,-0.4476813603975617
2023-07-21,1185.9,-0.4330531557787314,1.411038733268916,1.4866688457163708,-0.4041257550343681,-0.49264825684965385,-0.46282051247482026,-0.48784943496795086,-0.46411361432894827
2023-07-28,1207.67,0.0777532820112448,1.3479711454689713,1.81909033959363,-0.4330531557787314,-0.4041257550343681,-0.49264825684965385,-0.46282051247482026,-0.48784943496795086
2023-08-04,1225.98,-0.05462808367798964,3.947216090776633,1.5047640782705896,0.0777532820112448,-0.4330531557787314,-0.4041257550343681,-0.49264825684965385,-0.46282051247482026
2023-08-11,1232.21,-0.35243703861052594,4.096732336492409,0.5068780963802546,-0.05462808367798964,0.0777532820112448,-0.4330531557787314,-0.4041257550343681,-0.49264825684965385
2023-08-18,1177.99,-0.3171181097323599,22.55570189924668,-4.499970890204008,-0.35243703861052594,-0.05462808367798964,0.0777532820112448,-0.4330531557787314,-0.4041257550343681
2023-08-25,1183.37,-0.3299866267539673,2.7691171066168767,0.4556704025636918,-0.3171181097323599,-0.35243703861052594,-0.05462808367798964,0.0777532820112448,-0.4330531557787314
2023-09-01,1224.05,0.08619257170032699,3.7387103650159372,3.3798732674357774,-0.3299866267539673,-0.3171181097323599,-0.35243703861052594,-0.05462808367798964,0.0777532820112448
2023-09-08,1241.48,-0.3657374356466247,1.5635924924894173,1.4139183362407088,0.08619257170032699,-0.3299866267539673,-0.3171181097323599,-0.35243703861052594,-0.05462808367798964
2023-09-15,1227.36,-0.3441972304911369,7.0273984221637775,-1.1438695062569768,-0.3657374356466247,0.08619257170032699,-0.3299866267539673,-0.3171181097323599,-0.35243703861052594
2023-09-22,1193.05,-0.24134559134039635,6.945004331742156,-2.8352467842952254,-0.3441972304911369,-0.3657374356466247,0.08619257170032699,-0.3299866267539673,-0.3171181097323599
2023-09-29,1154.15,-0.39176689173426976,15.271389083673274,-3.314891107802658,-0.24134559134039635,-0.3441972304911369,-0.3657374356466247,0.08619257170032699,-0.3299866267539673
2023-10-06,1128.54,-0.4569367377347408,15.022942778385067,-2.2439380379239124,-0.39176689173426976,-0.24134559134039635,-0.3441972304911369,-0.3657374356466247,0.08619257170032699
2023-10-13,1154.73,-0.4305337359916094,1.3772971983707125,2.2941788483774586,-0.4569367377347408,-0.39176689173426976,-0.24134559134039635,-0.3441972304911369,-0.3657374356466247
2023-10-20,1108.03,-0.4564278373589049,12.480777578905714,-4.128288664158244,-0.4305337359916094,-0.4569367377347408,-0.39176689173426976,-0.24134559134039635,-0.3441972304911369
2023-10-27,1060.62,-0.459346654367489,21.74881871135592,-4.3730020977113595,-0.4564278373589049,-0.4305337359916094,-0.4569367377347408,-0.39176689173426976,-0.24134559134039635
2023-11-03,1076.78,-0.041079685987437366,17.599793569820353,1.5121463390863097,-0.459346654367489,-0.4564278373589049,-0.4305337359916094,-0.4569367377347408,-0.39176689173426976
2023-11-10,1101.68,-0.49342102791977754,12.506236708635873,2.286118125216064,-0.041079685987437366,-0.459346654367489,-0.4564278373589049,-0.4305337359916094,-0.4569367377347408
2023-11-17,1101.19,-0.49004222818969173,6.9472883125691265,-0.04448741941934382,-0.49342102791977754,-0.041079685987437366,-0.459346654367489,-0.4564278373589049,-0.4305337359916094
2023-11-24,1095.61,-0.0017985624155393398,6.235757397488463,-0.5080127458642738,-0.49004222818969173,-0.49342102791977754,-0.041079685987437366,-0.459346654367489,-0.4564278373589049
2023-12-01,1102.16,-0.522256458359382,2.541196461423432,0.5960604970309327,-0.0017985624155393398,-0.49004222818969173,-0.49342102791977754,-0.041079685987437366,-0.459346654367489
2023-12-08,1124.44,-0.5087734476031771,4.016527665262158,2.001324319191212,-0.522256458359382,-0.0017985624155393398,-0.49004222818969173,-0.49342102791977754,-0.041079685987437366
2023-12-15,1102.3,-0.5337162210916564,2.115105457955732,-1.9886227958986078,-0.5087734476031771,-0.522256458359382,-0.0017985624155393398,-0.49004222818969173,-0.49342102791977754
2023-12-22,1103.06,-0.5565125105312742,1.2563931041679344,0.06892299035856342,-0.5337162210916564,-0.5087734476031771,-0.522256458359382,-0.0017985624155393398,-0.49004222818969173
2023-12-29,1129.93,-0.5527069567739955,2.2855696575506603,2.406754801208743,-0.5565125105312742,-0.5337162210916564,-0.5087734476031771,-0.522256458359382,-0.0017985624155393398
2024-01-05,1154.68,-0.5164387032154673,1.6659590630185037,2.16675654067142,-0.5527069567739955,-0.5565125105312742,-0.5337162210916564,-0.5087734476031771,-0.522256458359382
2024-01-12,1154.7,-0.5107442276549881,0.7351464770307106,0.0017320666153303119,-0.5164387032154673,-0.5527069567739955,-0.5565125105312742,-0.5337162210916564,-0.5087734476031771
2024-01-19,1181.5,-0.5501164321085458,2.0426340201954245,2.2944247669152356,-0.5107442276549881,-0.5164387032154673,-0.5527069567739955,-0.5565125105312742,-0.5337162210916564
2024-01-26,1175.67,-0.5775404618482934,0.6214684680992723,-0.4946619792271223,-0.5501164321085458,-0.5107442276549881,-0.5164387032154673,-0.5527069567739955,-0.5565125105312742
2024-02-02,1172.55,-0.561394866698898,2.38340540553546,-0.26573335002423165,-0.5775404618482934,-0.5501164321085458,-0.5107442276549881,-0.5164387032154673,-0.5527069567739955
2024-02-09,1198.53,-0.6353241036129859,2.0630208393406373,2.1914941515823747,-0.561394866698898,-0.5775404618482934,-0.5501164321085458,-0.5107442276549881,-0.5164387032154673
2024-02-16,1209.7,-0.6300494034563456,0.4657268452140322,0.9276589115529761,-0.6353241036129859,-0.561394866698898,-0.5775404618482934,-0.5501164321085458,-0.5107442276549881
2024-02-23,1212.0,-0.12315563829696563,3.3705745759669687,0.1899492663457134,-0.6300494034563456,-0.6353241036129859,-0.561394866698898,-0.5775404618482934,-0.5501164321085458
2024-03-01,1258.28,-0.49350188161109054,4.261955503766299,3.7473821381563654,-0.12315563829696563,-0.6300494034563456,-0.6353241036129859,-0.561394866698898,-0.5775404618482934
2024-03-08,1247.35,-0.49920539829323224,3.869387365120356,-0.8724408095577906,-0.49350188161109054,-0.12315563829696563,-0.6300494034563456,-0.6353241036129859,-0.561394866698898
2024-03-15,1263.78,-0.4737009931540331,5.859262886487799,1.3085929010076471,-0.49920539829323224,-0.49350188161109054,-0.12315563829696563,-0.6300494034563456,-0.6353241036129859
2024-03-22,1281.8,-0.45422169856752515,6.429185266595271,1.4158110144804237,-0.4737009931540331,-0.49920539829323224,-0.49350188161109054,-0.12315563829696563,-0.6300494034563456
2024-03-29,1284.09,-0.4232193301186489,2.9946362545431016,0.17849561812923037,-0.45422169856752515,-0.4737009931540331,-0.49920539829323224,-0.49350188161109054,-0.12315563829696563
2024-04-05,1255.11,-0.07441702481507721,2.8552560337742428,-2.2827078124128466,-0.4232193301186489,-0.45422169856752515,-0.4737009931540331,-0.49920539829323224,-0.49350188161109054
2024-04-12,1276.6,-0.5132349647739989,3.351969666935216,1.6977075694666752,-0.07441702481507721,-0.4232193301186489,-0.45422169856752515,-0.4737009931540331,-0.49920539829323224
2024-04-19,1174.85,-0.4901946699077955,29.069051387464008,-8.305981396734277,-0.5132349647739989,-0.07441702481507721,-0.4232193301186489,-0.45422169856752515,-0.4737009931540331
2024-04-26,1209.52,-0.47991806872364134,8.613080248725916,2.908310681733158,-0.4901946699077955,-0.5132349647739989,-0.07441702481507721,-0.4232193301186489,-0.45422169856752515
2024-05-03,1221.03,-0.6334642525407579,0.46484653767039685,0.9471178161490892,-0.47991806872364134,-0.4901946699077955,-0.5132349647739989,-0.07441702481507721,-0.4232193301186489
2024-05-10,1244.7,-0.497353320264441,3.248709713388618,1.9199772173495333,-0.6334642525407579,-0.47991806872364134,-0.4901946699077955,-0.5132349647739989,-0.07441702481507721
2024-05-17,1273.11,-0.5016302775696058,2.403260169803832,2.2568188872328965,-0.497353320264441,-0.6334642525407579,-0.47991806872364134,-0.4901946699077955,-0.5132349647739989
2024-05-24,1261.93,-0.45319152423042863,4.255930146611162,-0.8820430828367571,-0.5016302775696058,-0.497353320264441,-0.6334642525407579,-0.47991806872364134,-0.4901946699077955
2024-05-31,1261.72,-0.4634378135380305,2.308416157079889,-0.016642561407860492,-0.45319152423042863,-0.5016302775696058,-0.497353320264441,-0.6334642525407579,-0.47991806872364134
2024-06-07,1287.58,-0.4941885322548017,2.250219390362102,2.028861809305012,-0.4634378135380305,-0.45319152423042863,-0.5016302775696058,-0.497353320264441,-0.6334642525407579
2024-06-14,1279.91,-0.4752805171807936,4.595936381698607,-0.5974724588241597,-0.4941885322548017,-0.4634378135380305,-0.45319152423042863,-0.5016302775696058,-0.497353320264441
2024-06-21,1282.02,-0.5484369229428452,0.3384727544485008,0.16471960413286826,-0.4752805171807936,-0.4941885322548017,-0.4634378135380305,-0.45319152423042863,-0.5016302775696058
2024-06-28,1245.32,-0.5587274245612245,6.255610095887398,-2.9044433997760475,-0.5484369229428452,-0.4752805171807936,-0.4941885322548017,-0.4634378135380305,-0.45319152423042863
2024-07-05,1283.04,-0.5702818785744597,2.4269041555209134,2.983973707352717,-0.5587274245612245,-0.5484369229428452,-0.4752805171807936,-0.4941885322548017,-0.4634378135380305
2024-07-12,1280.75,-0.5403672624275986,1.069262627445249,-0.17864182394069156,-0.5702818785744597,-0.5587274245612245,-0.5484369229428452,-0.4752805171807936,-0.4941885322548017
2024-07-19,1264.78,-0.5516786515383107,1.7664878208985484,-1.2547649825796325,-0.5403672624275986,-0.5702818785744597,-0.5587274245612245,-0.5484369229428452,-0.4752805171807936
2024-07-26,1242.11,-0.5370543555425407,5.0130581077639835,-1.8086647594203988,-0.5516786515383107,-0.5403672624275986,-0.5702818785744597,-0.5587274245612245,-0.5484369229428452
2024-08-02,1236.6,-0.5217392608008791,4.949806953798936,-0.44458682748430334,-0.5370543555425407,-0.5516786515383107,-0.5403672624275986,-0.5702818785744597,-0.5587274245612245
2024-08-09,1223.64,0.35205106512719253,21.648424890997656,-1.0535654960333531,-0.5217392608008791,-0.5370543555425407,-0.5516786515383107,-0.5403672624275986,-0.5702818785744597
2024-08-16,1252.23,-0.552602654290992,5.964648394872097,2.309593869430273,0.35205106512719253,-0.5217392608008791,-0.5370543555425407,-0.5516786515383107,-0.5403672624275986
2024-08-23,1285.32,-0.5526962746397592,2.160481464940833,2.6081752706100954,-0.552602654290992,0.35205106512719253,-0.5217392608008791,-0.5370543555425407,-0.5516786515383107
2024-08-30,1283.87,-0.5873728596169558,0.2122489194788919,-0.11287605462841387,-0.5526962746397592,-0.552602654290992,0.35205106512719253,-0.5217392608008791,-0.5370543555425407
2024-09-06,1273.96,-0.6294967843144681,0.9582827307017173,-0.774879455330161,-0.5873728596169558,-0.5526962746397592,-0.552602654290992,0.35205106512719253,-0.5217392608008791
2024-09-13,1251.71,-0.6074071431571041,1.4437934968900776,-1.7619543028111169,-0.6294967843144681,-0.5873728596169558,-0.5526962746397592,-0.552602654290992,0.35205106512719253
2024-09-20,1272.04,-0.594376338165276,3.962472928587866,1.6111294509674228,-0.6074071431571041,-0.6294967843144681,-0.5873728596169558,-0.5526962746397592,-0.552602654290992
2024-09-27,1290.92,-0.5663873924649008,1.2935807206805687,1.4733231512984086,-0.594376338165276,-0.6074071431571041,-0.6294967843144681,-0.5873728596169558,-0.5526962746397592
2024-10-04,1270.6,-0.5871797468755989,1.199413453945954,-1.5865912627067127,-0.5663873924649008,-0.594376338165276,-0.6074071431571041,-0.6294967843144681,-0.5873728596169558
2024-10-11,1288.39,-0.5998846352462859,0.7744849916318534,1.3904147029758538,-0.5871797468755989,-0.5663873924649008,-0.594376338165276,-0.6074071431571041,-0.6294967843144681
2024-10-18,1285.46,-0.5931573150602756,0.5167536648297053,-0.22767459375297047,-0.5998846352462859,-0.5871797468755989,-0.5663873924649008,-0.594376338165276,-0.6074071431571041
2024-10-25,1252.72,-0.6042847845309963,2.0821631971388017,-2.579944368747405,-0.5931573150602756,-0.5998846352462859,-0.5871797468755989,-0.5663873924649008,-0.594376338165276
2024-11-01,1254.89,-0.6010845549070114,1.194206995501371,0.17307320848731364,-0.6042847845309963,-0.5931573150602756,-0.5998846352462859,-0.5871797468755989,-0.5663873924649008
2024-11-08,1252.56,-0.5796762296819551,2.545896560196247,-0.1858462318793075,-0.6010845549070114,-0.6042847845309963,-0.5931573150602756,-0.5998846352462859,-0.5871797468755989
2024-11-15,1218.57,-0.6273894063803593,2.7222732810446413,-2.751141690648575,-0.5796762296819551,-0.6010845549070114,-0.6042847845309963,-0.5931573150602756,-0.5998846352462859
2024-11-22,1228.1,-0.5841949888083559,2.8064152725423734,0.7790219519556625,-0.6273894063803593,-0.5796762296819551,-0.6010845549070114,-0.6042847845309963,-0.5931573150602756
2024-11-29,1250.46,-0.6180394773868201,1.096410174294014,1.8043223984615886,-0.5841949888083559,-0.6273894063803593,-0.5796762296819551,-0.6010845549070114,-0.6042847845309963
2024-12-06,1270.14,-0.6361978954800488,5.3082355024633365,1.5615646996589527,-0.6180394773868201,-0.5841949888083559,-0.6273894063803593,-0.5796762296819551,-0.6010845549070114
2024-12-13,1262.57,-0.598725162476083,0.3247564496767665,-0.5977804440521876,-0.6361978954800488,-0.6180394773868201,-0.5841949888083559,-0.6273894063803593,-0.5796762296819551
2024-12-20,1257.5,-0.6123333059856109,1.0097956530067502,-0.4023703183127688,-0.598725162476083,-0.6361978954800488,-0.6180394773868201,-0.5841949888083559,-0.6273894063803593
2024-12-27,1275.14,-0.13435620118373867,1.4160589394344356,1.3930353512191538,-0.6123333059856109,-0.598725162476083,-0.6361978954800488,-0.6180394773868201,-0.5841949888083559
2025-01-03,1254.59,-0.6841564390875884,1.7189200824458377,-1.6247150523151004,-0.13435620118373867,-0.6123333059856109,-0.598725162476083,-0.6361978954800488,-0.6180394773868201
2025-01-10,1230.48,-0.6139902081525697,2.2446753506969173,-1.94044888193801,-0.6841564390875884,-0.13435620118373867,-0.6123333059856109,-0.598725162476083,-0.6361978954800488
2025-01-17,1249.11,-0.6350522220262147,1.3358899719593444,1.502696056041284,-0.6139902081525697,-0.6841564390875884,-0.13435620118373867,-0.6123333059856109,-0.598725162476083
2025-01-24,1265.05,-0.6396708384689361,2.2125855800460794,1.2680349368232848,-0.6350522220262147,-0.6139902081525697,-0.6841564390875884,-0.13435620118373867,-0.6123333059856109
2025-02-07,1275.2,-0.5682164586715333,2.0262986861014567,0.7991381963750094,-0.6396708384689361,-0.6350522220262147,-0.6139902081525697,-0.6841564390875884,-0.13435620118373867
2025-02-14,1276.08,-0.5870862202939283,1.3439052949335588,0.06898498282421266,-0.5682164586715333,-0.6396708384689361,-0.6350522220262147,-0.6139902081525697,-0.6841564390875884
2025-02-21,1296.75,-0.596166988740034,1.1113779233553402,1.6068255367316864,-0.5870862202939283,-0.5682164586715333,-0.6396708384689361,-0.6350522220262147,-0.6139902081525697
2025-02-28,1305.36,-0.5661848416008184,0.5446746735106692,0.6617730551305349,-0.596166988740034,-0.5870862202939283,-0.5682164586715333,-0.6396708384689361,-0.6350522220262147
2025-03-07,1326.05,-0.5384495099380213,1.8464504003824331,1.5725733642735564,-0.5661848416008184,-0.596166988740034,-0.5870862202939283,-0.5682164586715333,-0.6396708384689361
2025-03-14,1326.15,-0.5768835813888396,0.5243853645293357,0.007540909437254064,-0.5384495099380213,-0.5661848416008184,-0.596166988740034,-0.5870862202939283,-0.5682164586715333
2025-03-21,1321.88,-0.5667228073523405,0.9889297975076284,-0.3225041786523782,-0.5768835813888396,-0.5384495099380213,-0.5661848416008184,-0.596166988740034,-0.5870862202939283
2025-03-28,1317.46,-0.5851736851768659,0.8727682340246571,-0.33493253100815223,-0.5667228073523405,-0.5768835813888396,-0.5384495099380213,-0.5661848416008184,-0.596166988740034
2025-04-04,1210.67,-0.23546521368875722,51.51023921710461,-8.453171507006916,-0.5851736851768659,-0.5667228073523405,-0.5768835813888396,-0.5384495099380213,-0.5661848416008184
2025-04-11,1222.46,0.8161646340388136,119.52549077838042,0.9691296624072088,-0.23546521368875722,-0.5851736851768659,-0.5667228073523405,-0.5768835813888396,-0.5384495099380213
2025-04-18,1219.12,-0.5206801635866295,6.006030078716461,-0.27359349957155105,0.8161646340388136,-0.23546521368875722,-0.5851736851768659,-0.5667228073523405,-0.5768835813888396
2025-04-25,1229.23,-0.552888604561858,4.2568758595114975,0.8258670094700046,-0.5206801635866295,0.8161646340388136,-0.23546521368875722,-0.5851736851768659,-0.5667228073523405
2025-05-02,1226.3,-0.052317290425848706,0.04081841083717566,-0.2386451308325076,-0.552888604561858,-0.5206801635866295,0.8161646340388136,-0.23546521368875722,-0.5851736851768659
2025-05-09,1267.3,-0.6106321016831325,4.139822018881021,3.2887147320038146,-0.052317290425848706,-0.552888604561858,-0.5206801635866295,0.8161646340388136,-0.23546521368875722
2025-05-16,1301.39,-0.538281836174117,4.643895462265119,2.6544270910762595,-0.6106321016831325,-0.052317290425848706,-0.552888604561858,-0.5206801635866295,0.8161646340388136
2025-05-23,1314.46,-0.5769793341653371,3.089461914955387,0.9993010886933616,-0.538281836174117,-0.6106321016831325,-0.052317290425848706,-0.552888604561858,-0.5206801635866295
2025-05-30,1332.6,-0.35553219810827574,2.661694575834324,1.3705986242722061,-0.5769793341653371,-0.538281836174117,-0.6106321016831325,-0.052317290425848706,-0.552888604561858
2025-06-06,1329.89,-0.594536463653752,1.6631266081351246,-0.2035689099947727,-0.35553219810827574,-0.5769793341653371,-0.538281836174117,-0.6106321016831325,-0.052317290425848706
2025-06-13,1315.49,-0.6317238066822062,3.0053653244319825,-1.0887012249402317,-0.594536463653752,-0.35553219810827574,-0.5769793341653371,-0.538281836174117,-0.6106321016831325
2025-06-20,1349.35,-0.6241077038238911,3.608386744418299,2.5413775222478554,-0.6317238066822062,-0.594536463653752,-0.35553219810827574,-0.5769793341653371,-0.538281836174117
2025-06-27,1371.44,-0.6591390136367715,1.006943886604477,1.6238287697660299,-0.6241077038238911,-0.6317238066822062,-0.594536463653752,-0.35553219810827574,-0.5769793341653371
2025-07-04,1386.97,0.09770280390942356,0.5360445375055629,1.1260228965680918,-0.6591390136367715,-0.6241077038238911,-0.6317238066822062,-0.594536463653752,-0.35553219810827574
2025-07-11,1457.76,-0.010774670925007168,5.005358942268463,4.977949930064175,0.09770280390942356,-0.6591390136367715,-0.6241077038238911,-0.6317238066822062,-0.594536463653752
2025-07-18,1497.28,0.030470054282784063,3.409772946748199,2.6749117712303097,-0.010774670925007168,0.09770280390942356,-0.6591390136367715,-0.6241077038238911,-0.6317238066822062
2025-07-25,1531.13,-0.45113571892538956,4.150341492685949,2.2355896197366008,0.030470054282784063,-0.010774670925007168,0.09770280390942356,-0.6591390136367715,-0.6241077038238911
2025-08-01,1495.21,0.013577086773146906,21.76314402847948,-2.3739359687743566,-0.45113571892538956,0.030470054282784063,-0.010774670925007168,0.09770280390942356,-0.6591390136367715
2025-08-08,1584.95,-0.3872374859665292,9.480546124727937,5.828619588500477,0.013577086773146906,-0.45113571892538956,0.030470054282784063,-0.010774670925007168,0.09770280390942356
2025-08-15,1630.0,-0.3880497487774927,4.734656113467571,2.8027153728329273,-0.3872374859665292,0.013577086773146906,-0.45113571892538956,0.030470054282784063,-0.010774670925007168
2025-08-22,1645.47,-0.3918770174833612,10.202501589284696,0.9446042875824947,-0.3880497487774927,-0.3872374859665292,0.013577086773146906,-0.45113571892538956,0.030470054282784063
2025-08-29,1682.21,-0.493705925513577,14.728322563913471,2.2082347430396854,-0.3918770174833612,-0.3880497487774927,-0.3872374859665292,0.013577086773146906,-0.45113571892538956
2025-09-05,1666.97,-0.5460275670365066,3.8309070985727924,-0.9100797918892768,-0.493705925513577,-0.3918770174833612,-0.3880497487774927,-0.3872374859665292,0.013577086773146906
2025-09-12,1667.26,-0.5436872325139583,8.49486048370113,0.017395320702594665,-0.5460275670365066,-0.493705925513577,-0.3918770174833612,-0.3880497487774927,-0.3872374859665292
2025-09-19,1658.62,-0.5440318117003049,1.7915366519390767,-0.5195629088286824,-0.5436872325139583,-0.5460275670365066,-0.493705925513577,-0.3918770174833612,-0.3880497487774927
2025-09-26,1660.7,-0.5603051807537457,4.350368996722735,0.1253268905831328,-0.5440318117003049,-0.5436872325139583,-0.5460275670365066,-0.493705925513577,-0.3918770174833612
2025-10-03,1645.82,-0.588569987746595,0.9716672782898595,-0.9000459970078114,-0.5603051807537457,-0.5440318117003049,-0.5436872325139583,-0.5460275670365066,-0.493705925513577
2025-10-10,1747.55,-0.00683588340567729,14.16927624020683,5.997606675930226,-0.588569987746595,-0.5603051807537457,-0.5440318117003049,-0.5436872325139583,-0.5460275670365066
2025-10-17,1731.19,-0.5381455087867558,5.497285167375517,-0.9405773706563135,-0.00683588340567729,-0.588569987746595,-0.5603051807537457,-0.5440318117003049,-0.5436872325139583
2025-10-24,1683.18,0.2827306817153631,35.49107982119313,-2.8124171951848242,-0.5381455087867558,-0.00683588340567729,-0.588569987746595,-0.5603051807537457,-0.5440318117003049
2025-10-31,1639.65,-0.3134061243998619,10.499707259601054,-2.6202056935565885,0.2827306817153631,-0.5381455087867558,-0.00683588340567729,-0.588569987746595,-0.5603051807537457
2025-11-07,1599.1,-0.21820224696491533,14.314995391418776,-2.5041833442557833,-0.3134061243998619,0.2827306817153631,-0.5381455087867558,-0.00683588340567729,-0.588569987746595
2025-11-14,1635.46,-0.6082587669710187,7.72806713263637,2.2483139361464852,-0.21820224696491533,-0.3134061243998619,0.2827306817153631,-0.5381455087867558,-0.00683588340567729
2025-11-21,1654.93,-0.6098259056310059,2.057402020290454,1.1834601517290648,-0.6082587669710187,-0.21820224696491533,-0.3134061243998619,0.2827306817153631,-0.5381455087867558
2025-11-28,1690.99,-0.6173607841717457,2.4718896453689934,2.155544437638705,-0.6098259056310059,-0.6082587669710187,-0.21820224696491533,-0.3134061243998619,0.2827306817153631
2025-12-05,1741.32,-0.6074361599272374,2.0891779370300543,2.932929007046321,-0.6173607841717457,-0.6098259056310059,-0.6082587669710187,-0.21820224696491533,-0.3134061243998619
2025-12-12,1646.89,0.09210673052055152,14.33987966841611,-5.575478544336083,-0.6074361599272374,-0.6173607841717457,-0.6098259056310059,-0.6082587669710187,-0.21820224696491533
2025-12-19,1704.31,-0.6292316247670582,6.744458137337052,3.427167587792436,0.09210673052055152,-0.6074361599272374,-0.6173607841717457,-0.6098259056310059,-0.6082587669710187
2025-12-26,1729.8,-0.5541703487621367,14.817778235818352,1.4845458146846058,-0.6292316247670582,0.09210673052055152,-0.6074361599272374,-0.6173607841717457,-0.6098259056310059
2026-01-02,1784.49,-0.6718425057096867,3.5158889249609455,3.1126865231511016,-0.5541703487621367,-0.6292316247670582,0.09210673052055152,-0.6074361599272374,-0.6173607841717457
