date,close,symbol_used,svi_raw_mean,svi_norm_composite,svi_sma_composite,return,rv_proxy,svi_lag1,svi_lag2,svi_lag3,svi_lag4,svi_lag5
2010-01-04,517.1,VNINDEX,51.75,2.6510850603787786,1.0990549243274208,4.4082638883843,19.43279050963307,1.73526711717226,2.118137621572721,1.4189685654487367,1.117756285173889,2.0417074638918704
2010-01-05,532.5,VNINDEX,51.5,2.6105918834818467,2.004125044396417,2.9346618181404445,8.61223998685138,1.0990549243274208,1.73526711717226,2.118137621572721,1.4189685654487367,1.117756285173889
2010-01-06,534.5,VNINDEX,52.75,2.6589419858073993,2.640206309889342,0.3748832881519659,0.1405374797356299,2.004125044396417,1.0990549243274208,1.73526711717226,2.118137621572721,1.4189685654487367
2010-01-07,533.3,VNINDEX,53.75,2.663230798943965,2.6442548894110707,-0.22476128585435096,0.05051763561890126,2.640206309889342,2.004125044396417,1.0990549243274208,1.73526711717226,2.118137621572721
2010-01-08,520.9,VNINDEX,55.25,2.8251058455061706,2.7157595434191784,-2.3526032855410683,5.5347422191386295,2.6442548894110707,2.640206309889342,2.004125044396417,1.0990549243274208,1.73526711717226
2010-01-11,515.1,VNINDEX,55.5,2.839543689170662,1.8537049631096636,-1.1197028179606252,1.253734400548965,2.7157595434191784,2.6442548894110707,2.640206309889342,2.004125044396417,1.0990549243274208
2010-01-12,498.3,VNINDEX,52.75,2.565314166177837,2.309681269306587,-3.3158751284180656,10.995027867261523,1.8537049631096636,2.7157595434191784,2.6442548894110707,2.640206309889342,2.004125044396417
2010-01-13,508.6,VNINDEX,50.75,2.421052293516435,2.6086367162883115,2.0459547700660505,4.185930921156026,2.309681269306587,1.8537049631096636,2.7157595434191784,2.6442548894110707,2.640206309889342
2010-01-14,512.3,VNINDEX,65.5,4.076195150133339,3.020853869942537,0.7248537957137237,0.5254130251605926,2.6086367162883115,2.309681269306587,1.8537049631096636,2.7157595434191784,2.6442548894110707
2010-01-15,505.4,VNINDEX,48.5,2.2897598054795,2.9290024163764246,-1.3560195991062667,1.8387891531603202,3.020853869942537,2.6086367162883115,2.309681269306587,1.8537049631096636,2.7157595434191784
2010-01-18,487.1,VNINDEX,53.25,2.712846159897302,1.3087535536659085,-3.6880754141596825,13.601900260529113,2.9290024163764246,3.020853869942537,2.6086367162883115,2.309681269306587,1.8537049631096636
2010-01-19,495.5,VNINDEX,44.5,1.9991823672136553,1.6604707210170966,1.7097912957545554,2.9233862750380415,1.3087535536659085,2.9290024163764246,3.020853869942537,2.6086367162883115,2.309681269306587
2010-01-20,489.5,VNINDEX,40.25,1.6780034674645552,2.130010664858504,-1.218289179947763,1.484228525977793,1.6604707210170966,1.3087535536659085,2.9290024163764246,3.020853869942537,2.6086367162883115
2010-01-21,478.4,VNINDEX,40.0,1.6989733988521547,1.7920530778434554,-2.2937259334143176,5.261178657617383,2.130010664858504,1.6604707210170966,1.3087535536659085,2.9290024163764246,3.020853869942537
2010-01-22,477.6,VNINDEX,39.25,1.6577135608017228,1.678230142372811,-0.16736405580295372,0.028010727174814204,1.7920530778434554,2.130010664858504,1.6604707210170966,1.3087535536659085,2.9290024163764246
2010-01-25,480.9,VNINDEX,44.25,1.9653378420233403,0.7561004853654443,0.6885786205224508,0.47414051664060125,1.678230142372811,1.7920530778434554,2.130010664858504,1.6604707210170966,1.3087535536659085
2010-01-26,497.9,VNINDEX,52.0,2.5834637434688954,1.5736106831358998,3.473990536452011,12.06861024735813,0.7561004853654443,1.678230142372811,1.7920530778434554,2.130010664858504,1.6604707210170966
2010-01-27,486.4,VNINDEX,45.0,1.9354570813845955,2.161419555625611,-2.336792299617983,5.4605982515539,1.5736106831358998,0.7561004853654443,1.678230142372811,1.7920530778434554,2.130010664858504
2010-01-28,481.8,VNINDEX,41.0,1.7669415375087913,2.095287454120761,-0.9502240471186196,0.9029257397224887,2.161419555625611,1.5736106831358998,0.7561004853654443,1.678230142372811,1.7920530778434554
2010-01-29,482.0,VNINDEX,49.25,2.352317493706299,2.0182387041998955,0.04150238698293906,0.0017224481252816294,2.095287454120761,2.161419555625611,1.5736106831358998,0.7561004853654443,1.678230142372811
2010-02-01,487.0,VNINDEX,42.5,1.8423249890255444,0.6556958048083565,1.032000903198945,1.0650258642034383,2.0182387041998955,2.095287454120761,2.161419555625611,1.5736106831358998,0.7561004853654443
2010-02-02,487.9,VNINDEX,31.5,0.9164989184946062,0.9329064447938047,0.18463437392017584,0.03408985203289531,0.6556958048083565,2.0182387041998955,2.095287454120761,2.161419555625611,1.5736106831358998
2010-02-03,495.5,VNINDEX,35.5,1.1970221170542763,1.3186153415248092,1.545688694825128,2.3891535413102076,0.9329064447938047,0.6556958048083565,2.0182387041998955,2.095287454120761,2.161419555625611
2010-02-04,503.8,VNINDEX,45.0,2.138551289877489,1.4173574418087909,1.6612010148467093,2.759588811727737,1.3186153415248092,0.9329064447938047,0.6556958048083565,2.0182387041998955,2.095287454120761
2010-02-05,493.0,VNINDEX,37.75,1.5493010757609158,1.6282914942308937,-2.167018987581978,4.695971292540821,1.4173574418087909,1.3186153415248092,0.9329064447938047,0.6556958048083565,2.0182387041998955
2010-02-08,491.2,VNINDEX,30.25,0.8773387336962047,0.25248480183588606,-0.3657797209757414,0.13379480427709123,1.6282914942308937,1.4173574418087909,1.3186153415248092,0.9329064447938047,0.6556958048083565
2010-02-09,482.9,VNINDEX,25.75,0.6307548511486004,0.4862121288147772,-1.7041783953436478,2.9042240031560502,0.25248480183588606,1.6282914942308937,1.4173574418087909,1.3186153415248092,0.9329064447938047
2010-02-10,490.9,VNINDEX,24.5,0.5435913857713993,0.6838949902054017,1.6430848184510662,2.6997277206243733,0.4862121288147772,0.25248480183588606,1.6282914942308937,1.4173574418087909,1.3186153415248092
2010-02-11,499.9,VNINDEX,24.5,0.5755935728239325,0.5833132699146442,1.8167637355517887,3.3006304708160896,0.6838949902054017,0.4862121288147772,0.25248480183588606,1.6282914942308937,1.4173574418087909
2010-02-12,507.0,VNINDEX,16.5,0.0465493627571255,0.38857810711748586,1.4102925171658471,1.9889249839739813,0.5833132699146442,0.6838949902054017,0.4862121288147772,0.25248480183588606,1.6282914942308937
2010-02-22,510.0,VNINDEX,37.5,1.3332834429525446,0.5314357314167794,0.5899722127188322,0.34806721178035493,0.38857810711748586,0.5833132699146442,0.6838949902054017,0.4862121288147772,0.25248480183588606
2010-02-23,496.3,VNINDEX,44.75,1.9688599940064062,1.1453694320060936,-2.723014312497633,7.414806946066958,0.5314357314167794,0.38857810711748586,0.5833132699146442,0.6838949902054017,0.4862121288147772
2010-02-24,494.6,VNINDEX,34.0,1.0268214751439422,1.4429883040342983,-0.34312275060793007,0.11773322198475178,1.1453694320060936,0.5314357314167794,0.38857810711748586,0.5833132699146442,0.6838949902054017
2010-02-25,495.0,VNINDEX,45.0,2.0108675902523525,1.668849686467567,0.08084074813744614,0.006535226559422002,1.4429883040342983,1.1453694320060936,0.5314357314167794,0.38857810711748586,0.5833132699146442
2010-02-26,496.9,VNINDEX,50.5,2.537378688891643,1.8583559180959792,0.38310360395845056,0.14676837136595333,1.668849686467567,1.4429883040342983,1.1453694320060936,0.5314357314167794,0.38857810711748586
2010-03-01,503.0,VNINDEX,53.5,2.6666852174562843,1.0821832676982948,1.2201371491464452,1.4887346627272147,1.8583559180959792,1.668849686467567,1.4429883040342983,1.1453694320060936,0.5314357314167794
2010-03-02,501.0,VNINDEX,48.0,2.2459098710957717,1.6925731952155514,-0.3984069014874459,0.15872805915282742,1.0821832676982948,1.8583559180959792,1.668849686467567,1.4429883040342983,1.1453694320060936
2010-03-03,507.3,VNINDEX,46.5,2.2115559998662055,2.374717029472754,1.2496443487779505,1.561610998432668,1.6925731952155514,1.0821832676982948,1.8583559180959792,1.668849686467567,1.4429883040342983
2010-03-04,511.9,VNINDEX,44.0,2.008957518643823,2.155474463201934,0.902674889089312,0.8148219553924018,2.374717029472754,1.6925731952155514,1.0821832676982948,1.8583559180959792,1.668849686467567
2010-03-05,513.4,VNINDEX,50.75,2.445918255984858,2.2221439248316295,0.29259749735023793,0.08561329545562249,2.155474463201934,2.374717029472754,1.6925731952155514,1.0821832676982948,1.8583559180959792
2010-03-08,521.1,VNINDEX,58.25,3.1626408149213088,1.4641434295485856,1.4886693478128963,2.216136427117674,2.2221439248316295,2.155474463201934,2.374717029472754,1.6925731952155514,1.0821832676982948
2010-03-09,527.3,VNINDEX,50.0,2.4243901480452457,2.179812084662512,1.1827684621255043,1.3989412349987307,1.4641434295485856,2.2221439248316295,2.155474463201934,2.374717029472754,1.6925731952155514
2010-03-10,525.7,VNINDEX,56.75,2.92297651796331,2.836669160309955,-0.30389387110215116,0.09235148489345087,2.179812084662512,1.4641434295485856,2.2221439248316295,2.155474463201934,2.374717029472754
2010-03-11,524.6,VNINDEX,51.5,2.547451831555803,2.6316061658547865,-0.20946403926291654,0.04387518374433664,2.836669160309955,2.179812084662512,1.4641434295485856,2.2221439248316295,2.155474463201934
2010-03-12,531.5,VNINDEX,47.25,2.146592512760366,2.5390069540931597,1.3067130349229201,1.7074989556374687,2.6316061658547865,2.836669160309955,2.179812084662512,1.4641434295485856,2.2221439248316295
2010-03-15,531.9,VNINDEX,58.75,3.0740495666238266,1.1704457925451848,0.07523039662692876,0.005659612576645014,2.5390069540931597,2.6316061658547865,2.836669160309955,2.179812084662512,1.4641434295485856
2010-03-16,516.1,VNINDEX,51.5,2.4381479669849697,1.884075270157242,-3.0154956593590323,9.093214071613165,1.1704457925451848,2.5390069540931597,2.6316061658547865,2.836669160309955,2.179812084662512
2010-03-17,510.9,VNINDEX,55.5,2.7719712027735404,2.7613895787941125,-1.0126668817929272,1.0254942134802103,1.884075270157242,1.1704457925451848,2.5390069540931597,2.6316061658547865,2.836669160309955
2010-03-18,519.7,VNINDEX,52.5,2.762835399948396,2.6576515232356357,1.7077845677644052,2.9165281298942562,2.7613895787941125,1.884075270157242,1.1704457925451848,2.5390069540931597,2.6316061658547865
2010-03-19,516.0,VNINDEX,47.5,2.141623674899033,2.558810092540323,-0.7144956532833536,0.5105040385608063,2.6576515232356357,2.7613895787941125,1.884075270157242,1.1704457925451848,2.5390069540931597
2010-03-22,511.6,VNINDEX,60.75,3.284206982040838,1.911402163003462,-0.8563695776875102,0.7333688535886845,2.558810092540323,2.6576515232356357,2.7613895787941125,1.884075270157242,1.1704457925451848
2010-03-23,506.5,VNINDEX,51.25,2.455549786080514,2.2738481585235797,-1.0018746015949587,1.0037527173210572,1.911402163003462,2.558810092540323,2.6576515232356357,2.7613895787941125,1.884075270157242
2010-03-24,512.1,VNINDEX,50.5,2.3220140234570357,2.6872569305261296,1.0995594779766484,1.2090310456082796,2.2738481585235797,1.911402163003462,2.558810092540323,2.6576515232356357,2.7613895787941125
2010-03-25,503.4,VNINDEX,45.75,2.092831960004976,2.290131923180842,-1.7134835767289227,2.936025967719742,2.6872569305261296,2.2738481585235797,1.911402163003462,2.558810092540323,2.6576515232356357
2010-03-26,505.3,VNINDEX,39.5,1.6255000189439304,2.0134486674686474,0.37672295966475283,0.14192018833857098,2.290131923180842,2.6872569305261296,2.2738481585235797,1.911402163003462,2.558810092540323
2010-03-29,505.7,VNINDEX,50.0,2.3911985902286945,1.236005354129616,0.07912957880743011,0.006261490242241293,2.0134486674686474,2.290131923180842,2.6872569305261296,2.2738481585235797,1.911402163003462
2010-03-30,500.7,VNINDEX,51.25,2.3847342359763326,2.025337987592018,-0.993648875003829,0.987338086796375,1.236005354129616,2.0134486674686474,2.290131923180842,2.6872569305261296,2.2738481585235797
2010-03-31,499.2,VNINDEX,42.25,1.7798838647822537,2.185272230329094,-0.3000302280681166,0.09001813775460604,2.025337987592018,1.236005354129616,2.0134486674686474,2.290131923180842,2.6872569305261296
2010-04-01,508.2,VNINDEX,44.5,1.8973914765284614,2.0206698590956824,1.78682538308459,3.1927449496353915,2.185272230329094,2.025337987592018,1.236005354129616,2.0134486674686474,2.290131923180842
2010-04-02,510.5,VNINDEX,40.5,1.7356871086517724,1.8043208166541627,0.45155667186565895,0.2039034279063904,2.0206698590956824,2.185272230329094,2.025337987592018,1.236005354129616,2.0134486674686474
2010-04-05,514.8,VNINDEX,52.25,2.5098955727389205,1.398274139482155,0.8387838117251223,0.7035582828121254,1.8043208166541627,2.0206698590956824,2.185272230329094,2.025337987592018,1.236005354129616
2010-04-06,515.3,VNINDEX,51.75,2.4204210993044297,1.9540645480817451,0.0970779612206966,0.009424130554767074,1.398274139482155,1.8043208166541627,2.0206698590956824,2.185272230329094,2.025337987592018
2010-04-07,515.8,VNINDEX,50.5,2.4566714233737854,2.462329365139045,0.09698381130657464,0.009405859655549275,1.9540645480817451,1.398274139482155,1.8043208166541627,2.0206698590956824,2.185272230329094
2010-04-08,515.9,VNINDEX,56.25,2.8666936023453706,2.5812620416745284,0.019385480335985278,0.00037579684785687186,2.462329365139045,1.9540645480817451,1.398274139482155,1.8043208166541627,2.0206698590956824
2010-04-09,517.4,VNINDEX,46.5,2.1511197380531946,2.49149492125745,0.2903321501324535,0.08429275740053352,2.5812620416745284,2.462329365139045,1.9540645480817451,1.398274139482155,1.8043208166541627
2010-04-12,519.9,VNINDEX,54.75,2.5711880023379363,1.2454490639781857,0.482021563774133,0.23234478794326058,2.49149492125745,2.5812620416745284,2.462329365139045,1.9540645480817451,1.398274139482155
2010-04-13,518.0,VNINDEX,50.5,2.41445247232258,1.9614825790728685,-0.36612431301870024,0.1340470125834152,1.2454490639781857,2.49149492125745,2.5812620416745284,2.462329365139045,1.9540645480817451
2010-04-14,516.2,VNINDEX,51.75,2.5904862742732697,2.5253755829779285,-0.3480954974969517,0.12117047537765029,1.9614825790728685,1.2454490639781857,2.49149492125745,2.5812620416745284,2.462329365139045
2010-04-15,521.5,VNINDEX,56.5,2.786314255616281,2.5970843340707104,1.0214987156313469,1.0434596260364912,2.5253755829779285,1.9614825790728685,1.2454490639781857,2.49149492125745,2.5812620416745284
2010-04-16,522.0,VNINDEX,54.0,2.81524405764727,2.7306815291789404,0.09583134418115972,0.009183646527567896,2.5970843340707104,2.5253755829779285,1.9614825790728685,1.2454490639781857,2.49149492125745
2010-04-19,516.7,VNINDEX,57.5,3.130570894398029,1.5143313304223405,-1.0205152589499744,1.0414513937497334,2.7306815291789404,2.5970843340707104,2.5253755829779285,1.9614825790728685,1.2454490639781857
2010-04-20,515.2,VNINDEX,56.75,2.9777909745412243,2.132905145422395,-0.29072605029950493,0.08452163632275027,1.5143313304223405,2.7306815291789404,2.5970843340707104,2.5253755829779285,1.9614825790728685
2010-04-21,519.7,VNINDEX,60.75,3.228365678991403,3.112242515976886,0.869654722425223,0.7562993362364917,2.132905145422395,1.5143313304223405,2.7306815291789404,2.5970843340707104,2.5253755829779285
2010-04-22,529.3,VNINDEX,51.25,2.554799410945173,2.920318688159267,1.8303656849545442,3.350238540659118,3.112242515976886,2.132905145422395,1.5143313304223405,2.7306815291789404,2.5970843340707104
2010-04-26,531.2,VNINDEX,55.25,2.737099831111705,1.9074980695402286,0.35832192982823907,0.12839460539583347,2.920318688159267,3.112242515976886,2.132905145422395,1.5143313304223405,2.7306815291789404
2010-04-27,535.7,VNINDEX,50.5,2.5114858799517,2.418429735518573,0.8435704724690631,0.7116111420216784,1.9074980695402286,2.920318688159267,3.112242515976886,2.132905145422395,1.5143313304223405
2010-04-28,539.2,VNINDEX,49.25,2.400320774285099,2.549635495116168,0.6512256711182568,0.42409487472342394,2.418429735518573,1.9074980695402286,2.920318688159267,3.112242515976886,2.132905145422395
2010-04-29,542.4,VNINDEX,44.5,2.0502661872070167,2.320690947147939,0.5917177028088518,0.3501298398173847,2.549635495116168,2.418429735518573,1.9074980695402286,2.920318688159267,3.112242515976886
2010-05-04,549.1,VNINDEX,56.0,2.843390889738723,1.1360323102894405,1.2276837658641193,1.5072074289663058,2.320690947147939,2.549635495116168,2.418429735518573,1.9074980695402286,2.920318688159267
2010-05-05,548.0,VNINDEX,56.5,3.02838435145332,2.1499366682751715,-0.20052873368114976,0.040211773031765485,1.1360323102894405,2.320690947147939,2.549635495116168,2.418429735518573,1.9074980695402286
2010-05-06,549.5,VNINDEX,59.75,3.209590191677584,3.027121810956543,0.2733486895660419,0.07471950608747235,2.1499366682751715,1.1360323102894405,2.320690947147939,2.549635495116168,2.418429735518573
2010-05-07,542.0,VNINDEX,51.75,2.470965645703764,2.9029800629448896,-1.3742772404029793,1.8886379334896282,3.027121810956543,2.1499366682751715,1.1360323102894405,2.320690947147939,2.549635495116168
2010-05-10,534.4,VNINDEX,66.0,3.803578985892246,2.2350781296605233,-1.4121379217210273,1.994133509962582,2.9029800629448896,3.027121810956543,2.1499366682751715,1.1360323102894405,2.320690947147939
2010-05-11,534.4,VNINDEX,63.25,3.5213489161362883,2.9911758110556246,0.0,0.0,2.2350781296605233,2.9029800629448896,3.027121810956543,2.1499366682751715,1.1360323102894405
2010-05-12,519.6,VNINDEX,55.5,2.750348304012177,3.3584254020135713,-2.808533742599142,7.887861783317943,2.9911758110556246,2.2350781296605233,2.9029800629448896,3.027121810956543,2.1499366682751715
2010-05-13,518.9,VNINDEX,55.0,2.8151004363127576,3.0289325521537416,-0.1348098422750662,0.01817369357422823,3.3584254020135713,2.9911758110556246,2.2350781296605233,2.9029800629448896,3.027121810956543
2010-05-14,520.7,VNINDEX,49.5,2.3635122736637304,2.6429870046628885,0.3462873795159645,0.11991494921203363,3.0289325521537416,3.3584254020135713,2.9911758110556246,2.2350781296605233,2.9029800629448896
2010-05-17,511.3,VNINDEX,55.25,2.7553171418735105,1.4014232170292884,-1.821755808289989,3.318794225038311,2.6429870046628885,3.0289325521537416,3.3584254020135713,2.9911758110556246,2.2350781296605233
2010-05-18,508.3,VNINDEX,48.25,2.206722628946367,2.036900345661212,-0.5884677633096776,0.3462943084546948,1.4014232170292884,2.6429870046628885,3.0289325521537416,3.3584254020135713,2.9911758110556246
2010-05-19,494.9,VNINDEX,52.75,2.6038024806444895,2.5219474171547893,-2.6716102495016507,7.1375013252422725,2.036900345661212,1.4014232170292884,2.6429870046628885,3.0289325521537416,3.3584254020135713
2010-05-20,503.6,VNINDEX,52.0,2.5502721856523443,2.4535990984144003,1.742658021235187,3.0368569789753375,2.5219474171547893,2.036900345661212,1.4014232170292884,2.6429870046628885,3.0289325521537416
2010-05-21,483.7,VNINDEX,49.0,2.2398193959411676,2.464631354079334,-4.03174223412546,16.254945442430955,2.4535990984144003,2.5219474171547893,2.036900345661212,1.4014232170292884,2.6429870046628885
2010-05-24,486.2,VNINDEX,43.75,1.9112711436409398,1.611884059942304,0.5155182053085404,0.26575902000453844,2.464631354079334,2.4535990984144003,2.5219474171547893,2.036900345661212,1.4014232170292884
2010-05-25,486.3,VNINDEX,50.5,2.4840786516627427,1.8548374409785102,0.020565552771724453,0.0004229419608065833,1.611884059942304,2.464631354079334,2.4535990984144003,2.5219474171547893,2.036900345661212
2010-05-26,492.7,VNINDEX,53.75,2.748370498932901,2.3812400980788615,1.3074752140177293,1.709491435270707,1.8548374409785102,1.611884059942304,2.464631354079334,2.4535990984144003,2.5219474171547893
2010-05-27,497.2,VNINDEX,35.0,1.174957605724409,2.1358022521066844,0.90918900866387,0.8266246534751907,2.3812400980788615,1.8548374409785102,1.611884059942304,2.464631354079334,2.4535990984144003
2010-05-28,513.0,VNINDEX,48.75,2.4364763075327036,2.1199348040633383,3.128348553421343,9.786564671693409,2.1358022521066844,2.3812400980788615,1.8548374409785102,1.611884059942304,2.464631354079334
2010-05-31,507.4,VNINDEX,49.0,2.2936070060475613,1.3502247465216,-1.0976198005588058,1.2047692265787526,2.1199348040633383,2.1358022521066844,2.3812400980788615,1.8548374409785102,1.611884059942304
2010-06-01,508.7,VNINDEX,46.25,2.164089122677661,1.6017160344457853,0.25588046635377876,0.0654748130614273,1.3502247465216,2.1199348040633383,2.1358022521066844,2.3812400980788615,1.8548374409785102
2010-06-02,510.7,VNINDEX,54.5,2.803090164689065,2.420262097804763,0.39238818248788143,0.15396848575614294,1.6017160344457853,1.3502247465216,2.1199348040633383,2.1358022521066844,2.3812400980788615
2010-06-03,511.2,VNINDEX,48.0,2.2457473468032743,2.404308878056667,0.09785694097267796,0.009575980896530178,2.420262097804763,1.6017160344457853,1.3502247465216,2.1199348040633383,2.1358022521066844
2010-06-04,510.4,VNINDEX,46.75,2.279618929344593,2.4428188136123112,-0.15661710327449463,0.024528917038093716,2.404308878056667,2.420262097804763,1.6017160344457853,1.3502247465216,2.1199348040633383
2010-06-07,496.9,VNINDEX,49.75,2.349353518275246,1.6813585555655441,-2.680593342230521,7.185580666410594,2.4428188136123112,2.404308878056667,2.420262097804763,1.6017160344457853,1.3502247465216
2010-06-08,497.2,VNINDEX,46.5,2.0222466676640396,1.7904907847162708,0.06035610282811615,0.00364285914859813,1.6813585555655441,2.4428188136123112,2.404308878056667,2.420262097804763,1.6017160344457853
2010-06-09,497.6,VNINDEX,47.0,2.125180968804262,2.1655937182478495,0.08041817884136417,0.006467083488161631,1.7904907847162708,1.6813585555655441,2.4428188136123112,2.404308878056667,2.420262097804763
2010-06-10,500.5,VNINDEX,43.0,1.7741672687254066,1.973864968397903,0.5811057330305516,0.3376838729609747,2.1655937182478495,1.7904907847162708,1.6813585555655441,2.4428188136123112,2.404308878056667
2010-06-11,504.3,VNINDEX,46.0,2.125487114431272,2.008278450653647,0.7563730327404393,0.5721001646569697,1.973864968397903,2.1655937182478495,1.7904907847162708,1.6813585555655441,2.4428188136123112
2010-06-14,508.3,VNINDEX,46.0,2.048022912620474,0.7807144769710228,0.790049537017723,0.6241782709419184,2.008278450653647,1.973864968397903,2.1655937182478495,1.7904907847162708,1.6813585555655441
2010-06-15,508.0,VNINDEX,43.25,1.9711032685929493,1.389051668279829,-0.05903768743749242,0.0034854485379670506,0.7807144769710228,2.008278450653647,1.973864968397903,2.1655937182478495,1.7904907847162708
2010-06-16,510.7,VNINDEX,41.5,1.8152239063635973,1.9447833625256736,0.5300886075116281,0.2809939318136169,1.389051668279829,0.7807144769710228,2.008278450653647,1.973864968397903,2.1655937182478495
2010-06-17,510.8,VNINDEX,43.5,1.9296998092080049,1.9053423280548505,0.019579050478607998,0.00038333921764388003,1.9447833625256736,1.389051668279829,0.7807144769710228,2.008278450653647,1.973864968397903
2010-06-18,511.2,VNINDEX,35.0,1.1029526848562097,1.6159588001426042,0.07827789049407663,0.006127428140202652,1.9053423280548505,1.9447833625256736,1.389051668279829,0.7807144769710228,2.008278450653647
2010-06-21,514.8,VNINDEX,43.25,1.9220731415426286,1.4686553347384184,0.701757265864654,0.49246326019383474,1.6159588001426042,1.9053423280548505,1.9447833625256736,1.389051668279829,0.7807144769710228
2010-06-22,512.6,VNINDEX,48.0,2.318941638435492,1.8357983375644484,-0.4282661792000736,0.18341192024662956,1.4686553347384184,1.6159588001426042,1.9053423280548505,1.9447833625256736,1.389051668279829
2010-06-23,512.8,VNINDEX,43.5,1.9388897267351566,2.059968168904426,0.03900916764893756,0.0015217151606629169,1.8357983375644484,1.4686553347384184,1.6159588001426042,1.9053423280548505,1.9447833625256736
2010-06-24,511.7,VNINDEX,47.0,2.11496420480559,2.12426518999208,-0.21473897954141116,0.0461128293344866,2.059968168904426,1.8357983375644484,1.4686553347384184,1.6159588001426042,1.9053423280548505
2010-06-25,505.1,VNINDEX,41.75,1.8660963715516996,1.973316767697482,-1.2982086337039214,1.6853456566234022,2.12426518999208,2.059968168904426,1.8357983375644484,1.4686553347384184,1.6159588001426042
2010-06-28,507.3,VNINDEX,44.75,1.9336147432468134,2.4916382163217863,0.43461150986374386,0.18888716450604312,1.973316767697482,2.12426518999208,2.059968168904426,1.8357983375644484,1.4686553347384184
2010-06-29,510.7,VNINDEX,43.0,1.848225882536647,1.9307293738105318,0.6679789080953797,0.44619582166029575,2.4916382163217863,1.973316767697482,2.12426518999208,2.059968168904426,1.8357983375644484
2010-06-30,507.1,VNINDEX,48.25,2.0719027047371195,1.9512477768401935,-0.7074110852624741,0.5004304435522314,1.9307293738105318,2.4916382163217863,1.973316767697482,2.12426518999208,2.059968168904426
2010-07-01,504.0,VNINDEX,43.75,1.8801332787674299,1.9334206220137324,-0.6131954729604836,0.37600868805923116,1.9512477768401935,1.9307293738105318,2.4916382163217863,1.973316767697482,2.12426518999208
2010-07-02,503.7,VNINDEX,44.0,1.84878405908866,1.9336066808644032,-0.05954153197637867,0.003545194030094123,1.9334206220137324,1.9512477768401935,1.9307293738105318,2.4916382163217863,1.973316767697482
2010-07-05,506.5,VNINDEX,39.5,1.7450206475134364,1.1144789984058479,0.5543470937133311,0.3073007003084167,1.9336066808644032,1.9334206220137324,1.9512477768401935,1.9307293738105318,2.4916382163217863
2010-07-06,500.8,VNINDEX,40.5,1.7321189963597172,1.3616110215917143,-1.1317503902849237,1.2808589459100772,1.1144789984058479,1.9336066808644032,1.9334206220137324,1.9512477768401935,1.9307293738105318
2010-07-07,496.9,VNINDEX,39.25,1.6893906992692607,1.7221767810474713,-0.7818021177613902,0.6112145513361946,1.3616110215917143,1.1144789984058479,1.9336066808644032,1.9334206220137324,1.9512477768401935
2010-07-08,498.6,VNINDEX,44.5,2.0034522773922356,1.8083206576737376,0.3415372481182654,0.11664769185219759,1.7221767810474713,1.3616110215917143,1.1144789984058479,1.9336066808644032,1.9334206220137324
2010-07-09,499.5,VNINDEX,41.5,1.7636525134927425,1.818831830051413,0.18034269991507268,0.03252348941265795,1.8083206576737376,1.7221767810474713,1.3616110215917143,1.1144789984058479,1.9336066808644032
2010-07-12,499.9,VNINDEX,27.25,0.6249434642700026,0.7288594562345817,0.080048033091636,0.0064076876018396515,1.818831830051413,1.8083206576737376,1.7221767810474713,1.3616110215917143,1.1144789984058479
2010-07-13,509.1,VNINDEX,46.25,2.0076462997070506,1.1199093085282612,1.8236382488765812,3.3256564627656435,0.7288594562345817,1.818831830051413,1.8083206576737376,1.7221767810474713,1.3616110215917143
2010-07-14,507.3,VNINDEX,40.5,1.7322815206522149,1.4549570948764228,-0.3541916335645998,0.12545171328715976,1.1199093085282612,0.7288594562345817,1.818831830051413,1.8083206576737376,1.7221767810474713
2010-07-15,505.2,VNINDEX,40.75,1.8321841128906375,1.8573706444166345,-0.41481540963083424,0.17207182406719682,1.4549570948764228,1.1199093085282612,0.7288594562345817,1.818831830051413,1.8083206576737376
2010-07-16,506.2,VNINDEX,37.0,1.4270089236076307,1.6638248523834944,0.1977457634687678,0.03910338696984586,1.8573706444166345,1.4549570948764228,1.1199093085282612,0.7288594562345817,1.818831830051413
2010-07-19,506.8,VNINDEX,45.0,2.016326871194951,0.6682759902320692,0.1184600335960279,0.01403277955957206,1.6638248523834944,1.8573706444166345,1.4549570948764228,1.1199093085282612,0.7288594562345817
2010-07-20,506.6,VNINDEX,36.0,1.4320725522907143,1.1707654968787762,-0.03947108794090995,0.0015579667832390468,0.6682759902320692,1.6638248523834944,1.8573706444166345,1.4549570948764228,1.1199093085282612
2010-07-21,505.4,VNINDEX,40.75,1.8117505848932927,1.7533833361263196,-0.23715426134811235,0.056242143675568776,1.1707654968787762,0.6682759902320692,1.6638248523834944,1.8573706444166345,1.4549570948764228
2010-07-22,500.3,VNINDEX,38.5,1.538989520940493,1.5942708860415005,-1.0142276459934443,1.0286577178974032,1.7533833361263196,1.1707654968787762,0.6682759902320692,1.6638248523834944,1.8573706444166345
2010-07-23,500.3,VNINDEX,36.0,1.491319443339707,1.614019849724498,0.0,0.0,1.5942708860415005,1.7533833361263196,1.1707654968787762,0.6682759902320692,1.6638248523834944
2010-07-26,498.1,VNINDEX,36.5,1.3879164722799764,0.8420394001830545,-0.4407058414921638,0.1942216387253162,1.614019849724498,1.5942708860415005,1.7533833361263196,1.1707654968787762,0.6682759902320692
2010-07-27,497.7,VNINDEX,43.0,1.9529347883439052,1.5091385357837583,-0.08033742147292422,0.0064541012889182655,0.8420394001830545,1.614019849724498,1.5942708860415005,1.7533833361263196,1.1707654968787762
2010-07-28,491.0,VNINDEX,31.25,1.0900185119757655,1.4769565908665494,-1.3553358069987844,1.8369351497330462,1.5091385357837583,0.8420394001830545,1.614019849724498,1.5942708860415005,1.7533833361263196
2010-07-29,491.1,VNINDEX,36.53917239434453,1.4271670473012221,1.4900401158736312,0.020364525067827967,0.0004147138812381937,1.4769565908665494,1.5091385357837583,0.8420394001830545,1.614019849724498,1.5942708860415005
2010-07-30,493.9,VNINDEX,41.076662261417965,1.7569944221308074,1.4247266604692654,0.568529450138009,0.3232257356742269,1.4900401158736312,1.4769565908665494,1.5091385357837583,0.8420394001830545,1.614019849724498
2010-08-02,491.6,VNINDEX,44.10215160293798,1.9830836601204402,0.8882792987557058,-0.46676898546993245,0.21787328579663,1.4247266604692654,1.4900401158736312,1.4769565908665494,1.5091385357837583,0.8420394001830545
2010-08-03,491.9,VNINDEX,37.822989488931334,1.4536501843128822,1.162713889997848,0.06100661094143119,0.0037218065785591522,0.8882792987557058,1.4247266604692654,1.4900401158736312,1.4769565908665494,1.5091385357837583
2010-08-04,486.7,VNINDEX,38.12199866261606,1.6018432961402314,1.679525713524518,-1.0627526961885505,1.1294432932560334,1.162713889997848,0.8882792987557058,1.4247266604692654,1.4900401158736312,1.4769565908665494
2010-08-05,486.2,VNINDEX,34.043578403599405,1.228230445264899,1.4279079752393378,-0.10278549573855796,0.010564858134221115,1.679525713524518,1.162713889997848,0.8882792987557058,1.4247266604692654,1.4900401158736312
2010-08-06,482.8,VNINDEX,27.921399698340878,0.6202887908682639,1.1501208440911317,-0.7017572658646535,0.49246326019383396,1.4279079752393378,1.679525713524518,1.162713889997848,0.8882792987557058,1.4247266604692654
2010-08-09,472.7,VNINDEX,40.2085059797726,1.5767418057562388,0.5012595935794885,-2.1141551424185816,4.469651966214933,1.1501208440911317,1.4279079752393378,1.679525713524518,1.162713889997848,0.8882792987557058
2010-08-10,461.7,VNINDEX,38.71366153504331,1.48047329249123,1.0155706915450122,-2.35456082862474,5.543956695694023,0.5012595935794885,1.1501208440911317,1.4279079752393378,1.679525713524518,1.162713889997848
2010-08-11,463.1,VNINDEX,38.19779501706981,1.64960885834862,1.5689413188653631,0.3027683973763229,0.09166870244982696,1.0155706915450122,0.5012595935794885,1.1501208440911317,1.4279079752393378,1.679525713524518
2010-08-12,448.4,VNINDEX,43.189403086665045,1.8966153092060796,1.67556582001531,-3.225732228870151,10.405348412371593,1.5689413188653631,1.0155706915450122,0.5012595935794885,1.1501208440911317,1.4279079752393378
2010-08-13,452.7,VNINDEX,40.73913807955084,1.7244767480638168,1.7569003052061722,0.9543963243908058,0.9108723440106802,1.67556582001531,1.5689413188653631,1.0155706915450122,0.5012595935794885,1.1501208440911317
2010-08-16,464.8,VNINDEX,42.75930074902046,1.8936875157740698,1.239475209630356,2.637755109578872,6.957752018109447,1.7569003052061722,1.67556582001531,1.5689413188653631,1.0155706915450122,0.5012595935794885
2010-08-17,463.5,VNINDEX,41.92081007438931,1.911719931710107,1.551894349568524,-0.28008205317915996,0.07844595651305379,1.239475209630356,1.7569003052061722,1.67556582001531,1.5689413188653631,1.0155706915450122
2010-08-18,455.5,VNINDEX,42.55934044325946,1.7604127643131566,1.8552734039324448,-1.7410668305896888,3.0313137085796242,1.551894349568524,1.239475209630356,1.7569003052061722,1.67556582001531,1.5689413188653631
2010-08-19,452.2,VNINDEX,39.7132542439508,1.6134258281234617,1.7618528413822423,-0.7271156856143564,0.5286972202664355,1.8552734039324448,1.551894349568524,1.239475209630356,1.7569003052061722,1.67556582001531
2010-08-20,454.8,VNINDEX,25.929009049773757,0.5590651959752668,1.3109679294706287,0.5733202032511506,0.32869605545594066,1.7618528413822423,1.8552734039324448,1.551894349568524,1.239475209630356,1.7569003052061722
2010-08-23,447.9,VNINDEX,38.606202560257046,1.5664406512635256,0.7923723428110971,-1.52877686631266,2.3371587069727564,1.3109679294706287,1.7618528413822423,1.8552734039324448,1.551894349568524,1.239475209630356
2010-08-24,434.4,VNINDEX,38.47099077076898,1.4822128395015182,1.2568335437197113,-3.0604224593528717,9.36618562971148,0.7923723428110971,1.3109679294706287,1.7618528413822423,1.8552734039324448,1.551894349568524
2010-08-25,423.89,VNINDEX,42.23817797461107,1.8014064006179837,1.6166866304610097,-2.449178100884411,5.998473369851769,1.2568335437197113,0.7923723428110971,1.3109679294706287,1.7618528413822423,1.8552734039324448
2010-08-26,427.1,VNINDEX,44.96955192937929,2.1049619678577876,1.7961937359924303,0.7544190236539309,0.5691480632509504,1.6166866304610097,1.2568335437197113,0.7923723428110971,1.3109679294706287,1.7618528413822423
2010-08-27,429.1,VNINDEX,35.41537732172843,1.33312131785056,1.7464965621087774,0.4671814150058104,0.21825847452683125,1.7961937359924303,1.6166866304610097,1.2568335437197113,0.7923723428110971,1.3109679294706287
2010-08-30,444.6,VNINDEX,40.75172443054363,1.6664601659312908,1.057555634975731,3.54850095326172,12.591859015299336,1.7464965621087774,1.7961937359924303,1.6166866304610097,1.2568335437197113,0.7923723428110971
2010-08-31,455.1,VNINDEX,46.433929003285776,2.180262959808468,1.5367503855727775,2.334217349250011,5.448570633539747,1.057555634975731,1.7464965621087774,1.7961937359924303,1.6166866304610097,1.2568335437197113
2010-09-01,458.8,VNINDEX,37.800855400168345,1.5806289347280111,1.809117353489257,0.8097210232619303,0.6556481355123475,1.5367503855727775,1.057555634975731,1.7464965621087774,1.7961937359924303,1.6166866304610097
2010-09-06,466.0,VNINDEX,46.283797982387554,2.2768286216178706,0.7637274075898305,1.5571248870430325,2.424637913848777,1.809117353489257,1.5367503855727775,1.057555634975731,1.7464965621087774,1.7961937359924303
2010-09-07,460.6,VNINDEX,41.80388018663556,1.8178174678968162,1.3444438373029244,-1.1655646739060996,1.3585410090578325,0.7637274075898305,1.809117353489257,1.5367503855727775,1.057555634975731,1.7464965621087774
2010-09-08,458.4,VNINDEX,49.59430607719226,2.330406774190058,2.141684287901582,-0.47878219860551147,0.22923239370152743,1.3444438373029244,0.7637274075898305,1.809117353489257,1.5367503855727775,1.057555634975731
2010-09-09,463.7,VNINDEX,41.25115241049569,1.672645280570273,1.940289840885716,1.149562599688531,1.3214941706026537,2.141684287901582,1.3444438373029244,0.7637274075898305,1.809117353489257,1.5367503855727775
2010-09-10,451.4,VNINDEX,44.44732993646359,1.856341306411478,1.9531311203906032,-2.688392701397989,7.2274553169299764,1.940289840885716,2.141684287901582,1.3444438373029244,0.7637274075898305,1.809117353489257
2010-09-13,447.3,VNINDEX,47.073901853964514,2.2832605763547447,1.0936897502546663,-0.9124353944632821,0.8325383490693653,1.9531311203906032,1.940289840885716,2.141684287901582,1.3444438373029244,0.7637274075898305
2010-09-14,449.0,VNINDEX,45.569166408162744,2.157988993719335,1.5056392496105382,0.3793377303451733,0.14389711366342742,1.0936897502546663,1.9531311203906032,1.940289840885716,2.141684287901582,1.3444438373029244
2010-09-15,448.7,VNINDEX,43.92998252428014,1.8955880837597352,2.1122792179446055,-0.06683747603166872,0.00446724820228389,1.5056392496105382,1.0936897502546663,1.9531311203906032,1.940289840885716,2.141684287901582
2010-09-16,449.5,VNINDEX,31.43908295625943,0.8609564180576454,1.6381778318455722,0.17813409297372632,0.03173175507957217,2.1122792179446055,1.5056392496105382,1.0936897502546663,1.9531311203906032,1.940289840885716
2010-09-17,457.6,VNINDEX,30.618530920060334,0.7713489442893959,1.1759644820355926,1.7859586153913236,3.1896481758904938,1.6381778318455722,2.1122792179446055,1.5056392496105382,1.0936897502546663,1.9531311203906032
2010-09-20,457.9,VNINDEX,42.45190067467388,1.7841721253684049,0.8694522812230938,0.06553795974615957,0.0042952241676892326,1.1759644820355926,1.6381778318455722,2.1122792179446055,1.5056392496105382,1.0936897502546663
2010-09-21,453.3,VNINDEX,41.48505059840454,1.73603421276276,1.4185206065521219,-1.0096661716246136,1.0194257781231038,0.8694522812230938,1.1759644820355926,1.6381778318455722,2.1122792179446055,1.5056392496105382
2010-09-22,453.9,VNINDEX,38.83363003601964,1.5853213424545969,1.7018425601952538,0.13227515156163097,0.017496715720652443,1.4185206065521219,0.8694522812230938,1.1759644820355926,1.6381778318455722,2.1122792179446055
2010-09-23,450.8,VNINDEX,41.94562030687193,1.759929527509098,1.693761694242152,-0.6853127296798628,0.4696535374612647,1.7018425601952538,1.4185206065521219,0.8694522812230938,1.1759644820355926,1.6381778318455722
2010-09-24,449.7,VNINDEX,42.87209280504531,1.820304847147061,1.7218519057035855,-0.2443088388959549,0.05968680876268964,1.693761694242152,1.7018425601952538,1.4185206065521219,0.8694522812230938,1.1759644820355926
2010-09-27,450.2,VNINDEX,31.170140271493217,0.8223895830427633,0.7632381943804609,0.111123469597023,0.012348425495280495,1.7218519057035855,1.693761694242152,1.7018425601952538,1.4185206065521219,0.8694522812230938
2010-09-28,455.1,VNINDEX,39.60433358115528,1.5072964006695777,1.0530290648960678,1.0825246549964493,1.1718596286751817,0.7632381943804609,1.7218519057035855,1.693761694242152,1.7018425601952538,1.4185206065521219
2010-09-29,452.9,VNINDEX,43.632091775302406,1.8415265205055626,1.390404168072635,-0.48458244604281536,0.23482014701283807,1.0530290648960678,0.7632381943804609,1.7218519057035855,1.693761694242152,1.7018425601952538
2010-09-30,454.5,VNINDEX,39.361643610680275,1.5712439453969136,1.6400222888573515,0.35265630553653904,0.12436646983468078,1.390404168072635,1.0530290648960678,0.7632381943804609,1.7218519057035855,1.693761694242152
2010-10-01,451.7,VNINDEX,27.25397888386124,0.5694772368747825,1.3274159009257533,-0.6179670956975114,0.3818833313648172,1.6400222888573515,1.390404168072635,1.0530290648960678,0.7632381943804609,1.7218519057035855
2010-10-04,445.8,VNINDEX,40.635893761296195,1.7288972484082232,0.940485553961934,-1.31478217087899,1.7286521568612696,1.3274159009257533,1.6400222888573515,1.390404168072635,1.0530290648960678,0.7632381943804609
2010-10-05,451.0,VNINDEX,31.58234238310709,0.8085412707449652,0.8374666429877673,1.159691855090984,1.344885198764368,0.940485553961934,1.3274159009257533,1.6400222888573515,1.390404168072635,1.0530290648960678
2010-10-06,460.7,VNINDEX,39.637438683296374,1.6278682636321204,1.3884355942617699,2.1279732439192927,4.528270126836397,0.8374666429877673,0.940485553961934,1.3274159009257533,1.6400222888573515,1.390404168072635
2010-10-07,462.1,VNINDEX,45.42326924999679,2.1107997993838006,1.5157364445869623,0.3034245934349569,0.09206648390116891,1.3884355942617699,0.8374666429877673,0.940485553961934,1.3274159009257533,1.6400222888573515
2010-10-08,459.3,VNINDEX,26.804457013574662,0.544300544637927,1.427656202551283,-0.6077726544472999,0.369387599493917,1.5157364445869623,1.3884355942617699,0.8374666429877673,0.940485553961934,1.3274159009257533
2010-10-11,459.3,VNINDEX,26.239123680241327,0.5193529371609571,0.404861045069392,0.0,0.0,1.427656202551283,1.5157364445869623,1.3884355942617699,0.8374666429877673,0.940485553961934
2010-10-12,454.3,VNINDEX,43.22216492550387,1.919221934515619,0.7376796942104631,-1.0945818566390109,1.1981094408833042,0.404861045069392,1.427656202551283,1.5157364445869623,1.3884355942617699,0.8374666429877673
2010-10-13,457.7,VNINDEX,39.92967229393392,1.509171901370956,1.3159155910158442,0.7456174894238804,0.5559454405347704,0.7376796942104631,0.404861045069392,1.427656202551283,1.5157364445869623,1.3884355942617699
2010-10-14,458.7,VNINDEX,37.97729675395981,1.3999536595096846,1.6094491651320868,0.21824539435299928,0.04763105215629617,1.3159155910158442,0.7376796942104631,0.404861045069392,1.427656202551283,1.5157364445869623
2010-10-15,458.4,VNINDEX,35.205487602493605,1.2952594924533405,1.4014616844446608,-0.0654236202596486,0.004280250087878702,1.6094491651320868,1.3159155910158442,0.7376796942104631,0.404861045069392,1.427656202551283
2010-10-18,457.6,VNINDEX,39.448526215716186,1.4933121346806901,0.7935236270972181,-0.17467253349415374,0.03051049395726626,1.4014616844446608,1.6094491651320868,1.3159155910158442,0.7376796942104631,0.404861045069392
2010-10-19,454.3,VNINDEX,42.59629773242921,1.763680528911854,1.0476779513046883,-0.7237667300230501,0.5238382794882588,0.7935236270972181,1.4014616844446608,1.6094491651320868,1.3159155910158442,0.7376796942104631
2010-10-20,442.2,VNINDEX,37.011946778101084,1.4194965376961248,1.55882973376289,-2.6995504342011754,7.287572546795754,1.0476779513046883,0.7935236270972181,1.4014616844446608,1.6094491651320868,1.3159155910158442
2010-10-21,445.1,VNINDEX,31.82768929110106,0.7819900699487968,1.3217223788522587,0.6536707598462854,0.42728546227802017,1.55882973376289,1.0476779513046883,0.7935236270972181,1.4014616844446608,1.6094491651320868
2010-10-22,445.2,VNINDEX,39.069085942941136,1.5297670722880277,1.2437512266443167,0.02246433795810284,0.0005046464798958601,1.3217223788522587,1.55882973376289,1.0476779513046883,0.7935236270972181,1.4014616844446608
2010-10-25,448.6,VNINDEX,37.2614699302253,1.4358144739061613,0.9117735987713071,0.7608002684718255,0.5788170485068017,1.2437512266443167,1.3217223788522587,1.55882973376289,1.0476779513046883,0.7935236270972181
2010-10-26,455.1,VNINDEX,35.24436508017895,1.2153412946289375,0.895322088226299,1.4385552936488335,2.0694413328850816,0.9117735987713071,1.2437512266443167,1.3217223788522587,1.55882973376289,1.0476779513046883
2010-10-27,450.0,VNINDEX,34.07529864253394,0.9078735311330736,1.1863430998893914,-1.126959225823088,1.2700370966677739,0.895322088226299,0.9117735987713071,1.2437512266443167,1.3217223788522587,1.55882973376289
2010-10-28,450.1,VNINDEX,40.559754143540175,1.5831664485468315,1.2354604247696144,0.022219753452169047,0.0004937174434751783,1.1863430998893914,0.895322088226299,0.9117735987713071,1.2437512266443167,1.3217223788522587
2010-10-29,452.6,VNINDEX,39.99440160400617,1.620426838786909,1.3704889394889381,0.5538952900549976,0.3067999923451099,1.2354604247696144,1.1863430998893914,0.895322088226299,0.9117735987713071,1.2437512266443167
2010-11-01,451.1,VNINDEX,38.03788823230316,1.3439234644853384,0.9962841109923503,-0.3319688785086773,0.11020333629830895,1.3704889394889381,1.2354604247696144,1.1863430998893914,0.895322088226299,0.9117735987713071
2010-11-02,446.3,VNINDEX,39.16284014202761,1.4076847470750822,1.1563927057491585,-1.0697672779126028,1.14440202889254,0.9962841109923503,1.3704889394889381,1.2354604247696144,1.1863430998893914,0.895322088226299
2010-11-03,444.2,VNINDEX,47.55322377467003,2.0712663168828747,1.607624842814432,-0.4716460174897166,0.22244996581391002,1.1563927057491585,0.9962841109923503,1.3704889394889381,1.2354604247696144,1.1863430998893914
2010-11-04,449.0,VNINDEX,38.12057538700815,1.2853305144799574,1.588093859479305,1.0747976281927298,1.1551899415687175,1.607624842814432,1.1563927057491585,0.9962841109923503,1.3704889394889381,1.2354604247696144
2010-11-05,457.3,VNINDEX,45.69192629006277,1.8647774035945384,1.740458078319124,1.831674292175528,3.3550307126167214,1.588093859479305,1.607624842814432,1.1563927057491585,0.9962841109923503,1.3704889394889381
2010-11-08,457.1,VNINDEX,44.72967254602865,1.7086418747799124,1.0074192665326662,-0.043744532631082786,0.0019135841351118666,1.740458078319124,1.588093859479305,1.607624842814432,1.1563927057491585,0.9962841109923503
2010-11-09,449.4,VNINDEX,47.940673272403316,2.022584415634944,1.3233234189374126,-1.6988825586469973,2.8862019480749685,1.0074192665326662,1.740458078319124,1.588093859479305,1.607624842814432,1.1563927057491585
2010-11-10,451.3,VNINDEX,42.72475316507078,1.5188108688683002,1.750012386427719,0.4218947081726685,0.1779951447841011,1.3233234189374126,1.0074192665326662,1.740458078319124,1.588093859479305,1.607624842814432
2010-11-11,446.7,VNINDEX,41.20779383777918,1.487313108301373,1.676236130934873,-1.024507847488255,1.0496163295650176,1.750012386427719,1.3233234189374126,1.0074192665326662,1.740458078319124,1.588093859479305
2010-11-12,441.6,VNINDEX,41.93580613060217,1.4820944672705085,1.4960728148133944,-1.1482733395187352,1.3185316622495087,1.676236130934873,1.750012386427719,1.3233234189374126,1.0074192665326662,1.740458078319124
2010-11-15,433.5,VNINDEX,43.673302133405116,1.6388314312422763,1.3122787832725389,-1.8512698742289082,3.4272001472275178,1.4960728148133944,1.676236130934873,1.750012386427719,1.3233234189374126,1.0074192665326662
2010-11-16,426.9,VNINDEX,45.50035688496362,1.692824930711941,1.4746781676688934,-1.5342002456680177,2.353770393807806,1.3122787832725389,1.4960728148133944,1.676236130934873,1.750012386427719,1.3233234189374126
2010-11-17,425.5,VNINDEX,45.28927191621909,1.8096635476097338,1.7137733031879838,-0.32848457504875445,0.10790211604496079,1.4746781676688934,1.3122787832725389,1.4960728148133944,1.676236130934873,1.750012386427719
2010-11-18,430.7,VNINDEX,45.231375787796054,1.778674091131153,1.7603875231509427,1.2146844046635994,1.4754582029329628,1.7137733031879838,1.4746781676688934,1.3122787832725389,1.4960728148133944,1.676236130934873
2010-11-19,426.5,VNINDEX,43.43752216938203,1.534212466038795,1.7075167015932275,-0.979942512833101,0.9602873284576523,1.7603875231509427,1.7137733031879838,1.4746781676688934,1.3122787832725389,1.4960728148133944
2010-11-22,426.2,VNINDEX,45.00930059947274,1.7101700923683216,1.3982436467700987,-0.07036472672170961,0.004951194766620874,1.7075167015932275,1.7603875231509427,1.7137733031879838,1.4746781676688934,1.3122787832725389
2010-11-23,430.8,VNINDEX,45.72091276667564,1.7558561363997343,1.4879978673062944,1.0735225617716817,1.1524506906328342,1.3982436467700987,1.7075167015932275,1.7603875231509427,1.7137733031879838,1.4746781676688934
2010-11-24,434.5,VNINDEX,45.02032923145288,1.7710967125948516,1.7457076471209696,0.8551999423213249,0.7313669413463975,1.4879978673062944,1.3982436467700987,1.7075167015932275,1.7603875231509427,1.7137733031879838
2010-11-25,439.9,VNINDEX,45.08663546673845,1.7012004499347007,1.7427177663097626,1.235148364922729,1.5255914833712911,1.7457076471209696,1.4879978673062944,1.3982436467700987,1.7075167015932275,1.7603875231509427
2010-11-26,439.9,VNINDEX,47.02946326894236,1.8793808600785744,1.7838926742027092,0.0,0.0,1.7427177663097626,1.7457076471209696,1.4879978673062944,1.3982436467700987,1.7075167015932275
2010-11-29,446.4,VNINDEX,47.255714701395924,1.9907539958476108,1.182112168935225,1.4667982712427108,2.151497168520605,1.7838926742027092,1.7427177663097626,1.7457076471209696,1.4879978673062944,1.3982436467700987
2010-11-30,451.6,VNINDEX,52.86631837001525,2.4374523668055574,1.8197642816760422,1.1581421208405904,1.3412931720651409,1.182112168935225,1.7838926742027092,1.7427177663097626,1.7457076471209696,1.4879978673062944
2010-12-01,449.9,VNINDEX,50.78408332799234,2.194383005610519,2.20752978942123,-0.3771496428380435,0.14224185309286375,1.8197642816760422,1.182112168935225,1.7838926742027092,1.7427177663097626,1.7457076471209696
2010-12-02,457.4,VNINDEX,52.61795205499938,2.390849983734603,2.3408951187168934,1.6532945741554073,2.7333829489317094,2.20752978942123,1.8197642816760422,1.182112168935225,1.7838926742027092,1.7427177663097626
2010-12-03,464.4,VNINDEX,49.77488526271263,2.3170166314120313,2.3007498735857177,1.5187968235055602,2.3067437910905797,2.3408951187168934,2.20752978942123,1.8197642816760422,1.182112168935225,1.7838926742027092
2010-12-06,465.6,VNINDEX,49.31853021077684,2.211574458237804,1.7323605008431628,0.25806465934917133,0.06659736840500384,2.3007498735857177,2.3408951187168934,2.20752978942123,1.8197642816760422,1.182112168935225
2010-12-07,460.8,VNINDEX,49.24119534351112,2.2205441006714244,1.9727370138527704,-1.036278703554666,1.0738735514409392,1.7323605008431628,2.3007498735857177,2.3408951187168934,2.20752978942123,1.8197642816760422
2010-12-08,452.8,VNINDEX,41.83823815688838,1.5970648954132047,2.0097278181074776,-1.7513582492708357,3.0672557172890067,1.9727370138527704,1.7323605008431628,2.3007498735857177,2.3408951187168934,2.20752978942123
2010-12-09,460.5,VNINDEX,44.19326807070617,1.7613969932592801,1.8596686631146366,1.6862328806388258,2.8433813277475126,2.0097278181074776,1.9727370138527704,1.7323605008431628,2.3007498735857177,2.3408951187168934
2010-12-10,473.1,VNINDEX,45.978788407060364,1.857912346622181,1.738791411764889,2.6993926941740956,7.2867209173604826,1.8596686631146366,2.0097278181074776,1.9727370138527704,1.7323605008431628,2.3007498735857177
2010-12-13,490.2,VNINDEX,50.2491597468798,2.3770269125990193,1.6209815045874334,3.5506688456909816,12.607249251760528,1.738791411764889,1.8596686631146366,2.0097278181074776,1.9727370138527704,1.7323605008431628
2010-12-14,489.7,VNINDEX,53.371079431205914,2.4562221715898267,1.9775141968867227,-0.10205123857405236,0.010414455294498153,1.6209815045874334,1.738791411764889,1.8596686631146366,2.0097278181074776,1.9727370138527704
2010-12-15,493.5,VNINDEX,48.66213802827734,2.221689524470852,2.351646202886566,0.7729900165264572,0.5975135656495725,1.9775141968867227,1.6209815045874334,1.738791411764889,1.8596686631146366,2.0097278181074776
2010-12-16,480.2,VNINDEX,48.54902191515089,2.13489895772781,2.2709368845961633,-2.732017508638347,7.46391966750648,2.351646202886566,1.9775141968867227,1.6209815045874334,1.738791411764889,1.8596686631146366
2010-12-17,485.3,VNINDEX,42.38830899550929,1.704840738808581,2.0204764070024144,1.0564572624017792,1.1161019472814617,2.2709368845961633,2.351646202886566,1.9775141968867227,1.6209815045874334,1.738791411764889
2010-12-20,478.3,VNINDEX,42.2103867475079,1.7556272255177752,1.0390029041814164,-1.452910572491924,2.1109491316588103,2.0204764070024144,2.2709368845961633,2.351646202886566,1.9775141968867227,1.6209815045874334
2010-12-21,481.8,VNINDEX,43.63478712522272,1.7545068690026353,1.2908999197543665,0.7290939494519681,0.5315779871274691,1.0390029041814164,2.0204764070024144,2.2709368845961633,2.351646202886566,1.9775141968867227
2010-12-22,481.5,VNINDEX,45.07972546028654,1.8697669598655176,1.7933003514619763,-0.06228589425907458,0.00387953262365262,1.2908999197543665,1.0390029041814164,2.0204764070024144,2.2709368845961633,2.351646202886566
2010-12-23,475.4,VNINDEX,38.18684320989237,1.3398502472539011,1.6547080253740183,-1.2749676312086713,1.6255424606298505,1.7933003514619763,1.2908999197543665,1.0390029041814164,2.0204764070024144,2.2709368845961633
2010-12-24,472.8,VNINDEX,29.413224736048264,0.6434037202661497,1.284340309128523,-0.5484088834205019,0.3007523034145216,1.6547080253740183,1.7933003514619763,1.2908999197543665,1.0390029041814164,2.0204764070024144
2010-12-27,473.1,VNINDEX,39.90336196104068,1.5932815147798798,0.878588863078094,0.06343165452139643,0.004023574795321792,1.284340309128523,1.6547080253740183,1.7933003514619763,1.2908999197543665,1.0390029041814164
2010-12-28,479.3,VNINDEX,40.39022279620063,1.5952752138343413,1.1546019223958384,1.3019923528483253,1.695184086875518,0.878588863078094,1.284340309128523,1.6547080253740183,1.7933003514619763,1.2908999197543665
2010-12-29,478.8,VNINDEX,42.39783752707882,1.6980865682430264,1.6288810989524158,-0.10437324817675647,0.010893774934966799,1.1546019223958384,0.878588863078094,1.284340309128523,1.6547080253740183,1.7933003514619763
2010-12-30,481.4,VNINDEX,40.10337988540371,1.5399322730896512,1.6110980183890065,0.5415551665153521,0.2932819983794707,1.6288810989524158,1.1546019223958384,0.878588863078094,1.284340309128523,1.6547080253740183
2010-12-31,484.7,VNINDEX,36.56510105153414,1.3695081916733893,1.535842344335356,0.6831617502358661,0.4667099769853319,1.6110980183890065,1.6288810989524158,1.1546019223958384,0.878588863078094,1.284340309128523
2011-01-04,486.0,VNINDEX,60.311986472340074,3.6425496592704594,1.7191142997183824,0.26784810491633854,0.0717426073072739,1.535842344335356,1.6110980183890065,1.6288810989524158,1.1546019223958384,0.878588863078094
2011-01-05,481.9,VNINDEX,40.715580715179954,1.534942716818672,2.002130807015001,-0.8472000254206798,0.7177478830728006,1.7191142997183824,1.535842344335356,1.6110980183890065,1.6288810989524158,1.1546019223958384
2011-01-06,482.3,VNINDEX,36.398265054114916,1.2945973054579718,2.157363227182368,0.08297034286390968,0.0068840777949547285,2.002130807015001,1.7191142997183824,1.535842344335356,1.6110980183890065,1.6288810989524158
2011-01-07,481.9,VNINDEX,35.64398084080004,1.259509564463666,1.3630165289134366,-0.08297034286392237,0.006884077794956834,2.157363227182368,2.002130807015001,1.7191142997183824,1.535842344335356,1.6110980183890065
2011-01-10,481.9,VNINDEX,41.42145891923995,1.656702826202936,1.0165989028471958,0.0,0.0,1.3630165289134366,2.157363227182368,2.002130807015001,1.7191142997183824,1.535842344335356
2011-01-11,477.4,VNINDEX,34.73125153072779,1.1108332158322582,1.1641120143818606,-0.9381909741557327,0.8802023039872827,1.0165989028471958,1.3630165289134366,2.157363227182368,2.002130807015001,1.7191142997183824
2011-01-12,478.5,VNINDEX,39.03328549087972,1.4962148608284123,1.4212503009545356,0.2301496988279389,0.05296888387059098,1.1641120143818606,1.0165989028471958,1.3630165289134366,2.157363227182368,2.002130807015001
2011-01-13,484.1,VNINDEX,37.55100819094254,1.4041377631479242,1.3370619466028653,1.163528605263981,1.353798815267545,1.4212503009545356,1.1641120143818606,1.0165989028471958,1.3630165289134366,2.157363227182368
2011-01-14,489.2,VNINDEX,35.52551244023432,1.2223423052923845,1.374231643089574,1.0479906867368654,1.0982844794872066,1.3370619466028653,1.4212503009545356,1.1641120143818606,1.0165989028471958,1.3630165289134366
2011-01-17,495.2,VNINDEX,35.040170911685664,1.2258213993129607,0.8371908468305729,1.2190317557369128,1.4860384214950202,1.374231643089574,1.3370619466028653,1.4212503009545356,1.1641120143818606,1.0165989028471958
2011-01-18,497.4,VNINDEX,36.27290585329796,1.3637885585004594,1.0490953404456043,0.4432809998918009,0.1964980448650748,0.8371908468305729,1.374231643089574,1.3370619466028653,1.4212503009545356,1.1641120143818606
2011-01-19,505.9,VNINDEX,60.187568170262224,3.8474231642653116,2.145677707359578,1.6944489928586068,2.871157389399547,1.0490953404456043,0.8371908468305729,1.374231643089574,1.3370619466028653,1.4212503009545356
2011-01-20,512.0,VNINDEX,36.02873498861301,1.2978473147186627,2.169686345828145,1.198560374161749,1.4365469705107516,2.145677707359578,1.0490953404456043,0.8371908468305729,1.374231643089574,1.3370619466028653
2011-01-21,519.5,VNINDEX,31.00971736761822,0.9786109309799034,2.041293803321293,1.4542185499774298,2.1147515910984587,2.169686345828145,2.145677707359578,1.0490953404456043,0.8371908468305729,1.374231643089574
2011-01-24,509.9,VNINDEX,33.70532928272638,1.1241982913259974,0.7043659670873104,-1.8652182478172055,3.479039111990286,2.041293803321293,2.169686345828145,2.145677707359578,1.0490953404456043,0.8371908468305729
2011-01-25,502.0,VNINDEX,31.381923576839757,0.9505492679333323,0.7927826991591023,-1.5614508369380766,2.43812871617462,0.7043659670873104,2.041293803321293,2.169686345828145,2.145677707359578,1.0490953404456043
2011-01-26,501.3,VNINDEX,30.892405804160845,0.9111592249477037,0.9953022614023447,-0.13953954222714293,0.019471283844960604,0.7927826991591023,0.7043659670873104,2.041293803321293,2.169686345828145,2.145677707359578
2011-01-27,502.7,VNINDEX,30.178117493238307,0.8902848347021712,0.9173311091944027,0.2788846429071864,0.07777664404946887,0.9953022614023447,0.7927826991591023,0.7043659670873104,2.041293803321293,2.169686345828145
2011-01-28,510.6,VNINDEX,28.65318735338982,0.7465980423417427,0.8493473673305395,1.5592934108853937,2.431395941230605,0.9173311091944027,0.9953022614023447,0.7927826991591023,0.7043659670873104,2.041293803321293
2011-02-08,520.7,VNINDEX,31.708800802430368,0.8956895639927009,0.42336822612944114,1.9587555361470075,3.8367232503865507,0.8493473673305395,0.9173311091944027,0.9953022614023447,0.7927826991591023,0.7043659670873104
2011-02-09,522.6,VNINDEX,39.4359398647234,1.5513287168132166,0.9536691839896271,0.36422929176585783,0.1326629769802584,0.42336822612944114,0.8493473673305395,0.9173311091944027,0.9953022614023447,0.7927826991591023
2011-02-10,520.2,VNINDEX,34.8870396899662,1.1870254795381932,1.211347920114704,-0.46030000719608544,0.2118760966247163,0.9536691839896271,0.42336822612944114,0.8493473673305395,0.9173311091944027,0.9953022614023447
2011-02-11,520.0,VNINDEX,35.03599466755541,1.1829522623067559,1.3071021528860556,-0.03845414390782591,0.0014787211836837844,1.211347920114704,0.9536691839896271,0.42336822612944114,0.8493473673305395,0.9173311091944027
2011-02-14,514.1,VNINDEX,34.94915047492085,1.1364680775888845,0.814059089991211,-1.1411012514014003,1.3021120659498417,1.3071021528860556,1.211347920114704,0.9536691839896271,0.42336822612944114,0.8493473673305395
2011-02-15,517.9,VNINDEX,36.0219018069638,1.2175818337812907,1.0229879770024668,0.7364374368386664,0.5423400983775047,0.814059089991211,1.3071021528860556,1.211347920114704,0.9536691839896271,0.42336822612944114
2011-02-16,513.0,VNINDEX,37.626842957797635,1.327487329922218,1.227179080430798,-0.9506328259076244,0.9037027696931158,1.0229879770024668,0.814059089991211,1.3071021528860556,1.211347920114704,0.9536691839896271
2011-02-17,509.8,VNINDEX,35.20552601489496,1.1708434970192463,1.238637553574252,-0.62573532287544,0.3915446942940311,1.227179080430798,1.0229879770024668,0.814059089991211,1.3071021528860556,1.211347920114704
2011-02-18,503.9,VNINDEX,33.6142896397609,1.0970529673189682,1.1984612647534778,-1.1640656255462705,1.35504878057843,1.238637553574252,1.227179080430798,1.0229879770024668,0.814059089991211,1.3071021528860556
2011-02-21,483.7,VNINDEX,40.71136605864835,1.6164895752465613,1.0472996245021209,-4.091295585761488,16.738699570071436,1.1984612647534778,1.238637553574252,1.227179080430798,1.0229879770024668,0.814059089991211
2011-02-22,470.0,VNINDEX,41.58829491665919,1.7316137124183535,1.3656078902686428,-2.873218512483323,8.255384620476878,1.0472996245021209,1.1984612647534778,1.238637553574252,1.227179080430798,1.0229879770024668
2011-02-23,470.7,VNINDEX,39.37119134845047,1.502281777114311,1.6167950215930755,0.14882537029923254,0.022148990844703686,1.3656078902686428,1.0472996245021209,1.1984612647534778,1.238637553574252,1.227179080430798
2011-02-24,461.3,VNINDEX,37.675210554651144,1.365230956966354,1.5330421488330068,-2.017235784332173,4.0692402095902365,1.6167950215930755,1.3656078902686428,1.0472996245021209,1.1984612647534778,1.238637553574252
2011-02-25,467.0,VNINDEX,37.21729778370272,1.3787319861511833,1.4154149067439499,1.2280667105122551,1.508147845468391,1.5330421488330068,1.6167950215930755,1.3656078902686428,1.0472996245021209,1.1984612647534778
2011-02-28,461.4,VNINDEX,39.94757251996462,1.5259480071007634,1.0058897134032867,-1.2063911929244113,1.4553797103655843,1.4154149067439499,1.5330421488330068,1.6167950215930755,1.3656078902686428,1.0472996245021209
2011-03-01,466.1,VNINDEX,38.394812740611606,1.4608980350742211,1.2299995265458894,1.0134857639042,1.02715339363648,1.0058897134032867,1.4154149067439499,1.5330421488330068,1.6167950215930755,1.3656078902686428
2011-03-02,457.8,VNINDEX,38.3590122885502,1.4273458236146057,1.4713972885965303,-1.796779586022894,3.228416880748602,1.2299995265458894,1.0058897134032867,1.4154149067439499,1.5330421488330068,1.6167950215930755
2011-03-03,452.3,VNINDEX,35.746087528147015,1.2231655132631305,1.3704697906506527,-1.2086731034668885,1.4608906710442797,1.4713972885965303,1.2299995265458894,1.0058897134032867,1.4154149067439499,1.5330421488330068
2011-03-04,459.2,VNINDEX,34.3906695294374,1.1295779533322396,1.2600297634033255,1.514016852155922,2.292247028612127,1.3704697906506527,1.4713972885965303,1.2299995265458894,1.0058897134032867,1.4154149067439499
2011-03-07,468.2,VNINDEX,38.43900409333487,1.455772525112152,0.8679679300721268,1.9409710051453761,3.7673684428150516,1.2600297634033255,1.3704697906506527,1.4713972885965303,1.2299995265458894,1.0058897134032867
2011-03-08,475.4,VNINDEX,32.45467490888271,1.0316630241257383,1.0326842731667718,1.5260999869283194,2.3289811701026166,0.8679679300721268,1.2600297634033255,1.3704697906506527,1.4713972885965303,1.2299995265458894
2011-03-09,470.5,VNINDEX,36.83254363588975,1.3403942358961864,1.2759432617113593,-1.0360595900659126,1.073419474167547,1.0326842731667718,0.8679679300721268,1.2600297634033255,1.3704697906506527,1.4713972885965303
2011-03-10,482.5,VNINDEX,40.16812840167664,1.588979212788557,1.3203454909368275,2.518496175360632,6.342822985306132,1.2759432617113593,1.0326842731667718,0.8679679300721268,1.2600297634033255,1.3704697906506527
2011-03-11,495.1,VNINDEX,36.77614760787732,1.3770855702096907,1.4354863396314785,2.5778841588336765,6.645486736365612,1.3203454909368275,1.2759432617113593,1.0326842731667718,0.8679679300721268,1.2600297634033255
2011-03-14,479.9,VNINDEX,38.5924593721411,1.4420306086934223,0.9941826633437203,-3.118201350317766,9.723179661123538,1.4354863396314785,1.3203454909368275,1.2759432617113593,1.0326842731667718,0.8679679300721268
2011-03-15,468.7,VNINDEX,34.41490983087269,1.208690645492402,1.115699473230812,-2.3614843935539356,5.576608540998799,0.9941826633437203,1.4354863396314785,1.3203454909368275,1.2759432617113593,1.0326842731667718
2011-03-16,463.6,VNINDEX,35.98178813638462,1.231190093731306,1.2939704493057105,-1.094079346306377,1.197009616014189,1.115699473230812,0.9941826633437203,1.4354863396314785,1.3203454909368275,1.2759432617113593
2011-03-17,460.5,VNINDEX,37.13680046368511,1.3804361880411207,1.2734389757549431,-0.6709255770235195,0.45014112990434263,1.2939704493057105,1.115699473230812,0.9941826633437203,1.4354863396314785,1.3203454909368275
2011-03-18,461.1,VNINDEX,35.806751671012904,1.2906524210617891,1.3007595676114057,0.13020835172984224,0.01695421486020231,1.2734389757549431,1.2939704493057105,1.115699473230812,0.9941826633437203,1.4354863396314785
2011-03-21,468.3,VNINDEX,37.33433237699466,1.3926716620550157,0.9294759456358839,1.5494176976836276,2.400695201895233,1.3007595676114057,1.2734389757549431,1.2939704493057105,1.115699473230812,0.9941826633437203
2011-03-22,464.8,VNINDEX,37.90196105857325,1.3751848106909366,1.147294665070199,-0.7501910651794546,0.5627866342750846,0.9294759456358839,1.3007595676114057,1.2734389757549431,1.2939704493057105,1.115699473230812
2011-03-23,467.6,VNINDEX,36.05838769603156,1.215211253885348,1.3276892422104338,0.6006024060211949,0.3607232501184482,1.147294665070199,0.9294759456358839,1.3007595676114057,1.2734389757549431,1.2939704493057105
2011-03-24,461.3,VNINDEX,36.444246333156144,1.3120324434548687,1.3008095026770516,-1.3564639034138586,1.8399943212647618,1.3276892422104338,1.147294665070199,0.9294759456358839,1.3007595676114057,1.2734389757549431
2011-03-25,457.7,VNINDEX,33.59114426187552,1.1042828541274634,1.2105088504892272,-0.7834642904178525,0.6138162943599491,1.3008095026770516,1.3276892422104338,1.147294665070199,0.9294759456358839,1.3007595676114057
2011-03-28,459.5,VNINDEX,37.66027506743019,1.408814486294739,0.9092879201019597,0.39249941361453167,0.15405578968775122,1.2105088504892272,1.3008095026770516,1.3276892422104338,1.147294665070199,0.9294759456358839
2011-03-29,457.9,VNINDEX,37.44057675711281,1.3744824354279381,1.2025253050049471,-0.3488122132691977,0.12166996012575626,0.9092879201019597,1.2105088504892272,1.3008095026770516,1.3276892422104338,1.147294665070199
2011-03-30,460.0,VNINDEX,35.342237657280265,1.20825212475446,1.3305163488257128,0.4575669820091001,0.20936754302491614,1.2025253050049471,0.9092879201019597,1.2105088504892272,1.3008095026770516,1.3276892422104338
2011-03-31,461.1,VNINDEX,33.66774382152245,1.0883040142815052,1.2236795248213017,0.23884497295191814,0.05704692110440251,1.3305163488257128,1.2025253050049471,0.9092879201019597,1.2105088504892272,1.3008095026770516
2011-04-01,459.2,VNINDEX,34.74347446646827,1.1668718629614752,1.154476000665814,-0.4129094207303293,0.17049418972785613,1.2236795248213017,1.3305163488257128,1.2025253050049471,0.9092879201019597,1.2105088504892272
2011-04-04,457.3,VNINDEX,35.292600795396794,1.1353634923434959,0.8290004720295965,-0.41462143413471403,0.171910933643927,1.154476000665814,1.2236795248213017,1.3305163488257128,1.2025253050049471,0.9092879201019597
2011-04-05,457.2,VNINDEX,36.98279632246244,1.2372364255174921,1.025396426229183,-0.021869874335397128,0.000478291403446062,0.8290004720295965,1.154476000665814,1.2236795248213017,1.3305163488257128,1.2025253050049471
2011-04-06,464.9,VNINDEX,35.885644124889886,1.1671107499537086,1.1799035559382327,1.670139677588341,2.789366542654888,1.025396426229183,0.8290004720295965,1.154476000665814,1.2236795248213017,1.3305163488257128
2011-04-07,463.5,VNINDEX,36.39374608825712,1.2631654499977576,1.2225042084896531,-0.3015943690629179,0.09095916345045954,1.1799035559382327,1.025396426229183,0.8290004720295965,1.154476000665814,1.2236795248213017
2011-04-08,464.3,VNINDEX,35.02159903471251,1.2208047792198897,1.217026993057119,0.17245100199663072,0.02973934808964193,1.2225042084896531,1.1799035559382327,1.025396426229183,0.8290004720295965,1.154476000665814
2011-04-13,461.0,VNINDEX,35.6847454220392,1.182298132741372,0.9138904888724142,-0.7132852029227539,0.5087757807085542,1.217026993057119,1.2225042084896531,1.1799035559382327,1.025396426229183,0.8290004720295965
2011-04-14,460.6,VNINDEX,34.820818870496296,1.1814317730846084,1.0088507661090862,-0.08680556100635917,0.007535205421628743,0.9138904888724142,1.217026993057119,1.2225042084896531,1.1799035559382327,1.025396426229183
2011-04-15,461.0,VNINDEX,34.247588866233286,1.134725231342971,1.166151712389651,0.0868055610063593,0.007535205421628767,1.0088507661090862,0.9138904888724142,1.217026993057119,1.2225042084896531,1.1799035559382327
2011-04-18,455.5,VNINDEX,33.85425180564531,1.062211005407475,0.7083096737714234,-1.2002326296635517,1.4405583653090845,1.166151712389651,1.0088507661090862,0.9138904888724142,1.217026993057119,1.2225042084896531
2011-04-19,453.7,VNINDEX,36.9833040895746,1.3768959533324732,1.0192442333859026,-0.39595300300947994,0.15677878059222522,0.7083096737714234,1.166151712389651,1.0088507661090862,0.9138904888724142,1.217026993057119
2011-04-20,458.5,VNINDEX,34.40302251867044,1.1943838015583297,1.211163586766093,1.0524105026601287,1.1075678661093447,1.0192442333859026,0.7083096737714234,1.166151712389651,1.0088507661090862,0.9138904888724142
2011-04-21,460.3,VNINDEX,33.59644832974331,1.1329783328326162,1.2347526959078068,0.39181591266762955,0.1535197094195675,1.211163586766093,1.0192442333859026,0.7083096737714234,1.166151712389651,1.0088507661090862
2011-04-22,456.5,VNINDEX,32.312161842301265,1.0038465272508266,1.1104028872139247,-0.8289750788172656,0.6871996813000918,1.2347526959078068,1.211163586766093,1.0192442333859026,0.7083096737714234,1.166151712389651
2011-04-25,465.6,VNINDEX,35.64664025645459,1.2873975110333138,0.81338884643511,1.9738196382204858,3.8959639642248494,1.1104028872139247,1.2347526959078068,1.211163586766093,1.0192442333859026,0.7083096737714234
2011-04-26,461.9,VNINDEX,34.338013016409114,1.1891715709377961,1.0327916102729588,-0.7978478980668449,0.6365612684496824,0.81338884643511,1.1104028872139247,1.2347526959078068,1.211163586766093,1.0192442333859026
2011-04-27,469.3,VNINDEX,32.18667026515196,0.9774754846549121,1.1513481888753412,1.5893805363812428,2.526130489427527,1.0327916102729588,0.81338884643511,1.1104028872139247,1.2347526959078068,1.211163586766093
2011-04-28,472.9,VNINDEX,31.9269295109233,0.9921244765733421,1.0529238440553508,0.7641726849458068,0.5839598924172833,1.1513481888753412,1.0327916102729588,0.81338884643511,1.1104028872139247,1.2347526959078068
2011-04-29,480.1,VNINDEX,29.927119290476593,0.9411326807527006,0.970244213993652,1.5110465887064561,2.283261793241418,1.0529238440553508,1.1513481888753412,1.0327916102729588,0.81338884643511,1.1104028872139247
2011-05-04,486.6,VNINDEX,30.092324260607178,0.8689214560719118,0.6281683637727493,1.3448014812527609,1.8084910239796197,0.970244213993652,1.0529238440553508,1.1513481888753412,1.0327916102729588,0.81338884643511
2011-05-05,479.3,VNINDEX,33.5791384110388,1.144536399116336,0.8717164384359964,-1.511572418383663,2.2848511760182353,0.6281683637727493,0.970244213993652,1.0529238440553508,1.1513481888753412,1.0327916102729588
2011-05-06,472.7,VNINDEX,30.096435894529414,0.8720373492394453,0.9618317348092313,-1.3865768366394935,1.9225953239051847,0.8717164384359964,0.6281683637727493,0.970244213993652,1.0529238440553508,1.1513481888753412
2011-05-09,477.5,VNINDEX,34.33390138248688,1.1860556777702629,0.6693453602024027,1.0103222121594324,1.020750972382729,0.9618317348092313,0.8717164384359964,0.6281683637727493,0.970244213993652,1.0529238440553508
2011-05-10,481.3,VNINDEX,31.531865684304208,0.9676535285455521,0.8402769084794331,0.7926616388278857,0.6283124736693094,0.6693453602024027,0.9618317348092313,0.8717164384359964,0.6281683637727493,0.970244213993652
2011-05-11,483.2,VNINDEX,30.18817101728527,0.8975028854489456,1.0170706972549206,0.3939870311541491,0.15522578071766047,0.8402769084794331,0.6693453602024027,0.9618317348092313,0.8717164384359964,0.6281683637727493
2011-05-12,482.1,VNINDEX,28.82099898067847,0.8342364688847584,0.899797627626419,-0.22790852090285332,0.05194229390012633,1.0170706972549206,0.8402769084794331,0.6693453602024027,0.9618317348092313,0.8717164384359964
2011-05-13,479.7,VNINDEX,30.594706362655508,0.9553431519331885,0.8956941687556312,-0.49906529035584146,0.24906616403796034,0.899797627626419,1.0170706972549206,0.8402769084794331,0.6693453602024027,0.9618317348092313
2011-05-16,471.5,VNINDEX,30.081181792786026,0.8851533621069314,0.5992707499912091,-1.7241806434505993,2.9727988912497225,0.8956941687556312,0.899797627626419,1.0170706972549206,0.8402769084794331,0.6693453602024027
2011-05-17,464.4,VNINDEX,31.410367202442675,0.9989587680401157,0.7737317801465169,-1.5172852249775834,2.302154453935276,0.5992707499912091,0.8956941687556312,0.899797627626419,1.0170706972549206,0.8402769084794331
2011-05-18,454.9,VNINDEX,31.06517731497598,0.9382556745774008,0.9407892682414829,-2.0668635247778004,4.271924830056913,0.7737317801465169,0.5992707499912091,0.8956941687556312,0.899797627626419,1.0170706972549206
2011-05-19,444.9,VNINDEX,31.50210232519853,1.0244243042496162,0.9872129156223779,-2.2228076763962314,4.940873966246014,0.9407892682414829,0.7737317801465169,0.5992707499912091,0.8956941687556312,0.899797627626419
2011-05-20,432.9,VNINDEX,30.381472758038115,0.9611828552182519,0.9746209446817566,-2.734278336406127,7.4762780209398585,0.9872129156223779,0.9407892682414829,0.7737317801465169,0.5992707499912091,0.8956941687556312
2011-05-23,417.8,VNINDEX,33.514873753158575,1.169862918464894,0.6928798078795282,-3.550390532546936,12.605272933598917,0.9746209446817566,0.9872129156223779,0.9407892682414829,0.7737317801465169,0.5992707499912091
2011-05-24,402.6,VNINDEX,30.95190210095891,0.9757927004070308,0.8085807162218104,-3.705933591677423,13.733943785923124,0.6928798078795282,0.9746209446817566,0.9872129156223779,0.9407892682414829,0.7737317801465169
2011-05-25,386.4,VNINDEX,31.809542662984004,1.026545609235439,1.0574004093691216,-4.10704108673283,16.867786488111587,0.8085807162218104,0.6928798078795282,0.9746209446817566,0.9872129156223779,0.9407892682414829
2011-05-26,398.0,VNINDEX,34.242911104112125,1.1911288915298544,1.0644890670574418,2.957890294607481,8.74911499493313,1.0574004093691216,0.8085807162218104,0.6928798078795282,0.9746209446817566,0.9872129156223779
2011-05-27,410.8,VNINDEX,31.714769801616995,1.0781041543189693,1.0985928850280882,3.165447276996542,10.020056463444822,1.0644890670574418,1.0574004093691216,0.8085807162218104,0.6928798078795282,0.9746209446817566
2011-05-30,412.1,VNINDEX,33.28444876847114,1.132700299110732,0.7549507657124778,0.31595602903685177,0.09982821228473591,1.0985928850280882,1.0644890670574418,1.0574004093691216,0.8085807162218104,0.6928798078795282
2011-05-31,421.4,VNINDEX,33.06829596387707,1.1610036947658817,0.9414594837476618,2.2316463025316806,4.980245219603321,0.7549507657124778,1.0985928850280882,1.0644890670574418,1.0574004093691216,0.8085807162218104
2011-06-01,435.7,VNINDEX,56.04655642369145,3.4855263240711767,1.9264101059825973,3.3371431753307825,11.136524572656818,0.9414594837476618,0.7549507657124778,1.0985928850280882,1.0644890670574418,1.0574004093691216
2011-06-02,450.6,VNINDEX,34.079761950942654,1.2648980627944097,1.97047602721049,3.362609487474772,11.307142565255349,1.9264101059825973,0.9414594837476618,0.7549507657124778,1.0985928850280882,1.0644890670574418
2011-06-03,443.4,VNINDEX,30.009438711442424,0.9347868450895146,1.895070410651701,-1.610773081593308,2.5945899203856015,1.97047602721049,1.9264101059825973,0.9414594837476618,0.7549507657124778,1.0985928850280882
2011-06-06,433.8,VNINDEX,29.51840958951077,0.9362948566076355,0.5904589955327882,-2.188869878943698,4.791151346947,1.895070410651701,1.97047602721049,1.9264101059825973,0.9414594837476618,0.7549507657124778
2011-06-07,443.7,VNINDEX,33.03865114340586,1.1632140815470011,0.8115397817139507,2.2565059992089727,5.091819324466084,0.5904589955327882,1.895070410651701,1.97047602721049,1.9264101059825973,0.9414594837476618
2011-06-08,439.6,VNINDEX,31.966168749366712,1.1117837649884175,1.070430901047685,-0.9283435855397429,0.861821812812786,0.8115397817139507,0.5904589955327882,1.895070410651701,1.97047602721049,1.9264101059825973
2011-06-09,444.0,VNINDEX,31.642281875892294,1.097198887332461,1.12406557795596,0.9959339902758487,0.9918845129867744,1.070430901047685,0.8115397817139507,0.5904589955327882,1.895070410651701,1.97047602721049
2011-06-10,445.0,VNINDEX,32.50826424439632,1.0996231935729912,1.1028686152979568,0.22497197340155461,0.0506123888161898,1.12406557795596,1.070430901047685,0.8115397817139507,0.5904589955327882,1.895070410651701
2011-06-13,442.7,VNINDEX,33.936334149342215,1.1649859475901785,0.6570374139094683,-0.5181942428144889,0.2685252732860815,1.1028686152979568,1.12406557795596,1.070430901047685,0.8115397817139507,0.5904589955327882
2011-06-14,441.5,VNINDEX,32.24464893351436,1.0020355144779982,0.8536128317321328,-0.27143196940805747,0.07367531401673665,0.6570374139094683,1.1028686152979568,1.12406557795596,1.070430901047685,0.8115397817139507
2011-06-15,441.5,VNINDEX,29.80648419163062,0.9484162812934114,1.0384792477871965,0.0,0.0,0.8536128317321328,0.6570374139094683,1.1028686152979568,1.12406557795596,1.070430901047685
2011-06-16,445.2,VNINDEX,31.669870879402396,1.093430553967575,1.0146274499129952,0.8345599357375055,0.6964902863381893,1.0384792477871965,0.8536128317321328,0.6570374139094683,1.1028686152979568,1.12406557795596
2011-06-17,438.9,VNINDEX,30.634182678367853,0.9658816625023748,1.0025761659211208,-1.4252022707201502,2.031201512465872,1.0146274499129952,1.0384792477871965,0.8536128317321328,0.6570374139094683,1.1028686152979568
2011-06-20,431.6,VNINDEX,29.349448601361352,0.841709021352057,0.4936758224059739,-1.6772363310208656,2.8131217100963344,1.0025761659211208,1.0146274499129952,1.0384792477871965,0.8536128317321328,0.6570374139094683
2011-06-21,442.7,VNINDEX,30.570899942137657,0.9126261539741354,0.6691541121963016,2.5393106354115726,6.448098503114325,0.4936758224059739,1.0025761659211208,1.0146274499129952,1.0384792477871965,0.8536128317321328
2011-06-22,439.6,VNINDEX,30.559638935682038,0.9834184489320995,0.912584541419431,-0.7027117208628957,0.4938037626380922,0.6691541121963016,0.4936758224059739,1.0025761659211208,1.0146274499129952,1.0384792477871965
2011-06-23,434.8,VNINDEX,26.075630978278184,0.669375152868459,0.855139918591565,-1.09790672824119,1.2053991839172744,0.912584541419431,0.6691541121963016,0.4936758224059739,1.0025761659211208,1.0146274499129952
2011-06-24,433.4,VNINDEX,26.1045309543683,0.6366260161182479,0.7631398726396026,-0.32250661447957885,0.10401051638307969,0.855139918591565,0.912584541419431,0.6691541121963016,0.4936758224059739,1.0025761659211208
2011-06-27,434.3,VNINDEX,27.974500886474537,0.767251654021331,0.42463152073968363,0.20744504385176665,0.04303344621866139,0.7631398726396026,0.855139918591565,0.912584541419431,0.6691541121963016,0.4936758224059739
2011-06-28,432.3,VNINDEX,27.475248496698413,0.7625278792043853,0.5814547640470309,-0.4615747867190052,0.21305128373469515,0.42463152073968363,0.7631398726396026,0.855139918591565,0.912584541419431,0.6691541121963016
2011-06-29,434.6,VNINDEX,25.20079903618306,0.5756199214008257,0.7017998182088476,0.530627614874318,0.28156566566720753,0.5814547640470309,0.42463152073968363,0.7631398726396026,0.855139918591565,0.912584541419431
2011-06-30,432.5,VNINDEX,24.510182183980742,0.5633345123212851,0.6338274376421658,-0.4843741450395302,0.23461831238277583,0.7017998182088476,0.5814547640470309,0.42463152073968363,0.7631398726396026,0.855139918591565
2011-07-01,425.3,VNINDEX,26.756297796604905,0.7234720535206387,0.620808829080917,-1.678752411234615,2.818209658226034,0.6338274376421658,0.7017998182088476,0.5814547640470309,0.42463152073968363,0.7631398726396026
2011-07-04,425.4,VNINDEX,26.64930857210566,0.7111225301786244,0.2545746191247326,0.02351005065489748,0.0005527224817958455,0.620808829080917,0.6338274376421658,0.7017998182088476,0.5814547640470309,0.42463152073968363
2011-07-05,431.0,VNINDEX,27.435890719620538,0.6974289797122544,0.4683908801064956,1.3078187337610951,1.7103898403764743,0.2545746191247326,0.620808829080917,0.6338274376421658,0.7017998182088476,0.5814547640470309
2011-07-06,428.3,VNINDEX,24.145626560848427,0.5126315385585228,0.6403943494831343,-0.6284205482422491,0.394912385453089,0.4683908801064956,0.2545746191247326,0.620808829080917,0.6338274376421658,0.7017998182088476
2011-07-07,430.0,VNINDEX,25.25997013849102,0.6257595367615316,0.6119400183441035,0.39613240662827004,0.1569208835811051,0.6403943494831343,0.4683908801064956,0.2545746191247326,0.620808829080917,0.6338274376421658
2011-07-08,430.3,VNINDEX,24.014415122380225,0.47662749177983643,0.5383395223666307,0.0697431156945882,0.004864102186788715,0.6119400183441035,0.6403943494831343,0.4683908801064956,0.2545746191247326,0.620808829080917
2011-07-11,425.1,VNINDEX,26.17570790751298,0.6465120864900814,0.3200264549372163,-1.215820447980952,1.4782193617286028,0.5383395223666307,0.6119400183441035,0.6403943494831343,0.4683908801064956,0.2545746191247326
2011-07-12,417.3,VNINDEX,24.625513214958925,0.5273554330754214,0.4463644439474911,-1.8519047767237526,3.429551302052252,0.3200264549372163,0.5383395223666307,0.6119400183441035,0.6403943494831343,0.4683908801064956
2011-07-13,418.2,VNINDEX,26.936638329844413,0.6927052048953085,0.6221909081536042,0.21543993970262248,0.04641436761906961,0.4463644439474911,0.3200264549372163,0.5383395223666307,0.6119400183441035,0.6403943494831343
2011-07-14,418.9,VNINDEX,25.058326591259238,0.6104081695801034,0.6101562691836115,0.16724409584560188,0.027970587595212867,0.6221909081536042,0.4463644439474911,0.3200264549372163,0.5383395223666307,0.6119400183441035
2011-07-15,414.7,VNINDEX,22.55053294607977,0.40880128479246847,0.5706382197559605,-1.0076860700653585,1.0154312158037666,0.6101562691836115,0.6221909081536042,0.4463644439474911,0.3200264549372163,0.5383395223666307
2011-07-18,415.8,VNINDEX,27.796216170196146,0.7995764492304278,0.4088368709157459,0.2649008171577084,0.07017244293082166,0.5706382197559605,0.6101562691836115,0.6221909081536042,0.4463644439474911,0.3200264549372163
2011-07-19,410.1,VNINDEX,23.712694645913647,0.4841391909767855,0.4822603335895701,-1.3803343025898942,1.9053227869063296,0.4088368709157459,0.5706382197559605,0.6101562691836115,0.6221909081536042,0.4463644439474911
2011-07-20,416.8,VNINDEX,24.310712992344545,0.4949807028006788,0.5928987810026312,1.620545804114351,2.6261687032326284,0.4822603335895701,0.4088368709157459,0.5706382197559605,0.6101562691836115,0.6221909081536042
2011-07-21,413.1,VNINDEX,25.574888899739868,0.6035738781133297,0.5275645906302651,-0.8916796036438305,0.7950925155544186,0.5928987810026312,0.4822603335895701,0.4088368709157459,0.5706382197559605,0.6101562691836115
2011-07-22,409.2,VNINDEX,22.50369674553852,0.36800934893436255,0.48885464328279077,-0.9485660325247565,0.8997775180597574,0.5275645906302651,0.5928987810026312,0.4822603335895701,0.4088368709157459,0.5706382197559605
2011-07-25,409.36,VNINDEX,24.831268396112943,0.5458226934243832,0.19338190406586092,0.039093041936504126,0.0015282659278492703,0.48885464328279077,0.5275645906302651,0.5928987810026312,0.4822603335895701,0.4088368709157459
2011-07-26,409.4,VNINDEX,23.36470409710474,0.3913394009612121,0.2956625337590897,0.009770873035264572,9.54699598712603e-05,0.19338190406586092,0.48885464328279077,0.5275645906302651,0.5928987810026312,0.4822603335895701
2011-07-27,409.4,VNINDEX,23.216927584313133,0.39743217043533674,0.4448647549403111,0.0,0.0,0.2956625337590897,0.19338190406586092,0.48885464328279077,0.5275645906302651,0.5928987810026312
2011-07-28,408.4,VNINDEX,22.754350848907137,0.37115020963471873,0.3866405936770896,-0.24455869366786362,0.059808954648531955,0.4448647549403111,0.2956625337590897,0.19338190406586092,0.48885464328279077,0.5275645906302651
2011-07-29,405.7,VNINDEX,21.680557482287977,0.34870069646146035,0.3724276921771723,-0.6633116078108957,0.4399822890566755,0.3866405936770896,0.4448647549403111,0.2956625337590897,0.19338190406586092,0.48885464328279077
2011-08-01,401.95,VNINDEX,25.151043635665125,0.5572916779128062,0.2349225541406125,-0.9286267438431681,0.862347629380765,0.3724276921771723,0.3866405936770896,0.4448647549403111,0.2956625337590897,0.19338190406586092
2011-08-02,396.55,VNINDEX,22.792100398588353,0.4297319981116108,0.37850138630998575,-1.3525566244641158,1.8294094223817632,0.2349225541406125,0.3724276921771723,0.3866405936770896,0.4448647549403111,0.2956625337590897
2011-08-03,391.47,VNINDEX,44.52469144134304,2.525065173344492,1.1706962831229701,-1.2893252387063459,1.6623595711651757,0.37850138630998575,0.2349225541406125,0.3724276921771723,0.3866405936770896,0.4448647549403111
2011-08-04,396.05,VNINDEX,23.596737309188835,0.43501913133061293,1.1299387675955725,1.1631581768023438,1.3529369442621524,1.1706962831229701,0.37850138630998575,0.2349225541406125,0.3724276921771723,0.3866405936770896
2011-08-05,397.66,VNINDEX,23.652660160590123,0.4580212145699325,1.1393685064150132,0.40569029196465434,0.16458461299436647,1.1299387675955725,1.1706962831229701,0.37850138630998575,0.2349225541406125,0.3724276921771723
2011-08-08,396.4,VNINDEX,24.618034791495553,0.5516623967094465,0.2332255906959037,-0.31735663741022996,0.10071523530832817,1.1393685064150132,1.1299387675955725,1.1706962831229701,0.37850138630998575,0.2349225541406125
2011-08-09,387.7,VNINDEX,22.996781684431287,0.36805928400000826,0.2951753424823622,-2.2191957778949485,4.924829900626766,0.2332255906959037,1.1393685064150132,1.1299387675955725,1.1706962831229701,0.37850138630998575
2011-08-10,386.0,VNINDEX,23.56709248871762,0.43722951811173205,0.45231706627372936,-0.4394475212052531,0.19311412389344138,0.2951753424823622,0.2332255906959037,1.1393685064150132,1.1299387675955725,1.1706962831229701
2011-08-11,384.4,VNINDEX,23.105708187257182,0.43652714284873384,0.4139386483201584,-0.4153692368693516,0.17253160293742753,0.45231706627372936,0.2951753424823622,0.2332255906959037,1.1393685064150132,1.1299387675955725
2011-08-12,383.92,VNINDEX,21.798689174608377,0.34481831376845506,0.40619165824297404,-0.12494795461472437,0.01561199136240322,0.4139386483201584,0.45231706627372936,0.2951753424823622,0.2332255906959037,1.1393685064150132
2011-08-15,384.32,VNINDEX,27.10863705660498,0.7102669588578563,0.2870777476699631,0.1041341341628617,0.01084391789784888,0.40619165824297404,0.4139386483201584,0.45231706627372936,0.2951753424823622,0.2332255906959037
2011-08-16,386.48,VNINDEX,25.81320810134178,0.5973670593110858,0.4301158928905896,0.5604581354532545,0.31411332159573857,0.2870777476699631,0.40619165824297404,0.4139386483201584,0.45231706627372936,0.2951753424823622
2011-08-17,393.46,VNINDEX,25.22925142270872,0.5478299490820868,0.6184879890836766,1.7899290601968227,3.203846040537081,0.4301158928905896,0.2870777476699631,0.40619165824297404,0.4139386483201584,0.45231706627372936
2011-08-18,402.89,VNINDEX,29.174412135989634,0.9011713486825401,0.6821227856919045,2.3684160986555294,5.609394816370679,0.6184879890836766,0.4301158928905896,0.2870777476699631,0.40619165824297404,0.4139386483201584
2011-08-19,400.76,VNINDEX,27.482845458796255,0.6836605266474156,0.7108872748040145,-0.5300827443612542,0.28098771586955884,0.6821227856919045,0.6184879890836766,0.4301158928905896,0.2870777476699631,0.40619165824297404
2011-08-22,406.03,VNINDEX,27.597610361575516,0.7072010007559686,0.30940129289216295,1.3064304106434417,1.7067604178539917,0.7108872748040145,0.6821227856919045,0.6184879890836766,0.4301158928905896,0.2870777476699631
2011-08-23,401.28,VNINDEX,29.048057175824766,0.8988219450404786,0.5552654811537077,-1.1767610492995548,1.3847665671485894,0.30940129289216295,0.7108872748040145,0.6821227856919045,0.6184879890836766,0.4301158928905896
2011-08-24,396.68,VNINDEX,26.80411591879619,0.6856819615019472,0.7639016357661318,-1.152952768657673,1.3293000867553937,0.5552654811537077,0.30940129289216295,0.7108872748040145,0.6821227856919045,0.6184879890836766
2011-08-25,401.65,VNINDEX,26.60041655460329,0.668772647736752,0.7510921847597263,1.2451152301897188,1.5503119364503966,0.7639016357661318,0.5552654811537077,0.30940129289216295,0.7108872748040145,0.6821227856919045
2011-08-26,404.4,VNINDEX,23.861216003086355,0.5085851714717526,0.6210132602368177,0.6823424526494868,0.46559122268771713,0.7510921847597263,0.7639016357661318,0.5552654811537077,0.30940129289216295,0.7108872748040145
2011-08-29,413.37,VNINDEX,26.78052001057386,0.747126576957311,0.3337568915593486,2.193858852760526,4.813016665835731,0.6210132602368177,0.7510921847597263,0.7639016357661318,0.5552654811537077,0.30940129289216295
2011-08-30,419.26,VNINDEX,24.268614731472155,0.5424037990021426,0.46436588444054977,1.4148176861814878,2.0017090851319392,0.3337568915593486,0.6210132602368177,0.7510921847597263,0.7639016357661318,0.5552654811537077
2011-08-31,425.43,VNINDEX,24.83904407439296,0.557013644190922,0.6155146733834589,1.4609169605627974,2.1342783656600424,0.46436588444054977,0.3337568915593486,0.6210132602368177,0.7510921847597263,0.7639016357661318
2011-09-01,435.29,VNINDEX,24.90512747196537,0.6423658492720197,0.5805944308216952,2.2912053490480275,5.249621951506294,0.6155146733834589,0.46436588444054977,0.3337568915593486,0.6210132602368177,0.7510921847597263
2011-09-05,435.73,VNINDEX,26.304863529020064,0.6809581866850013,0.21861101910818181,0.10103098377226861,0.010207259681992405,0.5805944308216952,0.6155146733834589,0.46436588444054977,0.3337568915593486,0.6210132602368177
2011-09-06,436.16,VNINDEX,25.673207266830183,0.6146507795517493,0.4297213795211569,0.09863630386004532,0.009729120439171192,0.21861101910818181,0.5805944308216952,0.6155146733834589,0.46436588444054977,0.3337568915593486
2011-09-07,443.99,VNINDEX,29.908616937826533,0.9271111614988005,0.740906709245184,1.7792891147898588,3.1658697540096794,0.4297213795211569,0.21861101910818181,0.5805944308216952,0.6155146733834589,0.46436588444054977
2011-09-08,453.26,VNINDEX,50.27901649259777,2.96801639600209,1.5032594456842137,2.066387261471801,4.269956314372928,0.740906709245184,0.4297213795211569,0.21861101910818181,0.5805944308216952,0.6155146733834589
2011-09-09,459.92,VNINDEX,28.84316537768631,0.8563330457376639,1.5838202010795186,1.4586649044251128,2.1277033034015234,1.5032594456842137,0.740906709245184,0.4297213795211569,0.21861101910818181,0.5805944308216952
2011-09-12,462.93,VNINDEX,30.959559240604463,1.0415440400965146,0.48721347158961453,0.6523293436187534,0.42553357254607366,1.5838202010795186,1.5032594456842137,0.740906709245184,0.4297213795211569,0.21861101910818181
2011-09-13,469.4,VNINDEX,31.400714423383715,1.0762681740133186,0.7950487830584423,1.3879428665699964,1.926385400862539,0.48721347158961453,1.5838202010795186,1.5032594456842137,0.740906709245184,0.4297213795211569
2011-09-14,466.99,VNINDEX,31.853130612618582,1.0402000129721585,1.0526707423606643,-0.5147439253524533,0.264961308687252,0.7950487830584423,0.48721347158961453,1.5838202010795186,1.5032594456842137,0.740906709245184
2011-09-15,470.67,VNINDEX,27.387506469230324,0.7947386250853627,0.9704022706902804,0.7849367349575275,0.6161256778857838,1.0526707423606643,0.7950487830584423,0.48721347158961453,1.5838202010795186,1.5032594456842137
2011-09-16,457.11,VNINDEX,28.406121828829296,0.8247248049883933,0.8865544810153052,-2.9233149363600863,8.545770217145975,0.9704022706902804,1.0526707423606643,0.7950487830584423,0.48721347158961453,1.5838202010795186
2011-09-19,461.68,VNINDEX,29.325852693139026,0.9031536368074209,0.4244544874360351,0.9947948253338055,0.9896167445109165,0.8865544810153052,0.9704022706902804,1.0526707423606643,0.7950487830584423,0.48721347158961453
2011-09-20,454.37,VNINDEX,26.026738960775816,0.6270252704265864,0.5740750237269431,-1.5960166302020493,2.547269083881505,0.4244544874360351,0.8865544810153052,0.9704022706902804,1.0526707423606643,0.7950487830584423
2011-09-21,447.57,VNINDEX,27.08018467007932,0.7380569311765952,0.7560786128035346,-1.5078894037823976,2.2737304540392342,0.5740750237269431,0.4244544874360351,0.8865544810153052,0.9704022706902804,1.0526707423606643
2011-09-22,449.26,VNINDEX,24.967454851518944,0.5609209944167501,0.6420010653399777,0.3768834674157624,0.14204114801132803,0.7560786128035346,0.5740750237269431,0.4244544874360351,0.8865544810153052,0.9704022706902804
2011-09-23,440.3,VNINDEX,28.636546813516727,0.8618874243425552,0.720288449978634,-2.014547197531592,4.05840041108239,0.6420010653399777,0.7560786128035346,0.5740750237269431,0.4244544874360351,0.8865544810153052
2011-09-26,434.43,VNINDEX,29.264954824799936,0.901057299354421,0.5050995982276938,-1.3421485753087221,1.8013627982032325,0.720288449978634,0.6420010653399777,0.7560786128035346,0.5740750237269431,0.4244544874360351
2011-09-27,437.47,VNINDEX,29.464661093705068,0.8602903310291379,0.6609008555010787,0.6973305009348999,0.4862698275341184,0.5050995982276938,0.720288449978634,0.6420010653399777,0.7560786128035346,0.5740750237269431
2011-09-28,433.97,VNINDEX,27.025125201693598,0.6910332089834226,0.8174602797889942,-0.8032724730731226,0.6452466659970104,0.6609008555010787,0.5050995982276938,0.720288449978634,0.6420010653399777,0.7560786128035346
2011-09-29,428.08,VNINDEX,25.811778590127293,0.6809082516193554,0.7440772638773058,-1.3665313284189522,1.8674078715504663,0.8174602797889942,0.6609008555010787,0.5050995982276938,0.720288449978634,0.6420010653399777
2011-09-30,427.6,VNINDEX,22.61143081441886,0.41089762224546855,0.5942796942827492,-0.11219148521589425,0.012586929354948219,0.7440772638773058,0.8174602797889942,0.6609008555010787,0.5050995982276938,0.720288449978634
2011-10-03,422.12,VNINDEX,27.03334846953807,0.6972649953184893,0.3216795097477069,-1.2898545348000734,1.6637247209443138,0.5942796942827492,0.7440772638773058,0.8174602797889942,0.6609008555010787,0.5050995982276938
2011-10-04,418.18,VNINDEX,26.58310663589878,0.6803307140204714,0.495496422216603,-0.9377671959612424,0.8794073138210111,0.3216795097477069,0.5942796942827492,0.7440772638773058,0.8174602797889942,0.6609008555010787
2011-10-05,417.21,VNINDEX,26.831704922306287,0.681913628137061,0.6865031124920076,-0.2322269684647934,0.05392936488234815,0.495496422216603,0.3216795097477069,0.5942796942827492,0.7440772638773058,0.8174602797889942
2011-10-06,421.3,VNINDEX,26.41185275351931,0.6933077100270155,0.6851840173948496,0.9755476826341706,0.9516932810929004,0.6865031124920076,0.495496422216603,0.3216795097477069,0.5942796942827492,0.7440772638773058
2011-10-07,417.96,VNINDEX,23.5159075769852,0.5024424669319822,0.6258879350320199,-0.7959434819060844,0.6335260263887814,0.6851840173948496,0.6865031124920076,0.495496422216603,0.3216795097477069,0.5942796942827492
2011-10-10,419.66,VNINDEX,26.124641534415026,0.6571646463873868,0.3260681590587509,0.40591254606388866,0.16476499505206854,0.6258879350320199,0.6851840173948496,0.6865031124920076,0.495496422216603,0.3216795097477069
2011-10-11,417.73,VNINDEX,49.294493703202,2.9268964841379383,1.2228148643595773,-0.4609568820753823,0.21248124713265792,0.3260681590587509,0.6258879350320199,0.6851840173948496,0.6865031124920076,0.495496422216603
2011-10-12,410.91,VNINDEX,27.453082099690576,0.7404313023514795,1.4414974776256018,-1.6461078390955577,2.7096710179318464,1.2228148643595773,0.3260681590587509,0.6258879350320199,0.6851840173948496,0.6865031124920076
2011-10-13,412.59,VNINDEX,25.59705529674771,0.6256704549662353,1.4309994138185513,0.40801513798864136,0.16647635282789006,1.4414974776256018,1.2228148643595773,0.3260681590587509,0.6258879350320199,0.6851840173948496
2011-10-14,414.49,VNINDEX,24.898333715335387,0.5525928706286832,0.639564875982133,0.4594485037248004,0.21109292757495793,1.4309994138185513,1.4414974776256018,1.2228148643595773,0.3260681590587509,0.6258879350320199
2011-10-17,410.84,VNINDEX,25.80704065045843,0.5926932195597858,0.31129909138077405,-0.8845004534370535,0.7823410521303533,0.639564875982133,1.4309994138185513,1.4414974776256018,1.2228148643595773,0.3260681590587509
2011-10-18,404.32,VNINDEX,26.228830097572054,0.6374174731765425,0.4604846675401135,-1.5997200657719428,2.5591042888333893,0.31129909138077405,0.639564875982133,1.4309994138185513,1.4414974776256018,1.2228148643595773
2011-10-19,401.15,VNINDEX,23.834937972156283,0.48337270145131367,0.571161131395881,-0.7871221440219085,0.6195612696096461,0.4604846675401135,0.31129909138077405,0.639564875982133,1.4309994138185513,1.4414974776256018
2011-10-20,403.73,VNINDEX,22.915207107846555,0.404943869632286,0.5085780147533812,0.6410915506557636,0.41099837632221153,0.571161131395881,0.4604846675401135,0.31129909138077405,0.639564875982133,1.4309994138185513
2011-10-21,411.03,VNINDEX,24.597924211448827,0.5311237664403073,0.473146779174636,1.7919866826904316,3.2112162709398575,0.5085780147533812,0.571161131395881,0.4604846675401135,0.31129909138077405,0.639564875982133
2011-10-24,414.46,VNINDEX,25.898332416802912,0.5827628350556211,0.29227277659362355,0.8310263576214669,0.6906048070616022,0.473146779174636,0.5085780147533812,0.571161131395881,0.4604846675401135,0.31129909138077405
2011-10-25,409.38,VNINDEX,27.749407423317606,0.7677276728836527,0.5049369379432767,-1.233264805395424,1.520942080227013,0.29227277659362355,0.473146779174636,0.5085780147533812,0.571161131395881,0.4604846675401135
2011-10-26,412.1,VNINDEX,25.801066555179162,0.6161462943867142,0.6555456007753298,0.6622218289384392,0.4385377507225714,0.5049369379432767,0.29227277659362355,0.473146779174636,0.5085780147533812,0.571161131395881
2011-10-27,414.75,VNINDEX,26.44190700582955,0.6750775046508822,0.6863171573070834,0.6409890725782098,0.4108669911646735,0.6555456007753298,0.5049369379432767,0.29227277659362355,0.473146779174636,0.5085780147533812
2011-10-28,422.07,VNINDEX,24.381444791270944,0.5251896123183346,0.6054711371186441,1.7495247986677627,3.0608370211534757,0.6863171573070834,0.6555456007753298,0.5049369379432767,0.29227277659362355,0.473146779174636
2011-10-31,420.81,VNINDEX,27.807543683608287,0.7585862371537668,0.3760918862208651,-0.2989751657541788,0.0893861497377387,0.6054711371186441,0.6863171573070834,0.6555456007753298,0.5049369379432767,0.29227277659362355
2011-11-01,413.82,VNINDEX,27.5097790582509,0.7784391091657673,0.5454695180139408,-1.6750328728434905,2.8057351251063167,0.3760918862208651,0.6054711371186441,0.6863171573070834,0.6555456007753298,0.5049369379432767
2011-11-02,407.79,VNINDEX,26.77012734632613,0.7221716137603484,0.7530656533599612,-1.4678760655988599,2.1546601439579884,0.5454695180139408,0.3760918862208651,0.6054711371186441,0.6863171573070834,0.6555456007753298
2011-11-03,408.44,VNINDEX,24.789469734084292,0.5545194186977305,0.6850433805412824,0.15926886720710232,0.02536657206143359,0.7530656533599612,0.5454695180139408,0.3760918862208651,0.6054711371186441,0.6863171573070834
2011-11-04,410.57,VNINDEX,24.513903638182956,0.5267349865895119,0.6011420063491972,0.5201413419145939,0.2705470155687145,0.6850433805412824,0.7530656533599612,0.5454695180139408,0.3760918862208651,0.6054711371186441
2011-11-07,410.52,VNINDEX,23.725218668394177,0.473582866007499,0.20182883703056273,-0.012178932896957229,0.000148326406508587,0.6011420063491972,0.6850433805412824,0.7530656533599612,0.5454695180139408,0.3760918862208651
2011-11-08,408.6,VNINDEX,26.56260116724642,0.7063723947000453,0.38743028013920855,-0.46879663939917887,0.21977028911196375,0.20182883703056273,0.6011420063491972,0.6850433805412824,0.7530656533599612,0.5454695180139408
2011-11-09,405.19,VNINDEX,23.849319258425886,0.4847213359732189,0.554892198893588,-0.8380589484309,0.7023428010451059,0.38743028013920855,0.20182883703056273,0.6011420063491972,0.6850433805412824,0.7530656533599612
2011-11-10,401.03,VNINDEX,24.511828051102356,0.5350296792372022,0.5753744699701557,-1.0319855423412982,1.0649941596014634,0.554892198893588,0.38743028013920855,0.20182883703056273,0.6011420063491972,0.6850433805412824
2011-11-11,396.3,VNINDEX,23.474941901250165,0.4596006187237496,0.49311721131139064,-1.186473727941028,1.4077199070942805,0.5753744699701557,0.554892198893588,0.38743028013920855,0.20182883703056273,0.6011420063491972
2011-11-14,391.74,VNINDEX,27.771820510890056,0.7626718406715308,0.22290755406132748,-1.157314576979221,1.3393770300885932,0.49311721131139064,0.5753744699701557,0.554892198893588,0.38743028013920855,0.20182883703056273
2011-11-15,387.87,VNINDEX,26.566007595861254,0.6862159746166021,0.44572776289083177,-0.9928122492025527,0.9856761621666317,0.22290755406132748,0.49311721131139064,0.5753744699701557,0.554892198893588,0.38743028013920855
2011-11-16,390.89,VNINDEX,25.9202153169454,0.6167214399635335,0.6885364184172225,0.7755958546833934,0.6015489298020635,0.44572776289083177,0.22290755406132748,0.49311721131139064,0.5753744699701557,0.554892198893588
2011-11-17,385.86,VNINDEX,23.796134826400674,0.5044260960920055,0.6024545035573807,-1.295158110657878,1.6774345316028842,0.6885364184172225,0.44572776289083177,0.22290755406132748,0.49311721131139064,0.5753744699701557
2011-11-18,379.62,VNINDEX,22.02300339323855,0.3525731200896905,0.4912402187150768,-1.630385698797893,2.658157526844694,0.6024545035573807,0.6885364184172225,0.44572776289083177,0.22290755406132748,0.49311721131139064
2011-11-21,379.14,VNINDEX,27.21387546185771,0.7474158166219804,0.2784880710107573,-0.12652223734290574,0.016007876542254572,0.4912402187150768,0.6024545035573807,0.6885364184172225,0.44572776289083177,0.22290755406132748
2011-11-22,381.76,VNINDEX,23.14848151852062,0.4858077259947241,0.44029771159881786,0.6886608896132382,0.4742538208828967,0.2784880710107573,0.4912402187150768,0.6024545035573807,0.6885364184172225,0.44572776289083177
2011-11-23,388.57,VNINDEX,26.574580410857962,0.7192043508301564,0.6508092978156206,1.7681194847831976,3.12624651247,0.44029771159881786,0.2784880710107573,0.4912402187150768,0.6024545035573807,0.6885364184172225
2011-11-24,381.78,VNINDEX,24.95579072475034,0.6028553540069311,0.6026224769439376,-1.7628807284627555,3.1077484627853753,0.6508092978156206,0.44029771159881786,0.2784880710107573,0.4912402187150768,0.6024545035573807
2011-11-25,383.35,VNINDEX,23.93769667573936,0.49994540945670274,0.6073350380979304,0.4103883532147696,0.16841860045433046,0.6026224769439376,0.6508092978156206,0.44029771159881786,0.2784880710107573,0.4912402187150768
2011-11-28,383.31,VNINDEX,25.4595361295368,0.5680819565828898,0.308940098290098,-0.010434873356194847,0.00010888658195982511,0.6073350380979304,0.6026224769439376,0.6508092978156206,0.44029771159881786,0.2784880710107573
2011-11-29,382.9,VNINDEX,25.5325278746239,0.590630494019706,0.45241849933161943,-0.10702027880927813,0.011453340076415625,0.308940098290098,0.6073350380979304,0.6026224769439376,0.6508092978156206,0.44029771159881786
2011-11-30,380.69,VNINDEX,25.895941200408746,0.6726534367314427,0.6104552957780132,-0.5788462841945289,0.3350630207258133,0.45241849933161943,0.308940098290098,0.6073350380979304,0.6026224769439376,0.6508092978156206
2011-12-01,380.1,VNINDEX,24.4831322937302,0.5413839144961765,0.6015559484157754,-0.15510196461003908,0.024056619425893818,0.6104552957780132,0.45241849933161943,0.308940098290098,0.6073350380979304,0.6026224769439376
2011-12-02,383.88,VNINDEX,24.134789010858164,0.5336324168592388,0.5825565893622864,0.989562775422384,0.9792344865016517,0.6015559484157754,0.6104552957780132,0.45241849933161943,0.308940098290098,0.6073350380979304
2011-12-05,391.19,VNINDEX,25.959559476394865,0.6350608882704232,0.30782608615050355,1.8863371712324137,3.5582679235731045,0.5825565893622864,0.6015559484157754,0.6104552957780132,0.45241849933161943,0.308940098290098
2011-12-06,390.2,VNINDEX,25.11635923304664,0.6134752552429497,0.4473282751250923,-0.2533947272740361,0.06420888781028314,0.30782608615050355,0.5825565893622864,0.6015559484157754,0.6104552957780132,0.45241849933161943
2011-12-07,387.21,VNINDEX,27.477462314147505,0.7623682926000879,0.6703014787044872,-0.7692246673804889,0.5917065889066238,0.4473282751250923,0.30782608615050355,0.5825565893622864,0.6015559484157754,0.6104552957780132
2011-12-08,381.63,VNINDEX,23.606069906627944,0.47300772043067973,0.6162837560912394,-1.451562867897673,2.1070347594593177,0.6703014787044872,0.4473282751250923,0.30782608615050355,0.5825565893622864,0.6015559484157754
2011-12-09,377.16,VNINDEX,23.77084549764335,0.49062391126753635,0.575333308099435,-1.178205223875262,1.3881675495669563,0.6162837560912394,0.6703014787044872,0.4473282751250923,0.30782608615050355,0.5825565893622864
2011-12-12,375.3,VNINDEX,25.654552877575007,0.6100636566331163,0.3138816561947117,-0.49437944565014647,0.2444110362813461,0.575333308099435,0.6162837560912394,0.6703014787044872,0.4473282751250923,0.30782608615050355
2011-12-13,371.75,VNINDEX,24.400236892112158,0.49770872828155904,0.4379598477331932,-0.9504120800710695,0.903283121945017,0.3138816561947117,0.575333308099435,0.6162837560912394,0.6703014787044872,0.4473282751250923
2011-12-14,367.55,VNINDEX,24.39001760626765,0.5581779885318889,0.555316791148855,-1.1362221520167812,1.2910007787336455,0.4379598477331932,0.3138816561947117,0.575333308099435,0.6162837560912394,0.6703014787044872
2011-12-15,364.48,VNINDEX,22.38199507818789,0.38501830129249226,0.48030167270198043,-0.8387683561279314,0.7035323552415524,0.555316791148855,0.4379598477331932,0.3138816561947117,0.575333308099435,0.6162837560912394
2011-12-16,366.03,VNINDEX,25.20585293377795,0.5742561293825836,0.5058174730689886,0.4243616996535051,0.1800828521328117,0.48030167270198043,0.555316791148855,0.4379598477331932,0.3138816561947117,0.575333308099435
2011-12-19,367.4,VNINDEX,23.98672993360337,0.49683003463329684,0.23185483317060188,0.3735875525672635,0.13956765943319788,0.5058174730689886,0.48030167270198043,0.555316791148855,0.4379598477331932,0.3138816561947117
2011-12-20,365.67,VNINDEX,22.75222126120241,0.42672840383734234,0.3337359670907467,-0.4719885445170442,0.2227731861553178,0.23185483317060188,0.5058174730689886,0.48030167270198043,0.555316791148855,0.4379598477331932
2011-12-21,367.72,VNINDEX,23.811520498627054,0.4971016321386732,0.4735533568697711,0.5590491659699068,0.31253596997164845,0.3337359670907467,0.23185483317060188,0.5058174730689886,0.48030167270198043,0.555316791148855
2011-12-22,360.37,VNINDEX,21.558917777215118,0.3240900567924903,0.41597336425616893,-2.0190497569589563,4.076561921076021,0.4735533568697711,0.3337359670907467,0.23185483317060188,0.5058174730689886,0.48030167270198043
2011-12-23,356.21,VNINDEX,22.325404217547845,0.4248794814947221,0.4153570568086289,-1.1610836848808403,1.3481153232964707,0.41597336425616893,0.4735533568697711,0.3337359670907467,0.23185483317060188,0.5058174730689886
2011-12-26,352.68,VNINDEX,21.59980733631522,0.373149249571724,0.12105204896653773,-0.9959314358329625,0.9918794248803063,0.4153570568086289,0.41597336425616893,0.4735533568697711,0.3337359670907467,0.23185483317060188
2011-12-27,347.8,VNINDEX,22.657561174089228,0.41280273340071083,0.27235017722510735,-1.3933528298643678,1.941432108491042,0.12105204896653773,0.4153570568086289,0.41597336425616893,0.4735533568697711,0.3337359670907467
2011-12-28,350.66,VNINDEX,26.372006060043724,0.7139684561587539,0.49997347971039663,0.8189491121799574,0.6706776483403404,0.27235017722510735,0.12105204896653773,0.4153570568086289,0.41597336425616893,0.4735533568697711
2011-12-29,350.51,VNINDEX,23.296326037659014,0.4800286363125691,0.535599941957345,-0.042785630385863256,0.0018306101675157052,0.49997347971039663,0.27235017722510735,0.12105204896653773,0.4153570568086289,0.41597336425616893
2011-12-30,351.55,VNINDEX,22.429167307087702,0.4327790910248736,0.5422587278320659,0.29627119070467756,0.08777661844156742,0.535599941957345,0.49997347971039663,0.27235017722510735,0.12105204896653773,0.4153570568086289
2012-01-03,350.0,VNINDEX,23.837554572930742,0.5144708517512049,0.23412346491181216,-0.44187941617110554,0.1952574184357171,0.5422587278320659,0.535599941957345,0.49997347971039663,0.27235017722510735,0.12105204896653773
2012-01-04,348.84,VNINDEX,23.611021734893413,0.48357104481958035,0.3783193560913546,-0.331979012467461,0.11021006471887061,0.23412346491181216,0.5422587278320659,0.535599941957345,0.49997347971039663,0.27235017722510735
2012-01-05,340.94,VNINDEX,21.791733285052153,0.35369146067726237,0.45057778574934954,-2.290685563600599,5.247240351288194,0.3783193560913546,0.23412346491181216,0.5422587278320659,0.535599941957345,0.49997347971039663
2012-01-06,336.73,VNINDEX,21.44317544406372,0.3033584911322278,0.38020699887635717,-1.2425086435827017,1.5438277293777254,0.45057778574934954,0.3783193560913546,0.23412346491181216,0.5422587278320659,0.535599941957345
2012-01-09,339.32,VNINDEX,24.28077250103236,0.578729491732871,0.22219683379962227,0.76621926525821,0.5870919624528312,0.38020699887635717,0.45057778574934954,0.3783193560913546,0.23412346491181216,0.5422587278320659
2012-01-10,344.68,VNINDEX,21.193113235036105,0.33195771575657523,0.3030723631257898,1.5672835432032135,2.456377704795619,0.22219683379962227,0.38020699887635717,0.45057778574934954,0.3783193560913546,0.23412346491181216
2012-01-11,347.43,VNINDEX,21.344578740905735,0.34860367789907387,0.41976362846284043,0.7946755492829827,0.6315092286282102,0.3030723631257898,0.22219683379962227,0.38020699887635717,0.45057778574934954,0.3783193560913546
2012-01-12,348.11,VNINDEX,19.49792537522655,0.21321660157997716,0.2979259984118757,0.1955315917564501,0.03823260337481107,0.41976362846284043,0.3030723631257898,0.22219683379962227,0.38020699887635717,0.45057778574934954
2012-01-13,354.33,VNINDEX,19.564419892397538,0.19448207015554858,0.25210078321153356,1.7710160509905,3.1364978528659853,0.2979259984118757,0.41976362846284043,0.3030723631257898,0.22219683379962227,0.38020699887635717
2012-01-16,357.87,VNINDEX,18.998116586484883,0.18881914180054077,-0.024758448608596245,0.9941109670098576,0.9882566147292742,0.25210078321153356,0.2979259984118757,0.41976362846284043,0.3030723631257898,0.22219683379962227
2012-01-17,358.86,VNINDEX,17.79778568715152,0.08391216301447835,0.041627917437113165,0.2762548322556474,0.07631673234459588,-0.024758448608596245,0.25210078321153356,0.2979259984118757,0.41976362846284043,0.3030723631257898
2012-01-18,362.66,VNINDEX,17.134532148928685,0.030036784962432367,0.10092269659248393,1.0533415941359001,1.1095285139367592,0.041627917437113165,-0.024758448608596245,0.25210078321153356,0.2979259984118757,0.41976362846284043
2012-01-19,373.43,VNINDEX,16.952509856722696,0.07062122263469531,0.061523390203869044,2.926481445036244,8.564293648141424,0.10092269659248393,0.041627917437113165,-0.024758448608596245,0.25210078321153356,0.2979259984118757
2012-01-20,373.0,VNINDEX,17.353507384189975,0.09768239727288078,0.06611346829000316,-0.1152151032426459,0.013274520015213554,0.061523390203869044,0.10092269659248393,0.041627917437113165,-0.024758448608596245,0.25210078321153356
2012-01-30,384.94,VNINDEX,22.89718953915593,0.4020912971185963,0.11150399545508904,3.1509058343162213,9.928207576728003,0.06611346829000316,0.061523390203869044,0.10092269659248393,0.041627917437113165,-0.024758448608596245
2012-01-31,387.97,VNINDEX,23.824029929668562,0.4709191511487499,0.2781661003300059,0.7840539059353511,0.6147405274124803,0.11150399545508904,0.06611346829000316,0.061523390203869044,0.10092269659248393,0.041627917437113165
2012-02-01,390.67,VNINDEX,23.485375745211073,0.4417128303815165,0.4382410928829546,0.6935196809324262,0.48096954784061424,0.2781661003300059,0.11150399545508904,0.06611346829000316,0.061523390203869044,0.10092269659248393
2012-02-02,401.61,VNINDEX,24.21821459990617,0.5382931659538219,0.48364171582802973,2.7618254610260444,7.6276798771717225,0.4382410928829546,0.2781661003300059,0.11150399545508904,0.06611346829000316,0.061523390203869044
2012-02-03,401.74,VNINDEX,22.919602626728384,0.3970354649064744,0.459013820413938,0.0323644740486077,0.0010474591804430012,0.48364171582802973,0.4382410928829546,0.2781661003300059,0.11150399545508904,0.06611346829000316
2012-02-06,399.73,VNINDEX,22.997546200080954,0.4301473267321912,0.2462616727096184,-0.5015794013487673,0.2515818958573878,0.459013820413938,0.48364171582802973,0.4382410928829546,0.2781661003300059,0.11150399545508904
2012-02-07,401.08,VNINDEX,25.202976692593083,0.5553981123459927,0.3649311133334637,0.3371589462810105,0.11367615505732133,0.2462616727096184,0.459013820413938,0.48364171582802973,0.4382410928829546,0.2781661003300059
2012-02-08,409.53,VNINDEX,25.23188700808164,0.5916253489951153,0.5257235960244335,2.0849252027271437,4.346913100966821,0.3649311133334637,0.2462616727096184,0.459013820413938,0.48364171582802973,0.4382410928829546
2012-02-09,411.39,VNINDEX,24.76418040532697,0.5407172338732614,0.5625802317381234,0.4531508996876323,0.20534573788771057,0.5257235960244335,0.3649311133334637,0.2462616727096184,0.459013820413938,0.48364171582802973
2012-02-10,405.02,VNINDEX,22.686256931461386,0.40644849814173656,0.5129303603367048,-1.5605221076570106,2.4352292484862788,0.5625802317381234,0.5257235960244335,0.3649311133334637,0.2462616727096184,0.459013820413938
2012-02-13,395.54,VNINDEX,25.32521625366059,0.6174127468674999,0.33687364483583415,-2.3684528709423347,5.609569001874988,0.5129303603367048,0.5625802317381234,0.5257235960244335,0.3649311133334637,0.2462616727096184
2012-02-14,400.26,VNINDEX,24.930501395993016,0.5890531691824621,0.4824701242970135,1.1862416055599978,1.4071691467615615,0.33687364483583415,0.5129303603367048,0.5625802317381234,0.5257235960244335,0.3649311133334637
2012-02-15,397.41,VNINDEX,26.7362652025721,0.6753810527223251,0.627282322924096,-0.7145842585199111,0.5106306625244512,0.4824701242970135,0.33687364483583415,0.5129303603367048,0.5625802317381234,0.5257235960244335
2012-02-16,396.51,VNINDEX,24.994920326083403,0.5786133304057237,0.614349184103504,-0.2267231926454958,0.051403406083366604,0.627282322924096,0.4824701242970135,0.33687364483583415,0.5129303603367048,0.5625802317381234
2012-02-17,403.3,VNINDEX,24.789469734084292,0.5545194186977305,0.6028379339419268,1.6979440441497513,2.8830139770636127,0.614349184103504,0.627282322924096,0.4824701242970135,0.33687364483583415,0.5129303603367048
2012-02-20,413.98,VNINDEX,27.41644981267195,0.7526517112933827,0.4402895028384674,2.613696160032211,6.831407616967126,0.6028379339419268,0.614349184103504,0.627282322924096,0.4824701242970135,0.33687364483583415
2012-02-21,410.91,VNINDEX,28.620187140620153,0.8374022699960019,0.6585089833931486,-0.744345106480497,0.5540496375414624,0.4402895028384674,0.6028379339419268,0.614349184103504,0.627282322924096,0.4824701242970135
2012-02-22,418.41,VNINDEX,45.74721413847817,2.594732728413251,1.3949289032342125,1.8087600623873177,3.271612963287373,0.6585089833931486,0.4402895028384674,0.6028379339419268,0.614349184103504,0.627282322924096
2012-02-23,423.89,VNINDEX,27.57834916250249,0.7514098850936484,1.3945149611676344,1.3012174572168862,1.693166870965979,1.3949289032342125,0.6585089833931486,0.4402895028384674,0.6028379339419268,0.614349184103504
2012-02-24,423.43,VNINDEX,26.656675158371733,0.7357268273604924,1.360623146955798,-0.10857764367453283,0.01178910470591382,1.3945149611676344,1.3949289032342125,0.6585089833931486,0.4402895028384674,0.6028379339419268
2012-02-27,428.41,VNINDEX,28.665227873881456,0.8698720774798547,0.4016241041085742,1.1692469797423257,1.3671384996365508,1.360623146955798,1.3945149611676344,1.3949289032342125,0.6585089833931486,0.4402895028384674
2012-02-28,422.22,VNINDEX,28.81802422128532,0.8746563121866004,0.6272387196250367,-1.4554175765046733,2.1182403219987367,0.4016241041085742,1.360623146955798,1.3945149611676344,1.3949289032342125,0.6585089833931486
2012-02-29,423.64,VNINDEX,31.524808902189747,1.0550243020521823,0.9331842305728795,0.3357532768955797,0.11273026294611982,0.6272387196250367,0.4016241041085742,1.360623146955798,1.3945149611676344,1.3949289032342125
2012-03-01,427.95,VNINDEX,26.886399866907496,0.7038887423005766,0.8778564521797868,1.0122328352150254,1.0246153126874487,0.9331842305728795,0.6272387196250367,0.4016241041085742,1.360623146955798,1.3945149611676344
2012-03-02,439.6,VNINDEX,28.365703290757033,0.8164237331114144,0.8584455924880581,2.685885620184768,7.213981564715315,0.8778564521797868,0.9331842305728795,0.6272387196250367,0.4016241041085742,1.360623146955798
2012-03-05,457.21,VNINDEX,34.6189094875442,1.319493471993504,0.7381601065845864,3.9277581417961365,15.427284020445839,0.8584455924880581,0.8778564521797868,0.9331842305728795,0.6272387196250367,0.4016241041085742
2012-03-06,445.0,VNINDEX,33.47070264537612,1.2729106073287237,0.9970559961973573,-2.706852178118754,7.327048714186243,0.7381601065845864,0.8584455924880581,0.8778564521797868,0.9331842305728795,0.6272387196250367
2012-03-07,444.02,VNINDEX,28.25565753141747,0.809822526628115,1.1340755353167813,-0.22046757034680067,0.048605949574621506,0.9970559961973573,0.7381601065845864,0.8584455924880581,0.8778564521797868,0.9331842305728795
2012-03-08,431.66,VNINDEX,27.774110656087057,0.7969586199319374,0.9598972512962591,-2.8231365131947794,7.970099772133577,1.1340755353167813,0.9970559961973573,0.7381601065845864,0.8584455924880581,0.8778564521797868
2012-03-09,432.11,VNINDEX,28.07342068109508,0.807825492392281,0.8048688796507781,0.10419441302935113,0.010856475706531017,0.9598972512962591,1.1340755353167813,0.9970559961973573,0.7381601065845864,0.8584455924880581
2012-03-12,428.02,VNINDEX,28.745032476198226,0.8521077747497845,0.5005215575778261,-0.9510261999122902,0.9044508329196114,0.8048688796507781,0.9598972512962591,1.1340755353167813,0.9970559961973573,0.7381601065845864
2012-03-13,429.39,VNINDEX,32.22171002605022,1.1131087692341548,0.7466266529312069,0.3195673402239923,0.10212328493783684,0.5005215575778261,0.8048688796507781,0.9598972512962591,1.1340755353167813,0.9970559961973573
2012-03-14,433.86,VNINDEX,27.537674161518787,0.7449321642225117,0.9033829027354838,1.0356304550680453,1.0725304394644466,0.7466266529312069,0.5005215575778261,0.8048688796507781,0.9598972512962591,1.1340755353167813
2012-03-15,441.85,VNINDEX,30.559369097774017,0.9714240345032015,0.9431549893199562,1.8248556549098005,3.330098161256277,0.9033829027354838,0.7466266529312069,0.5005215575778261,0.8048688796507781,0.9598972512962591
2012-03-16,438.52,VNINDEX,30.271293570831173,0.9698220833849065,0.8953927607035403,-0.7565037157674237,0.572297871969919,0.9431549893199562,0.9033829027354838,0.7466266529312069,0.5005215575778261,0.8048688796507781
2012-03-19,438.07,VNINDEX,29.086562901840587,0.9001721125536087,0.49803890772266113,-0.10267058477273262,0.010541248977574877,0.8953927607035403,0.9431549893199562,0.9033829027354838,0.7466266529312069,0.5005215575778261
2012-03-20,440.29,VNINDEX,29.098327587335728,0.8704225967756228,0.6649338896605719,0.505488575776222,0.2555187002402733,0.49803890772266113,0.8953927607035403,0.9431549893199562,0.9033829027354838,0.7466266529312069
2012-03-21,445.77,VNINDEX,30.037147221459904,0.9520824069358873,0.9075590387550398,1.2369523219991732,1.5300510468991462,0.6649338896605719,0.49803890772266113,0.8953927607035403,0.9431549893199562,0.9033829027354838
2012-03-22,445.67,VNINDEX,27.561632648741874,0.7705960764827338,0.864367026731415,-0.02243560989397198,0.0005033565913144933,0.9075590387550398,0.6649338896605719,0.49803890772266113,0.8953927607035403,0.9431549893199562
2012-03-23,454.1,VNINDEX,27.36246472654247,0.7452037617278879,0.8226274150488367,1.873867026647956,3.5113776335584514,0.864367026731415,0.9075590387550398,0.6649338896605719,0.49803890772266113,0.8953927607035403
2012-03-26,459.26,VNINDEX,30.108593566896364,0.9439111999003595,0.5455387501383552,1.1299060386818731,1.2766876562497624,0.8226274150488367,0.864367026731415,0.9075590387550398,0.6649338896605719,0.49803890772266113
2012-03-27,445.9,VNINDEX,29.82962104238019,0.9362831878755842,0.7406534066284403,-2.9521786857293333,8.715358992474574,0.5455387501383552,0.8226274150488367,0.864367026731415,0.9075590387550398,0.6649338896605719
2012-03-28,446.32,VNINDEX,28.965868740423716,0.8688772225044454,0.9163572034267968,0.09414719038419656,0.008863693457238152,0.7406534066284403,0.5455387501383552,0.8226274150488367,0.864367026731415,0.9075590387550398
2012-03-29,439.63,VNINDEX,28.78208649045069,0.8361604437962675,0.8804402847254327,-1.5102719478260018,2.2809213563901456,0.9163572034267968,0.7406534066284403,0.5455387501383552,0.8226274150488367,0.864367026731415
2012-03-30,441.03,VNINDEX,24.41892792175621,0.5944052251810117,0.7664809638272418,0.3179436284971569,0.10108815090193812,0.8804402847254327,0.9163572034267968,0.7406534066284403,0.5455387501383552,0.8226274150488367
2012-04-03,445.77,VNINDEX,27.85732168701866,0.7590378971184237,0.3756779441542869,1.069022359238108,1.1428088045510105,0.7664809638272418,0.8804402847254327,0.9163572034267968,0.7406534066284403,0.5455387501383552
2012-04-04,439.77,VNINDEX,27.639361663978043,0.7611264664003535,0.6323182936428748,-1.355126096631631,1.8363667377720805,0.3756779441542869,0.7664809638272418,0.8804402847254327,0.9163572034267968,0.7406534066284403
2012-04-05,444.93,VNINDEX,26.056825338018612,0.6016774289393301,0.7072805974860361,1.1665103451931458,1.360746385442632,0.6323182936428748,0.3756779441542869,0.7664809638272418,0.8804402847254327,0.9163572034267968
2012-04-06,447.44,VNINDEX,27.249813192692343,0.7859116850123133,0.7162385267839994,0.5625484091351576,0.31646071262049663,0.7072805974860361,0.6323182936428748,0.3756779441542869,0.7664809638272418,0.8804402847254327
2012-04-09,450.73,VNINDEX,27.875583600429913,0.7705714502016824,0.4012760682627369,0.7326040092072881,0.5367086343065922,0.7162385267839994,0.7072805974860361,0.6323182936428748,0.3756779441542869,0.7664809638272418
2012-04-10,450.85,VNINDEX,28.196991083696822,0.8579783994780352,0.5920509437946864,0.026619934051033228,0.0007086208888813583,0.4012760682627369,0.7162385267839994,0.7072805974860361,0.6323182936428748,0.3756779441542869
2012-04-11,458.74,VNINDEX,27.324880524860042,0.8001655298014392,0.8095717931603859,1.7348910820153811,3.0098470664565,0.5920509437946864,0.4012760682627369,0.7162385267839994,0.7072805974860361,0.6323182936428748
2012-04-12,465.26,VNINDEX,29.461955471236976,0.9950270113954564,0.8843903135583105,1.4112788345828269,1.991707948941462,0.8095717931603859,0.5920509437946864,0.4012760682627369,0.7162385267839994,0.7072805974860361
2012-04-13,462.52,VNINDEX,26.95939161199459,0.7264372797373928,0.840543273644763,-0.59065898511369,0.34887803669553424,0.8843903135583105,0.8095717931603859,0.5920509437946864,0.4012760682627369,0.7162385267839994
2012-04-16,468.26,VNINDEX,29.217690907218365,0.913579214260539,0.4280278094284988,1.2333897948585637,1.5212503860612498,0.840543273644763,0.8843903135583105,0.8095717931603859,0.5920509437946864,0.4012760682627369
2012-04-17,472.84,VNINDEX,27.898211246118763,0.8080970898976574,0.6253017062089629,0.9733367672829485,0.9473844625448207,0.4280278094284988,0.840543273644763,0.8843903135583105,0.8095717931603859,0.5920509437946864
2012-04-18,472.16,VNINDEX,30.399015147594113,1.0033856051752799,0.9083539697778258,-0.14391536875468108,0.020711633363795837,0.6253017062089629,0.4280278094284988,0.840543273644763,0.8843903135583105,0.8095717931603859
2012-04-19,467.08,VNINDEX,26.359440720444308,0.7165652622524585,0.842682652441799,-1.081736198711519,1.170153203602847,0.9083539697778258,0.6253017062089629,0.4280278094284988,0.840543273644763,0.8843903135583105
2012-04-20,465.72,VNINDEX,28.45903253633598,0.8422111309837989,0.8540539994705127,-0.2915954038698825,0.08502787955803986,0.842682652441799,0.9083539697778258,0.6253017062089629,0.4280278094284988,0.840543273644763
2012-04-23,465.17,VNINDEX,29.246386664590524,0.9072249790015647,0.40630715612483886,-0.11816649958611405,0.013963321624435093,0.8540539994705127,0.842682652441799,0.9083539697778258,0.6253017062089629,0.4280278094284988
2012-04-24,465.65,VNINDEX,27.18230346330068,0.7349120348443636,0.6163636384043427,0.10313487947124943,0.010636803363549146,0.40630715612483886,0.8540539994705127,0.842682652441799,0.9083539697778258,0.6253017062089629
2012-04-25,472.87,VNINDEX,27.368961954458577,0.7864868305891326,0.809541281478354,1.5386230310804485,2.3673608317711867,0.6163636384043427,0.40630715612483886,0.8540539994705127,0.842682652441799,0.9083539697778258
2012-04-26,470.21,VNINDEX,27.06624550083572,0.7957763782122323,0.7723917478819098,-0.5641105852927955,0.31822075243938025,0.809541281478354,0.6163636384043427,0.40630715612483886,0.8540539994705127,0.842682652441799
2012-04-27,473.77,VNINDEX,24.493995253923906,0.6086590699701375,0.7303074262571678,0.754256843884635,0.5689033865468106,0.7723917478819098,0.809541281478354,0.6163636384043427,0.40630715612483886,0.8540539994705127
2012-05-02,472.46,VNINDEX,27.661989309666893,0.7986521060963286,0.29823875778797293,-0.27688845987769845,0.07666721921344383,0.7303074262571678,0.7723917478819098,0.809541281478354,0.6163636384043427,0.40630715612483886
2012-05-03,468.8,VNINDEX,27.027431528816216,0.7384224927853081,0.5727470341254506,-0.7776849002809862,0.6047938041250476,0.29823875778797293,0.7303074262571678,0.7723917478819098,0.809541281478354,0.6163636384043427
2012-05-04,476.32,VNINDEX,26.98830192748315,0.7626645163865156,0.7665797050893843,1.5913659004663259,2.532445429167,0.5727470341254506,0.29823875778797293,0.7303074262571678,0.7723917478819098,0.809541281478354
2012-05-07,486.31,VNINDEX,28.287974275520863,0.8258933431937944,0.42028940340858834,2.0756383369056146,4.308274505632306,0.7665797050893843,0.5727470341254506,0.29823875778797293,0.7303074262571678,0.7723917478819098
2012-05-08,488.07,VNINDEX,29.523498160142495,0.9657291555821274,0.6557193414938987,0.36125575526663106,0.13050572071326402,0.42028940340858834,0.7665797050893843,0.5727470341254506,0.29823875778797293,0.7303074262571678
2012-05-09,487.62,VNINDEX,28.612043441856244,0.8895768375986414,0.8937331121248546,-0.0922424196020242,0.008508663974035898,0.6557193414938987,0.42028940340858834,0.7665797050893843,0.5727470341254506,0.29823875778797293
2012-05-10,486.07,VNINDEX,27.24848235115811,0.7977734124480663,0.8843598018762786,-0.31837675426093415,0.10136375765372725,0.8937331121248546,0.6557193414938987,0.42028940340858834,0.7665797050893843,0.5727470341254506
2012-05-11,480.1,VNINDEX,25.68420793860993,0.6498579280703016,0.77906939270567,-1.235823091366438,1.5272587131544997,0.8843598018762786,0.8937331121248546,0.6557193414938987,0.42028940340858834,0.7665797050893843
2012-05-14,469.69,VNINDEX,26.126625212607273,0.6869638583676864,0.3544568825623204,-2.192151291580909,4.805527285179848,0.77906939270567,0.8843598018762786,0.8937331121248546,0.6557193414938987,0.42028940340858834
2012-05-15,455.65,VNINDEX,31.90121668380681,1.2196133824864082,0.6826062210048155,-3.034793167894982,9.209969571902061,0.3544568825623204,0.77906939270567,0.8843598018762786,0.8937331121248546,0.6557193414938987
2012-05-16,449.91,VNINDEX,25.442503986462622,0.6688640570001063,0.8584804326180673,-1.2677408180437304,1.6071667817341868,0.6826062210048155,0.3544568825623204,0.77906939270567,0.8843598018762786,0.8937331121248546
2012-05-17,442.58,VNINDEX,24.837386708530467,0.6058472432181745,0.8314415609015633,-1.642632369397845,2.6982411009935787,0.8584804326180673,0.6826062210048155,0.3544568825623204,0.77906939270567,0.8843598018762786
2012-05-18,434.95,VNINDEX,25.209688478625587,0.6392626531153343,0.637991317777872,-1.7390157114170155,3.0241756445552284,0.8314415609015633,0.8584804326180673,0.6826062210048155,0.3544568825623204,0.77906939270567
2012-05-21,448.02,VNINDEX,27.459414958852655,0.7934162114249261,0.3701055483010713,2.9606792322115525,8.765621516048787,0.637991317777872,0.8314415609015633,0.8584804326180673,0.6826062210048155,0.3544568825623204
2012-05-22,447.94,VNINDEX,24.981824799054028,0.6202245736194628,0.5186281288217219,-0.017857940134068957,0.0003189060258319908,0.3701055483010713,0.637991317777872,0.8314415609015633,0.8584804326180673,0.6826062210048155
2012-05-23,436.75,VNINDEX,22.88356382469659,0.4827169774523696,0.6321192541655866,-2.5298345860158724,6.400063032602101,0.5186281288217219,0.3701055483010713,0.637991317777872,0.8314415609015633,0.8584804326180673
2012-05-24,426.92,VNINDEX,23.642007637462576,0.5115035888210128,0.538148379964282,-2.276430696840173,5.182136717516236,0.6321192541655866,0.5186281288217219,0.3701055483010713,0.637991317777872,0.8314415609015633
2012-05-25,437.38,VNINDEX,22.024763351005586,0.4258743364701315,0.47336496758117164,2.4205740414412698,5.859178690099322,0.538148379964282,0.6321192541655866,0.5186281288217219,0.3701055483010713,0.637991317777872
2012-05-28,435.48,VNINDEX,26.001994435145605,0.7148398255220008,0.31124357016131765,-0.43535114471976644,0.189530619208811,0.47336496758117164,0.538148379964282,0.6321192541655866,0.5186281288217219,0.3701055483010713
2012-05-29,431.44,VNINDEX,26.207230469028314,0.6963522653218973,0.47686965819010435,-0.9320419984007723,0.8687022867829052,0.31124357016131765,0.47336496758117164,0.538148379964282,0.6321192541655866,0.5186281288217219
2012-05-30,435.34,VNINDEX,25.853405170460846,0.7170518804160932,0.7094146570866642,0.8998883957719429,0.8097991248450009,0.47686965819010435,0.31124357016131765,0.47336496758117164,0.538148379964282,0.6321192541655866
2012-05-31,429.2,VNINDEX,22.427836465553465,0.44464081846062664,0.6193483213995394,-1.4204324230147556,2.0176282683515696,0.7094146570866642,0.47686965819010435,0.31124357016131765,0.47336496758117164,0.538148379964282
2012-06-01,428.8,VNINDEX,21.359964413132115,0.3412792139457415,0.5009906376074875,-0.0932400999951134,0.008693716247098747,0.6193483213995394,0.7094146570866642,0.47686965819010435,0.31124357016131765,0.47336496758117164
2012-06-04,416.65,VNINDEX,23.40216471427947,0.4796335531950303,0.24167015573944958,-2.8744068928376483,8.262214985592584,0.5009906376074875,0.6193483213995394,0.7094146570866642,0.47686965819010435,0.31124357016131765
2012-06-05,421.02,VNINDEX,22.871584581085045,0.46988502132225857,0.3491599645268541,1.0433797664036686,1.088641336940574,0.24167015573944958,0.5009906376074875,0.6193483213995394,0.7094146570866642,0.47686965819010435
2012-06-06,426.39,VNINDEX,29.80533665055063,0.5704058568969066,0.44962381101323634,1.2674081926777716,1.6063235268667355,0.3491599645268541,0.24167015573944958,0.5009906376074875,0.6193483213995394,0.7094146570866642
2012-06-07,434.41,VNINDEX,29.627467238038367,0.5851721490757739,0.42655515250041615,1.863436819356055,3.472396779731811,0.44962381101323634,0.3491599645268541,0.24167015573944958,0.5009906376074875,0.6193483213995394
2012-06-08,432.9,VNINDEX,27.65584519799509,0.4326087673805518,0.5293955911177446,-0.34820341646557523,0.12124561923829882,0.42655515250041615,0.44962381101323634,0.3491599645268541,0.24167015573944958,0.5009906376074875
2012-06-11,432.5,VNINDEX,30.07040401827322,0.6541240706214932,0.25578841527822177,-0.09244280760008547,0.008545672676986419,0.5293955911177446,0.42655515250041615,0.44962381101323634,0.3491599645268541,0.24167015573944958
2012-06-12,428.16,VNINDEX,28.340909775974307,0.48276348089970283,0.36471415997774675,-1.0085368872125058,1.0171466528682906,0.25578841527822177,0.5293955911177446,0.42655515250041615,0.44962381101323634,0.3491599645268541
2012-06-13,427.61,VNINDEX,29.34644482981014,0.5449057693649472,0.560597773628715,-0.12853922799990208,0.016522333134810812,0.36471415997774675,0.25578841527822177,0.5293955911177446,0.42655515250041615,0.44962381101323634
2012-06-14,425.28,VNINDEX,29.306207899580897,0.5855347471235199,0.5377346657960571,-0.5463789694929609,0.2985299783041899,0.560597773628715,0.36471415997774675,0.25578841527822177,0.5293955911177446,0.42655515250041615
2012-06-15,433.09,VNINDEX,26.598062486428585,0.39279642571844464,0.5077456474023044,1.8197783073330334,3.31159308783988,0.5377346657960571,0.560597773628715,0.36471415997774675,0.25578841527822177,0.5293955911177446
2012-06-18,435.59,VNINDEX,30.66067503745748,0.6757288213291378,0.3232001591840054,0.5755875355943726,0.33130101113160315,0.5077456474023044,0.5377346657960571,0.560597773628715,0.36471415997774675,0.25578841527822177
2012-06-19,431.08,VNINDEX,31.568521516815746,0.7249466333025477,0.5235574636966045,-1.040774622552348,1.0832118149489824,0.3232001591840054,0.5077456474023044,0.5377346657960571,0.560597773628715,0.36471415997774675
2012-06-20,432.89,VNINDEX,39.96748391676676,1.1497022913430757,0.850125915324921,0.41899664293941635,0.17555818679450075,0.5235574636966045,0.3232001591840054,0.5077456474023044,0.5377346657960571,0.560597773628715
2012-06-21,431.14,VNINDEX,35.110928936083546,0.7532495205813626,0.8759661484089958,-0.4050790812737579,0.16408906208559176,0.850125915324921,0.5235574636966045,0.3232001591840054,0.5077456474023044,0.5377346657960571
2012-06-22,427.17,VNINDEX,29.45120057999223,0.46647067010298865,0.7898074940091426,-0.9250802884274668,0.8557735400370452,0.8759661484089958,0.850125915324921,0.5235574636966045,0.3232001591840054,0.5077456474023044
2012-06-25,424.12,VNINDEX,30.355631174226392,0.5988643797074397,0.1999204173192186,-0.716562640341554,0.5134620175332594,0.7898074940091426,0.8759661484089958,0.850125915324921,0.5235574636966045,0.3232001591840054
2012-06-26,419.19,VNINDEX,28.667398130213865,0.44951685874152697,0.3633085073758151,-1.1692156297131229,1.3670651887654544,0.1999204173192186,0.7898074940091426,0.8759661484089958,0.850125915324921,0.5235574636966045
2012-06-27,418.04,VNINDEX,28.737909799285205,0.4752439652978462,0.5078750679156047,-0.27471560341631956,0.07546866276039257,0.3633085073758151,0.1999204173192186,0.7898074940091426,0.8759661484089958,0.850125915324921
2012-06-28,418.16,VNINDEX,26.61766881751463,0.34116091358193307,0.42197391254043587,0.028701267836336208,0.0008237627754131073,0.5078750679156047,0.3633085073758151,0.1999204173192186,0.7898074940091426,0.8759661484089958
2012-06-29,422.37,VNINDEX,24.60113428860456,0.1747681412535854,0.33039100671112215,1.0017572737879292,1.0035176355870241,0.42197391254043587,0.5078750679156047,0.3633085073758151,0.1999204173192186,0.7898074940091426
2012-07-02,419.3,VNINDEX,27.63442573625106,0.4339524059964523,0.0484605231861401,-0.7295052965828717,0.5321779777424636,0.33039100671112215,0.42197391254043587,0.5078750679156047,0.3633085073758151,0.1999204173192186
2012-07-03,413.09,VNINDEX,23.578359491485198,0.12721084594333523,0.08187718133339957,-1.4921167280747236,2.226412330200419,0.0484605231861401,0.33039100671112215,0.42197391254043587,0.5078750679156047,0.3633085073758151
2012-07-04,410.73,VNINDEX,25.170221251501093,0.27270875008541995,0.27795733400840295,-0.5729422582195366,0.32826283125370215,0.08187718133339957,0.0484605231861401,0.33039100671112215,0.42197391254043587,0.5078750679156047
2012-07-05,413.83,VNINDEX,26.27054986413188,0.3634010013621704,0.25444019913030896,0.7519197161444684,0.5653832595267779,0.27795733400840295,0.08187718133339957,0.0484605231861401,0.33039100671112215,0.42197391254043587
2012-07-06,415.44,VNINDEX,25.38596100644007,0.2543639991294973,0.2968245835256964,0.38829380608443986,0.15077207984354057,0.25444019913030896,0.27795733400840295,0.08187718133339957,0.0484605231861401,0.33039100671112215
2012-07-09,408.12,VNINDEX,24.38618339626642,0.18076271921566875,-0.012685484710787565,-1.7776950728959104,3.1601997721983963,0.2968245835256964,0.25444019913030896,0.27795733400840295,0.08187718133339957,0.0484605231861401
2012-07-10,405.39,VNINDEX,25.10754059147067,0.25203931994544276,0.09701515305008912,-0.6711682089000058,0.45046676463804186,-0.012685484710787565,0.2968245835256964,0.25444019913030896,0.27795733400840295,0.08187718133339957
2012-07-11,407.28,VNINDEX,27.202182393036697,0.3742246557381623,0.26900889829975844,0.46513428759762065,0.2163499054989461,0.09701515305008912,-0.012685484710787565,0.2968245835256964,0.25444019913030896,0.27795733400840295
2012-07-12,408.72,VNINDEX,25.29663186888352,0.26792223171585056,0.2980620691331524,0.3529415428462057,0.12456773266666006,0.26900889829975844,0.09701515305008912,-0.012685484710787565,0.2968245835256964,0.25444019913030896
2012-07-13,416.98,VNINDEX,25.288011997241757,0.27521472829334753,0.3057872052491207,2.000793399536769,4.0031742276299,0.2980620691331524,0.26900889829975844,0.09701515305008912,-0.012685484710787565,0.2968245835256964
2012-07-16,413.98,VNINDEX,24.237564454539122,0.19924304919497762,-0.009343653440859337,-0.7220595538265748,0.5213699992722323,0.3057872052491207,0.2980620691331524,0.26900889829975844,0.09701515305008912,-0.012685484710787565
2012-07-17,417.55,VNINDEX,26.134495107050544,0.3128379697947865,0.1421726231608558,0.8586634119594005,0.7373028550377592,-0.009343653440859337,0.3057872052491207,0.2980620691331524,0.26900889829975844,0.09701515305008912
2012-07-18,418.83,VNINDEX,26.273940719991543,0.3889925288951032,0.30035784929495624,0.30608120694277285,0.09368570524354454,0.1421726231608558,-0.009343653440859337,0.3057872052491207,0.2980620691331524,0.26900889829975844
2012-07-19,428.38,VNINDEX,27.96193835854777,0.4633478303527266,0.38839277634753927,2.254554247433012,5.083014854618235,0.30035784929495624,0.1421726231608558,-0.009343653440859337,0.3057872052491207,0.2980620691331524
2012-07-20,424.47,VNINDEX,25.856863554681983,0.2981631176168927,0.383501158954908,-0.9169320267025589,0.8407643415928622,0.38839277634753927,0.30035784929495624,0.1421726231608558,-0.009343653440859337,0.3057872052491207
2012-07-23,421.99,VNINDEX,26.474018456848682,0.3605324251064966,-0.002378170386080458,-0.5859714803194095,0.3433625757477201,0.383501158954908,0.38839277634753927,0.30035784929495624,0.1421726231608558,-0.009343653440859337
2012-07-24,415.63,VNINDEX,24.944048494262365,0.24805412409822844,0.14714044055429823,-1.5186175659830787,2.3061993117123705,-0.002378170386080458,0.383501158954908,0.38839277634753927,0.30035784929495624,0.1421726231608558
2012-07-25,412.91,VNINDEX,26.606682358070348,0.38550392914094767,0.33136349278189137,-0.6565789874964517,0.4310959668218657,0.14714044055429823,-0.002378170386080458,0.383501158954908,0.38839277634753927,0.30035784929495624
2012-07-26,414.8,VNINDEX,26.718219819971768,0.3582518849448549,0.3306033127280108,0.45668248173909437,0.20855888912737827,0.33136349278189137,0.14714044055429823,-0.002378170386080458,0.383501158954908,0.38839277634753927
2012-07-27,413.16,VNINDEX,23.954964321109212,0.18367701547182916,0.309144276519211,-0.39615492169395705,0.15693872198234524,0.3306033127280108,0.33136349278189137,0.14714044055429823,-0.002378170386080458,0.383501158954908
2012-07-30,415.0,VNINDEX,25.015609460655295,0.22765585200502383,-0.05406901100584619,0.44435930922654854,0.19745519569629538,0.309144276519211,0.3306033127280108,0.33136349278189137,0.14714044055429823,-0.002378170386080458
2012-07-31,414.48,VNINDEX,23.28792834901437,0.10658713580384482,0.06131337720917551,-0.12537977241653991,0.015720087331223345,-0.05406901100584619,0.309144276519211,0.3306033127280108,0.33136349278189137,0.14714044055429823
2012-08-01,412.55,VNINDEX,26.267947870873048,0.32545930083539837,0.21990076288142282,-0.466731195618061,0.2178380089630647,0.06131337720917551,-0.05406901100584619,0.309144276519211,0.3306033127280108,0.33136349278189137
2012-08-02,416.1,VNINDEX,25.39615860328351,0.22237115656432205,0.2181391977345222,0.8568205438543364,0.7341414443708407,0.21990076288142282,0.06131337720917551,-0.05406901100584619,0.309144276519211,0.3306033127280108
2012-08-03,418.21,VNINDEX,25.272610413880656,0.2313241698049788,0.25971820906823356,0.5058082723576046,0.25584200838538473,0.2181391977345222,0.21990076288142282,0.06131337720917551,-0.05406901100584619,0.309144276519211
2012-08-06,423.16,VNINDEX,28.379568981001864,0.4668348491288084,0.10793535195175796,1.1766659406102145,1.3845427357921207,0.25971820906823356,0.2181391977345222,0.21990076288142282,0.06131337720917551,-0.05406901100584619
2012-08-07,422.5,VNINDEX,26.230866391047172,0.31668758661861457,0.20093299187307978,-0.15609113213452933,0.024364441531039095,0.10793535195175796,0.25971820906823356,0.2181391977345222,0.21990076288142282,0.06131337720917551
2012-08-08,423.57,VNINDEX,26.69340950236807,0.3340039960278223,0.3725088105917489,0.2529342892314737,0.0639757546690308,0.20093299187307978,0.10793535195175796,0.25971820906823356,0.2181391977345222,0.21990076288142282
2012-08-09,426.98,VNINDEX,27.224390717381578,0.3605308441284229,0.3370741422582871,0.8018384034634538,0.6429448252688206,0.3725088105917489,0.20093299187307978,0.10793535195175796,0.25971820906823356,0.2181391977345222
2012-08-10,425.56,VNINDEX,28.553494080509918,0.513819421919137,0.40278475402512787,-0.33312250760126905,0.11097060507055756,0.3370741422582871,0.3725088105917489,0.20093299187307978,0.10793535195175796,0.25971820906823356
2012-08-13,426.17,VNINDEX,27.472218341820646,0.45883405100800373,0.183329204005503,0.14323790503920464,0.020517097440020206,0.40278475402512787,0.3370741422582871,0.3725088105917489,0.20093299187307978,0.10793535195175796
2012-08-14,429.47,VNINDEX,24.928646910901268,0.20416356560985968,0.21535650353637545,0.7713562624987357,0.5949904836960184,0.183329204005503,0.40278475402512787,0.3370741422582871,0.3725088105917489,0.20093299187307978
2012-08-15,430.77,VNINDEX,28.433101341510422,0.47337174318443737,0.37878978660076745,0.30224146508503097,0.09134990321674599,0.21535650353637545,0.183329204005503,0.40278475402512787,0.3370741422582871,0.3725088105917489
2012-08-16,430.83,VNINDEX,27.025890705726127,0.36429060192935125,0.34727530357454994,0.013927576624192549,0.00019397739062275473,0.37878978660076745,0.21535650353637545,0.183329204005503,0.40278475402512787,0.3370741422582871
2012-08-17,433.45,VNINDEX,26.873092045538314,0.3695295773695664,0.4023973074944522,0.6062868574012468,0.36758375345747973,0.34727530357454994,0.37878978660076745,0.21535650353637545,0.183329204005503,0.40278475402512787
2012-08-20,437.28,VNINDEX,28.871362563107713,0.487865296338458,0.14289676527096548,0.8797272865108426,0.7739200986317302,0.4023973074944522,0.34727530357454994,0.37878978660076745,0.21535650353637545,0.183329204005503
2012-08-21,416.84,VNINDEX,34.94291403946207,1.0071250073694464,0.5242318352669065,-4.787126705553116,22.91658209501983,0.14289676527096548,0.4023973074944522,0.34727530357454994,0.37878978660076745,0.21535650353637545
2012-08-22,410.23,VNINDEX,32.17863427254236,0.7699080913819705,0.7549661316966253,-1.5984477104113999,2.5550350829194466,0.5242318352669065,0.14289676527096548,0.4023973074944522,0.34727530357454994,0.37878978660076745
2012-08-23,392.82,VNINDEX,34.80370383197737,1.0059626677774192,0.9276652555096124,-4.336648633905764,18.806521373956727,0.7549661316966253,0.5242318352669065,0.14289676527096548,0.4023973074944522,0.34727530357454994
2012-08-24,399.72,VNINDEX,33.880455769258,0.9128542973156407,0.8962416854916772,1.741281031253376,3.0320596298028204,0.9276652555096124,0.7549661316966253,0.5242318352669065,0.14289676527096548,0.4023973074944522
2012-08-27,386.19,VNINDEX,33.79793337268523,0.8688281598038855,0.3018721244665798,-3.4434825653936,11.857572178169688,0.8962416854916772,0.9276652555096124,0.7549661316966253,0.5242318352669065,0.14289676527096548
2012-08-28,385.78,VNINDEX,30.372870917509914,0.5842793865524455,0.48111211930056835,-0.10622175435586922,0.011283061098438622,0.3018721244665798,0.8962416854916772,0.9276652555096124,0.7549661316966253,0.5242318352669065
2012-08-29,393.06,VNINDEX,30.547324444898067,0.6526889920046194,0.7019321794536507,1.869501317574588,3.4950351764131207,0.48111211930056835,0.3018721244665798,0.8962416854916772,0.9276652555096124,0.7549661316966253
2012-08-30,397.25,VNINDEX,28.36598052829875,0.4732361641610509,0.5700681809060392,1.060353344498536,1.124349215189231,0.7019321794536507,0.48111211930056835,0.3018721244665798,0.8962416854916772,0.9276652555096124
2012-08-31,396.02,VNINDEX,25.18746099478462,0.25812375693042583,0.46134963769869924,-0.31010903871768875,0.09616761589440898,0.5700681809060392,0.7019321794536507,0.48111211930056835,0.3018721244665798,0.8962416854916772
2012-09-04,402.08,VNINDEX,28.37355110261893,0.5120690462330776,0.07019177142709498,1.5186358765633514,2.3062549255853386,0.46134963769869924,0.5700681809060392,0.7019321794536507,0.48111211930056835,0.3018721244665798
2012-09-05,398.92,VNINDEX,27.43253486873594,0.41212063626444767,0.3150220390047001,-0.7890178261614809,0.6225491300005889,0.07019177142709498,0.46134963769869924,0.5700681809060392,0.7019321794536507,0.48111211930056835
2012-09-06,393.41,VNINDEX,28.078940241687594,0.4782039815544934,0.46746455468400666,-1.390857048133928,1.9344833283438236,0.3150220390047001,0.07019177142709498,0.46134963769869924,0.5700681809060392,0.7019321794536507
2012-09-07,397.51,VNINDEX,29.285837735158452,0.5407530070898966,0.477025874969613,1.0367765958325064,1.0749057096660402,0.46746455468400666,0.3150220390047001,0.07019177142709498,0.46134963769869924,0.5700681809060392
2012-09-10,388.88,VNINDEX,30.489376960472686,0.5579185239016073,0.24224436870664837,-2.1949278273453063,4.817708167254787,0.477025874969613,0.46746455468400666,0.3150220390047001,0.07019177142709498,0.46134963769869924
2012-09-11,386.62,VNINDEX,29.84922487136028,0.5215932010155822,0.3977864566313611,-0.5828514243654228,0.3397157828848022,0.24224436870664837,0.477025874969613,0.46746455468400666,0.3150220390047001,0.07019177142709498
2012-09-12,388.35,VNINDEX,29.3302543838482,0.5133653838704175,0.5309590362625362,0.4464696372110524,0.19933513695136873,0.3977864566313611,0.24224436870664837,0.477025874969613,0.46746455468400666,0.3150220390047001
2012-09-13,391.36,VNINDEX,29.79461062582708,0.5809736668002365,0.5386440838954125,0.7720857633151221,0.5961164259138948,0.5309590362625362,0.3977864566313611,0.24224436870664837,0.477025874969613,0.46746455468400666
2012-09-14,398.87,VNINDEX,26.747470290756727,0.36196592274529665,0.4854349911386507,1.9007696765627171,3.612925363340336,0.5386440838954125,0.5309590362625362,0.3977864566313611,0.24224436870664837,0.477025874969613
2012-09-17,401.75,VNINDEX,29.72985640041793,0.5437875687953327,0.15194519547796836,0.719445535318726,0.5176018782900482,0.4854349911386507,0.5386440838954125,0.5309590362625362,0.3977864566313611,0.24224436870664837
2012-09-18,394.51,VNINDEX,27.981544689633818,0.41171231821621496,0.2858169951623752,-1.818551611050312,3.307129962053685,0.15194519547796836,0.4854349911386507,0.5386440838954125,0.5309590362625362,0.3977864566313611
2012-09-19,394.55,VNINDEX,26.877271763998824,0.38277093190866024,0.44609027297340315,0.01013864599252963,0.00010279214256183712,0.2858169951623752,0.15194519547796836,0.4854349911386507,0.5386440838954125,0.5309590362625362
2012-09-20,389.28,VNINDEX,30.969395220533414,0.6356421596641105,0.47670846992966237,-1.3446995931831676,1.8082169959069763,0.44609027297340315,0.2858169951623752,0.15194519547796836,0.4854349911386507,0.5386440838954125
2012-09-21,395.48,VNINDEX,30.21326551633833,0.6471027320907689,0.5551719412211803,1.5801337993719928,2.4968228239177694,0.47670846992966237,0.44609027297340315,0.2858169951623752,0.15194519547796836,0.4854349911386507
2012-09-24,390.37,VNINDEX,29.333645239707874,0.5389569114033504,0.18117456081053182,-1.3005209704961491,1.6913547947002456,0.5551719412211803,0.47670846992966237,0.44609027297340315,0.2858169951623752,0.15194519547796836
2012-09-25,391.77,VNINDEX,28.78597773855537,0.43967266395561544,0.30705464386420983,0.3579925576454792,0.12815867132955175,0.18117456081053182,0.5551719412211803,0.47670846992966237,0.44609027297340315,0.2858169951623752
2012-09-26,395.12,VNINDEX,27.401471267292994,0.35811472494339475,0.44558143343412066,0.851458333194398,0.7249812931661825,0.30705464386420983,0.18117456081053182,0.5551719412211803,0.47670846992966237,0.44609027297340315
2012-09-27,393.34,VNINDEX,28.263062938039088,0.49319571177964644,0.43032770022621936,-0.4515138431861596,0.20386475058873593,0.44558143343412066,0.30705464386420983,0.18117456081053182,0.5551719412211803,0.47670846992966237
2012-09-28,392.57,VNINDEX,26.101064917805076,0.295882577455251,0.38239767139276454,-0.19595125303915506,0.03839689356761498,0.43032770022621936,0.44558143343412066,0.30705464386420983,0.18117456081053182,0.5551719412211803
2012-10-01,386.55,VNINDEX,30.560619875177384,0.6998548638188211,0.23311171099414052,-1.5453639503632441,2.3881497390822912,0.38239767139276454,0.43032770022621936,0.44558143343412066,0.30705464386420983,0.18117456081053182
2012-10-02,384.32,VNINDEX,29.32867665864652,0.5380657298580959,0.41072677368999727,-0.5785686874865137,0.33474172613986714,0.23311171099414052,0.38239767139276454,0.43032770022621936,0.44558143343412066,0.30705464386420983
2012-10-03,385.37,VNINDEX,25.2828080107241,0.1993313272398036,0.47908397363890726,0.2728372854919627,0.07444018435462275,0.41072677368999727,0.23311171099414052,0.38239767139276454,0.43032770022621936,0.44558143343412066
2012-10-04,384.51,VNINDEX,28.324719330012368,0.4512230954051734,0.3962067175010248,-0.22341153366959646,0.049912713376601234,0.47908397363890726,0.41072677368999727,0.23311171099414052,0.38239767139276454,0.43032770022621936
2012-10-05,388.16,VNINDEX,26.21126005996113,0.3683230987551262,0.33962584046670147,0.9447829345843034,0.8926147934817281,0.3962067175010248,0.47908397363890726,0.41072677368999727,0.23311171099414052,0.38239767139276454
2012-10-08,393.45,VNINDEX,28.675464544711094,0.5295667546661584,0.13348626400890776,1.353636922530697,1.8323329180383763,0.33962584046670147,0.3962067175010248,0.47908397363890726,0.41072677368999727,0.23311171099414052
2012-10-09,393.67,VNINDEX,27.68430680617921,0.4486729781748327,0.3066428758432957,0.055899991292006096,0.0031248090264463574,0.13348626400890776,0.33962584046670147,0.3962067175010248,0.47908397363890726,0.41072677368999727
2012-10-10,394.66,VNINDEX,27.453954330479974,0.4107769976485473,0.4630055768298466,0.2511639847367425,0.06308334722883863,0.3066428758432957,0.13348626400890776,0.33962584046670147,0.3962067175010248,0.47908397363890726
2012-10-11,394.19,VNINDEX,28.647002936526977,0.5135025438718777,0.45765083989841965,-0.11916081780159579,0.014199300499145109,0.4630055768298466,0.3066428758432957,0.13348626400890776,0.33962584046670147,0.3962067175010248
2012-10-12,392.54,VNINDEX,26.885102773039744,0.3878286083250022,0.4373693832818095,-0.4194583705330865,0.17594532461027207,0.45765083989841965,0.4630055768298466,0.3066428758432957,0.13348626400890776,0.33962584046670147
2012-10-15,391.56,VNINDEX,26.192996048620454,0.3202660453956699,0.06161554224896404,-0.24996824647034407,0.062484124243458686,0.4373693832818095,0.45765083989841965,0.4630055768298466,0.3066428758432957,0.13348626400890776
2012-10-16,399.22,VNINDEX,26.671729605903295,0.36912284029940734,0.22616649889027896,1.9373882989507172,3.7534734209111535,0.06161554224896404,0.4373693832818095,0.45765083989841965,0.4630055768298466,0.3066428758432957
2012-10-17,397.02,VNINDEX,27.600995547005596,0.4169970136569168,0.3687952997839985,-0.5525986130713635,0.3053652271683945,0.22616649889027896,0.06161554224896404,0.4373693832818095,0.45765083989841965,0.4630055768298466
2012-10-18,398.51,VNINDEX,27.778076096917015,0.4145808944718888,0.4002335828094048,0.37459347662807724,0.14032027273230985,0.3687952997839985,0.22616649889027896,0.06161554224896404,0.4373693832818095,0.45765083989841965
2012-10-19,398.23,VNINDEX,23.9265027129251,0.16761280467754844,0.3330635709354519,-0.07028642004343794,0.004940180842522594,0.4002335828094048,0.3687952997839985,0.22616649889027896,0.06161554224896404,0.4373693832818095
2012-10-22,397.0,VNINDEX,26.50405779023448,0.3518962899130991,0.011476595722666313,-0.309344713067898,0.09569415150306015,0.3330635709354519,0.4002335828094048,0.3687952997839985,0.22616649889027896,0.06161554224896404
2012-10-23,397.71,VNINDEX,25.276790132341166,0.2445655243440726,0.13359692097541598,0.17868157916774174,0.03192710673387796,0.011476595722666313,0.3330635709354519,0.4002335828094048,0.3687952997839985,0.22616649889027896
2012-10-24,395.45,VNINDEX,25.631186637620306,0.314725505482306,0.3037291065798264,-0.569873951344173,0.3247563204206208,0.13359692097541598,0.011476595722666313,0.3330635709354519,0.4002335828094048,0.3687952997839985
2012-10-25,389.92,VNINDEX,28.04235460203876,0.5106492811903145,0.3566467703388982,-1.408276708853012,1.983243288697871,0.3037291065798264,0.13359692097541598,0.011476595722666313,0.3330635709354519,0.4002335828094048
2012-10-26,391.7,VNINDEX,25.928424521074913,0.27776484552368824,0.36771321073210345,0.45546507948894455,0.20744843863387058,0.3566467703388982,0.3037291065798264,0.13359692097541598,0.011476595722666313,0.3330635709354519
2012-10-29,391.36,VNINDEX,26.16739686841591,0.30836832947247644,0.014581272492776076,-0.08683881729779816,0.007540980189680369,0.36771321073210345,0.3566467703388982,0.3037291065798264,0.13359692097541598,0.011476595722666313
2012-10-30,389.86,VNINDEX,25.186672132183777,0.2704739299242649,0.14498076640857185,-0.38401521808085853,0.14746768771768934,0.014581272492776076,0.36771321073210345,0.3566467703388982,0.3037291065798264,0.13359692097541598
2012-10-31,388.42,VNINDEX,27.211826532735614,0.42957420567511556,0.33613882169061954,-0.3700471920693627,0.1369349243584198,0.14498076640857185,0.014581272492776076,0.36771321073210345,0.3566467703388982,0.3037291065798264
2012-11-01,387.95,VNINDEX,25.40004529932023,0.2891796979498599,0.3297426111830806,-0.12107630573471165,0.014659471810365369,0.33613882169061954,0.14498076640857185,0.014581272492776076,0.36771321073210345,0.3566467703388982
2012-11-02,375.26,VNINDEX,25.554657090166028,0.33423259603025585,0.35099549988507756,-3.3257346280729725,11.060510816363673,0.3297426111830806,0.33613882169061954,0.14498076640857185,0.014581272492776076,0.36771321073210345
2012-11-05,377.27,VNINDEX,25.166830395641423,0.24711722255248694,0.010198494639427125,0.5341992425353383,0.28536883072532926,0.35099549988507756,0.3297426111830806,0.33613882169061954,0.14498076640857185,0.014581272492776076
2012-11-06,376.95,VNINDEX,26.22849980324465,0.353738105600132,0.1960317659976811,-0.08485588268711544,0.007200520826609498,0.010198494639427125,0.35099549988507756,0.3297426111830806,0.33613882169061954,0.14498076640857185
2012-11-07,380.9,VNINDEX,28.14369446709674,0.5153900795593972,0.37208180257067247,1.0424320826847502,1.086664647010466,0.1960317659976811,0.010198494639427125,0.35099549988507756,0.3297426111830806,0.33613882169061954
2012-11-08,385.6,VNINDEX,25.5520550969072,0.2962908955034838,0.38847302688767144,1.226368925183234,1.5039807406550805,0.37208180257067247,0.1960317659976811,0.010198494639427125,0.35099549988507756,0.3297426111830806
2012-11-09,386.71,VNINDEX,25.011665147651087,0.28940671697421966,0.367029230679034,0.28744953821698294,0.08262723702115674,0.38847302688767144,0.37208180257067247,0.1960317659976811,0.010198494639427125,0.35099549988507756
2012-11-12,388.62,VNINDEX,27.202417798493006,0.4492168752464518,0.16203675381310537,0.4926944304320343,0.2427478017787467,0.367029230679034,0.38847302688767144,0.37208180257067247,0.1960317659976811,0.010198494639427125
2012-11-13,385.22,VNINDEX,28.12464159315523,0.47968319919378,0.3201305399462324,-0.8787402766804238,0.7721844738603877,0.16203675381310537,0.367029230679034,0.38847302688767144,0.37208180257067247,0.1960317659976811
2012-11-14,387.71,VNINDEX,23.635282707853424,0.15933926753189698,0.3627464473240434,0.6443037827194782,0.41512736442662856,0.3201305399462324,0.16203675381310537,0.367029230679034,0.38847302688767144,0.37208180257067247
2012-11-15,386.91,VNINDEX,25.808267187531726,0.31230938629727795,0.31711061767431875,-0.20655296388614597,0.04266412689015152,0.3627464473240434,0.3201305399462324,0.16203675381310537,0.367029230679034,0.38847302688767144
2012-11-16,385.71,VNINDEX,21.48658011789874,0.009192005021703142,0.16028021961695985,-0.31063160801424466,0.09649199589751535,0.31711061767431875,0.3627464473240434,0.3201305399462324,0.16203675381310537,0.367029230679034
2012-11-19,383.32,VNINDEX,23.545953570296877,0.17289750011825014,-0.0712137298739484,-0.6215642288705645,0.3863420906114595,0.16028021961695985,0.31711061767431875,0.3627464473240434,0.3201305399462324,0.16203675381310537
2012-11-20,385.1,VNINDEX,23.671575325078464,0.18046115474251992,0.06297547485040907,0.46328913453018694,0.21463682217372965,-0.0712137298739484,0.16028021961695985,0.31711061767431875,0.3627464473240434,0.3201305399462324
2012-11-21,383.87,VNINDEX,25.639017646661227,0.3197831818986481,0.22438061225313985,-0.31990872179698976,0.10234159028178379,0.06297547485040907,-0.0712137298739484,0.16028021961695985,0.31711061767431875,0.3627464473240434
2012-11-22,383.22,VNINDEX,25.212531747109065,0.2485964401917737,0.24961359227764776,-0.16947168013405317,0.02872065036745883,0.22438061225313985,0.06297547485040907,-0.0712137298739484,0.16028021961695985,0.31711061767431875
2012-11-23,381.71,VNINDEX,25.67846571428963,0.29150437713391447,0.28662799974144587,-0.39480788082694407,0.15587326276306246,0.24961359227764776,0.22438061225313985,0.06297547485040907,-0.0712137298739484,0.16028021961695985
2012-11-26,377.9,VNINDEX,25.421464761064268,0.2878360593339595,0.024591526302398397,-1.0031547637840263,1.0063194801025857,0.28662799974144587,0.24961359227764776,0.22438061225313985,0.06297547485040907,-0.0712137298739484
2012-11-27,376.89,VNINDEX,23.3148122319968,0.14735169258580394,0.08051379875927307,-0.2676242671007131,0.07162274834119381,0.024591526302398397,0.28662799974144587,0.24961359227764776,0.22438061225313985,0.06297547485040907
2012-11-28,375.79,VNINDEX,23.69536137462502,0.1420669971451021,0.192418249688289,-0.2922890958003183,0.08543291552376765,0.08051379875927307,0.024591526302398397,0.28662799974144587,0.24961359227764776,0.22438061225313985
2012-11-29,378.2,VNINDEX,25.864401541299117,0.35678798087967895,0.21540222353686214,0.6392679497924143,0.40866351163179676,0.192418249688289,0.08051379875927307,0.024591526302398397,0.28662799974144587,0.24961359227764776
2012-11-30,377.82,VNINDEX,25.23000689584889,0.30900366654506917,0.26928621485661725,-0.10052644956508204,0.010105567062160984,0.21540222353686214,0.192418249688289,0.08051379875927307,0.024591526302398397,0.28662799974144587
2012-12-03,379.27,VNINDEX,22.304601619523407,0.030751035728861214,-0.1464262829038203,0.3830460771950804,0.14672429725453948,0.26928621485661725,0.21540222353686214,0.192418249688289,0.08051379875927307,0.024591526302398397
2012-12-04,382.1,VNINDEX,26.90234251632327,0.37324361517000804,0.035738143661787326,0.7434001952197111,0.5526438502527046,-0.1464262829038203,0.26928621485661725,0.21540222353686214,0.192418249688289,0.08051379875927307
2012-12-05,385.69,VNINDEX,23.772126327535602,0.19755212610544173,0.2005155923347708,0.9351583539039369,0.8745211468763209,0.035738143661787326,-0.1464262829038203,0.26928621485661725,0.21540222353686214,0.192418249688289
2012-12-06,385.69,VNINDEX,23.73007626664838,0.18788923034340335,0.2528949905396182,0.0,0.0,0.2005155923347708,0.035738143661787326,-0.1464262829038203,0.26928621485661725,0.21540222353686214
2012-12-07,383.8,VNINDEX,24.11766755571668,0.2000123843128828,0.1951512469205765,-0.4912354418294084,0.24131225930933412,0.2528949905396182,0.2005155923347708,0.035738143661787326,-0.1464262829038203,0.26928621485661725
2012-12-10,386.69,VNINDEX,23.90090353272055,0.155715088754355,0.0351496541490125,0.7501754865611383,0.5627632606372406,0.1951512469205765,0.2528949905396182,0.2005155923347708,0.035738143661787326,-0.1464262829038203
2012-12-11,389.37,VNINDEX,22.6882485955875,0.10462505466753626,0.06820881877322944,0.6906709928566229,0.47702642037355325,0.0351496541490125,0.1951512469205765,0.2528949905396182,0.2005155923347708,0.035738143661787326
2012-12-12,391.08,VNINDEX,25.891578446705342,0.343985350815194,0.20144183141236224,0.4382094269693191,0.192027501884779,0.06820881877322944,0.0351496541490125,0.1951512469205765,0.2528949905396182,0.2005155923347708
2012-12-13,391.19,VNINDEX,23.46287771657957,0.21621375510862365,0.2216080535304518,0.028123282428074086,0.0007909190145292207,0.20144183141236224,0.06820881877322944,0.0351496541490125,0.1951512469205765,0.2528949905396182
2012-12-14,392.21,VNINDEX,24.505494250241284,0.2871277577906517,0.28244228790482356,0.2604035170755306,0.06780999170530616,0.2216080535304518,0.20144183141236224,0.06820881877322944,0.0351496541490125,0.1951512469205765
2012-12-17,393.63,VNINDEX,22.86793113875775,0.14015063600928032,-0.09322627163713466,0.3613971153227713,0.13060787496362045,0.28244228790482356,0.2216080535304518,0.20144183141236224,0.06820881877322944,0.0351496541490125
2012-12-18,393.39,VNINDEX,23.247691418785127,0.1472161135624176,-0.0007069912547707317,-0.06098955742915595,0.003719726115404311,-0.09322627163713466,0.28244228790482356,0.2216080535304518,0.20144183141236224,0.06820881877322944
2012-12-19,398.59,VNINDEX,24.021296271720047,0.1961627674890547,0.16117650568691802,1.3131833445221897,1.7244504963304839,-0.0007069912547707317,-0.09322627163713466,0.28244228790482356,0.2216080535304518,0.20144183141236224
2012-12-20,399.68,VNINDEX,23.771337464934764,0.2099022990992809,0.18442706005025156,0.2730907280548618,0.07457854574953447,0.16117650568691802,-0.0007069912547707317,-0.09322627163713466,0.28244228790482356,0.2216080535304518
2012-12-21,396.78,VNINDEX,20.005702362639735,-0.07621555081434554,0.10994983859133055,-0.7282256022586879,0.5303125277850288,0.18442706005025156,0.16117650568691802,-0.0007069912547707317,-0.09322627163713466,0.28244228790482356
2012-12-24,399.71,VNINDEX,19.712408792189333,-0.10100575582492351,-0.19823077704403289,0.7357313253760888,0.5413005831396562,0.10994983859133055,0.18442706005025156,0.16117650568691802,-0.0007069912547707317,-0.09322627163713466
2012-12-25,401.34,VNINDEX,24.305969970528682,0.2282454690771297,-0.023313127055435572,0.40696641899848124,0.1656216661924474,-0.19823077704403289,0.10994983859133055,0.18442706005025156,0.16117650568691802,-0.0007069912547707317
2012-12-26,406.1,VNINDEX,24.506283112842123,0.2747775847968125,0.1340057660163401,1.1790486333880574,1.3901556798942458,-0.023313127055435572,-0.19823077704403289,0.10994983859133055,0.18442706005025156,0.16117650568691802
2012-12-27,409.97,VNINDEX,22.402786034178025,0.08489252607330044,0.19597185998241473,0.9484551597285564,0.8995671900157215,0.1340057660163401,-0.023313127055435572,-0.19823077704403289,0.10994983859133055,0.18442706005025156
2012-12-28,413.73,VNINDEX,23.863268595750142,0.23428576703969975,0.19798529263660478,0.9129600864818347,0.8334961195089191,0.19597185998241473,0.1340057660163401,-0.023313127055435572,-0.19823077704403289,0.10994983859133055
2013-01-02,418.35,VNINDEX,24.626968874265412,0.26165807668506813,-0.058345108858059436,1.110481558725158,1.2331692922686566,0.19798529263660478,0.19597185998241473,0.1340057660163401,-0.023313127055435572,-0.19823077704403289
2013-01-03,419.27,VNINDEX,25.625168759237372,0.3599597025865751,0.11156058471468251,0.21967010576505355,0.04825495536682981,-0.058345108858059436,0.19798529263660478,0.19597185998241473,0.1340057660163401,-0.023313127055435572
2013-01-04,426.06,VNINDEX,24.04374000152123,0.25746117538760466,0.29302631821974984,1.6065077622799202,2.5808671902656366,0.11156058471468251,-0.058345108858059436,0.19798529263660478,0.19597185998241473,0.1340057660163401
2013-01-07,434.19,VNINDEX,27.830794565560296,0.5422353866853308,0.049689981288902375,1.8902044895565715,3.572873012339819,0.29302631821974984,0.11156058471468251,-0.058345108858059436,0.19798529263660478,0.19597185998241473
2013-01-08,447.16,VNINDEX,26.53433252907658,0.4182523742279913,0.21101997267620454,2.9434246084502056,8.663748425630246,0.049689981288902375,0.29302631821974984,0.11156058471468251,-0.058345108858059436,0.19798529263660478
2013-01-09,448.77,VNINDEX,26.266109710950627,0.3839348524787612,0.44814087113069495,0.35940346523541533,0.1291708508232244,0.21101997267620454,0.049689981288902375,0.29302631821974984,0.11156058471468251,-0.058345108858059436
2013-01-10,460.12,VNINDEX,25.56666781766746,0.35253162698569174,0.3849062845641486,2.4976817973330343,6.238414360728776,0.44814087113069495,0.21101997267620454,0.049689981288902375,0.29302631821974984,0.11156058471468251
2013-01-11,462.69,VNINDEX,25.296867274339828,0.34291445122414016,0.359793643562865,0.5569958375823146,0.3102443630840242,0.3849062845641486,0.44814087113069495,0.21101997267620454,0.049689981288902375,0.29302631821974984
2013-01-14,458.97,VNINDEX,26.586580186807254,0.39592242742485423,0.003949052616115815,-0.8072434956235327,0.6516420612265005,0.359793643562865,0.3849062845641486,0.44814087113069495,0.21101997267620454,0.049689981288902375
2013-01-15,461.42,VNINDEX,25.770925272985107,0.33731287773617874,0.18388932148871842,0.5323842690065074,0.2834330098855932,0.003949052616115815,0.359793643562865,0.3849062845641486,0.44814087113069495,0.21101997267620454
2013-01-16,465.25,VNINDEX,27.8950529507924,0.5382044708376297,0.4238132586662214,0.8266204384897601,0.6833013493290032,0.18388932148871842,0.003949052616115815,0.359793643562865,0.3849062845641486,0.44814087113069495
2013-01-17,456.76,VNINDEX,25.996309167622993,0.37431767671720956,0.41661167509700653,-1.8416806688912903,3.3917876861678704,0.4238132586662214,0.18388932148871842,0.003949052616115815,0.359793643562865,0.3849062845641486
2013-01-18,454.16,VNINDEX,24.597913041014454,0.32124290362913777,0.4112550170613261,-0.5708529970976416,0.32587314429536,0.41661167509700653,0.4238132586662214,0.18388932148871842,0.003949052616115815,0.359793643562865
2013-01-21,447.79,VNINDEX,25.006276647916405,0.301783246350785,-0.08170647465224008,-1.4125186345111183,1.995208892841154,0.4112550170613261,0.41661167509700653,0.4238132586662214,0.18388932148871842,0.003949052616115815
2013-01-22,442.85,VNINDEX,27.016096561899943,0.4279549790176896,0.1639129973275546,-1.10932602617676,1.2306042323531214,-0.08170647465224008,0.4112550170613261,0.41661167509700653,0.4238132586662214,0.18388932148871842
2013-01-23,443.37,VNINDEX,23.773259808498697,0.1923637624993303,0.3073673292892688,0.11735236389989975,0.013771577312894495,0.1639129973275546,-0.08170647465224008,0.4112550170613261,0.41661167509700653,0.4238132586662214
2013-01-24,452.4,VNINDEX,25.808847994668156,0.34578373927115874,0.3220341602627267,2.0162108347374375,4.0651061301126346,0.3073673292892688,0.1639129973275546,-0.08170647465224008,0.4112550170613261,0.41661167509700653
2013-01-25,468.09,VNINDEX,25.597099254283084,0.32992168723013665,0.28935639633354243,3.409384087923499,11.623899858985949,0.3220341602627267,0.3073673292892688,0.1639129973275546,-0.08170647465224008,0.4112550170613261
2013-01-28,479.6,VNINDEX,26.003789807161198,0.38562865786326195,-0.0038726455457114284,2.4291838032158877,5.900933949806404,0.28935639633354243,0.3220341602627267,0.3073673292892688,0.1639129973275546,-0.08170647465224008
2013-01-29,484.01,VNINDEX,25.766740383844894,0.33756765297712277,0.1721724522389857,0.9153144506858502,0.8378005436343396,-0.0038726455457114284,0.28935639633354243,0.3220341602627267,0.3073673292892688,0.1639129973275546
2013-01-30,487.6,VNINDEX,24.425015507478374,0.26726918667073224,0.33015516583703947,0.7389829946898826,0.5460958664408271,0.1721724522389857,-0.0038726455457114284,0.28935639633354243,0.3220341602627267,0.3073673292892688
2013-01-31,479.79,VNINDEX,22.400831980448515,0.0786583890459478,0.2278317428979348,-1.6146889436227392,2.6072203846575173,0.33015516583703947,0.1721724522389857,-0.0038726455457114284,0.28935639633354243,0.3220341602627267
2013-02-01,483.42,VNINDEX,21.794610435453496,0.10464822823922448,0.1501919346519687,0.7537332846270598,0.5681138643546964,0.2278317428979348,0.33015516583703947,0.1721724522389857,-0.0038726455457114284,0.28935639633354243
2013-02-04,482.38,VNINDEX,21.319741327999015,0.01978152206442881,-0.24402678995454993,-0.215365583346489,0.0463823344901735,0.1501919346519687,0.2278317428979348,0.33015516583703947,0.1721724522389857,-0.0038726455457114284
2013-02-05,477.36,VNINDEX,20.8048155489264,0.04324239997830135,-0.11514015776120036,-1.0461261969868145,1.0943800200220954,-0.24402678995454993,0.1501919346519687,0.2278317428979348,0.33015516583703947,0.1721724522389857
2013-02-06,488.36,VNINDEX,18.701516397435256,-0.1442880210753907,-0.02708803301088632,2.2781915586828307,5.190156778053706,-0.11514015776120036,-0.24402678995454993,0.1501919346519687,0.2278317428979348,0.33015516583703947
2013-02-07,490.62,VNINDEX,17.845465166028067,-0.10730387260323544,-0.0694498312334411,0.46170586012862397,0.21317230127711248,-0.02708803301088632,-0.11514015776120036,-0.24402678995454993,0.1501919346519687,0.2278317428979348
2013-02-08,494.03,VNINDEX,17.785302334236953,-0.1653261594927685,-0.13897268439046437,0.6926346687005298,0.4797427842858927,-0.0694498312334411,-0.02708803301088632,-0.11514015776120036,-0.24402678995454993,0.1501919346519687
2013-02-18,493.95,VNINDEX,27.89855901543449,0.5046173315116153,0.005451263223961611,-0.016194659846323806,0.0002622670075381326,-0.13897268439046437,-0.0694498312334411,-0.02708803301088632,-0.11514015776120036,-0.24402678995454993
2013-02-19,490.78,VNINDEX,25.83166253444699,0.3203996373073737,0.18155975427421364,-0.643833528027315,0.4145216118120994,0.005451263223961611,-0.13897268439046437,-0.0694498312334411,-0.02708803301088632,-0.11514015776120036
2013-02-20,494.83,VNINDEX,26.66292350048432,0.3902708135677712,0.40509592746225387,0.8218307027966261,0.6754057040591963,0.18155975427421364,0.005451263223961611,-0.13897268439046437,-0.0694498312334411,-0.02708803301088632
2013-02-21,476.73,VNINDEX,27.7333797546161,0.47308319780476343,0.3945845495599696,-3.7263976345521277,13.886039330795693,0.40509592746225387,0.18155975427421364,0.005451263223961611,-0.13897268439046437,-0.0694498312334411
2013-02-22,477.69,VNINDEX,27.936639961461594,0.4777609701917145,0.44703832718808356,0.20116936437896363,0.04046911316463624,0.3945845495599696,0.40509592746225387,0.18155975427421364,0.005451263223961611,-0.13897268439046437
2013-02-25,483.69,VNINDEX,26.448088495312096,0.37443243617455285,0.03658555278936482,1.248221910731361,1.5580579384298499,0.44703832718808356,0.3945845495599696,0.40509592746225387,0.18155975427421364,0.005451263223961611
2013-02-26,465.05,VNINDEX,28.820472797452783,0.48556128963145156,0.21679399519450393,-3.929927895528214,15.444333264050817,0.03658555278936482,0.44703832718808356,0.3945845495599696,0.40509592746225387,0.18155975427421364
2013-02-27,465.72,VNINDEX,27.264853315923045,0.4345205681935833,0.43150476466652976,0.1439668480339394,0.020726453332827396,0.21679399519450393,0.03658555278936482,0.44703832718808356,0.3945845495599696,0.40509592746225387
2013-02-28,474.56,VNINDEX,25.5090222855279,0.2797709531452241,0.3999509369900869,1.8803463780751934,3.535702501540498,0.43150476466652976,0.21679399519450393,0.03658555278936482,0.44703832718808356,0.3945845495599696
2013-03-01,477.15,VNINDEX,25.842769743519032,0.33651095105383416,0.35026749079754776,0.5442847913695523,0.2962459341161971,0.3999509369900869,0.43150476466652976,0.21679399519450393,0.03658555278936482,0.44703832718808356
2013-03-04,468.74,VNINDEX,26.556191189126526,0.34792060834406763,-0.03577088545447323,-1.7782663139534343,3.162231083341534,0.35026749079754776,0.3999509369900869,0.43150476466652976,0.21679399519450393,0.03658555278936482
2013-03-05,462.12,VNINDEX,26.946542403367303,0.4226597367880809,0.20476705912586665,-1.4223646108910672,2.0231210863152973,-0.03577088545447323,0.35026749079754776,0.3999509369900869,0.43150476466652976,0.21679399519450393
2013-03-06,471.09,VNINDEX,26.045727278797333,0.3474933182980748,0.3726912211434083,1.922456095015415,3.6958374372619183,0.20476705912586665,-0.03577088545447323,0.35026749079754776,0.3999509369900869,0.43150476466652976
2013-03-07,466.63,VNINDEX,24.816907243362905,0.31949770791978005,0.3632169210019791,-0.95125061451996,0.9048777316246015,0.3726912211434083,0.20476705912586665,-0.03577088545447323,0.35026749079754776,0.3999509369900869
2013-03-08,470.68,VNINDEX,22.72008329301326,0.1256153427131908,0.2642021229770158,0.8641805175955657,0.7468079669917398,0.3632169210019791,0.3726912211434083,0.20476705912586665,-0.03577088545447323,0.35026749079754776
2013-03-11,476.5,VNINDEX,27.846114456361075,0.469034627873636,0.09365404021744317,1.2289265498528636,1.510260464933263,0.2642021229770158,0.3632169210019791,0.3726912211434083,0.20476705912586665,-0.03577088545447323
2013-03-12,475.34,VNINDEX,26.031533804938146,0.33140567919941816,0.23066942992005876,-0.24373856410363032,0.05940848763129951,0.09365404021744317,0.2642021229770158,0.3632169210019791,0.3726912211434083,0.20476705912586665
2013-03-13,473.18,VNINDEX,26.936508126684334,0.38898852458684824,0.396476277219968,-0.4554471669077836,0.20743212184432647,0.23066942992005876,0.09365404021744317,0.2642021229770158,0.3632169210019791,0.3726912211434083
2013-03-14,474.6,VNINDEX,27.275317575053645,0.36423362507888674,0.3615426096217181,0.2996478217520747,0.08978881708076314,0.396476277219968,0.23066942992005876,0.09365404021744317,0.2642021229770158,0.3632169210019791
2013-03-15,481.35,VNINDEX,24.562407942213138,0.2090213127235648,0.3207478207964338,1.4122312222312408,1.994397025044744,0.3615426096217181,0.396476277219968,0.23066942992005876,0.09365404021744317,0.2642021229770158
2013-03-18,479.13,VNINDEX,25.85880641058918,0.3237833881002359,0.012567087913060085,-0.4622696887647929,0.2136932651506985,0.3207478207964338,0.3615426096217181,0.396476277219968,0.23066942992005876,0.09365404021744317
2013-03-19,480.48,VNINDEX,26.672314827225847,0.3375437689078467,0.14901652881109217,0.28136448986924256,0.0791659761593791,0.012567087913060085,0.3207478207964338,0.3615426096217181,0.396476277219968,0.23066942992005876
2013-03-20,487.04,VNINDEX,26.186981460640762,0.3229640058477476,0.32809705428527725,1.356065099824627,1.8389125549623757,0.14901652881109217,0.012567087913060085,0.3207478207964338,0.3615426096217181,0.396476277219968
2013-03-21,491.79,VNINDEX,26.721370449944917,0.37945474205091934,0.3466541722688383,0.9705540873208388,0.9419752364151864,0.32809705428527725,0.14901652881109217,0.012567087913060085,0.3207478207964338,0.3615426096217181
2013-03-22,489.99,VNINDEX,26.140109309506887,0.3449406823708667,0.3491198100898451,-0.3666813373317082,0.13445520314737,0.3466541722688383,0.32809705428527725,0.14901652881109217,0.012567087913060085,0.3207478207964338
2013-03-25,493.57,VNINDEX,24.153103935302187,0.19338484774017708,-0.034848791804405,0.7279710053104934,0.5299417845727704,0.3491198100898451,0.3466541722688383,0.32809705428527725,0.14901652881109217,0.012567087913060085
2013-03-26,489.46,VNINDEX,26.90644812494212,0.43197987430101326,0.1601057277454401,-0.8361950191406953,0.6992221100357078,-0.034848791804405,0.3491198100898451,0.3466541722688383,0.32809705428527725,0.14901652881109217
2013-03-27,491.26,VNINDEX,26.951774532932603,0.3875162652307325,0.33762699575730815,0.36707766155267896,0.13474600961098313,0.1601057277454401,-0.034848791804405,0.3491198100898451,0.3466541722688383,0.32809705428527725
2013-03-28,490.67,VNINDEX,25.08076026444715,0.27823961188033486,0.36591191713736076,-0.1201715134485137,0.01444119264450631,0.33762699575730815,0.1601057277454401,-0.034848791804405,0.3491198100898451,0.3466541722688383
2013-03-29,491.04,VNINDEX,23.20125746242212,0.15777867887586605,0.27451151866231166,0.07537867955288441,0.005681945331136434,0.36591191713736076,0.33762699575730815,0.1601057277454401,-0.034848791804405,0.3491198100898451
2013-04-01,505.81,VNINDEX,26.17943332711019,0.3468758484554171,0.02908208686486698,2.963551382934174,8.782636799291055,0.27451151866231166,0.36591191713736076,0.33762699575730815,0.1601057277454401,-0.034848791804405
2013-04-02,509.43,VNINDEX,27.90456140582167,0.4582185563567842,0.2219192218899224,0.7131348925551574,0.5085613749796559,0.02908208686486698,0.27451151866231166,0.36591191713736076,0.33762699575730815,0.1601057277454401
2013-04-03,505.93,VNINDEX,27.217040764780165,0.4214011224549618,0.40883184242238824,-0.6894133829651986,0.4752908126115196,0.2219192218899224,0.02908208686486698,0.27451151866231166,0.36591191713736076,0.33762699575730815
2013-04-04,497.35,VNINDEX,26.1206837060824,0.36399651482955836,0.41453873121376866,-1.7104316198244491,2.925576326095289,0.40883184242238824,0.2219192218899224,0.02908208686486698,0.27451151866231166,0.36591191713736076
2013-04-05,502.58,VNINDEX,25.072441870094696,0.31340675808548707,0.36626813179000295,1.0460827643298563,1.0942891498279936,0.41453873121376866,0.40883184242238824,0.2219192218899224,0.02908208686486698,0.27451151866231166
2013-04-08,506.66,VNINDEX,27.113697389776718,0.37272264772616487,0.04920635386001312,0.8085335949188098,0.653726574112334,0.36626813179000295,0.41453873121376866,0.40883184242238824,0.2219192218899224,0.02908208686486698
2013-04-09,510.49,VNINDEX,26.875745173258466,0.38857296715402107,0.2346309319378275,0.7530881583360931,0.5671417742260484,0.04920635386001312,0.36626813179000295,0.41453873121376866,0.40883184242238824,0.2219192218899224
2013-04-10,496.5,VNINDEX,26.29264083960948,0.38287410952622336,0.38138990813547036,-2.7787565289043523,7.721487846928564,0.2346309319378275,0.04920635386001312,0.36626813179000295,0.41453873121376866,0.40883184242238824
2013-04-11,504.07,VNINDEX,26.272742425430668,0.3618831109829812,0.3777767292210758,1.5131663830861557,2.2896725029020386,0.38138990813547036,0.2346309319378275,0.04920635386001312,0.36626813179000295,0.41453873121376866
2013-04-12,494.27,VNINDEX,23.59791373861727,0.1798144373077587,0.308190552605655,-1.9633220732519958,3.854633563318515,0.3777767292210758,0.38138990813547036,0.2346309319378275,0.04920635386001312,0.36626813179000295
2013-04-15,480.02,VNINDEX,26.457649961240747,0.3680568173738518,-0.03667328513495016,-2.9254156882996996,8.558056949350005,0.308190552605655,0.3777767292210758,0.38138990813547036,0.2346309319378275,0.04920635386001312
2013-04-16,478.07,VNINDEX,24.795298168353213,0.27466589071228015,0.14570804351126562,-0.40706044162762384,0.16569820313807615,-0.03667328513495016,0.308190552605655,0.3777767292210758,0.38138990813547036,0.2346309319378275
2013-04-17,483.99,VNINDEX,25.277545270151148,0.28926932842018316,0.31066401216877226,1.2307080061866715,1.5146421964919723,0.14570804351126562,-0.03667328513495016,0.308190552605655,0.3777767292210758,0.38138990813547036
2013-04-18,473.21,VNINDEX,22.914552294751985,0.1254134303033602,0.22978288314527498,-2.2524980751782833,5.073747578681871,0.31066401216877226,0.14570804351126562,-0.03667328513495016,0.308190552605655,0.3777767292210758
2013-04-22,468.43,VNINDEX,25.594012989495933,0.3299453618779405,0.005289209046196712,-1.0152587099417316,1.0307502481125492,0.22978288314527498,0.31066401216877226,0.14570804351126562,-0.03667328513495016,0.308190552605655
2013-04-23,473.69,VNINDEX,25.31549368379818,0.3150689878167953,0.16544858014206776,1.1166421804485265,1.2468897591568395,0.005289209046196712,0.22978288314527498,0.31066401216877226,0.14570804351126562,-0.03667328513495016
2013-04-24,472.89,VNINDEX,24.196454617701647,0.2303924614386642,0.29180227037780054,-0.16902959928867153,0.028571005435688867,0.16544858014206776,0.005289209046196712,0.22978288314527498,0.31066401216877226,0.14570804351126562
2013-04-25,476.59,VNINDEX,22.820170264042435,0.12796606623056825,0.22447583849534314,0.7793779182438415,0.6074299394461041,0.29180227037780054,0.16544858014206776,0.005289209046196712,0.22978288314527498,0.31066401216877226
2013-04-26,474.51,VNINDEX,22.151772554858223,0.07839739472734363,0.14558530746552586,-0.4373889845492053,0.19130912380498494,0.22447583849534314,0.29180227037780054,0.16544858014206776,0.005289209046196712,0.22978288314527498
2013-05-02,473.02,VNINDEX,22.284235531594884,0.04898839748023487,-0.22054642749255818,-0.3145021747390408,0.09891161791558616,0.14558530746552586,0.22447583849534314,0.29180227037780054,0.16544858014206776,0.005289209046196712
2013-05-03,475.24,VNINDEX,25.16236203206083,0.33474229011814455,0.01250774513287515,0.46822686939699576,0.21923640122531132,-0.22054642749255818,0.14558530746552586,0.22447583849534314,0.29180227037780054,0.16544858014206776
2013-05-06,488.32,VNINDEX,25.973086855477543,0.3422217507162699,0.018210653246042874,2.71509890659509,7.371762072593853,0.01250774513287515,-0.22054642749255818,0.14558530746552586,0.22447583849534314,0.29180227037780054
2013-05-07,485.58,VNINDEX,24.804089373459984,0.2795455755090617,0.1499347813972624,-0.5626875920372038,0.3166173262326267,0.018210653246042874,0.01250774513287515,-0.22054642749255818,0.14558530746552586,0.22447583849534314
2013-05-08,485.07,VNINDEX,25.34585635710759,0.26577304324534073,0.29584678982355794,-0.10508423158326044,0.011042695727444311,0.1499347813972624,0.018210653246042874,0.01250774513287515,-0.22054642749255818,0.14558530746552586
2013-05-09,486.22,VNINDEX,25.923128439556518,0.3642221018871928,0.3031802402138656,0.23679859514084867,0.05607357466067956,0.29584678982355794,0.1499347813972624,0.018210653246042874,0.01250774513287515,-0.22054642749255818
2013-05-10,486.1,VNINDEX,22.869826008396263,0.11227030991693482,0.24742181834982327,-0.02468323198314275,0.0006092619411336412,0.3031802402138656,0.29584678982355794,0.1499347813972624,0.018210653246042874,0.01250774513287515
2013-05-13,488.93,VNINDEX,27.496197798919727,0.477678213635137,0.01007393438035161,0.5804965892371979,0.3369762901160201,0.24742181834982327,0.3031802402138656,0.29584678982355794,0.1499347813972624,0.018210653246042874
2013-05-14,483.85,VNINDEX,24.946283955312413,0.2901123853204752,0.2006513246724436,-1.044438861683025,1.0908525357937329,0.01007393438035161,0.24742181834982327,0.3031802402138656,0.29584678982355794,0.1499347813972624
2013-05-15,485.97,VNINDEX,23.652201490901643,0.18658193889348304,0.3181241792830322,0.43719522732047994,0.19113966679180613,0.2006513246724436,0.01007393438035161,0.24742181834982327,0.3031802402138656,0.29584678982355794
2013-05-16,490.34,VNINDEX,23.155760915244514,0.15589086208692335,0.21086172876696097,0.8952134433809954,0.8014071092100586,0.3181241792830322,0.2006513246724436,0.01007393438035161,0.24742181834982327,0.3031802402138656
2013-05-17,487.6,VNINDEX,23.62291174998131,0.2183179850101653,0.18693026199685772,-0.5603630426849799,0.31400673960716863,0.21086172876696097,0.3181241792830322,0.2006513246724436,0.01007393438035161,0.24742181834982327
2013-05-20,492.27,VNINDEX,24.331403737590694,0.2585665190004576,-0.03021424842053444,0.953194884805221,0.9085804884188384,0.18693026199685772,0.21086172876696097,0.3181241792830322,0.2006513246724436,0.01007393438035161
2013-05-21,500.18,VNINDEX,23.915321857971055,0.25558659302725656,0.09373726706690388,1.594068718257087,2.541055078525792,-0.03021424842053444,0.18693026199685772,0.21086172876696097,0.3181241792830322,0.2006513246724436
2013-05-22,502.23,VNINDEX,25.83290560602319,0.3491911647118248,0.28778142557984676,0.40901484580636627,0.16729314409000556,0.09373726706690388,-0.03021424842053444,0.18693026199685772,0.21086172876696097,0.3181241792830322
2013-05-23,498.22,VNINDEX,25.013692249066906,0.33052742445962835,0.3117683940662371,-0.8016435553219694,0.6426323897892474,0.28778142557984676,0.09373726706690388,-0.03021424842053444,0.18693026199685772,0.21086172876696097
2013-05-24,500.24,VNINDEX,25.22882992580632,0.34006120699555714,0.3399265987223372,0.4046236716459189,0.16372031565622439,0.3117683940662371,0.28778142557984676,0.09373726706690388,-0.03021424842053444,0.18693026199685772
2013-05-27,512.41,VNINDEX,28.40057199903116,0.5928677884792731,0.11346984234128073,2.403710257622437,5.777823002599322,0.3399265987223372,0.3117683940662371,0.28778142557984676,0.09373726706690388,-0.03021424842053444
2013-05-28,516.33,VNINDEX,27.29988560397005,0.5066953280972226,0.2956571501269339,0.7621010114732224,0.5807979516885087,0.11346984234128073,0.3399265987223372,0.3117683940662371,0.28778142557984676,0.09373726706690388
2013-05-29,515.09,VNINDEX,24.948599959277686,0.301344014270154,0.4669690436155504,-0.24044532729844345,0.057813955419655595,0.2956571501269339,0.11346984234128073,0.3399265987223372,0.3117683940662371,0.28778142557984676
2013-05-30,521.45,VNINDEX,24.660991998405603,0.33289009001164377,0.38030981079300724,1.2271749890207309,1.5059584536780308,0.4669690436155504,0.2956571501269339,0.11346984234128073,0.3399265987223372,0.3117683940662371
2013-05-31,518.39,VNINDEX,23.5851334755214,0.23886975147277642,0.2910346185848585,-0.5885537838670645,0.34639555650423925,0.38030981079300724,0.4669690436155504,0.2956571501269339,0.11346984234128073,0.3399265987223372
2013-06-03,517.03,VNINDEX,23.64388309654919,0.22174908509863514,-0.009310317790651132,-0.26269548243243734,0.069008916490411,0.2910346185848585,0.38030981079300724,0.4669690436155504,0.2956571501269339,0.11346984234128073
2013-06-04,510.69,VNINDEX,23.45125728802142,0.19313579545621085,0.10158507541656324,-1.2338147409638094,1.522298815019592,-0.009310317790651132,0.2910346185848585,0.38030981079300724,0.4669690436155504,0.2956571501269339
2013-06-05,514.64,VNINDEX,23.165795191927476,0.18956207428815589,0.20148231828100113,0.7704874608156111,0.593650927274088,0.10158507541656324,-0.009310317790651132,0.2910346185848585,0.38030981079300724,0.4669690436155504
2013-06-06,520.9,VNINDEX,23.855461697747135,0.19125971128043398,0.19131919367493402,1.2090457648400852,1.4617916614777466,0.20148231828100113,0.10158507541656324,-0.009310317790651132,0.2910346185848585,0.38030981079300724
2013-06-07,527.97,VNINDEX,26.50979184874697,0.40994411586912055,0.2635886338125706,1.3481379159083455,1.8174758403096973,0.19131919367493402,0.20148231828100113,0.10158507541656324,-0.009310317790651132,0.2910346185848585
2013-06-10,524.56,VNINDEX,26.51982612542994,0.4436153280703532,0.04968537436555239,-0.6479647954865487,0.41985837618992494,0.2635886338125706,0.19131919367493402,0.20148231828100113,0.10158507541656324,-0.009310317790651132
2013-06-11,521.95,VNINDEX,27.21724851077434,0.566759994889921,0.29450562835533334,-0.4988018101056334,0.24880324576465637,0.04968537436555239,0.2635886338125706,0.19131919367493402,0.20148231828100113,0.10158507541656324
2013-06-12,518.24,VNINDEX,25.489634288910466,0.3978342321796519,0.4694031850466425,-0.7133342431288267,0.508845742420176,0.29450562835533334,0.04968537436555239,0.2635886338125706,0.19131919367493402,0.20148231828100113
2013-06-13,515.09,VNINDEX,23.714207515903713,0.21578902373076123,0.39346108360011184,-0.609681274600446,0.3717112565984244,0.4694031850466425,0.29450562835533334,0.04968537436555239,0.2635886338125706,0.19131919367493402
2013-06-14,509.03,VNINDEX,23.407774073241892,0.20878420247423654,0.27413581946155036,-1.1834688767065102,1.4005985821329692,0.39346108360011184,0.4694031850466425,0.29450562835533334,0.04968537436555239,0.2635886338125706
2013-06-17,498.52,VNINDEX,24.14773927335682,0.2811843400140382,-0.054145715190637746,-2.086324495177352,4.352749899177032,0.27413581946155036,0.39346108360011184,0.4694031850466425,0.29450562835533334,0.04968537436555239
2013-06-18,498.88,VNINDEX,23.983803084114623,0.27844173371163744,0.1401637489976906,0.07218769112357114,0.005211062749752111,-0.054145715190637746,0.27413581946155036,0.39346108360011184,0.4694031850466425,0.29450562835533334
2013-06-19,503.37,VNINDEX,23.493837709598992,0.24139871275218053,0.26700826215928586,0.895990030030437,0.8027981339139434,0.1401637489976906,-0.054145715190637746,0.27413581946155036,0.39346108360011184,0.4694031850466425
2013-06-20,499.51,VNINDEX,22.399626515679373,0.1488743082172328,0.22290491822701738,-0.7697868261485661,0.5925717577118828,0.26700826215928586,0.1401637489976906,-0.054145715190637746,0.27413581946155036,0.39346108360011184
2013-06-21,498.84,VNINDEX,22.426600252634433,0.10590663315087168,0.16539321804009546,-0.13422148556840047,0.018015407188188334,0.22290491822701738,0.26700826215928586,0.1401637489976906,-0.054145715190637746,0.27413581946155036
2013-06-24,489.74,VNINDEX,22.13774922018615,0.1086611814879102,-0.1720659543025365,-1.8410765017266895,3.389562685210185,0.16539321804009546,0.22290491822701738,0.26700826215928586,0.1401637489976906,-0.054145715190637746
2013-06-25,473.02,VNINDEX,22.767125583334252,0.14999009204929484,-0.05310505723729638,-3.4736967139162753,12.06656886027273,-0.1720659543025365,0.16539321804009546,0.22290491822701738,0.26700826215928586,0.1401637489976906
2013-06-26,473.53,VNINDEX,23.198171197634966,0.15780235352366986,0.13881787568695877,0.10775976955294511,0.011612167934103836,-0.05310505723729638,-0.1720659543025365,0.16539321804009546,0.22290491822701738,0.26700826215928586
2013-06-27,482.95,VNINDEX,22.74075196801395,0.13535103765895015,0.14771449441063875,1.9697860033658716,3.8800568990560937,0.13881787568695877,-0.05310505723729638,-0.1720659543025365,0.16539321804009546,0.22290491822701738
2013-06-28,481.13,VNINDEX,23.069867418074537,0.1696277776682025,0.15426038961694133,-0.37756247657035386,0.142553423713939,0.14771449441063875,0.13881787568695877,-0.05310505723729638,-0.1720659543025365,0.16539321804009546
2013-07-01,480.04,VNINDEX,22.061719860512017,0.10971788341119877,-0.13924960142191914,-0.22680700963606387,0.05144141962005357,0.15426038961694133,0.14771449441063875,0.13881787568695877,-0.05310505723729638,-0.1720659543025365
2013-07-02,489.84,VNINDEX,23.328488309593478,0.1635131531861056,-0.035889571014843025,2.02093734064583,4.08418773481664,-0.13924960142191914,0.15426038961694133,0.14771449441063875,0.13881787568695877,-0.05310505723729638
2013-07-03,487.35,VNINDEX,22.229044986108562,0.1061322202085061,0.12645441893527062,-0.5096256386479938,0.2597182915673756,-0.035889571014843025,-0.13924960142191914,0.15426038961694133,0.14771449441063875,0.13881787568695877
2013-07-04,487.22,VNINDEX,23.55567359541394,0.22425437173023552,0.16463324837494955,-0.02667843269770747,0.0007117387712061071,0.12645441893527062,-0.035889571014843025,-0.13924960142191914,0.15426038961694133,0.14771449441063875
2013-07-05,485.66,VNINDEX,21.581315951925035,0.06629924365104078,0.13222861186326132,-0.32069758593249154,0.10284694162292779,0.16463324837494955,0.12645441893527062,-0.035889571014843025,-0.13924960142191914,0.15426038961694133
2013-07-08,482.77,VNINDEX,21.390065747353532,0.01382146069655473,-0.2594969592105489,-0.596844083522576,0.3562228600359037,0.13222861186326132,0.16463324837494955,0.12645441893527062,-0.035889571014843025,-0.13924960142191914
2013-07-09,485.5,VNINDEX,20.641479481318964,-0.017106935780805282,-0.11804900834105055,0.5638937969688285,0.31797621425992234,-0.2594969592105489,0.13222861186326132,0.16463324837494955,0.12645441893527062,-0.035889571014843025
2013-07-10,484.43,VNINDEX,20.951169327955057,0.036225636687138775,0.010980053867629866,-0.22063456828015504,0.0486796127201704,-0.11804900834105055,-0.2594969592105489,0.13222861186326132,0.16463324837494955,0.12645441893527062
2013-07-11,484.47,VNINDEX,21.020723486487697,0.04152087891674746,0.02021319327436083,0.00825678605072565,6.817451588745767e-05,0.010980053867629866,-0.11804900834105055,-0.2594969592105489,0.13222861186326132,0.16463324837494955
2013-07-12,493.99,VNINDEX,22.90146936008892,0.19077333932566734,0.08950661830985168,1.9459764158966897,3.786824211226126,0.02021319327436083,0.010980053867629866,-0.11804900834105055,-0.2594969592105489,0.13222861186326132
2013-07-15,494.1,VNINDEX,21.62788543149172,0.0506271619852113,-0.20650488810386855,0.022265178365217044,0.0004957381676349292,0.08950661830985168,0.02021319327436083,0.010980053867629866,-0.11804900834105055,-0.2594969592105489
2013-07-16,496.22,VNINDEX,21.653186114422947,0.08282611483032831,-0.08594110408750488,0.4281450921811712,0.18330821995882357,-0.20650488810386855,0.08950661830985168,0.02021319327436083,0.010980053867629866,-0.11804900834105055
2013-07-17,497.5,VNINDEX,19.16296229185243,-0.08676425759673424,0.015563006406268953,0.257617982513142,0.06636702491414154,-0.08594110408750488,-0.20650488810386855,0.08950661830985168,0.02021319327436083,0.010980053867629866
2013-07-18,496.84,VNINDEX,21.795380696275384,0.0933929246417418,0.029818260625112447,-0.13275139226544763,0.01762293214841475,0.015563006406268953,-0.08594110408750488,-0.20650488810386855,0.08950661830985168,0.02021319327436083
2013-07-19,503.76,VNINDEX,21.347825604150206,0.058261395119031466,0.021630020721346805,1.3831921504494324,1.9132205250649255,0.029818260625112447,0.015563006406268953,-0.08594110408750488,-0.20650488810386855,0.08950661830985168
2013-07-22,506.16,VNINDEX,21.07715710355022,0.013168583592927422,-0.1867524792455856,0.47528606581417765,0.22589684435711882,0.021630020721346805,0.029818260625112447,0.015563006406268953,-0.08594110408750488,-0.20650488810386855
2013-07-23,504.29,VNINDEX,21.401943217247453,0.01867747084553258,-0.09328635689813569,-0.37013254191430256,0.13699809858394293,-0.1867524792455856,0.021630020721346805,0.029818260625112447,0.015563006406268953,-0.08594110408750488
2013-07-24,494.18,VNINDEX,22.600570718559595,0.14232045165450505,0.05805550203098886,-2.0251676129454874,4.101303860523323,-0.09328635689813569,-0.1867524792455856,0.021630020721346805,0.029818260625112447,0.015563006406268953
2013-07-25,491.78,VNINDEX,19.70936128343058,-0.07807353196109752,0.027641463512980507,-0.48683612726407877,0.23700941480948629,0.05805550203098886,-0.09328635689813569,-0.1867524792455856,0.021630020721346805,0.029818260625112447
2013-07-26,493.93,VNINDEX,19.955972172675533,-0.03638814587565942,0.009286257939249865,0.43623447252231956,0.19030051501682638,0.027641463512980507,0.05805550203098886,-0.09328635689813569,-0.1867524792455856,0.021630020721346805
2013-07-29,485.69,VNINDEX,21.251127569475376,0.04958240209656062,-0.18259304549619895,-1.6823246443715614,2.8302162090599006,0.009286257939249865,0.027641463512980507,0.05805550203098886,-0.09328635689813569,-0.1867524792455856
2013-07-30,488.54,VNINDEX,21.424927896213415,0.03964479474097077,-0.06441579274390863,0.5850791147958263,0.3423175705702677,-0.18259304549619895,0.009286257939249865,0.027641463512980507,0.05805550203098886,-0.09328635689813569
2013-07-31,491.85,VNINDEX,21.355373737680775,0.03434955251136207,0.041192249782965006,0.6752440511910903,0.4559545286689558,-0.06441579274390863,-0.18259304549619895,0.009286257939249865,0.027641463512980507,0.05805550203098886
2013-08-01,492.43,VNINDEX,20.68727870006376,-0.02152371384915212,0.017490211134394085,0.11785265719742165,0.01388924880849298,0.041192249782965006,-0.06441579274390863,-0.18259304549619895,0.009286257939249865,0.027641463512980507
2013-08-02,494.66,VNINDEX,20.599239338115634,0.027332998641671474,0.013386279101294307,0.45183393487093937,0.2041539047009563,0.017490211134394085,0.041192249782965006,-0.06441579274390863,-0.18259304549619895,0.009286257939249865
2013-08-05,493.66,VNINDEX,21.88251726502156,0.10844753646491369,-0.20333471252684543,-0.2023636759872865,0.040951057359087474,0.013386279101294307,0.017490211134394085,0.041192249782965006,-0.06441579274390863,-0.18259304549619895
2013-08-06,496.56,VNINDEX,22.046283315076625,0.06483871690809113,-0.07867097715559478,0.5857300985819571,0.3430797483848292,-0.20333471252684543,0.013386279101294307,0.017490211134394085,0.041192249782965006,-0.06441579274390863
2013-08-07,500.1,VNINDEX,20.488177690394494,-0.04378505933867923,0.043167064678109046,0.7103756319460754,0.504633538462786,-0.07867097715559478,-0.20333471252684543,0.013386279101294307,0.017490211134394085,0.041192249782965006
2013-08-08,498.22,VNINDEX,18.995467027068766,-0.12953002025326485,-0.03615878756128373,-0.37663318822746195,0.14185255847438277,0.043167064678109046,-0.07867097715559478,-0.20333471252684543,0.013386279101294307,0.017490211134394085
2013-08-09,500.62,VNINDEX,20.542635581865987,0.009333868106268331,-0.054660403828558045,0.48055837145592006,0.23093634837636604,-0.03615878756128373,0.043167064678109046,-0.07867097715559478,-0.20333471252684543,0.013386279101294307
2013-08-12,499.46,VNINDEX,22.008202369049528,0.09169507822799185,-0.205242362899694,-0.23198154551953196,0.05381543746163068,-0.054660403828558045,-0.03615878756128373,0.043167064678109046,-0.07867097715559478,-0.20333471252684543
2013-08-13,497.73,VNINDEX,21.462876309860448,0.0654444541375828,-0.09032996595842392,-0.3469753478573587,0.12039189202073505,-0.205242362899694,-0.054660403828558045,-0.03615878756128373,0.043167064678109046,-0.07867097715559478
2013-08-14,503.57,VNINDEX,20.192851456804714,-0.03467856684874341,0.04082032183894424,1.1664967984225518,1.3607147807300635,-0.09032996595842392,-0.205242362899694,-0.054660403828558045,-0.03615878756128373,0.043167064678109046
2013-08-15,508.22,VNINDEX,21.000054811487008,0.0317851839709881,0.020850357086609667,0.9191695388902373,0.8448726412236915,0.04082032183894424,-0.09032996595842392,-0.205242362899694,-0.054660403828558045,-0.03615878756128373
2013-08-16,507.79,VNINDEX,20.947912923980784,-0.010102114524280595,-0.004331832467344809,-0.08464484122669881,0.00716474914629305,0.020850357086609667,0.04082032183894424,-0.09032996595842392,-0.205242362899694,-0.054660403828558045
2013-08-19,511.02,VNINDEX,17.386373894248223,0.1041743493506575,-0.12908057517576849,0.634075209681003,0.4020513715320079,-0.004331832467344809,0.020850357086609667,0.04082032183894424,-0.09032996595842392,-0.205242362899694
2013-08-20,504.81,VNINDEX,17.012306459531423,0.07273232003347865,-0.037066817971980054,-1.222660752457953,1.4948993156010477,-0.12908057517576849,-0.004331832467344809,0.020850357086609667,0.04082032183894424,-0.09032996595842392
2013-08-21,502.7,VNINDEX,16.358790026184543,0.027319040972879738,0.06807523678567236,-0.41885501579353834,0.17543952425540527,-0.037066817971980054,-0.12908057517576849,-0.004331832467344809,0.020850357086609667,0.04082032183894424
2013-08-22,496.12,VNINDEX,17.134453902171266,0.08795919860135834,0.06267018653590598,-1.3175737751400685,1.7360006529368517,0.06807523678567236,-0.037066817971980054,-0.12908057517576849,-0.004331832467344809,0.020850357086609667
2013-08-23,486.82,VNINDEX,14.95552932482045,-0.05463844903991863,0.020213263511440205,-1.8923388043360394,3.580946150395951,0.06267018653590598,0.06807523678567236,-0.037066817971980054,-0.12908057517576849,-0.004331832467344809
2013-08-26,490.54,VNINDEX,16.654672834747288,0.07018570747895755,-0.10309994051739661,0.761238021602229,0.5794833255328756,0.020213263511440205,0.06267018653590598,0.06807523678567236,-0.037066817971980054,-0.12908057517576849
2013-08-27,485.57,VNINDEX,17.19633232278299,0.08240271404421898,-0.010293709226509795,-1.018336652509282,1.0370095378438102,-0.10309994051739661,0.020213263511440205,0.06267018653590598,0.06807523678567236,-0.037066817971980054
2013-08-28,473.3,VNINDEX,15.502272217387668,-0.051913846732297236,0.03355819159696018,-2.5594021682495587,6.550539458840542,-0.010293709226509795,-0.10309994051739661,0.020213263511440205,0.06267018653590598,0.06807523678567236
2013-08-29,468.55,VNINDEX,15.798155025950416,-0.009047180226219503,0.00714722902856782,-1.0086617342369624,1.0173984941139165,0.03355819159696018,-0.010293709226509795,-0.10309994051739661,0.020213263511440205,0.06267018653590598
2013-08-30,472.7,VNINDEX,15.556752534877512,-0.04796017104594366,-0.036307066001486366,0.8818118229357902,0.7775920910693414,0.00714722902856782,0.03355819159696018,-0.010293709226509795,-0.10309994051739661,0.020213263511440205
2013-09-03,472.17,VNINDEX,16.540970498801585,0.009642042023099734,-0.26807757401484406,-0.11218475675713718,0.012585419648658037,-0.036307066001486366,0.00714722902856782,0.03355819159696018,-0.010293709226509795,-0.10309994051739661
2013-09-04,471.45,VNINDEX,15.642682789528516,-0.021422171393565947,-0.14269022535018808,-0.15260383199330405,0.023287929539040568,-0.26807757401484406,-0.036307066001486366,0.00714722902856782,0.03355819159696018,-0.010293709226509795
2013-09-05,477.57,VNINDEX,15.116630618062416,-0.08092981402158242,-0.03090331446401584,1.2897694123467895,1.6635051370253828,-0.14269022535018808,-0.26807757401484406,-0.036307066001486366,0.00714722902856782,0.03355819159696018
2013-09-06,480.03,VNINDEX,14.847701474584534,-0.10427450323702711,-0.06887549621739145,0.5137855913738816,0.2639756339034092,-0.03090331446401584,-0.14269022535018808,-0.26807757401484406,-0.036307066001486366,0.00714722902856782
2013-09-09,470.16,VNINDEX,15.784219645789527,-0.02457616500109855,-0.21094947335447406,-2.077553964449789,4.316230475201035,-0.06887549621739145,-0.03090331446401584,-0.14269022535018808,-0.26807757401484406,-0.036307066001486366
2013-09-10,474.53,VNINDEX,16.830868323942617,0.04755553863465592,-0.09591314413046184,0.9251778193792363,0.8559539974713187,-0.21094947335447406,-0.06887549621739145,-0.03090331446401584,-0.14269022535018808,-0.26807757401484406
2013-09-11,476.4,VNINDEX,17.692442083916706,0.11814512587267618,0.04704149983541159,0.3932996982957466,0.15468465267952533,-0.09591314413046184,-0.21094947335447406,-0.06887549621739145,-0.03090331446401584,-0.14269022535018808
2013-09-12,475.59,VNINDEX,16.088029789222894,0.005464062173246714,0.05705490889352664,-0.1701698957898934,0.028957793433143177,0.04704149983541159,-0.09591314413046184,-0.21094947335447406,-0.06887549621739145,-0.03090331446401584
2013-09-13,476.42,VNINDEX,15.767716121837221,-0.014561733103941266,0.03634915164732758,0.17436796048268374,0.030404185642890758,0.05705490889352664,0.04704149983541159,-0.09591314413046184,-0.21094947335447406,-0.06887549621739145
2013-09-16,475.57,VNINDEX,15.975055324509343,0.00047860945993108417,-0.20320939107510083,-0.1785733517949677,0.03188844197128929,0.03634915164732758,0.05705490889352664,0.04704149983541159,-0.09591314413046184,-0.21094947335447406
2013-09-17,477.73,VNINDEX,16.55198651567225,0.02728085860281837,-0.09331095174970416,0.45316347349778796,0.20535713371258038,-0.20320939107510083,0.03634915164732758,0.05705490889352664,0.04704149983541159,-0.09591314413046184
2013-09-18,474.26,VNINDEX,16.820915659150135,0.05062554781826306,0.026128338627004505,-0.7290024827137579,0.5314446198028229,-0.09331095174970416,-0.20320939107510083,0.03634915164732758,0.05705490889352664,0.04704149983541159
2013-09-19,476.09,VNINDEX,16.647646856460803,0.03626516722340184,0.03805719121482809,0.38512174711644087,0.14831876010201983,0.026128338627004505,-0.09331095174970416,-0.20320939107510083,0.03634915164732758,0.05705490889352664
2013-09-20,477.19,VNINDEX,16.375568659455755,0.023739314251450344,0.03687667643103876,0.23078224408792772,0.053260444186259845,0.03805719121482809,0.026128338627004505,-0.09331095174970416,-0.20320939107510083,0.03634915164732758
2013-09-23,479.09,VNINDEX,16.16772395257265,-0.02068752785929448,-0.15516409228274838,0.3973736772023155,0.15790583933329003,0.03687667643103876,0.03805719121482809,0.026128338627004505,-0.09331095174970416,-0.20320939107510083
2013-09-24,482.82,VNINDEX,16.620885571954307,0.07272053186114927,-0.05683364155862508,0.7755442184066289,0.601468834703949,-0.15516409228274838,0.03687667643103876,0.03805719121482809,0.026128338627004505,-0.09331095174970416
2013-09-25,486.22,VNINDEX,16.4714817523498,0.04741687264547005,0.033149958882441974,0.7017282985144879,0.4924226049360383,-0.05683364155862508,-0.15516409228274838,0.03687667643103876,0.03805719121482809,0.026128338627004505
2013-09-26,485.11,VNINDEX,17.591526486798312,0.11503465873566968,0.07839068774743005,-0.22855270262137312,0.05223633787553381,0.033149958882441974,-0.05683364155862508,-0.15516409228274838,0.03687667643103876,0.03805719121482809
2013-09-27,486.61,VNINDEX,15.312163705244872,-0.05307120726058298,0.03646010804018593,0.30873115536089035,0.09531492629047021,0.07839068774743005,0.033149958882441974,-0.05683364155862508,-0.15516409228274838,0.03687667643103876
2013-09-30,492.63,VNINDEX,16.848435199973103,0.05824993250082429,-0.18336876899514165,1.2295404273219301,1.5117696624189945,0.03646010804018593,0.07839068774743005,0.033149958882441974,-0.05683364155862508,-0.15516409228274838
2013-10-01,492.24,VNINDEX,16.207807865201758,0.0181983419464484,-0.07730800361120008,-0.07919827396208082,0.006272366598572808,-0.18336876899514165,0.03646010804018593,0.07839068774743005,0.033149958882441974,-0.05683364155862508
2013-10-02,494.39,VNINDEX,17.057322757580696,0.08691294360815961,0.05445373935181114,0.43582769694701107,0.18994578142613572,-0.07730800361120008,-0.18336876899514165,0.03646010804018593,0.07839068774743005,0.033149958882441974
2013-10-03,492.3,VNINDEX,15.737047527487087,-0.011367281543009256,0.03124800133719996,-0.4236392637550015,0.17947022579487973,0.05445373935181114,-0.07730800361120008,-0.18336876899514165,0.03646010804018593,0.07839068774743005
2013-10-04,497.5,VNINDEX,17.029803216757728,0.07928855892559834,0.0516114069969166,1.0507269834492552,1.1040271937483714,0.03124800133719996,0.05445373935181114,-0.07730800361120008,-0.18336876899514165,0.03646010804018593
2013-10-07,500.47,VNINDEX,15.06234979273295,-0.05209883406639626,-0.23215476057640916,0.5952100300210648,0.3542749798376768,0.0516114069969166,0.03124800133719996,0.05445373935181114,-0.07730800361120008,-0.18336876899514165
2013-10-08,502.22,VNINDEX,18.984407674568345,0.2392580471181295,-0.028007688019040244,0.3490613802649023,0.12184384719243872,-0.23215476057640916,0.0516114069969166,0.03124800133719996,0.05445373935181114,-0.07730800361120008
2013-10-09,500.67,VNINDEX,16.534672391747254,0.03127971451008621,0.0728129758539402,-0.3091069278085853,0.09554709281926195,-0.028007688019040244,-0.23215476057640916,0.0516114069969166,0.03124800133719996,0.05445373935181114
2013-10-10,494.81,VNINDEX,15.825904257010325,-0.010131799982311951,0.08680198721530161,-1.177335092337776,1.3861179196499993,0.0728129758539402,-0.028007688019040244,-0.23215476057640916,0.0516114069969166,0.03124800133719996
2013-10-11,494.53,VNINDEX,15.116883370167908,-0.06623656424814617,-0.015029549906790285,-0.056603393671717885,0.0032039441751554724,0.08680198721530161,0.0728129758539402,-0.028007688019040244,-0.23215476057640916,0.0516114069969166
2013-10-14,493.62,VNINDEX,15.685157499368316,-0.03743488715162502,-0.22489226271944024,-0.18418261544322856,0.03392323583150821,-0.015029549906790285,0.08680198721530161,0.0728129758539402,-0.028007688019040244,-0.23215476057640916
2013-10-15,495.72,VNINDEX,16.21435872436158,0.01125391923289823,-0.13589926266098004,0.4245260787779521,0.18022239156258402,-0.22489226271944024,-0.015029549906790285,0.08680198721530161,0.0728129758539402,-0.028007688019040244
2013-10-16,498.96,VNINDEX,17.134120619508778,0.08627343959254788,0.02003082389127403,0.6514681021193672,0.4244106880790103,-0.13589926266098004,-0.22489226271944024,-0.015029549906790285,0.08680198721530161,0.0728129758539402
2013-10-17,499.59,VNINDEX,16.083027284998543,0.026031153430259912,0.04118617075190237,0.12618298204221653,0.015922144957066342,0.02003082389127403,-0.13589926266098004,-0.22489226271944024,-0.015029549906790285,0.08680198721530161
2013-10-18,500.83,VNINDEX,15.84737844288445,0.033823506960671934,0.04870936666116024,0.2478960106771987,0.061452432109669816,0.04118617075190237,0.02003082389127403,-0.13589926266098004,-0.22489226271944024,-0.015029549906790285
2013-10-21,501.57,VNINDEX,15.890390499237764,-0.027339539347668917,-0.2257766479131425,0.14764567726032268,0.021799246013659367,0.04870936666116024,0.04118617075190237,0.02003082389127403,-0.13589926266098004,-0.22489226271944024
2013-10-22,500.57,VNINDEX,16.76402312680701,0.0451250334666605,-0.10297224160178181,-0.19957298020464695,0.0398293744277644,-0.2257766479131425,0.04870936666116024,0.04118617075190237,0.02003082389127403,-0.13589926266098004
2013-10-23,504.05,VNINDEX,16.522866276257588,0.04409797870721327,0.02062782427540194,0.6928020384332773,0.4799746644573042,-0.10297224160178181,-0.2257766479131425,0.04870936666116024,0.04118617075190237,0.02003082389127403
2013-10-24,501.17,VNINDEX,16.78654016340563,0.07331650940623494,0.05417984052670327,-0.5730104614272301,0.32834098890504715,0.02062782427540194,-0.10297224160178181,-0.2257766479131425,0.04870936666116024,0.04118617075190237
2013-10-25,500.75,VNINDEX,15.31531275877204,-0.0638900435040762,0.017841481536457676,-0.08383903397506087,0.007028983617871411,0.05417984052670327,0.02062782427540194,-0.10297224160178181,-0.2257766479131425,0.04870936666116024
2013-10-28,496.46,VNINDEX,15.838753223224483,-0.0387138951828484,-0.2080656602071379,-0.8604058253782984,0.7402981843449108,0.017841481536457676,0.05417984052670327,0.02062782427540194,-0.10297224160178181,-0.2257766479131425
2013-10-29,497.08,VNINDEX,14.554907348021832,-0.11667591383165374,-0.13507560828718176,0.12480626456491938,0.015576603674648649,-0.2080656602071379,0.017841481536457676,0.05417984052670327,0.02062782427540194,-0.10297224160178181
2013-10-30,499.07,VNINDEX,16.96166241679214,0.07792863498757611,-0.02582039134230832,0.39953875364492153,0.1596312156641373,-0.13507560828718176,-0.2080656602071379,0.017841481536457676,0.05417984052670327,0.02062782427540194
2013-10-31,497.41,VNINDEX,15.654741657123672,-0.01954718581725684,-0.019431488220444465,-0.33317307634054893,0.11100429879822525,-0.02582039134230832,-0.13507560828718176,-0.2080656602071379,0.017841481536457676,0.05417984052670327
2013-11-01,497.08,VNINDEX,14.279932849595106,-0.10368968078667581,-0.015102743872118463,-0.06636567730438203,0.004404403124069368,-0.019431488220444465,-0.02582039134230832,-0.13507560828718176,-0.2080656602071379,0.017841481536457676
2013-11-04,497.07,VNINDEX,17.08799135193083,0.08371849204722767,-0.2058665502327665,-0.0020117688478302432,4.047213897100224e-06,-0.015102743872118463,-0.019431488220444465,-0.02582039134230832,-0.13507560828718176,-0.2080656602071379
2013-11-05,499.79,VNINDEX,15.591551017726216,-0.0034100276818729985,-0.10970721467503954,0.5457148948172523,0.2978047464254048,-0.2058665502327665,-0.015102743872118463,-0.019431488220444465,-0.02582039134230832,-0.13507560828718176
2013-11-06,502.52,VNINDEX,14.1124248074466,-0.0945374033182415,-0.004742979650961904,0.5447429938729164,0.2967449293736282,-0.10970721467503954,-0.2058665502327665,-0.015102743872118463,-0.019431488220444465,-0.02582039134230832
2013-11-07,499.86,VNINDEX,15.252374871480075,-0.03305963559525611,-0.0436690221984565,-0.5307380921344117,0.2816829224424753,-0.004742979650961904,-0.10970721467503954,-0.2058665502327665,-0.015102743872118463,-0.019431488220444465
2013-11-08,498.61,VNINDEX,15.870990673863782,0.008186978566417785,-0.039803353449026205,-0.250383216929709,0.06269175532006971,-0.0436690221984565,-0.004742979650961904,-0.10970721467503954,-0.2058665502327665,-0.015102743872118463
2013-11-11,501.08,VNINDEX,15.77137067957537,0.00400593019943804,-0.2036114506424449,0.49415419304153035,0.24418836650052606,-0.039803353449026205,-0.0436690221984565,-0.004742979650961904,-0.10970721467503954,-0.2058665502327665
2013-11-12,497.65,VNINDEX,16.196254501817585,0.045709855917011766,-0.09364827692058518,-0.6868750283918608,0.47179730462831954,-0.2036114506424449,-0.039803353449026205,-0.0436690221984565,-0.004742979650961904,-0.10970721467503954
2013-11-13,496.12,VNINDEX,17.527292996676366,0.146935647874463,0.06555047799697131,-0.30791857449437393,0.09481384851864731,-0.09364827692058518,-0.2036114506424449,-0.039803353449026205,-0.0436690221984565,-0.004742979650961904
2013-11-14,497.85,VNINDEX,16.24738627361988,0.027697712205318775,0.07344773866559821,0.3480993886964465,0.12117318441083975,0.06555047799697131,-0.09364827692058518,-0.2036114506424449,-0.039803353449026205,-0.0436690221984565
2013-11-15,501.34,VNINDEX,16.39153483689455,0.05887521290457498,0.07783619099478598,0.6985686791506515,0.48799819949028583,0.07344773866559821,0.06555047799697131,-0.09364827692058518,-0.2036114506424449,-0.039803353449026205
2013-11-18,506.48,VNINDEX,17.693200340233176,0.1622248751929849,-0.12824957869631293,1.0200322610271313,1.0404658135361218,0.07783619099478598,0.07344773866559821,0.06555047799697131,-0.09364827692058518,-0.2036114506424449
2013-11-19,504.71,VNINDEX,15.726789766932892,0.015073651197580779,-0.06793381335704911,-0.35008293352012376,0.1225580603420554,-0.12824957869631293,0.07783619099478598,0.07344773866559821,0.06555047799697131,-0.09364827692058518
2013-11-20,505.52,VNINDEX,15.357197778442107,0.0033117446185658983,0.06020342366971089,0.16035955645297886,0.025715187345796114,-0.06793381335704911,-0.12824957869631293,0.07783619099478598,0.07344773866559821,0.06555047799697131
2013-11-21,503.54,VNINDEX,16.81091065070143,0.09175973033228932,0.03671504204947905,-0.39244495693309245,0.1540130442222168,0.06020342366971089,-0.06793381335704911,-0.12824957869631293,0.07783619099478598,0.07344773866559821
2013-11-22,505.64,VNINDEX,15.891401507659722,0.03143345974607592,0.04216831156564409,0.4161800731488037,0.17320585328614357,0.03671504204947905,0.06020342366971089,-0.06793381335704911,-0.12824957869631293,0.07783619099478598
2013-11-25,506.46,VNINDEX,17.345619884130027,0.14926794500667187,-0.16838413083557197,0.1620393596326674,0.026256754070164926,0.04216831156564409,0.03671504204947905,0.06020342366971089,-0.06793381335704911,-0.12824957869631293
2013-11-26,509.16,VNINDEX,16.962958019622125,0.07685805375760289,-0.025586665258952215,0.5316961778550275,0.2827008255456451,-0.16838413083557197,0.04216831156564409,0.03671504204947905,0.06020342366971089,-0.06793381335704911
2013-11-27,508.43,VNINDEX,15.531256679750438,-0.012784955563418618,0.07111368106695241,-0.14347627732742926,0.020585442155737394,-0.025586665258952215,-0.16838413083557197,0.04216831156564409,0.03671504204947905,0.06020342366971089
2013-11-28,507.71,VNINDEX,15.613815302219342,0.010088198484265135,0.02472043222615017,-0.1417127798325259,0.020082511967861958,0.07111368106695241,-0.025586665258952215,-0.16838413083557197,0.04216831156564409,0.03671504204947905
2013-11-29,507.78,VNINDEX,16.04895688501575,0.025351191461248784,0.007551478127365466,0.013786447943535445,0.00019006614689981267,0.02472043222615017,0.07111368106695241,-0.025586665258952215,-0.16838413083557197,0.04216831156564409
2013-12-02,508.53,VNINDEX,16.886160157694043,0.07749755777321465,-0.1631807689130988,0.1475927888435044,0.02178363131860328,0.007551478127365466,0.02472043222615017,0.07111368106695241,-0.025586665258952215,-0.16838413083557197
2013-12-03,511.62,VNINDEX,16.42715359181281,0.07317784341704901,-0.033669099124807866,0.6057951183508655,0.36698772541773916,-0.1631807689130988,0.007551478127365466,0.02472043222615017,0.07111368106695241,-0.025586665258952215
2013-12-04,510.88,VNINDEX,14.981086773094027,-0.07604256934405329,0.02487761061540386,-0.14474330155413476,0.02095062334479119,-0.033669099124807866,-0.1631807689130988,0.007551478127365466,0.02472043222615017,0.07111368106695241
2013-12-05,510.03,VNINDEX,16.019583893495597,0.027475061792207503,0.008203445288401445,-0.16651814487246336,0.027728292571766695,0.02487761061540386,-0.033669099124807866,-0.1631807689130988,0.007551478127365466,0.02472043222615017
2013-12-06,510.12,VNINDEX,15.5179022093253,-0.013589359909754462,-0.02071895582053304,0.017644464095180525,0.0003113271132061147,0.008203445288401445,0.02487761061540386,-0.033669099124807866,-0.1631807689130988,0.007551478127365466
2013-12-09,511.23,VNINDEX,16.308976214425645,0.0360020588568912,-0.1632782393214906,0.2173594628712037,0.04724513609965818,-0.02071895582053304,0.008203445288401445,0.02487761061540386,-0.033669099124807866,-0.1631807689130988
2013-12-10,511.6,VNINDEX,15.899553065411244,4.753224556963698e-05,-0.09573168929814455,0.07234829172766671,0.005234275315911568,-0.1632782393214906,-0.02071895582053304,0.008203445288401445,0.02487761061540386,-0.033669099124807866
2013-12-11,505.31,VNINDEX,14.640867776123393,-0.08992834625402693,-0.01795958505052167,-1.2370967379019109,1.5304083389275491,-0.09573168929814455,-0.1632782393214906,-0.02071895582053304,0.008203445288401445,0.02487761061540386
2013-12-12,506.92,VNINDEX,16.076223673733228,0.018282326370373858,-0.023866162546027442,0.3181097888194829,0.10119383774277599,-0.01795958505052167,-0.09573168929814455,-0.1632782393214906,-0.02071895582053304,0.008203445288401445
2013-12-13,506.06,VNINDEX,15.00941691388969,-0.06240260867160252,-0.04468287618508479,-0.16979608810048066,0.02883071153422619,-0.023866162546027442,-0.01795958505052167,-0.09573168929814455,-0.1632782393214906,-0.02071895582053304
2013-12-16,502.04,VNINDEX,40.324728077051006,2.48492205768733,0.5983540850669693,-0.7975441540613193,0.6360766776773854,-0.04468287618508479,-0.023866162546027442,-0.01795958505052167,-0.09573168929814455,-0.1632782393214906
2013-12-17,505.67,VNINDEX,15.566390431811412,0.00860383216891819,0.7032903252830718,0.7204484824261834,0.5190460158301907,0.5983540850669693,-0.04468287618508479,-0.023866162546027442,-0.01795958505052167,-0.09573168929814455
2013-12-18,505.25,VNINDEX,13.892773985073832,-0.12614598123185913,0.7891266362081302,-0.08309263327768107,0.006904385705019192,0.7032903252830718,0.5983540850669693,-0.04468287618508479,-0.023866162546027442,-0.01795958505052167
2013-12-19,506.28,VNINDEX,18.102623489247577,0.19817940180430643,0.02687908424712221,0.20365196405170974,0.04147412246211887,0.7891266362081302,0.7032903252830718,0.5983540850669693,-0.04468287618508479,-0.023866162546027442
2013-12-20,504.45,VNINDEX,15.591803769831706,0.011283222091563197,0.027772214221337216,-0.362114906985927,0.13112720586142657,0.02687908424712221,0.7891266362081302,0.7032903252830718,0.5983540850669693,-0.04468287618508479
2013-12-23,508.68,VNINDEX,14.776106525330071,-0.07144466737457313,-0.2156425148426141,0.8350408298157759,0.6972931874594196,0.027772214221337216,0.02687908424712221,0.7891266362081302,0.7032903252830718,0.5983540850669693
2013-12-24,505.62,VNINDEX,16.019583893495597,0.027475061792207503,-0.11665535575350118,-0.6033736140229042,0.3640597180990606,-0.2156425148426141,0.027772214221337216,0.02687908424712221,0.7891266362081302,0.7032903252830718
2013-12-25,504.42,VNINDEX,14.971134108301548,-0.07297256016044612,-0.0389807219142702,-0.23761446370565067,0.05646063336212398,-0.11665535575350118,-0.2156425148426141,0.027772214221337216,0.02687908424712221,0.7891266362081302
2013-12-26,506.55,VNINDEX,15.744103890857891,0.011074795290313008,-0.011474234359308152,0.42137811244259954,0.17755951364568806,-0.0389807219142702,-0.11665535575350118,-0.2156425148426141,0.027772214221337216,0.02687908424712221
2013-12-27,506.41,VNINDEX,15.547527952950944,-0.0010199804672769847,-0.020972581779136287,-0.027641762930700652,0.0007640670579170567,-0.011474234359308152,-0.0389807219142702,-0.11665535575350118,-0.2156425148426141,0.027772214221337216
2013-12-30,500.35,VNINDEX,14.800477012625874,-0.05300144644851859,-0.1970798779548361,-1.2038764333914298,1.4493184668752697,-0.020972581779136287,-0.011474234359308152,-0.0389807219142702,-0.11665535575350118,-0.2156425148426141
2013-12-31,504.63,VNINDEX,14.375340438278169,-0.10939862193952858,-0.14491128087789099,0.8517633935335491,0.7255008785637876,-0.1970798779548361,-0.020972581779136287,-0.011474234359308152,-0.0389807219142702,-0.11665535575350118
2014-01-02,504.51,VNINDEX,17.778402512018268,0.14489269345030303,-0.07790974519928162,-0.023782626903226172,0.0005656133424180573,-0.14491128087789099,-0.1970798779548361,-0.020972581779136287,-0.011474234359308152,-0.0389807219142702
2014-01-03,505.37,VNINDEX,15.624073062773537,-0.016352734256324886,-0.0468944493048804,0.17031730658901542,0.029007984923736675,-0.07790974519928162,-0.14491128087789099,-0.1970798779548361,-0.020972581779136287,-0.011474234359308152
2014-01-06,509.1,VNINDEX,17.072530678703018,0.07796909294097552,-0.11489058894265572,0.7353626639631902,0.5407582475510397,-0.0468944493048804,-0.07790974519928162,-0.14491128087789099,-0.1970798779548361,-0.020972581779136287
2014-01-07,510.12,VNINDEX,15.972949121706668,-0.004466385299985165,-0.011926804711254263,0.20015312504086297,0.04006127346362333,-0.11489058894265572,-0.0468944493048804,-0.07790974519928162,-0.14491128087789099,-0.1970798779548361
2014-01-08,513.9,VNINDEX,15.474669243169028,-0.041656393472004144,0.010615438056329113,0.7382701839484709,0.545042864507309,-0.011926804711254263,-0.11489058894265572,-0.0468944493048804,-0.07790974519928162,-0.14491128087789099
2014-01-09,516.98,VNINDEX,15.915266490744546,0.02049018112525798,-0.008544199215576725,0.5975495042436374,0.35706541002181685,0.010615438056329113,-0.011926804711254263,-0.11489058894265572,-0.0468944493048804,-0.07790974519928162
2014-01-10,518.94,VNINDEX,15.187383125041658,-0.04523839577677152,-0.02213486937450551,0.37840805058552673,0.14319265274793855,-0.008544199215576725,0.010615438056329113,-0.011926804711254263,-0.11489058894265572,-0.0468944493048804
2014-01-13,521.11,VNINDEX,14.864963254853311,-0.07020918581387571,-0.22098985438152202,0.41728823591949255,0.17412947183680208,-0.02213486937450551,-0.008544199215576725,0.010615438056329113,-0.011926804711254263,-0.11489058894265572
2014-01-14,522.31,VNINDEX,13.776397714727626,-0.1350058474751178,-0.16599715213810257,0.23001294379242396,0.05290595431205678,-0.22098985438152202,-0.02213486937450551,-0.008544199215576725,0.010615438056329113,-0.011926804711254263
2014-01-15,526.68,VNINDEX,15.426939276999386,-0.01976983623036814,-0.0749949565064535,0.8331872144548064,0.6942009343309595,-0.16599715213810257,-0.22098985438152202,-0.02213486937450551,-0.008544199215576725,0.010615438056329113
2014-01-16,533.54,VNINDEX,15.271490102446036,-0.0087425731856247,-0.05450608563036985,1.2940891012884446,1.6746666020735341,-0.0749949565064535,-0.16599715213810257,-0.22098985438152202,-0.02213486937450551,-0.008544199215576725
2014-01-17,543.59,VNINDEX,15.970305572390481,0.03573895049038049,0.0024088470247962818,1.8661241727431912,3.4824194280964598,-0.05450608563036985,-0.0749949565064535,-0.16599715213810257,-0.22098985438152202,-0.02213486937450551
2014-01-20,553.67,VNINDEX,15.58814921209356,-0.007284441211816012,-0.23525174172894914,1.8373555168199291,3.375875295188629,0.0024088470247962818,-0.05450608563036985,-0.0749949565064535,-0.16599715213810257,-0.22098985438152202
2014-01-21,559.91,VNINDEX,15.797036769701153,0.021378569895519228,-0.11681253414275476,1.1207215130897024,1.2560167099020718,-0.23525174172894914,0.0024088470247962818,-0.05450608563036985,-0.0749949565064535,-0.16599715213810257
2014-01-22,551.92,VNINDEX,14.932061204094403,-0.05308543087244405,-0.012997100729579908,-1.4372948289702714,2.0658164253846816,-0.11681253414275476,-0.23525174172894914,0.0024088470247962818,-0.05450608563036985,-0.0749949565064535
2014-01-23,553.55,VNINDEX,14.165104934184372,-0.09892687848647146,-0.043544579821131704,0.29489740676225723,0.08696448051510419,-0.012997100729579908,-0.11681253414275476,-0.23525174172894914,0.0024088470247962818,-0.05450608563036985
2014-01-24,560.19,VNINDEX,14.703215973245625,-0.03754425028214592,-0.06318551988035344,1.1923929593622673,1.4218009695367055,-0.043544579821131704,-0.012997100729579908,-0.11681253414275476,-0.23525174172894914,0.0024088470247962818
2014-01-27,556.52,VNINDEX,12.545990222579217,-0.17327759197184436,-0.3245416090048911,-0.6572902925422364,0.43203052867025865,-0.06318551988035344,-0.043544579821131704,-0.012997100729579908,-0.11681253414275476,-0.23525174172894914
2014-02-06,554.68,VNINDEX,16.945391143591635,0.06616365989143455,-0.18052848231833152,-0.33117380880126013,0.1096760916359336,-0.3245416090048911,-0.06318551988035344,-0.043544579821131704,-0.012997100729579908,-0.11681253414275476
2014-02-07,549.76,VNINDEX,17.518130430502886,0.11954857628122445,-0.021829257376511008,-0.8909551529827573,0.7938010846265284,-0.18052848231833152,-0.3245416090048911,-0.06318551988035344,-0.043544579821131704,-0.012997100729579908
2014-02-10,555.9,VNINDEX,18.92465068310608,0.18473278868630205,-0.12247451567181772,1.1106602603587918,1.2335662139402592,-0.021829257376511008,-0.18052848231833152,-0.3245416090048911,-0.06318551988035344,-0.043544579821131704
2014-02-11,553.9,VNINDEX,18.964229091524203,0.19423215894517237,0.03666824962978854,-0.3604256920365529,0.12990667948002807,-0.12247451567181772,-0.021829257376511008,-0.18052848231833152,-0.3245416090048911,-0.06318551988035344
2014-02-12,564.25,VNINDEX,17.53854126429883,0.14279505746088264,0.17392000169745273,1.8513250658586797,3.427404499476645,0.03666824962978854,-0.12247451567181772,-0.021829257376511008,-0.18052848231833152,-0.3245416090048911
2014-02-13,570.18,VNINDEX,16.680369309957392,0.07607988375280536,0.1377023667196205,1.0454684753633754,1.0930043329786208,0.17392000169745273,0.03666824962978854,-0.12247451567181772,-0.021829257376511008,-0.18052848231833152
2014-02-14,572.22,VNINDEX,16.72520297470536,0.07970541252809879,0.09952678458059595,0.3571432367597401,0.12755129156322376,0.1377023667196205,0.17392000169745273,0.03666824962978854,-0.12247451567181772,-0.021829257376511008
2014-02-17,570.2,VNINDEX,18.226593469478104,0.18433101433060545,-0.09944892443883399,-0.3536356340304376,0.12505816165610958,0.09952678458059595,0.1377023667196205,0.17392000169745273,0.03666824962978854,-0.12247451567181772
2014-02-18,574.56,VNINDEX,18.394859767943082,0.2192584861824799,0.051194838606063775,0.7617353999200837,0.5802408194914098,-0.09944892443883399,0.09952678458059595,0.1377023667196205,0.17392000169745273,0.03666824962978854
2014-02-19,578.12,VNINDEX,18.56262056219708,0.2247994584874818,0.20946298633352273,0.6176929102868711,0.3815445314186646,0.051194838606063775,-0.09944892443883399,0.09952678458059595,0.1377023667196205,0.17392000169745273
2014-02-20,571.04,VNINDEX,18.411110539789895,0.1945508045118864,0.21286958306061637,-1.232219983879112,1.5183660886710388,0.20946298633352273,0.051194838606063775,-0.09944892443883399,0.09952678458059595,0.1377023667196205
2014-02-21,570.57,VNINDEX,17.973377751333523,0.18142897399484922,0.2002597456647395,-0.08233985801706567,0.006779852218270534,0.21286958306061637,0.20946298633352273,0.051194838606063775,-0.09944892443883399,0.09952678458059595
2014-02-24,576.58,VNINDEX,18.70991817899891,0.24515812294324474,-0.0337193246977623,1.0478237350168533,1.097934579664669,0.2002597456647395,0.21286958306061637,0.20946298633352273,0.051194838606063775,-0.09944892443883399
2014-02-25,586.2,VNINDEX,20.25774303711131,0.3289677487340886,0.15058238457569376,1.654692976494422,2.73800884645997,-0.0337193246977623,0.2002597456647395,0.21286958306061637,0.20946298633352273,0.051194838606063775
2014-02-26,589.81,VNINDEX,18.2179364075156,0.18633044228423937,0.25348543798719125,0.6139422860617078,0.3769251306146758,0.15058238457569376,-0.0337193246977623,0.2002597456647395,0.21286958306061637,0.20946298633352273
2014-02-27,584.79,VNINDEX,18.117526314608188,0.21260647469410532,0.24263488857081145,-0.8547642711245935,0.7306219591911576,0.25348543798719125,0.15058238457569376,-0.0337193246977623,0.2002597456647395,0.21286958306061637
2014-02-28,586.48,VNINDEX,18.000897292156495,0.18905335867741044,0.19599675855191873,0.2885758489168015,0.08327602057805264,0.24263488857081145,0.25348543798719125,0.15058238457569376,-0.0337193246977623,0.2002597456647395
2014-03-03,573.38,VNINDEX,18.99329698728264,0.21547921217119656,-0.08575101625195836,-2.258989373952659,5.103032991631027,0.19599675855191873,0.24263488857081145,0.25348543798719125,0.15058238457569376,-0.0337193246977623
2014-03-04,569.97,VNINDEX,17.994378275299198,0.12146095129380627,0.037834540801716776,-0.5964945311246164,0.3558057256615759,-0.08575101625195836,0.19599675855191873,0.24263488857081145,0.25348543798719125,0.15058238457569376
2014-03-05,574.94,VNINDEX,18.39120521020493,0.20069082287910053,0.17921032878136817,0.8681959662091996,0.7537642357419256,0.037834540801716776,-0.08575101625195836,0.19599675855191873,0.24263488857081145,0.25348543798719125
2014-03-06,578.56,VNINDEX,19.09081077876838,0.2147152657782601,0.1789556799837227,0.6276570237106587,0.39395333941332233,0.17921032878136817,0.037834540801716776,-0.08575101625195836,0.19599675855191873,0.24263488857081145
2014-03-07,579.75,VNINDEX,18.10681539349924,0.17159673455740376,0.19566760773825514,0.20547183718840722,0.042218675877579326,0.1789556799837227,0.17921032878136817,0.037834540801716776,-0.08575101625195836,0.19599675855191873
2014-03-10,583.69,VNINDEX,18.774909925437328,0.25733688312476016,-0.08843012096295567,0.6773043838946943,0.4587412284429714,0.19566760773825514,0.1789556799837227,0.17921032878136817,0.037834540801716776,-0.08575101625195836
2014-03-11,588.5,VNINDEX,20.02943515277605,0.2993585987741049,0.10568903371278944,0.8206906725743432,0.6735331800505279,-0.08843012096295567,0.19566760773825514,0.1789556799837227,0.17921032878136817,0.037834540801716776
2014-03-12,590.02,VNINDEX,17.40510362213311,0.15262729689832802,0.23644092626573143,0.2579507929983863,0.06653861160849633,0.10568903371278944,-0.08843012096295567,0.19566760773825514,0.1789556799837227,0.17921032878136817
2014-03-13,595.22,VNINDEX,17.866448641568816,0.14011259902111095,0.19736616489784833,0.8774650474564891,0.7699449095078187,0.23644092626573143,0.10568903371278944,-0.08843012096295567,0.19566760773825514,0.1789556799837227
2014-03-14,596.83,VNINDEX,17.81191506413386,0.1542503292028609,0.14899674170743366,0.2701230617787233,0.07296646850471197,0.19736616489784833,0.23644092626573143,0.10568903371278944,-0.08843012096295567,0.19566760773825514
2014-03-17,600.36,VNINDEX,19.67215478398591,0.3041649275448354,-0.036121835057782506,0.5897159565446534,0.3477649094033755,0.14899674170743366,0.19736616489784833,0.23644092626573143,0.10568903371278944,-0.08843012096295567
2014-03-18,599.85,VNINDEX,21.17275518013965,0.43924761012418767,0.18191706366420352,-0.0849851327176907,0.007222472783043503,-0.036121835057782506,0.14899674170743366,0.19736616489784833,0.23644092626573143,0.10568903371278944
2014-03-19,605.59,VNINDEX,21.475249219389344,0.43388576176177096,0.3924327664769317,0.9523565476430627,0.906982993838613,0.18191706366420352,-0.036121835057782506,0.14899674170743366,0.19736616489784833,0.23644092626573143
2014-03-20,600.26,VNINDEX,21.790307630445174,0.45978539852253586,0.44430625680283187,-0.884029474966234,0.7815081126090753,0.3924327664769317,0.18191706366420352,-0.036121835057782506,0.14899674170743366,0.19736616489784833
2014-03-21,601.75,VNINDEX,21.094388461922403,0.3897917888296012,0.4278209830379697,0.24791819754758068,0.06146343267524124,0.44430625680283187,0.3924327664769317,0.18191706366420352,-0.036121835057782506,0.14899674170743366
2014-03-24,607.55,VNINDEX,20.57694100876258,0.36634889157837014,0.11299403520124213,0.9592399691439287,0.9201413184032453,0.4278209830379697,0.44430625680283187,0.3924327664769317,0.18191706366420352,-0.036121835057782506
2014-03-25,601.85,VNINDEX,21.645316624895287,0.49712915193054463,0.2895192078184846,-0.9426231528876804,0.8885384083599113,0.11299403520124213,0.4278209830379697,0.44430625680283187,0.3924327664769317,0.18191706366420352
2014-03-26,588.06,VNINDEX,22.62014944399095,0.5128606115581624,0.45877955168902607,-2.3179261316600455,5.372781551832502,0.2895192078184846,0.11299403520124213,0.4278209830379697,0.44430625680283187,0.3924327664769317
2014-03-27,590.14,VNINDEX,22.349924697683086,0.49058650357269096,0.5001920890204663,0.3530813377838129,0.12466643109120698,0.45877955168902607,0.2895192078184846,0.11299403520124213,0.4278209830379697,0.44430625680283187
2014-03-28,594.29,VNINDEX,19.526405522119546,0.2974289316325353,0.4336253489211299,0.7007618825472566,0.49106721603117504,0.5001920890204663,0.45877955168902607,0.2895192078184846,0.11299403520124213,0.4278209830379697
2014-03-31,591.57,VNINDEX,20.765975580441435,0.3630877477225005,0.020325280794534176,-0.45873961007497566,0.2104420298517407,0.4336253489211299,0.5001920890204663,0.45877955168902607,0.2895192078184846,0.11299403520124213
2014-04-01,583.85,VNINDEX,19.605594181258326,0.24189084205312178,0.1490207329388497,-1.3135919089980421,1.7255237033851205,0.020325280794534176,0.4336253489211299,0.5001920890204663,0.45877955168902607,0.2895192078184846
2014-04-02,581.67,VNINDEX,19.58748995871433,0.27634677873723534,0.2937751228376196,-0.3740823910700551,0.13993763530868963,0.1490207329388497,0.020325280794534176,0.4336253489211299,0.5001920890204663,0.45877955168902607
2014-04-03,589.44,VNINDEX,21.397693101144792,0.39044551645707415,0.30289437908247746,1.3269657015863932,1.7608379731866686,0.2937751228376196,0.1490207329388497,0.020325280794534176,0.4336253489211299,0.5001920890204663
2014-04-04,593.04,VNINDEX,18.995350846429098,0.2584883802615321,0.3084268918186142,0.6088916721576939,0.3707490684229926,0.30289437908247746,0.2937751228376196,0.1490207329388497,0.020325280794534176,0.4336253489211299
2014-04-07,600.57,VNINDEX,21.466339405321357,0.4211919399419687,0.057589505770923546,1.2617353903270356,1.591976195203717,0.3084268918186142,0.30289437908247746,0.2937751228376196,0.1490207329388497,0.020325280794534176
2014-04-08,603.25,VNINDEX,18.108363748434712,0.18521940310086682,0.16698265107758825,0.4452500253406451,0.1982475850658451,0.057589505770923546,0.3084268918186142,0.30289437908247746,0.2937751228376196,0.1490207329388497
2014-04-10,601.33,VNINDEX,19.31226270818211,0.274639762008777,0.09406002907996441,-0.31878358032960674,0.10162297108776283,0.16698265107758825,0.057589505770923546,0.3084268918186142,0.30289437908247746,0.2937751228376196
2014-04-11,600.57,VNINDEX,17.9668268921737,0.18837339670839934,0.09511136028247527,-0.12646644501103044,0.015993761713727985,0.09406002907996441,0.16698265107758825,0.057589505770923546,0.3084268918186142,0.30289437908247746
2014-04-14,596.11,VNINDEX,19.581191851659995,0.2979844512242217,-0.06696646657846367,-0.7453990457790735,0.5556197374483532,0.09511136028247527,0.09406002907996441,0.16698265107758825,0.057589505770923546,0.3084268918186142
2014-04-15,586.09,VNINDEX,17.46448948353169,0.14046819019341406,0.07755061614012501,-1.6951852391940234,2.8736529951812986,-0.06696646657846367,0.09511136028247527,0.09406002907996441,0.16698265107758825,0.057589505770923546
2014-04-16,574.29,VNINDEX,18.24388768645627,0.15091857773321088,0.19645707305028257,-2.0338866185528905,4.136694777128511,0.07755061614012501,-0.06696646657846367,0.09511136028247527,0.09406002907996441,0.16698265107758825
2014-04-17,580.31,VNINDEX,18.56408457257473,0.21573313541840095,0.16903996778167563,1.0427948297576253,1.0874210569692346,0.19645707305028257,0.07755061614012501,-0.06696646657846367,0.09511136028247527,0.09406002907996441
2014-04-18,565.33,VNINDEX,17.057407171626707,0.10190994387724574,0.15618721900961952,-2.615281207411028,6.839695793837284,0.16903996778167563,0.19645707305028257,0.07755061614012501,-0.06696646657846367,0.09511136028247527
2014-04-21,558.14,VNINDEX,18.461029839039995,0.23317813009981794,-0.10189851852682569,-1.2799804470434546,1.6383499448135619,0.15618721900961952,0.16903996778167563,0.19645707305028257,0.07755061614012501,-0.06696646657846367
2014-04-22,569.87,VNINDEX,18.188924290683126,0.19812873063550324,0.04366314172764618,2.0798437671693266,4.325750095833096,-0.10189851852682569,0.15618721900961952,0.16903996778167563,0.19645707305028257,0.07755061614012501
2014-04-23,569.36,VNINDEX,17.484568014209728,0.15631671765151645,0.19587452612894624,-0.08953416501839763,0.008016366705541659,0.04366314172764618,-0.10189851852682569,0.15618721900961952,0.16903996778167563,0.19645707305028257
2014-04-24,570.46,VNINDEX,18.46042832916565,0.20782790994329076,0.18742445274343716,0.19301299178732992,0.037254014998695885,0.19587452612894624,0.04366314172764618,-0.10189851852682569,0.15618721900961952,0.16903996778167563
2014-04-25,578.92,VNINDEX,16.567163732473723,0.06796379138600854,0.14403613966027215,1.472124586051484,2.167150796857253,0.18742445274343716,0.19587452612894624,0.04366314172764618,-0.10189851852682569,0.15618721900961952
2014-04-28,573.1,VNINDEX,16.224758651561586,0.06465081182025921,-0.12624417987349343,-1.0104077211711895,1.0209237630023562,0.14403613966027215,0.18742445274343716,0.19587452612894624,0.04366314172764618,-0.10189851852682569
2014-04-29,578.0,VNINDEX,14.088234484562433,-0.10300849175468688,-0.10101781165291915,0.8513647114685727,0.7248218719339661,-0.12624417987349343,0.14403613966027215,0.18742445274343716,0.19587452612894624,0.04366314172764618
2014-05-05,564.85,VNINDEX,17.004156854486165,0.07510119936005609,-0.1866374040883318,-2.3013659499439623,5.296285235561476,-0.10101781165291915,-0.12624417987349343,0.14403613966027215,0.18742445274343716,0.19587452612894624
2014-05-06,555.11,VNINDEX,16.10576627137038,0.04127185334142211,-0.07333281713600172,-1.7393916866973156,3.0254834397517323,-0.1866374040883318,-0.10101781165291915,-0.12624417987349343,0.14403613966027215,0.18742445274343716
2014-05-07,559.97,VNINDEX,16.60838562588762,0.060985793513441744,0.05911961540497368,0.871691855965864,0.7598466917572125,-0.07333281713600172,-0.1866374040883318,-0.10101781165291915,-0.12624417987349343,0.14403613966027215
2014-05-08,527.09,VNINDEX,17.333537773459266,0.12799023587573338,0.07674929424353276,-6.051189891654674,36.6168991048637,0.05911961540497368,-0.07333281713600172,-0.1866374040883318,-0.10101781165291915,-0.12624417987349343
2014-05-09,542.46,VNINDEX,17.238417316330054,0.14350333386182096,0.11082645441699907,2.8743038028253616,8.261622350936335,0.07674929424353276,0.05911961540497368,-0.07333281713600172,-0.1866374040883318,-0.10101781165291915
2014-05-12,517.05,VNINDEX,16.47276061576472,0.09282079129229864,-0.17370027864561002,-4.797476834634617,23.015783978855783,0.11082645441699907,0.07674929424353276,0.05911961540497368,-0.07333281713600172,-0.1866374040883318
2014-05-13,513.91,VNINDEX,15.949229559603367,0.06392073997829877,-0.05851031572658737,-0.6091428783401278,0.37105504623249574,-0.17370027864561002,0.11082645441699907,0.07674929424353276,0.05911961540497368,-0.07333281713600172
2014-05-14,529.53,VNINDEX,16.13479717381132,0.07720749610266116,0.07798300912441988,2.9941667812714527,8.965034714069452,-0.05851031572658737,-0.17370027864561002,0.11082645441699907,0.07674929424353276,0.05911961540497368
2014-05-15,524.05,VNINDEX,16.966913277847528,0.13380415455403344,0.09164413021166484,-1.0402721044111016,1.082166051215902,0.07798300912441988,-0.05851031572658737,-0.17370027864561002,0.11082645441699907,0.07674929424353276
2014-05-16,529.49,VNINDEX,14.95689918196206,-0.009076879079343833,0.06731159052578396,1.0327179505671755,1.0665063654236673,0.09164413021166484,0.07798300912441988,-0.05851031572658737,-0.17370027864561002,0.11082645441699907
2014-05-19,533.04,VNINDEX,15.27045828482456,-0.013018113960245284,-0.29887832961579813,0.6682189132423761,0.44651651601482223,0.06731159052578396,0.09164413021166484,0.07798300912441988,-0.05851031572658737,-0.17370027864561002
2014-05-20,537.52,VNINDEX,16.101625387348818,0.06624727904357386,-0.13259859987094008,0.8369500357612889,0.7004853623608228,-0.29887832961579813,0.06731159052578396,0.09164413021166484,0.07798300912441988,-0.05851031572658737
2014-05-21,543.88,VNINDEX,18.05186459971981,0.21127592457395505,0.08816836321909491,1.1762665675590858,1.3836030379572333,-0.13259859987094008,-0.29887832961579813,0.06731159052578396,0.09164413021166484,0.07798300912441988
2014-05-22,541.73,VNINDEX,17.036379639436717,0.10873015097159022,0.12875111819637342,-0.3960911949804129,0.15688823474101146,0.08816836321909491,-0.13259859987094008,-0.29887832961579813,0.06731159052578396,0.09164413021166484
2014-05-23,541.49,VNINDEX,14.95724667359967,-0.05709583378831791,0.0876367472524095,-0.044312328784026814,0.0019635824822636914,0.12875111819637342,0.08816836321909491,-0.13259859987094008,-0.29887832961579813,0.06731159052578396
2014-05-26,544.06,VNINDEX,16.66163594302816,0.08779453803063143,-0.16652544422102658,0.47349358417997217,0.2241961742595964,0.0876367472524095,0.12875111819637342,0.08816836321909491,-0.13259859987094008,-0.29887832961579813
2014-05-27,552.75,VNINDEX,15.93666871984781,0.049471523982928034,-0.06067895373071357,1.5846284845915017,2.511047434178759,-0.16652544422102658,0.0876367472524095,0.12875111819637342,0.08816836321909491,-0.13259859987094008
2014-05-28,557.34,VNINDEX,16.01899667612973,0.05152184647411914,0.06292930282922662,0.826964688992887,0.6838705968411023,-0.06067895373071357,-0.16652544422102658,0.0876367472524095,0.12875111819637342,0.08816836321909491
2014-05-29,558.45,VNINDEX,16.352634309670265,0.06342913905132005,0.05480750316945612,0.1989622359351161,0.03958597132830081,0.06292930282922662,-0.06067895373071357,-0.16652544422102658,0.0876367472524095,0.12875111819637342
2014-05-30,562.02,VNINDEX,14.914959948127956,-0.01144278312697955,0.03450273413282026,0.6372347462258392,0.4060681217975097,0.05480750316945612,0.06292930282922662,-0.06067895373071357,-0.16652544422102658,0.0876367472524095
2014-06-02,556.8,VNINDEX,14.865919608854412,-0.018539206795407992,-0.23677617829629416,-0.9331327428884305,0.8707367158504857,0.03450273413282026,0.05480750316945612,0.06292930282922662,-0.06067895373071357,-0.16652544422102658
2014-06-03,558.76,VNINDEX,15.710411628254874,0.023825239336746712,-0.12352418827003821,0.3513933839140317,0.12347731025855406,-0.23677617829629416,0.03450273413282026,0.05480750316945612,0.06292930282922662,-0.06067895373071357
2014-06-04,553.46,VNINDEX,14.973300150802011,-0.03227819886438843,-0.008997388774349524,-0.9530560711412636,0.9083158747392213,-0.12352418827003821,-0.23677617829629416,0.03450273413282026,0.05480750316945612,0.06292930282922662
2014-06-05,551.1,VNINDEX,13.960891242482667,-0.12112434538013347,-0.043192434969257995,-0.42732012587478,0.18260248997763784,-0.008997388774349524,-0.12352418827003821,-0.23677617829629416,0.03450273413282026,0.05480750316945612
2014-06-06,559.04,VNINDEX,14.050505228595325,-0.08566207495356132,-0.07968820639936065,1.4304746056501962,2.0462575974100843,-0.043192434969257995,-0.008997388774349524,-0.12352418827003821,-0.23677617829629416,0.03450273413282026
2014-06-09,565.61,VNINDEX,15.681565650205238,0.01657102489009593,-0.23635529260477475,1.1683767819838413,1.3651043046789166,-0.07968820639936065,-0.043192434969257995,-0.008997388774349524,-0.12352418827003821,-0.23677617829629416
2014-06-10,566.89,VNINDEX,15.66053811801525,0.023391231984440417,-0.09987454964013488,0.22604866137665164,0.05109799731017612,-0.23635529260477475,-0.07968820639936065,-0.043192434969257995,-0.008997388774349524,-0.12352418827003821
2014-06-11,570.36,VNINDEX,16.17879436425179,0.0712540152384506,0.03707209070432938,0.610245903462174,0.372400062692365,-0.09987454964013488,-0.23635529260477475,-0.07968820639936065,-0.043192434969257995,-0.008997388774349524
2014-06-12,573.77,VNINDEX,15.174620487275135,-0.0068489178943602486,0.029265443109510646,0.5960878741096503,0.35532075366056226,0.03707209070432938,-0.09987454964013488,-0.23635529260477475,-0.07968820639936065,-0.043192434969257995
2014-06-13,574.48,VNINDEX,13.713074202670834,-0.12061289653758459,-0.01873593306449768,0.12366646470470659,0.01529339449256044,0.029265443109510646,0.03707209070432938,-0.09987454964013488,-0.23635529260477475,-0.07968820639936065
2014-06-16,572.37,VNINDEX,14.836657045321733,-0.02246221308399772,-0.25604287917229407,-0.3679648394733097,0.1353981230886186,-0.01873593306449768,0.029265443109510646,0.03707209070432938,-0.09987454964013488,-0.23635529260477475
2014-06-17,572.25,VNINDEX,14.227721980914717,-0.0671122139758084,-0.15918577355487115,-0.02096765746529879,0.00043964265958210005,-0.25604287917229407,-0.01873593306449768,0.029265443109510646,0.03707209070432938,-0.09987454964013488
2014-06-18,570.03,VNINDEX,15.363680738929872,0.016806257158560864,-0.024256056633748024,-0.38869678101258426,0.1510851875695449,-0.15918577355487115,-0.25604287917229407,-0.01873593306449768,0.029265443109510646,0.03707209070432938
2014-06-19,567.35,VNINDEX,13.951591379082156,-0.09319250597429607,-0.047832820930514136,-0.47125937855517497,0.2220854018762097,-0.024256056633748024,-0.15918577355487115,-0.25604287917229407,-0.01873593306449768,0.029265443109510646
2014-06-20,560.78,VNINDEX,13.980553187677664,-0.10194460976396998,-0.059443619526568,-1.1647725490658614,1.3566950910573845,-0.047832820930514136,-0.024256056633748024,-0.15918577355487115,-0.25604287917229407,-0.01873593306449768
2014-06-23,565.92,VNINDEX,14.038893390351719,-0.12278002550137894,-0.2538342261284612,0.9124053710830489,0.8324835611811962,-0.059443619526568,-0.047832820930514136,-0.024256056633748024,-0.15918577355487115,-0.25604287917229407
2014-06-24,569.74,VNINDEX,15.3389756449018,-0.015423382990241638,-0.15785728761052545,0.6727390956892191,0.4525778908687483,-0.2538342261284612,-0.059443619526568,-0.047832820930514136,-0.024256056633748024,-0.15918577355487115
2014-06-25,572.27,VNINDEX,14.186847579138433,-0.10815317081221575,-0.0821188597679451,0.443079156760527,0.19631913915561966,-0.15785728761052545,-0.2538342261284612,-0.059443619526568,-0.047832820930514136,-0.024256056633748024
2014-06-26,576.4,VNINDEX,14.952272618612025,-0.025457991770043986,-0.04967818185750009,0.7190956143699166,0.5170985026060478,-0.0821188597679451,-0.15785728761052545,-0.2538342261284612,-0.059443619526568,-0.047832820930514136
2014-06-27,578.82,VNINDEX,15.833359968076346,-0.006452656201156232,-0.04668793959447161,0.41896842851503835,0.1755345440923608,-0.04967818185750009,-0.0821188597679451,-0.15785728761052545,-0.2538342261284612,-0.059443619526568
2014-06-30,578.13,VNINDEX,14.932309918479858,-0.057312837464471064,-0.2636572573722016,-0.11927915325784194,0.014227516401907746,-0.04668793959447161,-0.04967818185750009,-0.0821188597679451,-0.15785728761052545,-0.2538342261284612
2014-07-01,578.07,VNINDEX,14.879592017368227,-0.10345910837604655,-0.16927635658608758,-0.010378827201831633,0.00010772005408548025,-0.2636572573722016,-0.04668793959447161,-0.04967818185750009,-0.0821188597679451,-0.15785728761052545
2014-07-02,578.8,VNINDEX,19.082966708241056,0.12287026270355003,-0.012633894378988791,0.12620261514080358,0.015927100068377786,-0.16927635658608758,-0.2636572573722016,-0.04668793959447161,-0.04967818185750009,-0.0821188597679451
2014-07-03,585.02,VNINDEX,18.51111265322637,0.09621768964132421,0.03854294798960958,1.0689039924318295,1.1425557450367048,-0.012633894378988791,-0.16927635658608758,-0.2636572573722016,-0.04668793959447161,-0.04967818185750009
2014-07-04,589.35,VNINDEX,16.76071235978764,0.018624586027803897,0.07923751279089306,0.7374199990931444,0.543788255062533,0.03854294798960958,-0.012633894378988791,-0.16927635658608758,-0.2636572573722016,-0.04668793959447161
2014-07-07,590.69,VNINDEX,15.022456320621426,-0.04118809343228466,-0.16768628476877656,0.22711104301045607,0.051579425857297224,0.07923751279089306,0.03854294798960958,-0.012633894378988791,-0.16927635658608758,-0.2636572573722016
2014-07-08,591.47,VNINDEX,15.01019623580304,-0.0429621993493918,-0.11523028633949309,0.13196185172744107,0.017413930311335143,-0.16768628476877656,0.07923751279089306,0.03854294798960958,-0.012633894378988791,-0.16927635658608758
2014-07-09,591.6,VNINDEX,14.783406728181195,-0.049270957601187396,-0.044473750127620906,0.021976721668755844,0.0004829762953059626,-0.11523028633949309,-0.16768628476877656,0.07923751279089306,0.03854294798960958,-0.012633894378988791
2014-07-10,584.88,VNINDEX,13.845692254675416,-0.12145977485214825,-0.07123097726757548,-1.1424032851584311,1.3050852659407757,-0.044473750127620906,-0.11523028633949309,-0.16768628476877656,0.07923751279089306,0.03854294798960958
2014-07-11,582.77,VNINDEX,13.569029236813945,-0.12820254045625012,-0.0996444243031949,-0.3614100623792813,0.130617233188996,-0.07123097726757548,-0.044473750127620906,-0.11523028633949309,-0.16768628476877656,0.07923751279089306
2014-07-14,586.23,VNINDEX,15.751749352214638,0.0008409232278552281,-0.26318323498018864,0.5919606678694284,0.3504174323044197,-0.0996444243031949,-0.07123097726757548,-0.044473750127620906,-0.11523028633949309,-0.16768628476877656
2014-07-15,589.31,VNINDEX,16.158831664119624,0.039399169544023505,-0.12306274776439269,0.5240156945522118,0.27459244813703687,-0.26318323498018864,-0.0996444243031949,-0.07123097726757548,-0.044473750127620906,-0.11523028633949309
2014-07-16,589.68,VNINDEX,16.96115278859424,0.11141034810119191,0.05055014695769028,0.06276558955492598,0.0039395192321774325,-0.12306274776439269,-0.26318323498018864,-0.0996444243031949,-0.07123097726757548,-0.044473750127620906
2014-07-17,590.37,VNINDEX,17.039455691400466,0.12242977805821006,0.09107976523447553,0.11694421060747301,0.013675948394605003,0.05055014695769028,-0.12306274776439269,-0.26318323498018864,-0.0996444243031949,-0.07123097726757548
2014-07-18,596.26,VNINDEX,15.380799048190035,0.0029488392937187524,0.0789296551510406,0.9927354563272628,0.9855236862492986,0.09107976523447553,0.05055014695769028,-0.12306274776439269,-0.26318323498018864,-0.0996444243031949
2014-07-21,601.04,VNINDEX,15.81335053124374,0.022386562891654402,-0.20808651468659073,0.798467451052433,0.6375502703901695,0.0789296551510406,0.09107976523447553,0.05055014695769028,-0.12306274776439269,-0.26318323498018864
2014-07-22,597.98,VNINDEX,16.24981123722727,0.04886149726008768,-0.09455830808625086,-0.5104179485617155,0.2605264822139501,-0.20808651468659073,0.0789296551510406,0.09107976523447553,0.05055014695769028,-0.12306274776439269
2014-07-23,597.5,VNINDEX,16.442479956874664,0.06687877300524284,0.04604227771899533,-0.08030247696221882,0.006448487806267684,-0.09455830808625086,-0.20808651468659073,0.0789296551510406,0.09107976523447553,0.05055014695769028
2014-07-24,602.06,VNINDEX,16.068152845949143,0.042611951906222925,0.05278407405718484,0.7602824310738968,0.5780293749996347,0.04604227771899533,-0.09455830808625086,-0.20808651468659073,0.0789296551510406,0.09107976523447553
2014-07-25,600.14,VNINDEX,15.165853039903535,0.0017453951170913612,0.03707870667618608,-0.3194146784913417,0.10202573683572719,0.05278407405718484,0.04604227771899533,-0.09455830808625086,-0.20808651468659073,0.0789296551510406
2014-07-28,589.45,VNINDEX,15.409228440756632,0.0135342618984306,-0.22414650939782851,-1.7973062593354763,3.230309789846482,0.03707870667618608,0.05278407405718484,0.04604227771899533,-0.09455830808625086,-0.20808651468659073
2014-07-29,592.24,VNINDEX,15.022872906104466,-0.04451930159034578,-0.1233729031807461,0.472205939670648,0.22297844946023965,-0.22414650939782851,0.03707870667618608,0.05278407405718484,0.04604227771899533,-0.09455830808625086
2014-07-30,589.33,VNINDEX,15.022456320621426,-0.04118809343228466,-0.0240577110413996,-0.49256597299568744,0.24262123775318828,-0.1233729031807461,-0.22414650939782851,0.03707870667618608,0.05278407405718484,0.04604227771899533
2014-07-31,596.07,VNINDEX,14.973300150802011,-0.03227819886438843,-0.039328531295672625,1.1371811428221505,1.2931809515902923,-0.0240577110413996,-0.1233729031807461,-0.22414650939782851,0.03707870667618608,0.05278407405718484
2014-08-01,593.9,VNINDEX,15.389381571170334,-0.034326902032321166,-0.035931064776331095,-0.36471548112930363,0.13301738217537942,-0.039328531295672625,-0.0240577110413996,-0.1233729031807461,-0.22414650939782851,0.03707870667618608
2014-08-04,599.04,VNINDEX,15.121370170134595,-0.03365766241154991,-0.2472234374725008,0.8617418827358029,0.7425990724610463,-0.035931064776331095,-0.039328531295672625,-0.0240577110413996,-0.1233729031807461,-0.22414650939782851
2014-08-05,607.73,VNINDEX,14.5819705611622,-0.0586939203348909,-0.14403175977320143,1.4402330537368948,2.0742712490763013,-0.2472234374725008,-0.035931064776331095,-0.039328531295672625,-0.0240577110413996,-0.1233729031807461
2014-08-06,606.7,VNINDEX,14.968974342389146,-0.035984201476825003,-0.04277859474108826,-0.16962694382892604,0.02877330007274163,-0.14403175977320143,-0.2472234374725008,-0.035931064776331095,-0.039328531295672625,-0.0240577110413996
2014-08-07,607.62,VNINDEX,15.704419477909852,0.03344406935655456,-0.020411350818386784,0.15152516239963473,0.022959874840235678,-0.04277859474108826,-0.14403175977320143,-0.2472234374725008,-0.035931064776331095,-0.039328531295672625
2014-08-08,605.43,VNINDEX,14.577112336720425,-0.04306239655294167,-0.015200842891070362,-0.3610737198514905,0.13037423116739263,-0.020411350818386784,-0.04277859474108826,-0.14403175977320143,-0.2472234374725008,-0.035931064776331095
2014-08-11,602.13,VNINDEX,16.557979699619086,0.07988931255552124,-0.18090840185511686,-0.5465580534222372,0.29872570576070506,-0.015200842891070362,-0.020411350818386784,-0.04277859474108826,-0.14403175977320143,-0.2472234374725008
2014-08-12,601.78,VNINDEX,16.664711994991904,0.10149416511725129,-0.04213505866747133,-0.05814388282520173,0.0033807111099907884,-0.18090840185511686,-0.015200842891070362,-0.020411350818386784,-0.04277859474108826,-0.14403175977320143
2014-08-13,602.76,VNINDEX,16.71428475029436,0.08925306239129392,0.09021218002135584,0.16271775386943174,0.02647706742431297,-0.04213505866747133,-0.18090840185511686,-0.015200842891070362,-0.020411350818386784,-0.04277859474108826
2014-08-14,605.25,VNINDEX,15.825610616062125,0.024160668808761512,0.07163596543910257,0.4122488268214236,0.1699490952156401,0.09021218002135584,-0.04213505866747133,-0.18090840185511686,-0.015200842891070362,-0.020411350818386784
2014-08-15,604.24,VNINDEX,16.07988051473862,0.06372358421771585,0.059045771805924095,-0.1670125812975371,0.027893202311666438,0.07163596543910257,0.09021218002135584,-0.04213505866747133,-0.18090840185511686,-0.015200842891070362
2014-08-18,605.08,VNINDEX,17.859427541164155,0.16124601235615055,-0.11241203606431276,0.13892106888061423,0.019299063378932363,0.059045771805924095,0.07163596543910257,0.09021218002135584,-0.04213505866747133,-0.18090840185511686
2014-08-19,604.64,VNINDEX,15.945667828311151,0.008864574498827077,-0.021724556004267814,-0.0727441092819772,0.005291705435228242,-0.11241203606431276,0.059045771805924095,0.07163596543910257,0.09021218002135584,-0.04213505866747133
2014-08-20,606.7,VNINDEX,16.635866016942266,0.09423995067060048,0.08811684584185972,0.3401195347073412,0.11568129788953826,-0.021724556004267814,-0.11241203606431276,0.059045771805924095,0.07163596543910257,0.09021218002135584
2014-08-21,612.94,VNINDEX,16.443428958386612,0.04421003845279596,0.04910485454074154,1.023261691525108,1.0470644893428254,0.08811684584185972,-0.021724556004267814,-0.11241203606431276,0.059045771805924095,0.07163596543910257
2014-08-22,620.14,VNINDEX,16.159248249602662,0.03606796138596241,0.05817265016978665,1.1678207136807257,1.3638052193017596,0.04910485454074154,0.08811684584185972,-0.021724556004267814,-0.11241203606431276,0.059045771805924095
2014-08-25,625.88,VNINDEX,18.27569388592378,0.18787873750280615,-0.1309153763134288,0.9213400433545941,0.8488674754886453,0.05817265016978665,0.04910485454074154,0.08811684584185972,-0.021724556004267814,-0.11241203606431276
2014-08-26,629.06,VNINDEX,16.953102681642854,0.12934856303284603,0.006267465565412772,0.5067982224448382,0.2568444382732477,-0.1309153763134288,0.05817265016978665,0.04910485454074154,0.08811684584185972,-0.021724556004267814
2014-08-27,628.77,VNINDEX,17.09832831010343,0.08225683592641533,0.1331613788206895,-0.046111160512683734,0.0021262391238264836,0.006267465565412772,-0.1309153763134288,0.05817265016978665,0.04910485454074154,0.08811684584185972
2014-08-28,632.03,VNINDEX,17.208437412377165,0.1302364256530288,0.11394727487076374,0.5171331321523014,0.2674266763696496,0.1331613788206895,0.006267465565412772,-0.1309153763134288,0.05817265016978665,0.04910485454074154
2014-08-29,636.65,VNINDEX,15.574185108257637,0.030310016959076355,0.08093442617950716,0.7283192644743537,0.5304489510044635,0.11394727487076374,0.1331613788206895,0.006267465565412772,-0.1309153763134288,0.05817265016978665
2014-09-03,640.75,VNINDEX,18.110505557331035,0.20311561891480978,-0.1353256369377449,0.6419311224735859,0.4120755660001979,0.08093442617950716,0.11394727487076374,0.1331613788206895,0.006267465565412772,-0.1309153763134288
2014-09-04,640.22,VNINDEX,17.710825105802662,0.18196300229769785,0.01333753562934091,-0.0827497958958,0.006847528720796559,-0.1353256369377449,0.08093442617950716,0.11394727487076374,0.1331613788206895,0.006267465565412772
2014-09-05,638.65,VNINDEX,16.63225754894961,0.09987784997836643,0.16165215706362504,-0.24552937964366614,0.06028467626820354,0.01333753562934091,-0.1353256369377449,0.08093442617950716,0.11394727487076374,0.1331613788206895
2014-09-08,639.85,VNINDEX,17.543208971820953,0.14815641199237112,-0.13387329905744627,0.1877200394819255,0.03523881322309567,0.16165215706362504,0.01333753562934091,-0.1353256369377449,0.08093442617950716,0.11394727487076374
2014-09-09,626.92,VNINDEX,17.823179702737907,0.13658616821044342,-0.01726277800271654,-2.041483309773769,4.167654104084861,-0.13387329905744627,0.16165215706362504,0.01333753562934091,-0.1353256369377449,0.08093442617950716
2014-09-10,628.8,VNINDEX,18.172338397451874,0.19264862210595957,0.15913040076959173,0.29943003291294285,0.08965834461024604,-0.01726277800271654,-0.13387329905744627,0.16165215706362504,0.01333753562934091,-0.1353256369377449
2014-09-11,628.99,VNINDEX,18.117907417707645,0.2205212486138661,0.1832520129767567,0.030211720787300254,0.0009127480729297903,0.15913040076959173,-0.01726277800271654,-0.13387329905744627,0.16165215706362504,0.01333753562934091
2014-09-12,632.5,VNINDEX,17.59965117147111,0.17265846535985596,0.19527611202656087,0.5564862278805659,0.30967692182074114,0.1832520129767567,0.15913040076959173,-0.01726277800271654,-0.13387329905744627,0.16165215706362504
2014-09-15,630.34,VNINDEX,17.68672152164893,0.17508358230542254,-0.150209510342768,-0.34208642526618227,0.11702312235139531,0.19527611202656087,0.1832520129767567,0.15913040076959173,-0.01726277800271654,-0.13387329905744627
2014-09-16,627.66,VNINDEX,15.830468840503901,0.008529145026812263,-0.03934219273087901,-0.4260737765288996,0.1815388630455987,-0.150209510342768,0.19527611202656087,0.1832520129767567,0.15913040076959173,-0.01726277800271654
2014-09-17,625.66,VNINDEX,18.476597636913866,0.2166392266308955,0.1334173179877104,-0.3191526023105685,0.10185838356160791,-0.03934219273087901,-0.150209510342768,0.19527611202656087,0.1832520129767567,0.15913040076959173
2014-09-18,615.8,VNINDEX,17.225439891091458,0.13238532602451136,0.11918456589407336,-1.588485707021876,2.5232868414127894,0.1334173179877104,-0.03934219273087901,-0.150209510342768,0.19527611202656087,0.1832520129767567
2014-09-19,613.29,VNINDEX,15.632525310931694,0.009474601221667475,0.11949971795902509,-0.40843282253738644,0.1668173705258562,0.11918456589407336,0.1334173179877104,-0.03934219273087901,-0.150209510342768,0.19527611202656087
2014-09-22,611.93,VNINDEX,18.19253275867578,0.19249083132773726,-0.11207768614113689,-0.22200103794538462,0.0492844608488281,0.11949971795902509,0.11918456589407336,0.1334173179877104,-0.03934219273087901,-0.150209510342768
2014-09-23,610.39,VNINDEX,17.22141483761576,0.1413544334903384,0.03473904595012407,-0.2519799749391873,0.06349390777035345,-0.11207768614113689,0.11949971795902509,0.11918456589407336,0.1334173179877104,-0.03934219273087901
2014-09-24,603.59,VNINDEX,17.591948556157327,0.14257772558253595,0.15880766346687086,-1.1202937642813258,1.2550581182876226,0.03473904595012407,-0.11207768614113689,0.11949971795902509,0.11918456589407336,0.1334173179877104
2014-09-25,605.1,VNINDEX,16.978687683337444,0.09422172207828867,0.1260512937170547,0.24985741349085838,0.06242872707634178,0.15880766346687086,0.03473904595012407,-0.11207768614113689,0.11949971795902509,0.11918456589407336
2014-09-26,604.98,VNINDEX,16.628348326019786,0.09284063920786881,0.10988002895623146,-0.01983339950968495,0.00039336373611077117,0.1260512937170547,0.15880766346687086,0.03473904595012407,-0.11207768614113689,0.11949971795902509
2014-09-29,599.78,VNINDEX,20.824621911453175,0.31443949066667265,-0.05091840242731735,-0.8632478322358214,0.7451968198598448,0.10988002895623146,0.1260512937170547,0.15880766346687086,0.03473904595012407,-0.11207768614113689
2014-09-30,598.8,VNINDEX,21.108270204208218,0.341919094127892,0.13147499850369146,-0.16352687653475662,0.026741039349213534,-0.05091840242731735,0.10988002895623146,0.1260512937170547,0.15880766346687086,0.03473904595012407
2014-10-01,609.27,VNINDEX,20.3263283653488,0.29843155310708946,0.3182633793005517,1.7333866667654778,3.004629336520334,0.13147499850369146,-0.05091840242731735,0.10988002895623146,0.1260512937170547,0.15880766346687086
2014-10-02,612.66,VNINDEX,20.367666089308564,0.27544723699819806,0.3052659614110601,0.5548613582373496,0.3078711268649964,0.3182633793005517,0.13147499850369146,-0.05091840242731735,0.10988002895623146,0.1260512937170547
2014-10-03,611.55,VNINDEX,19.967985637780195,0.2542946203810861,0.2760578034954582,-0.18134148621295718,0.032884734621924136,0.3052659614110601,0.3182633793005517,0.13147499850369146,-0.05091840242731735,0.10988002895623146
2014-10-06,614.42,VNINDEX,20.265259602348614,0.2575483870489045,0.8265108855379533,0.4682015453616107,0.21921268707900038,0.2760578034954582,0.3052659614110601,0.3182633793005517,0.13147499850369146,-0.05091840242731735
2014-10-07,614.08,VNINDEX,21.0219171944506,0.3488378791025279,0.9803061552762006,-0.055352056765297544,0.0030638501881487218,0.8265108855379533,0.2760578034954582,0.3052659614110601,0.3182633793005517,0.13147499850369146
2014-10-08,617.26,VNINDEX,21.36284085782188,0.39415711961510985,0.33351446192218104,0.5165116165769663,0.26678425005895107,0.9803061552762006,0.8265108855379533,0.2760578034954582,0.3052659614110601,0.3182633793005517
2014-10-09,624.34,VNINDEX,19.470108677158862,0.2349554746634419,0.32598349112702685,1.1404762790457763,1.3006861430660994,0.33351446192218104,0.9803061552762006,0.8265108855379533,0.2760578034954582,0.3052659614110601
2014-10-10,617.72,VNINDEX,17.443994367370614,0.12795087089337276,0.2523544883906418,-1.0659811420762242,1.1363157952621312,0.32598349112702685,0.33351446192218104,0.9803061552762006,0.8265108855379533,0.2760578034954582
2014-10-13,614.22,VNINDEX,20.79596085779484,0.3358667045346101,-0.03807172985269858,-0.5682110195065747,0.32286376268870104,0.2523544883906418,0.32598349112702685,0.33351446192218104,0.9803061552762006,0.8265108855379533
2014-10-14,605.79,VNINDEX,19.161291968192266,0.23927150399871877,0.12676270747521046,-1.3819778800893414,1.90986286105623,-0.03807172985269858,0.2523544883906418,0.32598349112702685,0.33351446192218104,0.9803061552762006
2014-10-15,604.29,VNINDEX,20.26461135577383,0.292892231679615,0.2893434800709816,-0.2479176200398729,0.061463146326234785,0.12676270747521046,-0.03807172985269858,0.2523544883906418,0.32598349112702685,0.33351446192218104
2014-10-16,587.17,VNINDEX,20.82119836785182,0.3487588182890269,0.2936408513224538,-2.8739829081527066,8.25977775635389,0.2893434800709816,0.12676270747521046,-0.03807172985269858,0.2523544883906418,0.32598349112702685
2014-10-17,585.28,VNINDEX,19.614570228498792,0.23921391042404638,0.2936216534642297,-0.32240208744145005,0.1039431059866044,0.2936408513224538,0.2893434800709816,0.12676270747521046,-0.03807172985269858,0.2523544883906418
2014-10-20,589.24,VNINDEX,19.193931338625863,0.2695692474521919,-0.041509211411746794,0.6743205744236791,0.45470823709108055,0.2936216534642297,0.2936408513224538,0.2893434800709816,0.12676270747521046,-0.03807172985269858
2014-10-21,600.55,VNINDEX,20.243583823583847,0.2997124387739596,0.13601410771255873,1.9012331053761635,3.61468732097829,-0.041509211411746794,0.2936216534642297,0.2936408513224538,0.2893434800709816,0.12676270747521046
2014-10-22,601.59,VNINDEX,20.062758603271796,0.2868004771039726,0.2853607211100417,0.17302481565528027,0.02993758683254372,0.13601410771255873,-0.041509211411746794,0.2936216534642297,0.2936408513224538,0.2893434800709816
2014-10-23,593.53,VNINDEX,18.666838551172294,0.18561303065872037,0.2573753155122178,-1.348838978582707,1.8193665901440406,0.2853607211100417,0.13601410771255873,-0.041509211411746794,0.2936216534642297,0.2936408513224538
2014-10-24,591.51,VNINDEX,18.04511098591798,0.1585264502441882,0.21031331933562739,-0.34091709249387603,0.11622446395447802,0.2573753155122178,0.2853607211100417,0.13601410771255873,-0.041509211411746794,0.2936216534642297
2014-10-27,580.8,VNINDEX,19.786697095284666,0.30540793165639785,-0.07483113597051783,-1.8272125935699879,3.338705862100762,0.21031331933562739,0.2573753155122178,0.2853607211100417,0.13601410771255873,-0.041509211411746794
2014-10-28,583.13,VNINDEX,19.193329828751523,0.24421902729566466,0.08194071459555156,0.40036825451508506,0.16029473922345594,-0.07483113597051783,0.21031331933562739,0.2573753155122178,0.2853607211100417,0.13601410771255873
2014-10-29,591.2,VNINDEX,18.23891363146862,0.18255641975148482,0.2440611262345161,1.3744223578254975,1.8890368176905998,0.08194071459555156,-0.07483113597051783,0.21031331933562739,0.2573753155122178,0.2853607211100417
2014-10-30,589.14,VNINDEX,17.43966855895775,0.12424486828093617,0.1836734384426955,-0.3490523224738274,0.12183752382437278,0.2440611262345161,0.08194071459555156,-0.07483113597051783,0.21031331933562739,0.2573753155122178
2014-10-31,600.84,VNINDEX,17.254401699686966,0.12363322223483741,0.14347817008908642,1.966482972060005,3.8670552794019506,0.1836734384426955,0.2440611262345161,0.08194071459555156,-0.07483113597051783,0.21031331933562739
2014-11-03,603.15,VNINDEX,17.246467423281445,0.12556511893016684,-0.13940600451306406,0.383724588153893,0.14724455955387478,0.14347817008908642,0.1836734384426955,0.2440611262345161,0.08194071459555156,-0.07483113597051783
2014-11-04,598.39,VNINDEX,17.249960060728228,0.13593353785872558,0.002443037157114483,-0.7923206720705905,0.6277720473903923,-0.13940600451306406,0.14347817008908642,0.1836734384426955,0.2440611262345161,0.08194071459555156
2014-11-05,597.01,VNINDEX,17.600299418045886,0.1373146207291454,0.13293775917267958,-0.23088516196109113,0.053307958013799284,0.002443037157114483,-0.13940600451306406,0.14347817008908642,0.1836734384426955,0.2440611262345161
2014-11-06,597.85,VNINDEX,17.307883677919243,0.11842933027937771,0.13055916295574985,0.1406022694513103,0.019768998174858863,0.13293775917267958,0.002443037157114483,-0.13940600451306406,0.14347817008908642,0.1836734384426955
2014-11-07,602.59,VNINDEX,16.73140305955452,0.0753956445264518,0.11037986517832528,0.7897145436860202,0.6236490605092192,0.13055916295574985,0.13293775917267958,0.002443037157114483,-0.13940600451306406,0.14347817008908642
2014-11-10,602.12,VNINDEX,18.4480524138014,0.22206012226250832,-0.09771892301386909,-0.07802708101461915,0.00608822537166194,0.11037986517832528,0.13055916295574985,0.13293775917267958,0.002443037157114483,-0.13940600451306406
2014-11-11,604.23,VNINDEX,17.307767847373377,0.13443564851570244,0.028254268327794416,0.34981591605963636,0.12237117512864255,-0.09771892301386909,0.11037986517832528,0.13055916295574985,0.13293775917267958,0.002443037157114483
2014-11-12,604.01,VNINDEX,18.011707538363737,0.17957886965775033,0.17869154681198735,-0.03641660637478079,0.0013261692198557246,0.028254268327794416,-0.09771892301386909,0.11037986517832528,0.13055916295574985,0.13293775917267958
2014-11-13,603.16,VNINDEX,17.578739469826992,0.16347235421787576,0.15916229079710983,-0.14082525915570218,0.01983175361627068,0.17869154681198735,0.028254268327794416,-0.09771892301386909,0.11037986517832528,0.13055916295574985
2014-11-14,600.36,VNINDEX,17.29509117707195,0.13599275075665643,0.15968132487742784,-0.46530262094807123,0.21650652906114445,0.15916229079710983,0.17869154681198735,0.028254268327794416,-0.09771892301386909,0.11037986517832528
2014-11-17,600.93,VNINDEX,17.385654164696557,0.1487862866307817,-0.09723328800140106,0.09489799178826462,0.00900562884544554,0.15968132487742784,0.15916229079710983,0.17869154681198735,0.028254268327794416,-0.09771892301386909
2014-11-18,594.25,VNINDEX,17.96213478306128,0.19181997238370765,0.029994975177051603,-1.1178348965693474,1.2495548559882037,-0.09723328800140106,0.15968132487742784,0.15916229079710983,0.17869154681198735,0.028254268327794416
2014-11-19,588.35,VNINDEX,16.29494235357099,0.048920710158018535,0.12984232305750298,-0.9978097330365359,0.9956242633424429,0.029994975177051603,-0.09723328800140106,0.15968132487742784,0.15916229079710983,0.17869154681198735
2014-11-20,593.32,VNINDEX,16.212081981260162,0.06620791406121321,0.1023161988676468,0.8411873545473677,0.7075961654503989,0.12984232305750298,0.029994975177051603,-0.09723328800140106,0.15968132487742784,0.15916229079710983
2014-11-21,588.03,VNINDEX,17.85445348617651,0.1928838543744245,0.10267082619788576,-0.8955915450118304,0.8020842154966774,0.1023161988676468,0.12984232305750298,0.029994975177051603,-0.09723328800140106,0.15968132487742784
2014-11-24,582.53,VNINDEX,16.439519735456788,0.03717282768229832,-0.15832969067928004,-0.9397280745705087,0.8830888541359955,0.10267082619788576,0.1023161988676468,0.12984232305750298,0.029994975177051603,-0.09723328800140106
2014-11-25,585.91,VNINDEX,17.344548101828533,0.1397579662670238,-0.03233676170497295,0.5785507904505292,0.3347210171309321,-0.15832969067928004,0.10267082619788576,0.1023161988676468,0.12984232305750298,0.029994975177051603
2014-11-26,576.04,VNINDEX,16.023021729605425,0.042552739008292095,0.07316117765253839,-1.698909143491181,2.886292277837938,-0.03233676170497295,-0.15832969067928004,0.10267082619788576,0.1023161988676468,0.12984232305750298
2014-11-27,572.89,VNINDEX,23.058132730705932,0.21918734471895976,0.10608322655475864,-0.5483376520228869,0.30067418062597256,0.07316117765253839,-0.03233676170497295,-0.15832969067928004,0.10267082619788576,0.1023161988676468
2014-11-28,566.58,VNINDEX,21.173615654378917,0.09057151764458016,0.07265627249347548,-1.1075437705920066,1.2266532037771594,0.10608322655475864,0.07316117765253839,-0.03233676170497295,-0.15832969067928004,0.10267082619788576
2014-12-01,568.01,VNINDEX,21.592841132336755,0.07841210980173018,-0.22042757783428035,0.25207356969439176,0.06354108453847339,0.07265627249347548,0.10608322655475864,0.07316117765253839,-0.03233676170497295,-0.15832969067928004
2014-12-02,569.43,VNINDEX,23.77336659612476,0.2632708541570405,0.006529265752878155,0.24968362950353956,0.06234191484206081,-0.22042757783428035,0.07265627249347548,0.10608322655475864,0.07316117765253839,-0.03233676170497295
2014-12-03,574.88,VNINDEX,22.651802059581527,0.15036089487252172,0.1640146196104312,0.9525462870196391,0.9073444289149006,0.006529265752878155,-0.22042757783428035,0.07265627249347548,0.10608322655475864,0.07316117765253839
2014-12-04,578.38,VNINDEX,21.674185265282052,0.11558486804743363,0.17640553902566572,0.6069768734897089,0.36842092495134204,0.1640146196104312,0.006529265752878155,-0.22042757783428035,0.07265627249347548,0.10608322655475864
2014-12-05,578.76,VNINDEX,23.242710156217488,0.22838855620358803,0.16477810637451493,0.06567917687751745,0.004313754275308224,0.17640553902566572,0.1640146196104312,0.006529265752878155,-0.22042757783428035,0.07265627249347548
2014-12-08,571.68,VNINDEX,22.188285404726688,0.17606428161225915,-0.23489625942282646,-1.2308489593781196,1.5149891608021997,0.16477810637451493,0.17640553902566572,0.1640146196104312,0.006529265752878155,-0.22042757783428035
2014-12-09,555.31,VNINDEX,21.96016862038991,0.14493552769147586,-0.04921203778662756,-2.9052877905874794,8.440697146136678,-0.23489625942282646,0.16477810637451493,0.17640553902566572,0.1640146196104312,0.006529265752878155
2014-12-10,557.19,VNINDEX,20.53288265891422,0.042520266594800904,0.12117335863284573,0.337977849813538,0.11422902696458245,-0.04921203778662756,-0.23489625942282646,0.16477810637451493,0.17640553902566572,0.1640146196104312
2014-12-11,550.11,VNINDEX,20.417071518651646,0.022668986871867563,0.07004159371938189,-1.2788036638177303,1.6353388105936504,0.12117335863284573,-0.04921203778662756,-0.23489625942282646,0.16477810637451493,0.17640553902566572
2014-12-12,553.93,VNINDEX,21.47507976505123,0.10697453526469551,0.05738792957712174,0.692006674417433,0.47887323743827515,0.07004159371938189,0.12117335863284573,-0.04921203778662756,-0.23489625942282646,0.16477810637451493
2014-12-15,547.93,VNINDEX,21.748686135236184,0.11161712643573536,-0.2321115428311654,-1.0890783410713545,1.1860916329907336,0.05738792957712174,0.07004159371938189,0.12117335863284573,-0.04921203778662756,-0.23489625942282646
2014-12-16,535.14,VNINDEX,22.717587438241953,0.177073826865736,-0.027561555150673617,-2.361914665647281,5.578640887799707,-0.2321115428311654,0.05738792957712174,0.07004159371938189,0.12117335863284573,-0.04921203778662756
2014-12-17,518.22,VNINDEX,22.700078456934136,0.2150277057991454,0.16790621970020603,-3.212853238592176,10.322425932732235,-0.027561555150673617,-0.2321115428311654,0.05738792957712174,0.07004159371938189,0.12117335863284573
2014-12-18,528.45,VNINDEX,21.198012764010485,0.07005796002674688,0.1540531642305432,1.954833093510716,3.821372423484676,0.16790621970020603,-0.027561555150673617,-0.2321115428311654,0.05738792957712174,0.07004159371938189
2014-12-19,523.09,VNINDEX,20.847676435354625,0.07127458936588216,0.1187867517305919,-1.0194660065189802,1.0393109384477575,0.1540531642305432,0.16790621970020603,-0.027561555150673617,-0.2321115428311654,0.05738792957712174
2014-12-22,537.54,VNINDEX,21.85896355356702,0.14790083754306818,-0.2484127998079971,2.7249642447375324,7.42543013509799,0.1187867517305919,0.1540531642305432,0.16790621970020603,-0.027561555150673617,-0.2321115428311654
2014-12-23,537.88,VNINDEX,20.866461824334035,0.04378599485603244,-0.07882125160288145,0.06323111181272563,0.003998173501073411,-0.2484127998079971,0.1187867517305919,0.1540531642305432,0.16790621970020603,-0.027561555150673617
2014-12-24,539.44,VNINDEX,19.447295533521107,-0.007023481959680722,0.06155445014647373,0.2896077470657471,0.08387264716049775,-0.07882125160288145,-0.2484127998079971,0.1187867517305919,0.1540531642305432,0.16790621970020603
2014-12-25,532.01,VNINDEX,18.423631430385807,-0.10835779860986912,-0.023865095237838696,-1.3869278268862337,1.9235687969913706,0.06155445014647373,-0.07882125160288145,-0.2484127998079971,0.1187867517305919,0.1540531642305432
2014-12-26,533.37,VNINDEX,19.085456902067108,-0.06627915269200028,-0.060553477753849616,0.2553081039125589,0.06518222792342598,-0.023865095237838696,0.06155445014647373,-0.07882125160288145,-0.2484127998079971,0.1187867517305919
2014-12-29,532.68,VNINDEX,21.31931276087222,0.0971769869071063,-0.24367738087740118,-0.12944985626459193,0.016757265286923513,-0.060553477753849616,-0.023865095237838696,0.06155445014647373,-0.07882125160288145,-0.2484127998079971
2014-12-30,537.57,VNINDEX,17.83387687736844,-0.17562746525196585,-0.18909079214184862,0.9138115446489968,0.8350515391337855,-0.24367738087740118,-0.060553477753849616,-0.023865095237838696,0.06155445014647373,-0.07882125160288145
2014-12-31,545.63,VNINDEX,19.128996260892333,-0.04435161025584522,-0.04093402953356782,1.4882106274423432,2.214770871632333,-0.18909079214184862,-0.24367738087740118,-0.060553477753849616,-0.023865095237838696,0.06155445014647373
2015-01-05,544.45,VNINDEX,20.777354880940223,0.024937146893205253,-0.3061074967811614,-0.2164979562787408,0.04687136507287156,-0.04093402953356782,-0.18909079214184862,-0.24367738087740118,-0.060553477753849616,-0.023865095237838696
2015-01-06,549.66,VNINDEX,20.228910598231305,-0.018513498414259883,-0.16736234859361412,0.952379446310226,0.9070266097541726,-0.3061074967811614,-0.04093402953356782,-0.18909079214184862,-0.24367738087740118,-0.060553477753849616
2015-01-07,552.05,VNINDEX,21.630846769230242,0.11677208362228482,0.04106524403374382,0.4338716629973745,0.1882446199521073,-0.16736234859361412,-0.3061074967811614,-0.04093402953356782,-0.18909079214184862,-0.24367738087740118
2015-01-08,553.47,VNINDEX,20.932046340221053,0.04738416883824068,0.04854758468208895,0.2568928252637832,0.06599392367200865,0.04106524403374382,-0.16736234859361412,-0.3061074967811614,-0.04093402953356782,-0.18909079214184862
2015-01-09,569.73,VNINDEX,22.569460380458462,0.14924507849068033,0.10446711031706901,2.8955014256479563,8.383928505929347,0.04854758468208895,0.04106524403374382,-0.16736234859361412,-0.3061074967811614,-0.04093402953356782
2015-01-12,574.32,VNINDEX,23.805961375139503,0.3177705490965849,-0.22953778094970953,0.8024167873964242,0.6438727006955982,0.10446711031706901,0.04854758468208895,0.04106524403374382,-0.16736234859361412,-0.3061074967811614
2015-01-13,580.6,VNINDEX,22.546339678498487,0.18022392053207348,0.004334876089007307,1.0875319322301928,1.1827257036203367,-0.22953778094970953,0.10446711031706901,0.04854758468208895,0.04106524403374382,-0.16736234859361412
2015-01-14,577.01,VNINDEX,23.25055096538642,0.23347211419712774,0.2438221946085958,-0.6202454210080157,0.3847043822814107,0.004334876089007307,-0.22953778094970953,0.10446711031706901,0.04854758468208895,0.04106524403374382
2015-01-15,577.74,VNINDEX,21.769856610173207,0.12905198958024075,0.18091600810314776,0.12643430997981367,0.01598563474007161,0.2438221946085958,0.004334876089007307,-0.22953778094970953,0.10446711031706901,0.04854758468208895
2015-01-16,574.81,VNINDEX,20.816436062731892,0.05064764712631351,0.13772391696789443,-0.5084389071108089,0.2585101222640337,0.18091600810314776,0.2438221946085958,0.004334876089007307,-0.22953778094970953,0.10446711031706901
2015-01-19,571.51,VNINDEX,20.910953864004444,0.053356773970151004,-0.298790882545472,-0.5757570514585709,0.3314961823042675,0.13772391696789443,0.18091600810314776,0.2438221946085958,0.004334876089007307,-0.22953778094970953
2015-01-20,572.22,VNINDEX,21.506041276180138,0.08107925121684212,-0.1147750093449928,0.12415519243223813,0.015414511807886081,-0.298790882545472,0.13772391696789443,0.18091600810314776,0.2438221946085958,0.004334876089007307
2015-01-21,569.12,VNINDEX,21.105802049975125,0.08886482256084859,0.07443361591594765,-0.5432224618731005,0.29509064308347216,-0.1147750093449928,-0.298790882545472,0.13772391696789443,0.18091600810314776,0.2438221946085958
2015-01-22,574.54,VNINDEX,20.967744889877345,0.06422815328085603,0.07805740901951597,0.9478412426436131,0.8984030212561888,0.07443361591594765,-0.1147750093449928,-0.298790882545472,0.13772391696789443,0.18091600810314776
2015-01-23,582.38,VNINDEX,21.284767754834522,0.09109099715346052,0.08139465766505548,1.3553435006900274,1.8369560048626983,0.07805740901951597,0.07443361591594765,-0.1147750093449928,-0.298790882545472,0.13772391696789443
2015-01-26,580.64,VNINDEX,22.56425038535313,0.1884995576206762,-0.1960060538193069,-0.29922121687214503,0.08953333662644725,0.08139465766505548,0.07805740901951597,0.07443361591594765,-0.1147750093449928,-0.298790882545472
2015-01-27,579.3,VNINDEX,22.714483667600405,0.214729537362665,-0.008430353284631301,-0.23104653621817592,0.053382501898416874,-0.1960060538193069,0.08139465766505548,0.07805740901951597,0.07443361591594765,-0.1147750093449928
2015-01-28,583.76,VNINDEX,21.34593895902056,0.07477195039079641,0.15933368179137963,0.7669461354786348,0.5882063747256124,-0.008430353284631301,-0.1960060538193069,0.08139465766505548,0.07805740901951597,0.07443361591594765
2015-01-29,583.28,VNINDEX,22.585420860290156,0.20593442076518173,0.16514530283954812,-0.08225939591897909,0.006766608216955353,0.15933368179137963,-0.008430353284631301,-0.1960060538193069,0.08139465766505548,0.07805740901951597
2015-01-30,576.07,VNINDEX,20.43283113570993,0.056243571135362935,0.11231664743044745,-1.2438164408407881,1.547079338505846,0.16514530283954812,0.15933368179137963,-0.008430353284631301,-0.1960060538193069,0.08139465766505548
2015-02-02,570.37,VNINDEX,20.846522891736026,0.06051659467691243,-0.26094327474042717,-0.9943908043235676,0.9888130717232718,0.11231664743044745,0.16514530283954812,0.15933368179137963,-0.008430353284631301,-0.1960060538193069
2015-02-03,557.47,VNINDEX,21.781080051477517,0.14300206336427354,-0.08713523533949606,-2.287658281934948,5.233380414905557,-0.26094327474042717,0.11231664743044745,0.16514530283954812,0.15933368179137963,-0.008430353284631301
2015-02-04,561.45,VNINDEX,19.553989456943157,-0.002721044653847019,0.06693253779578007,0.7114032791365951,0.5060946255663002,-0.08713523533949606,-0.26094327474042717,0.11231664743044745,0.16514530283954812,0.15933368179137963
2015-02-05,567.17,VNINDEX,20.81536051783371,0.06329712071375976,0.06785937980806252,1.0136359404237854,1.0274578197188118,0.06693253779578007,-0.08713523533949606,-0.26094327474042717,0.11231664743044745,0.16514530283954812
2015-02-06,574.13,VNINDEX,19.58156833593669,-0.03748284449219336,0.00769774385590688,1.2196769090104764,1.48761176237335,0.06785937980806252,0.06693253779578007,-0.08713523533949606,-0.26094327474042717,0.11231664743044745
2015-02-09,573.55,VNINDEX,19.532618119232723,-0.0432706658093586,-0.3295920542654907,-0.10107347856137724,0.010215848068497185,0.00769774385590688,0.06785937980806252,0.06693253779578007,-0.08713523533949606,-0.26094327474042717
2015-02-10,574.52,VNINDEX,18.247646632114954,-0.1479469734340004,-0.22879390336181524,0.16897928363454054,0.0285539982976425,-0.3295920542654907,0.00769774385590688,0.06785937980806252,0.06693253779578007,-0.08713523533949606
2015-02-11,581.76,VNINDEX,18.723819133386524,-0.10242006541331354,-0.09787923488555711,1.252308198543742,1.5682758241398727,-0.22879390336181524,-0.3295920542654907,0.00769774385590688,0.06785937980806252,0.06693253779578007
2015-02-12,584.67,VNINDEX,18.723819133386524,-0.10242006541331354,-0.11759570142020914,0.4989593952983133,0.24896047815645847,-0.09787923488555711,-0.22879390336181524,-0.3295920542654907,0.00769774385590688,0.06785937980806252
2015-02-13,587.24,VNINDEX,17.630670060318305,-0.11052514567391292,-0.10512175883351295,0.4386009369217238,0.19237078186861395,-0.11759570142020914,-0.09787923488555711,-0.22879390336181524,-0.3295920542654907,0.00769774385590688
2015-02-24,596.95,VNINDEX,23.5528897581835,0.21411090021879078,-0.19150515748608646,1.6399762920137764,2.689522238367255,-0.10512175883351295,-0.11759570142020914,-0.09787923488555711,-0.22879390336181524,-0.3295920542654907
2015-02-25,592.66,VNINDEX,25.526390913851333,0.36186828552140743,0.06063582517576214,-0.7212479042848878,0.5201985394353427,-0.19150515748608646,-0.10512175883351295,-0.11759570142020914,-0.09787923488555711,-0.22879390336181524
2015-02-26,596.72,VNINDEX,23.91066517046147,0.17174831285118317,0.24924249953046082,0.6827112898359284,0.4660947052694371,0.06063582517576214,-0.19150515748608646,-0.10512175883351295,-0.11759570142020914,-0.09787923488555711
2015-02-27,592.57,VNINDEX,20.821768921890214,0.011100457730907842,0.18157235203449984,-0.6978982156094806,0.4870619193508971,0.24924249953046082,0.06063582517576214,-0.19150515748608646,-0.10512175883351295,-0.11759570142020914
2015-03-02,590.73,VNINDEX,21.69392333510665,0.07573951021554759,-0.18794770131634708,-0.3109949265624498,0.09671784434758356,0.18157235203449984,0.24924249953046082,0.06063582517576214,-0.19150515748608646,-0.10512175883351295
2015-03-03,596.72,VNINDEX,22.91756762059755,0.14991992805002172,-0.03891169615779037,1.00889314217194,1.0178653723215705,-0.18794770131634708,0.18157235203449984,0.24924249953046082,0.06063582517576214,-0.19150515748608646
2015-03-04,600.39,VNINDEX,21.490560520615684,0.09402689324076889,0.10656211050211307,0.6131452410735496,0.3759470866511413,-0.03891169615779037,-0.18794770131634708,0.18157235203449984,0.24924249953046082,0.06063582517576214
2015-03-05,596.91,VNINDEX,22.688654152856415,0.1779628740041067,0.14063656509829944,-0.5813095798377198,0.3379208276111063,0.10656211050211307,-0.03891169615779037,-0.18794770131634708,0.18157235203449984,0.24924249953046082
2015-03-06,593.97,VNINDEX,20.60387803267998,0.029978719458019276,0.10065616223429863,-0.4937535222549346,0.24379254073915418,0.14063656509829944,0.10656211050211307,-0.03891169615779037,-0.18794770131634708,0.18157235203449984
2015-03-09,588.44,VNINDEX,24.042235927782325,0.22517417683761162,-0.19270929114240318,-0.9353845654705789,0.8749442853205838,0.10065616223429863,0.14063656509829944,0.10656211050211307,-0.03891169615779037,-0.18794770131634708
2015-03-10,589.66,VNINDEX,22.211406106686667,0.14508543957086603,0.005998714039646062,0.20711322232545631,0.0428958868620339,-0.19270929114240318,0.10065616223429863,0.14063656509829944,0.10656211050211307,-0.03891169615779037
2015-03-11,586.54,VNINDEX,22.443702206563174,0.12590900940727423,0.16538954193858432,-0.5305232643810369,0.2814549340495116,0.005998714039646062,-0.19270929114240318,0.10065616223429863,0.14063656509829944,0.10656211050211307
2015-03-12,588.53,VNINDEX,21.93218801584956,0.13346781150780998,0.1348207534953171,0.33870354999128227,0.11472009477669705,0.16538954193858432,0.005998714039646062,-0.19270929114240318,0.10065616223429863,0.14063656509829944
2015-03-13,586.1,VNINDEX,20.54931609532386,0.01721586124883767,0.09219756072130765,-0.4137478978984477,0.17118732301538428,0.1348207534953171,0.16538954193858432,0.005998714039646062,-0.19270929114240318,0.10065616223429863
2015-03-16,580.8,VNINDEX,20.66938454984658,0.010169425163811549,-0.251548346557326,-0.9083959971797345,0.8251832876921642,0.09219756072130765,0.1348207534953171,0.16538954193858432,0.005998714039646062,-0.19270929114240318
2015-03-17,581.76,VNINDEX,24.051230280569854,0.24101572952012096,-0.058317818503409925,0.1651528038473161,0.027275448618630065,-0.251548346557326,0.09219756072130765,0.1348207534953171,0.16538954193858432,0.005998714039646062
2015-03-18,578.68,VNINDEX,21.740923324787662,0.1299410367186114,0.12704206380084834,-0.5308343787669979,0.2817851376809446,-0.058317818503409925,-0.251548346557326,0.09219756072130765,0.1348207534953171,0.16538954193858432
2015-03-19,573.74,VNINDEX,21.898718554710047,0.114732348166718,0.16189637146848382,-0.857331573242444,0.7350174264783642,0.12704206380084834,-0.058317818503409925,-0.251548346557326,0.09219756072130765,0.1348207534953171
2015-03-20,575.44,VNINDEX,23.492794098895644,0.21778047339400874,0.1541512860931131,0.2958633530135946,0.0875351236564469,0.16189637146848382,0.12704206380084834,-0.058317818503409925,-0.251548346557326,0.09219756072130765
2015-03-23,570.89,VNINDEX,22.773898739847613,0.11830822187801286,-0.23068008815727806,-0.7938418944785136,0.6301849534292355,0.1541512860931131,0.16189637146848382,0.12704206380084834,-0.058317818503409925,-0.251548346557326
2015-03-24,567.43,VNINDEX,21.253248520717964,0.023941828626470023,-0.09182337473835238,-0.6079152884371527,0.3695609979156266,-0.23068008815727806,0.1541512860931131,0.16189637146848382,0.12704206380084834,-0.058317818503409925
2015-03-25,560.93,VNINDEX,21.390230135917562,0.061227971493908795,0.06782600733279763,-1.1521273176169082,1.3273973559991321,-0.09182337473835238,-0.23068008815727806,0.1541512860931131,0.16189637146848382,0.12704206380084834
2015-03-26,556.16,VNINDEX,21.159962261784422,0.05539816474801792,0.046855988289465966,-0.854009791680266,0.7293327242857713,0.06782600733279763,-0.09182337473835238,-0.23068008815727806,0.1541512860931131,0.16189637146848382
2015-03-27,551.42,VNINDEX,21.553436223718688,0.029879561823025574,0.04883523268831783,-0.8559253395669948,0.7326081869128753,0.046855988289465966,0.06782600733279763,-0.09182337473835238,-0.23068008815727806,0.1541512860931131
2015-03-30,545.19,VNINDEX,27.514815102095962,0.4036335762252534,0.00357477595114671,-1.136241148002282,1.2910439464135437,0.04883523268831783,0.046855988289465966,0.06782600733279763,-0.09182337473835238,-0.23068008815727806
2015-03-31,551.13,VNINDEX,24.384608583216263,0.2191666997703466,0.15135722860102355,1.08363582276757,1.1742665963851484,0.00357477595114671,0.04883523268831783,0.046855988289465966,0.06782600733279763,-0.09182337473835238
2015-04-01,538.91,VNINDEX,23.72170756663677,0.18973752743992378,0.2708459344785083,-2.242213490324443,5.027521336192921,0.15135722860102355,0.00357477595114671,0.04883523268831783,0.046855988289465966,0.06782600733279763
2015-04-02,546.85,VNINDEX,23.5059677672229,0.1833168419921427,0.1974070230674714,1.462596069552386,2.139187262670088,0.2708459344785083,0.15135722860102355,0.00357477595114671,0.04883523268831783,0.046855988289465966
2015-04-03,547.85,VNINDEX,20.619358788244437,0.017031077434092618,0.13002848228872013,0.18269850701675203,0.03337874446615019,0.1974070230674714,0.2708459344785083,0.15135722860102355,0.00357477595114671,0.04883523268831783
2015-04-06,542.97,VNINDEX,21.89728614959762,0.05745212719032633,-0.24586734814262526,-0.8947457062512586,0.8005698788550636,0.13002848228872013,0.1974070230674714,0.2708459344785083,0.15135722860102355,0.00357477595114671
2015-04-07,548.11,VNINDEX,20.381172106221943,-0.017289755581753868,-0.10074168054566568,0.9421926942576776,0.8877270731125415,-0.24586734814262526,0.13002848228872013,0.1974070230674714,0.2708459344785083,0.15135722860102355
2015-04-08,547.72,VNINDEX,22.48055429983806,0.1535109885388591,0.06455778671581093,-0.07117892674336532,0.005066439612337366,-0.10074168054566568,-0.24586734814262526,0.13002848228872013,0.1974070230674714,0.2708459344785083
2015-04-09,550.52,VNINDEX,22.93623014552396,0.12272404380558194,0.08631509225422945,0.5099078647298732,0.2600060305133786,0.06455778671581093,-0.10074168054566568,-0.24586734814262526,0.13002848228872013,0.1974070230674714
2015-04-10,554.03,VNINDEX,21.396716538694488,0.03243877678747283,0.10289126971063839,0.6355550794354571,0.40393025899621016,0.08631509225422945,0.06455778671581093,-0.10074168054566568,-0.24586734814262526,0.13002848228872013
2015-04-13,559.54,VNINDEX,23.563912336714395,0.2049462159918173,-0.13978069448037547,0.9896180694765611,0.9793439234345156,0.10289126971063839,0.08631509225422945,0.06455778671581093,-0.10074168054566568,-0.24586734814262526
2015-04-14,558.67,VNINDEX,23.7985155238281,0.20728577520616476,0.01588457967171068,-0.1556058657221084,0.024213185447126834,-0.13978069448037547,0.10289126971063839,0.08631509225422945,0.06455778671581093,-0.10074168054566568
2015-04-15,564.5,VNINDEX,21.826167911778867,0.07028638459251774,0.1608394585968337,1.0381424646485904,1.0777397769066497,0.01588457967171068,-0.13978069448037547,0.10289126971063839,0.08631509225422945,0.06455778671581093
2015-04-16,568.28,VNINDEX,23.230054309800753,0.15715826144316372,0.14491014041394912,0.6673871414159496,0.4454055965273527,0.1608394585968337,0.01588457967171068,-0.13978069448037547,0.10289126971063839,0.08631509225422945
2015-04-17,568.32,VNINDEX,23.55268889541009,0.19099614220778463,0.1394802627478225,0.007038535987431844,4.954098884637316e-05,0.14491014041394912,0.1608394585968337,0.01588457967171068,-0.13978069448037547,0.10289126971063839
2015-04-20,565.04,VNINDEX,21.014187156570703,0.02538522720907584,-0.2253519711344351,-0.5788115263083902,0.33502278298744825,0.1394802627478225,0.14491014041394912,0.1608394585968337,0.01588457967171068,-0.13978069448037547
2015-04-21,562.24,VNINDEX,20.79621826864005,0.02085602065977149,-0.10583978545621393,-0.49677201019343326,0.24678243011162457,-0.2253519711344351,0.1394802627478225,0.14491014041394912,0.1608394585968337,0.01588457967171068
2015-04-22,562.51,VNINDEX,22.30795213370259,0.12278832950522085,0.05634319245802316,0.04801066995976628,0.002305024429985604,-0.10583978545621393,-0.2253519711344351,0.1394802627478225,0.14491014041394912,0.1608394585968337
2015-04-23,561.25,VNINDEX,22.732867331032992,0.14101142683080312,0.09488525899859894,-0.22424726418661028,0.050286835495179386,0.05634319245802316,-0.10583978545621393,-0.2253519711344351,0.1394802627478225,0.14491014041394912
2015-04-24,565.77,VNINDEX,20.50151942223849,0.022186034620642003,0.09532859698555575,0.802119613591938,0.6433958745088798,0.09488525899859894,0.05634319245802316,-0.10583978545621393,-0.2253519711344351,0.1394802627478225
2015-04-27,562.4,VNINDEX,19.658097431634186,-0.06645682301337445,-0.24450428163675678,-0.5974294695928339,0.3569219711379749,0.09532859698555575,0.09488525899859894,0.05634319245802316,-0.10583978545621393,-0.2253519711344351
2015-05-04,545.08,VNINDEX,21.74307441458403,0.10464208954371901,-0.34472515306956075,-3.1280767614835057,9.784864225733136,-0.24450428163675678,0.09532859698555575,0.09488525899859894,0.05634319245802316,-0.10583978545621393
2015-05-05,552.65,VNINDEX,18.462232887910233,-0.15228428267518884,-0.20954220338066665,1.3792316875344226,1.9022800478990511,-0.34472515306956075,-0.24450428163675678,0.09532859698555575,0.09488525899859894,0.05634319245802316
2015-05-06,549.3,VNINDEX,20.69501320181716,0.023821330511363908,-0.00794028754003486,-0.6080149408389702,0.3696821682834165,-0.20954220338066665,-0.34472515306956075,-0.24450428163675678,0.09532859698555575,0.09488525899859894
2015-05-07,552.98,VNINDEX,20.75634040344403,0.05431722030153143,-0.024715243954097427,0.6677094154461105,0.4458358634753866,-0.00794028754003486,-0.20954220338066665,-0.34472515306956075,-0.24450428163675678,0.09532859698555575
2015-05-08,554.51,VNINDEX,20.245622896134773,0.002704322527198877,0.026947624446698477,0.27630063898741125,0.07634204310485176,-0.024715243954097427,-0.00794028754003486,-0.20954220338066665,-0.34472515306956075,-0.24450428163675678
2015-05-11,551.67,VNINDEX,20.685144166904863,0.04374400942730692,-0.25919641361832674,-0.5134799472038528,0.2636616561804715,0.026947624446698477,-0.024715243954097427,-0.00794028754003486,-0.20954220338066665,-0.34472515306956075
2015-05-12,544.41,VNINDEX,19.632747641157433,-0.033586502073504686,-0.1389945115334886,-1.3247401965829173,1.7549365884425463,-0.25919641361832674,0.026947624446698477,-0.024715243954097427,-0.00794028754003486,-0.20954220338066665
2015-05-13,542.82,VNINDEX,19.230000464941813,-0.0704316781184436,-0.02009139025488003,-0.29248661893368827,0.08554842225526058,-0.1389945115334886,-0.25919641361832674,0.026947624446698477,-0.024715243954097427,-0.00794028754003486
2015-05-14,543.69,VNINDEX,20.212432296489087,0.03049108547352891,-0.02450903157280604,0.16014582211641099,0.02564668434134115,-0.02009139025488003,-0.1389945115334886,-0.25919641361832674,0.026947624446698477,-0.024715243954097427
2015-05-15,537.44,VNINDEX,18.611312626538908,-0.13681229762216976,-0.05891763008902771,-1.1562105622886691,1.3368228643478806,-0.02450903157280604,-0.02009139025488003,-0.1389945115334886,-0.25919641361832674,0.026947624446698477
2015-05-18,528.95,VNINDEX,19.59617440937637,-0.01466625491766769,-0.3424804728489594,-1.592321643119909,2.535488215148087,-0.05891763008902771,-0.02450903157280604,-0.02009139025488003,-0.1389945115334886,-0.25919641361832674
2015-05-19,536.82,VNINDEX,19.47813418059702,-0.03262605574212437,-0.19754196023120185,1.4768933354776073,2.1812139243781723,-0.3424804728489594,-0.05891763008902771,-0.02450903157280604,-0.02009139025488003,-0.1389945115334886
2015-05-20,550.1,VNINDEX,20.458459787680507,0.06989547648291505,0.007534388607708091,2.4437237093852704,5.971785567811706,-0.19754196023120185,-0.3424804728489594,-0.05891763008902771,-0.02450903157280604,-0.02009139025488003
2015-05-21,552.56,VNINDEX,19.17687093269812,-0.025914315351233657,0.0037850351298527873,0.4461944899304966,0.19908952284433604,0.007534388607708091,-0.19754196023120185,-0.3424804728489594,-0.05891763008902771,-0.02450903157280604
2015-05-22,561.82,VNINDEX,18.441419273187453,-0.09978945125585659,-0.018602763374724662,1.6619489113366765,2.7620741838931644,0.0037850351298527873,0.007534388607708091,-0.19754196023120185,-0.3424804728489594,-0.05891763008902771
2015-05-25,563.0,VNINDEX,21.265029685009928,0.1309363549853467,-0.22328519307904113,0.20981142456063745,0.04402083387616406,-0.018602763374724662,0.0037850351298527873,0.007534388607708091,-0.19754196023120185,-0.3424804728489594
2015-05-26,567.2,VNINDEX,20.816514061452306,0.07405511540272942,-0.07589610778965773,0.7432347078227345,0.5523978309123455,-0.22328519307904113,-0.018602763374724662,0.0037850351298527873,0.007534388607708091,-0.19754196023120185
2015-05-27,566.48,VNINDEX,18.559258639193395,-0.10494440844240598,0.033349020648557125,-0.12701998743992524,0.016134077209238765,-0.07589610778965773,-0.22328519307904113,-0.018602763374724662,0.0037850351298527873,0.007534388607708091
2015-05-28,572.97,VNINDEX,19.625107694761912,-0.015555302056038315,-0.01548153169857123,1.1391583979654385,1.2976818556551843,0.033349020648557125,-0.07589610778965773,-0.22328519307904113,-0.018602763374724662,0.0037850351298527873
2015-05-29,569.56,VNINDEX,19.187893511229014,-0.03507899957820713,-0.05185957002555006,-0.5969226410379103,0.35631663938367386,-0.01548153169857123,0.033349020648557125,-0.07589610778965773,-0.22328519307904113,-0.018602763374724662
2015-06-01,574.98,VNINDEX,19.690692210648926,-0.011957128073830203,-0.25469812029339645,0.9471124670932205,0.8970220253234067,-0.05185957002555006,-0.01548153169857123,0.033349020648557125,-0.07589610778965773,-0.22328519307904113
2015-06-02,570.31,VNINDEX,20.62186673825504,0.06166182482303791,-0.11087123350266642,-0.8155184944066659,0.6650704147193152,-0.25469812029339645,-0.05185957002555006,-0.01548153169857123,0.033349020648557125,-0.07589610778965773
2015-06-03,567.9,VNINDEX,18.97438280033192,-0.04339116392446479,0.0021045109415813723,-0.4234725756272433,0.17932902230837128,-0.11087123350266642,-0.25469812029339645,-0.05185957002555006,-0.01548153169857123,0.033349020648557125
2015-06-04,568.99,VNINDEX,19.17802447631672,-0.01515632066226405,0.0010381134121034326,0.19175123960645543,0.03676853789061228,0.0021045109415813723,-0.11087123350266642,-0.25469812029339645,-0.05185957002555006,-0.01548153169857123
2015-06-05,578.07,VNINDEX,19.01879684128191,-0.057227853086762114,-0.038591779224496574,1.583210932646929,2.506556857252759,0.0010381134121034326,0.0021045109415813723,-0.11087123350266642,-0.25469812029339645,-0.05185957002555006
2015-06-08,579.83,VNINDEX,21.588739815517442,0.15212476216252127,-0.2666028445885814,0.3039988523057525,0.09241530220321474,-0.038591779224496574,0.0010381134121034326,0.0021045109415813723,-0.11087123350266642,-0.25469812029339645
2015-06-09,574.47,VNINDEX,20.029008414596127,0.03204786867787016,-0.10463082138454964,-0.9287080524792821,0.862498646739861,-0.2666028445885814,-0.038591779224496574,0.0010381134121034326,0.0021045109415813723,-0.11087123350266642
2015-06-10,574.1,VNINDEX,18.997425503571478,-0.0977774742422738,0.028798385532706267,-0.06442794305941986,0.004150959846867848,-0.10463082138454964,-0.2666028445885814,-0.038591779224496574,0.0010381134121034326,0.0021045109415813723
2015-06-11,581.05,VNINDEX,18.68183504372672,-0.06736009713848674,-0.04436323423429639,1.2033214495291418,1.4479825108969149,0.028798385532706267,-0.10463082138454964,-0.2666028445885814,-0.038591779224496574,0.0010381134121034326
2015-06-12,582.73,VNINDEX,20.873305087325203,0.08492649471343434,-0.02673702555577499,0.28871456237179144,0.08335609852553505,-0.04436323423429639,0.028798385532706267,-0.10463082138454964,-0.2666028445885814,-0.038591779224496574
2015-06-15,586.48,VNINDEX,20.977892786283473,0.09082770065233488,-0.2127833813978264,0.641460962273045,0.41147216612026094,-0.02673702555577499,-0.04436323423429639,0.028798385532706267,-0.10463082138454964,-0.2666028445885814
2015-06-16,580.35,VNINDEX,19.16023663351507,-0.023724668016276568,-0.10075590753240728,-1.050719710069944,1.104011909129467,-0.2127833813978264,-0.02673702555577499,-0.04436323423429639,0.028798385532706267,-0.10463082138454964
2015-06-17,578.87,VNINDEX,20.204792350093566,0.048522285490995264,0.03854177270901826,-0.2553442494335375,0.06520068571877662,-0.10075590753240728,-0.2127833813978264,-0.02673702555577499,-0.04436323423429639,0.028798385532706267
2015-06-18,580.35,VNINDEX,19.97221738872323,0.021176489367165274,0.015324702280628386,0.2553442494335435,0.06520068571877968,0.03854177270901826,-0.10075590753240728,-0.2127833813978264,-0.02673702555577499,-0.04436323423429639
2015-06-19,584.7,VNINDEX,17.964171227017705,-0.13266688568909715,-0.020989370276978465,0.746752536699315,0.5576393510668617,0.015324702280628386,0.03854177270901826,-0.10075590753240728,-0.2127833813978264,-0.02673702555577499
2015-06-22,594.08,VNINDEX,20.342570648697517,0.02663672848356598,-0.3094798492058887,1.5915095247145108,2.532902567257008,-0.020989370276978465,0.015324702280628386,0.03854177270901826,-0.10075590753240728,-0.2127833813978264
2015-06-23,593.07,VNINDEX,21.555270354377928,0.1333892988214294,-0.10591086471895671,-0.17015545528142656,0.028952878962029555,-0.3094798492058887,-0.020989370276978465,0.015324702280628386,0.03854177270901826,-0.10075590753240728
2015-06-24,590.02,VNINDEX,19.68062231296322,-0.01514920716889325,0.048292273378701095,-0.5156001245640492,0.2658434884504631,-0.10591086471895671,-0.3094798492058887,-0.020989370276978465,0.015324702280628386,0.03854177270901826
2015-06-25,587.99,VNINDEX,20.034341273754453,-0.0074993207175354515,0.0369135903116673,-0.3446493679026699,0.11878318679570993,0.048292273378701095,-0.10591086471895671,-0.3094798492058887,-0.020989370276978465,0.015324702280628386
2015-06-26,581.75,VNINDEX,20.37158193280347,0.049155149621611056,0.00883554057839453,-1.0669138768887445,1.138305220697771,0.0369135903116673,0.048292273378701095,-0.10591086471895671,-0.3094798492058887,-0.020989370276978465
2015-06-29,591.75,VNINDEX,20.24474821401,0.03846855412565121,-0.3023694473514908,1.7043446211692304,2.9047905877084874,0.00883554057839453,0.0369135903116673,0.048292273378701095,-0.10591086471895671,-0.3094798492058887
2015-06-30,593.05,VNINDEX,18.648365582587207,-0.08609556047957871,-0.1921858529225419,0.21944640811913402,0.04815672603638953,-0.3023694473514908,0.00883554057839453,0.0369135903116673,0.048292273378701095,-0.10591086471895671
2015-07-01,591.5,VNINDEX,19.23222955345859,-0.0723231570169202,-0.039983387790282134,-0.26170290568432447,0.06848841084361842,-0.1921858529225419,-0.3023694473514908,0.00883554057839453,0.0369135903116673,0.048292273378701095
2015-07-02,605.7,VNINDEX,20.045564715058763,0.006450753066497191,-0.0506559881433335,2.3723130568460022,5.627869239682023,-0.039983387790282134,-0.1921858529225419,-0.3023694473514908,0.00883554057839453,0.0369135903116673
2015-07-03,616.43,VNINDEX,20.062199014241813,0.004261105731540186,-0.02053709940629389,1.7559957969731186,3.0835212389872577,-0.0506559881433335,-0.039983387790282134,-0.1921858529225419,-0.3023694473514908,0.00883554057839453
2015-07-06,625.22,VNINDEX,21.158134898814467,0.10351915966850682,-0.23423034274721277,1.4158815842303212,2.004720660562564,-0.02053709940629389,-0.0506559881433335,-0.039983387790282134,-0.1921858529225419,-0.3023694473514908
2015-07-07,630.27,VNINDEX,20.358330265755797,0.06021131274706115,-0.07458333184051978,0.8044711204709991,0.6471737836718647,-0.23423034274721277,-0.02053709940629389,-0.0506559881433335,-0.039983387790282134,-0.1921858529225419
2015-07-08,623.17,VNINDEX,20.13021348141902,0.029082558826277898,0.06427101041394899,-1.1328944245089898,1.2834497770835551,-0.07458333184051978,-0.23423034274721277,-0.02053709940629389,-0.0506559881433335,-0.039983387790282134
2015-07-09,622.1,VNINDEX,19.971264707878046,0.033533252689201765,0.040942374754180645,-0.17185032375817266,0.029532533775788763,0.06427101041394899,-0.07458333184051978,-0.23423034274721277,-0.02053709940629389,-0.0506559881433335
2015-07-10,627.28,VNINDEX,21.365159206934635,0.14062051872120052,0.06774544341222712,0.8292160401692434,0.6875992412739603,0.040942374754180645,0.06427101041394899,-0.07458333184051978,-0.23423034274721277,-0.02053709940629389
2015-07-13,634.06,VNINDEX,23.233188630727724,0.2653357254628794,-0.27965318926981036,1.075057526071459,1.1557486843628857,0.06774544341222712,0.040942374754180645,0.06427101041394899,-0.07458333184051978,-0.23423034274721277
2015-07-14,638.69,VNINDEX,20.544691933447627,0.08343483959044667,-0.0818123215861916,0.7275616458712572,0.5293459485428926,-0.27965318926981036,0.06774544341222712,0.040942374754180645,0.06427101041394899,-0.07458333184051978
2015-07-15,630.89,VNINDEX,20.729988630225066,0.053363720898697224,0.1340447619840082,-1.228768276343219,1.5098714769474855,-0.0818123215861916,-0.27965318926981036,0.06774544341222712,0.040942374754180645,0.06427101041394899
2015-07-16,626.9,VNINDEX,19.237507108606355,-0.06518264723148191,0.023871971085887733,-0.6344482598738771,0.4025245944569907,0.1340447619840082,-0.0818123215861916,-0.27965318926981036,0.06774544341222712,0.040942374754180645
2015-07-17,628.63,VNINDEX,19.73344812898979,0.01574595371485372,0.0013090091273567455,0.27558100481423187,0.07594489021442169,0.023871971085887733,0.1340447619840082,-0.0818123215861916,-0.27965318926981036,0.06774544341222712
2015-07-20,620.54,VNINDEX,20.755218264249756,0.06518232321804311,-0.28957814139591337,-1.2952781619305653,1.677745516774224,0.0013090091273567455,0.023871971085887733,0.1340447619840082,-0.0818123215861916,-0.27965318926981036
2015-07-21,616.61,VNINDEX,18.916852660339156,-0.05827827450034673,-0.18406192765839555,-0.6353333418709097,0.40364845529285825,-0.28957814139591337,0.0013090091273567455,0.023871971085887733,0.1340447619840082,-0.0818123215861916
2015-07-22,629.85,VNINDEX,19.406747086677175,0.007687547192192473,0.0048638653032967065,2.1244962508261738,4.513484319774468,-0.18406192765839555,-0.28957814139591337,0.0013090091273567455,0.023871971085887733,0.1340447619840082
2015-07-23,632.01,VNINDEX,19.14047965721831,-0.023786879133817152,-0.024792535480656703,0.34235210081766,0.11720496093426523,0.0048638653032967065,-0.18406192765839555,-0.28957814139591337,0.0013090091273567455,0.023871971085887733
2015-07-24,631.26,VNINDEX,20.67726996552693,0.07209183789430516,0.01866416865089393,-0.11873947582371404,0.01409906311889037,-0.024792535480656703,0.0048638653032967065,-0.18406192765839555,-0.28957814139591337,0.0013090091273567455
2015-07-27,635.46,VNINDEX,20.177018812665505,0.05874272004676865,-0.26444095378225013,0.6631324035381603,0.43974458462229743,0.01866416865089393,-0.024792535480656703,0.0048638653032967065,-0.18406192765839555,-0.28957814139591337
2015-07-28,631.47,VNINDEX,22.008260510959047,0.16417658100013574,-0.05367021740112928,-0.6298711359772143,0.39673764793722643,-0.26444095378225013,0.01866416865089393,-0.024792535480656703,0.0048638653032967065,-0.18406192765839555
2015-07-29,624.7,VNINDEX,22.20029873163452,0.1576956784763716,0.12687165984109242,-1.0778900224336447,1.1618469004620031,-0.05367021740112928,-0.26444095378225013,0.01866416865089393,-0.024792535480656703,0.0048638653032967065
2015-07-30,626.57,VNINDEX,20.232725857593625,0.0573731905381158,0.12641515000487483,0.29889654386365994,0.08933914393364079,0.12687165984109242,-0.05367021740112928,-0.26444095378225013,0.01866416865089393,-0.024792535480656703
2015-07-31,621.06,VNINDEX,20.00743050660427,0.0425324772331229,0.08586711541587051,-0.8832804314447202,0.7801843205731711,0.12641515000487483,0.12687165984109242,-0.05367021740112928,-0.26444095378225013,0.01866416865089393
2015-08-03,609.47,VNINDEX,21.25383511672959,0.1492785953341824,-0.21023548656314792,-1.8837968586447091,3.5486906046396745,0.08586711541587051,0.12641515000487483,0.12687165984109242,-0.05367021740112928,-0.26444095378225013
2015-08-04,600.76,VNINDEX,19.211304050324078,-0.04872313057510208,-0.09957314619996316,-1.4394206699886674,2.0719318651906242,-0.21023548656314792,0.08586711541587051,0.12641515000487483,0.12687165984109242,-0.05367021740112928
2015-08-05,607.08,VNINDEX,18.939024080548414,-0.04406386394784206,0.018830533603746535,1.0465057754465057,1.0951743380428922,-0.09957314619996316,-0.21023548656314792,0.08586711541587051,0.12641515000487483,0.12687165984109242
2015-08-06,601.04,VNINDEX,19.97823906809201,0.04163340640254756,-0.01705119604013176,-0.999909003094003,0.9998180144684429,0.018830533603746535,-0.09957314619996316,-0.21023548656314792,0.08586711541587051,0.12641515000487483
2015-08-07,603.76,VNINDEX,18.319818496766047,-0.11823365234719925,-0.04022136996416415,0.45152799157077456,0.20387752717193747,-0.01705119604013176,0.018830533603746535,-0.09957314619996316,-0.21023548656314792,0.08586711541587051
2015-08-10,614.53,VNINDEX,20.177992236923092,0.030464601071043113,-0.34486470722201235,1.7680980016817747,3.1261705435510847,-0.04022136996416415,-0.01705119604013176,0.018830533603746535,-0.09957314619996316,-0.21023548656314792
2015-08-11,613.05,VNINDEX,19.170331971854573,-0.06535684359611887,-0.2015368284461386,-0.24112493150346576,0.05814123259255105,-0.34486470722201235,-0.04022136996416415,-0.01705119604013176,0.018830533603746535,-0.09957314619996316
2015-08-12,604.24,VNINDEX,18.736873574025903,-0.07296828567605589,-0.03595350940037678,-1.4475028673203387,2.0952645509006023,-0.2015368284461386,-0.34486470722201235,-0.04022136996416415,-0.01705119604013176,0.018830533603746535
2015-08-13,594.26,VNINDEX,18.416880001882703,-0.10853294823779785,-0.0822860258366571,-1.6654535972106266,2.773735684461816,-0.03595350940037678,-0.2015368284461386,-0.34486470722201235,-0.04022136996416415,-0.01705119604013176
2015-08-14,589.03,VNINDEX,19.370814124266886,-0.016801739806368326,-0.06610099124007358,-0.8839817892502775,0.781423803726122,-0.0822860258366571,-0.03595350940037678,-0.2015368284461386,-0.34486470722201235,-0.04022136996416415
2015-08-17,573.15,VNINDEX,20.068559049310636,0.02774389434396356,-0.3226785917822056,-2.7329653579564948,7.469099647790271,-0.06610099124007358,-0.0822860258366571,-0.03595350940037678,-0.2015368284461386,-0.34486470722201235
2015-08-18,580.22,VNINDEX,19.119003166861663,-0.02937385277213292,-0.1632470557089507,1.225987940429134,1.50304643007767,-0.3226785917822056,-0.06610099124007358,-0.0822860258366571,-0.03595350940037678,-0.2015368284461386
2015-08-19,577.82,VNINDEX,20.573883371959884,0.08433391042102208,0.02756798399761799,-0.4144940478921837,0.17180531573804786,-0.1632470557089507,-0.3226785917822056,-0.06610099124007358,-0.0822860258366571,-0.03595350940037678
2015-08-20,566.69,VNINDEX,19.77803541008467,-0.04382725327711754,0.003710934790590962,-1.9449984487329621,3.7830189655736293,0.02756798399761799,-0.1632470557089507,-0.3226785917822056,-0.06610099124007358,-0.0822860258366571
2015-08-21,556.3,VNINDEX,20.35866625308896,0.053782049160941196,0.03142956876828231,-1.8504699917811092,3.4242391904823783,0.003710934790590962,0.02756798399761799,-0.1632470557089507,-0.3226785917822056,-0.06610099124007358
2015-08-24,526.93,VNINDEX,22.45023267411001,0.20706963367347353,-0.24144479383182482,-5.424000468669373,29.419781084125578,0.03142956876828231,0.003710934790590962,0.02756798399761799,-0.1632470557089507,-0.3226785917822056
2015-08-25,529.98,VNINDEX,22.85310977372119,0.19652713109445732,-0.021453175021843535,0.5771557590542049,0.3331087702094354,-0.24144479383182482,0.03142956876828231,0.003710934790590962,0.02756798399761799,-0.1632470557089507
2015-08-26,545.89,VNINDEX,24.536656091757788,0.33687071567659793,0.24682249348151,2.957822026150403,8.748711138380475,-0.021453175021843535,-0.24144479383182482,0.03142956876828231,0.003710934790590962,0.02756798399761799
2015-08-27,555.81,VNINDEX,20.77401892251,0.06760162568655513,0.20033315748587055,1.8009018983430884,3.2432476474557395,0.24682249348151,-0.021453175021843535,-0.24144479383182482,0.03142956876828231,0.003710934790590962
2015-08-28,570.87,VNINDEX,20.962720434965068,0.10042208728586448,0.16829814288300626,2.673500375199419,7.147604256191434,0.20033315748587055,0.24682249348151,-0.021453175021843535,-0.24144479383182482,0.03142956876828231
2015-08-31,564.75,VNINDEX,19.133113037053114,-0.07575892793610534,-0.3092383688509434,-1.077835763391252,1.161729932845203,0.16829814288300626,0.20033315748587055,0.24682249348151,-0.021453175021843535,-0.24144479383182482
2015-09-01,562.31,VNINDEX,18.75803751624896,-0.08157222835489158,-0.21144611774867275,-0.43298561070782837,0.1874765390800311,-0.3092383688509434,0.16829814288300626,0.20033315748587055,0.24682249348151,-0.021453175021843535
2015-09-03,554.3,VNINDEX,19.71294506289073,-0.01811913889918772,-0.1760789633958911,-1.4347242815275434,2.0584337640047257,-0.21144611774867275,-0.3092383688509434,0.16829814288300626,0.20033315748587055,0.24682249348151
2015-09-04,556.81,VNINDEX,18.146580934350823,-0.10933344735492305,-0.1853327030625683,0.4518012203291037,0.2041243426908673,-0.1760789633958911,-0.21144611774867275,-0.3092383688509434,0.16829814288300626,0.20033315748587055
2015-09-07,554.93,VNINDEX,20.60105985449975,0.03959627478891675,-0.29076221516472683,-0.3382088963310398,0.11438525755746001,-0.1853327030625683,-0.1760789633958911,-0.21144611774867275,-0.3092383688509434,0.16829814288300626
2015-09-08,566.72,VNINDEX,19.491993898107975,-0.049442863095913524,-0.15475985464276157,2.1023374928729197,4.4198229339391935,-0.29076221516472683,-0.1853327030625683,-0.1760789633958911,-0.21144611774867275,-0.3092383688509434
2015-09-09,572.34,VNINDEX,20.278981492798707,-0.02185069851539208,-0.010565762274129198,0.9867865790703056,0.9737477526332766,-0.15475985464276157,-0.29076221516472683,-0.1853327030625683,-0.1760789633958911,-0.21144611774867275
2015-09-10,572.07,VNINDEX,18.821459509332698,-0.08762966067128476,-0.0529744074275297,-0.0471858870526524,0.0022265079369456695,-0.010565762274129198,-0.15475985464276157,-0.29076221516472683,-0.1853327030625683,-0.1760789633958911
2015-09-11,566.74,VNINDEX,18.914767870781308,-0.08416058524291364,-0.06454698147652976,-0.936071674672163,0.8762301801235478,-0.0529744074275297,-0.010565762274129198,-0.15475985464276157,-0.29076221516472683,-0.1853327030625683
2015-09-14,562.17,VNINDEX,21.06638552293708,0.051274458869232875,-0.3045955581411708,-0.8096349512239497,0.6555087542434074,-0.06454698147652976,-0.0529744074275297,-0.010565762274129198,-0.15475985464276157,-0.29076221516472683
2015-09-15,563.27,VNINDEX,19.304299863639105,-0.059444971463882446,-0.16717955149753347,0.19547916375420712,0.03821210346204412,-0.3045955581411708,-0.06454698147652976,-0.0529744074275297,-0.010565762274129198,-0.15475985464276157
2015-09-16,564.13,VNINDEX,20.879664912725797,0.012994231525538432,0.0016079063102967435,0.1525634498507139,0.023275606230351298,-0.16717955149753347,-0.3045955581411708,-0.06454698147652976,-0.0529744074275297,-0.010565762274129198
2015-09-17,562.48,VNINDEX,18.181784913179882,-0.14456806947761733,-0.06367293647198664,-0.2929143500827326,0.08579881648438963,0.0016079063102967435,-0.16717955149753347,-0.3045955581411708,-0.06454698147652976,-0.0529744074275297
2015-09-18,566.25,VNINDEX,19.852230565139447,-0.056968396634409925,-0.06284741152882918,0.668009890633777,0.44623721398455074,-0.06367293647198664,0.0016079063102967435,-0.16717955149753347,-0.3045955581411708,-0.06454698147652976
2015-09-21,572.12,VNINDEX,20.558419421920046,0.042613243829436744,-0.33092135076588586,1.031308278945555,1.0635967662216426,-0.06284741152882918,-0.06367293647198664,0.0016079063102967435,-0.16717955149753347,-0.3045955581411708
2015-09-22,573.2,VNINDEX,21.54251840707407,0.10696540411571598,-0.12227977196991197,0.18859363673175414,0.035567559815708846,-0.33092135076588586,-0.06284741152882918,-0.06367293647198664,0.0016079063102967435,-0.16717955149753347
2015-09-23,572.72,VNINDEX,18.900032904322696,-0.06615734271324399,0.027807101743970015,-0.08377548660872314,0.00701833215652835,-0.12227977196991197,-0.33092135076588586,-0.06284741152882918,-0.06367293647198664,0.0016079063102967435
2015-09-24,570.25,VNINDEX,19.93250636796826,-0.0040502885308397185,0.012252590957211207,-0.4322079923432238,0.18680374864536023,0.027807101743970015,-0.12227977196991197,-0.33092135076588586,-0.06284741152882918,-0.06367293647198664
2015-09-25,570.38,VNINDEX,18.44972069674895,-0.13274432521314436,-0.06765065215240895,0.02279442072588603,0.0005195856162287026,0.012252590957211207,0.027807101743970015,-0.12227977196991197,-0.33092135076588586,-0.06284741152882918
2015-09-28,564.88,VNINDEX,19.983556678556194,-0.003127723464911062,-0.3458591041936499,-0.9689486163664949,0.9388614211585449,-0.06765065215240895,0.012252590957211207,0.027807101743970015,-0.12227977196991197,-0.33092135076588586
2015-09-29,561.19,VNINDEX,21.020374328408362,0.04249631982576024,-0.1579917086975197,-0.6553790097917691,0.4295216464756398,-0.3458591041936499,-0.06765065215240895,0.012252590957211207,0.027807101743970015,-0.12227977196991197
2015-09-30,562.64,VNINDEX,21.124455851828017,0.03888168421323233,0.02608342685802763,0.2580462889589046,0.06658788724546248,-0.1579917086975197,-0.3458591041936499,-0.06765065215240895,0.012252590957211207,0.027807101743970015
2015-10-01,563.54,VNINDEX,19.543356756829493,-0.03432938171283345,0.015682874108720175,0.1598323876463729,0.025546392140740413,0.02608342685802763,-0.1579917086975197,-0.3458591041936499,-0.06765065215240895,0.012252590957211207
2015-10-02,564.15,VNINDEX,18.59043011243151,-0.10324223691292261,-0.03289664480417411,0.10818577082286918,0.01170416100853837,0.015682874108720175,0.02608342685802763,-0.1579917086975197,-0.3458591041936499,-0.06765065215240895
2015-10-05,570.0,VNINDEX,19.357052582065855,-0.027076616252424357,-0.3859697197334233,1.0316187244140873,1.0642371925617486,-0.03289664480417411,0.015682874108720175,0.02608342685802763,-0.1579917086975197,-0.3458591041936499
2015-10-06,581.29,VNINDEX,22.34309293687492,0.21308007751916028,-0.1471433984115695,1.961341090947609,3.846858875039557,-0.3859697197334233,-0.03289664480417411,0.015682874108720175,0.02608342685802763,-0.1579917086975197
2015-10-07,579.57,VNINDEX,21.087583518888753,0.09376698839746324,0.09325681655473352,-0.29633224654995116,0.08781280034534104,-0.1471433984115695,-0.3859697197334233,-0.03289664480417411,0.015682874108720175,0.02608342685802763
2015-10-08,586.78,VNINDEX,21.23263712077792,0.10678606580595205,0.13787771057419235,1.2363513252492566,1.5285645994455932,0.09325681655473352,-0.1471433984115695,-0.3859697197334233,-0.03289664480417411,0.015682874108720175
2015-10-09,588.02,VNINDEX,21.592873787809392,0.09926053226745574,0.09993786215695749,0.21109984005546262,0.0445631424714419,0.13787771057419235,0.09325681655473352,-0.1471433984115695,-0.3859697197334233,-0.03289664480417411
2015-10-12,592.1,VNINDEX,22.529363057909947,0.15473083985168518,-0.2128105053121986,0.6914578612110984,0.47811397383062665,0.09993786215695749,0.13787771057419235,0.09325681655473352,-0.1471433984115695,-0.3859697197334233
2015-10-13,590.84,VNINDEX,19.96069032849432,-0.025969570931604697,-0.09698294753636005,-0.21302863653313783,0.045381199983167746,-0.2128105053121986,0.09993786215695749,0.13787771057419235,0.09325681655473352,-0.1471433984115695
2015-10-14,589.98,VNINDEX,20.091008963924867,0.005052749006553688,0.044604672642211886,-0.14566151522792498,0.02121727701849502,-0.09698294753636005,-0.2128105053121986,0.09993786215695749,0.13787771057419235,0.09325681655473352
2015-10-15,592.4,VNINDEX,22.48700111973521,0.12084225300229051,0.03330847702574696,0.40934443735238757,0.16756286839134274,0.044604672642211886,-0.09698294753636005,-0.2128105053121986,0.09993786215695749,0.13787771057419235
2015-10-16,593.02,VNINDEX,21.176513640402153,0.06262260251050138,0.06283920150644899,0.10460428481618765,0.010942056401906106,0.03330847702574696,0.044604672642211886,-0.09698294753636005,-0.2128105053121986,0.09993786215695749
2015-10-19,594.61,VNINDEX,22.66701425977708,0.18662873638506572,-0.22450092425266552,0.2677603209697527,0.071695589485825,0.06283920150644899,0.03330847702574696,0.044604672642211886,-0.09698294753636005,-0.2128105053121986
2015-10-20,590.45,VNINDEX,18.78823643274742,-0.05785480429297582,-0.11522108675504517,-0.7020770404212148,0.49291217068661203,-0.22450092425266552,0.06283920150644899,0.03330847702574696,0.044604672642211886,-0.09698294753636005
2015-10-21,590.24,VNINDEX,20.610060775046534,0.020821169322602178,0.04986503380489782,-0.03557241989252211,0.001265397057009903,-0.11522108675504517,-0.22450092425266552,0.06283920150644899,0.03330847702574696,0.044604672642211886
2015-10-22,595.08,VNINDEX,21.005917856354714,0.0235940064655152,-0.004479876168285675,0.816661644067734,0.6669362408914142,0.04986503380489782,-0.11522108675504517,-0.22450092425266552,0.06283920150644899,0.03330847702574696
2015-10-23,601.74,VNINDEX,21.02878420641659,0.046435853932208816,0.030283676573442535,1.1129608039129089,1.2386817510464683,-0.004479876168285675,0.04986503380489782,-0.11522108675504517,-0.22450092425266552,0.06283920150644899
2015-10-26,598.61,VNINDEX,22.218091911908562,0.13729662771354326,-0.2523104809230527,-0.5215157402602634,0.2719786673392105,0.030283676573442535,-0.004479876168285675,0.04986503380489782,-0.11522108675504517,-0.22450092425266552
2015-10-27,598.44,VNINDEX,22.929910927286926,0.20630805462708265,-0.030382991679548332,-0.028403157953781694,0.0008067393817474723,-0.2523104809230527,0.030283676573442535,-0.004479876168285675,0.04986503380489782,-0.11522108675504517
2015-10-28,596.24,VNINDEX,21.883954415845306,0.09702056810870775,0.1468750834831117,-0.368299877259316,0.13564479958922723,-0.030382991679548332,-0.2523104809230527,0.030283676573442535,-0.004479876168285675,0.04986503380489782
2015-10-29,605.2,VNINDEX,21.010017601884957,0.09511302367076278,0.13281388213551817,1.4915711340762603,2.224784448009541,0.1468750834831117,-0.030382991679548332,-0.2523104809230527,0.030283676573442535,-0.004479876168285675
2015-10-30,607.37,VNINDEX,20.717513060415204,0.029001641794066946,0.073711744524513,0.35791786314496377,0.12810519675825702,0.13281388213551817,0.1468750834831117,-0.030382991679548332,-0.2523104809230527,0.030283676573442535
2015-11-02,602.76,VNINDEX,22.84463006212751,0.2123419927081226,-0.2934154934344639,-0.7619052995696955,0.5804996855123875,0.073711744524513,0.13281388213551817,0.1468750834831117,-0.030382991679548332,-0.2523104809230527
2015-11-03,611.71,VNINDEX,20.205447213867924,-0.051178590450976946,-0.13001407309257104,1.4739206447889568,2.172442067135094,-0.2934154934344639,0.073711744524513,0.13281388213551817,0.1468750834831117,-0.030382991679548332
2015-11-04,610.6,VNINDEX,19.275420973260427,-0.04615312597730631,0.03833675875994691,-0.18162336970657517,0.03298704842357129,-0.13001407309257104,-0.2934154934344639,0.073711744524513,0.13281388213551817,0.1468750834831117
2015-11-05,615.18,VNINDEX,19.499047970139586,-0.01166173061077678,-0.036331149013019516,0.7472827609277195,0.5584315247797552,0.03833675875994691,-0.13001407309257104,-0.2934154934344639,0.073711744524513,0.13281388213551817
2015-11-06,612.36,VNINDEX,19.721667489032544,1.1311524412434734e-05,-0.019267848354556416,-0.45945630461743286,0.21110009585270725,-0.036331149013019516,0.03833675875994691,-0.13001407309257104,-0.2934154934344639,0.073711744524513
2015-11-09,610.66,VNINDEX,21.28900504183004,0.0629475010044221,-0.27098242883652074,-0.27800053880735054,0.07728429957717721,-0.019267848354556416,-0.036331149013019516,0.03833675875994691,-0.13001407309257104,-0.2934154934344639
2015-11-10,605.27,VNINDEX,19.224370662672495,-0.047075691043235036,-0.14457418690769228,-0.8865700006973507,0.7860063661365004,-0.27098242883652074,-0.019267848354556416,-0.036331149013019516,0.03833675875994691,-0.13001407309257104
2015-11-11,603.53,VNINDEX,20.102373168434465,-0.02474560160710861,-0.0029579305486400385,-0.28788901418945567,0.08288008449097661,-0.14457418690769228,-0.27098242883652074,-0.019267848354556416,-0.036331149013019516,0.03833675875994691
2015-11-12,605.58,VNINDEX,20.124544588643726,-0.010531191054603891,-0.02745082790164871,0.33909271518843886,0.11498386949386771,-0.0029579305486400385,-0.14457418690769228,-0.27098242883652074,-0.019267848354556416,-0.036331149013019516
2015-11-13,611.27,VNINDEX,19.410396343031163,-0.017422900613729475,-0.01756656442514687,0.9352083611377284,0.8746146787419159,-0.02745082790164871,-0.0029579305486400385,-0.14457418690769228,-0.27098242883652074,-0.019267848354556416
2015-11-16,609.21,VNINDEX,22.162975909518995,0.115951517649433,-0.2600422749700843,-0.3375724233464702,0.1139551410040085,-0.01756656442514687,-0.02745082790164871,-0.0029579305486400385,-0.14457418690769228,-0.27098242883652074
2015-11-17,605.05,VNINDEX,20.940166633036778,0.0917711561363221,-0.07765716396874418,-0.6851936612674238,0.46949035344105705,-0.2600422749700843,-0.01756656442514687,-0.02745082790164871,-0.0029579305486400385,-0.14457418690769228
2015-11-18,603.34,VNINDEX,20.424069148416482,0.042264851100162835,0.0833291749619731,-0.28302139895904926,0.08010111226873733,-0.07765716396874418,-0.2600422749700843,-0.01756656442514687,-0.02745082790164871,-0.0029579305486400385
2015-11-19,601.9,VNINDEX,19.263640333303186,-0.0618877681677476,0.024049413022912896,-0.23895667007458313,0.05710029017313317,0.0833291749619731,-0.07765716396874418,-0.2600422749700843,-0.01756656442514687,-0.02745082790164871
2015-11-20,604.46,VNINDEX,19.436877895718407,-0.07078797316002382,-0.03013696340920256,0.4244178923014593,0.18013054730561312,0.024049413022912896,0.0833291749619731,-0.07765716396874418,-0.2600422749700843,-0.01756656442514687
2015-11-23,599.99,VNINDEX,21.06037298262028,0.08740815182250254,-0.3185077713411894,-0.7422509066150396,0.5509364083708482,-0.03013696340920256,0.024049413022912896,0.0833291749619731,-0.07765716396874418,-0.2600422749700843
2015-11-24,593.83,VNINDEX,20.25583664833186,-0.007786990092171116,-0.1517004829709314,-1.0319905295826064,1.0650044531481884,-0.3185077713411894,-0.03013696340920256,0.024049413022912896,0.0833291749619731,-0.07765716396874418
2015-11-25,595.7,VNINDEX,19.146492197535114,-0.05992057208708684,0.006566863214415315,0.3144101519878499,0.09885374367302287,-0.1517004829709314,-0.3185077713411894,-0.03013696340920256,0.024049413022912896,0.0833291749619731
2015-11-26,590.4,VNINDEX,19.74887802530102,0.006370148099373048,-0.02044580469329449,-0.8936911348379178,0.7986838444878854,0.006566863214415315,-0.1517004829709314,-0.3185077713411894,-0.03013696340920256,0.024049413022912896
2015-11-27,582.86,VNINDEX,18.705597345955795,-0.09974966724919822,-0.051100030412303564,-1.2853252994598887,1.6520611254316526,-0.02044580469329449,0.006566863214415315,-0.1517004829709314,-0.3185077713411894,-0.03013696340920256
2015-11-30,573.2,VNINDEX,20.884704028785013,0.0051386575479944,-0.2905014995557605,-1.671232433764699,2.7930178476670795,-0.051100030412303564,-0.02044580469329449,0.006566863214415315,-0.1517004829709314,-0.3185077713411894
2015-12-01,570.41,VNINDEX,20.17924415558565,-0.03471907379459719,-0.15846981639635166,-0.487929545080446,0.23807524096241098,-0.2905014995557605,-0.051100030412303564,-0.02044580469329449,0.006566863214415315,-0.1517004829709314
2015-12-02,574.42,VNINDEX,19.395905817248902,-0.08742168618104057,-0.03900070080921395,0.7005435566140846,0.4907612747135112,-0.15846981639635166,-0.2905014995557605,-0.051100030412303564,-0.02044580469329449,0.006566863214415315
2015-12-03,574.38,VNINDEX,17.978660982399788,-0.14519437223010545,-0.0891117107352473,-0.0069637883036443825,4.8494347537974304e-05,-0.03900070080921395,-0.15846981639635166,-0.2905014995557605,-0.051100030412303564,-0.02044580469329449
2015-12-04,571.62,VNINDEX,18.510188363331313,-0.10506387280942665,-0.11255997707352378,-0.4816763239573805,0.2320120810610954,-0.0891117107352473,-0.03900070080921395,-0.15846981639635166,-0.2905014995557605,-0.051100030412303564
2015-12-07,563.62,VNINDEX,19.371092618671856,-0.053707295696282874,-0.37180633631793164,-1.4094169391439304,1.9864561083458456,-0.11255997707352378,-0.0891117107352473,-0.03900070080921395,-0.15846981639635166,-0.2905014995557605
2015-12-08,574.15,VNINDEX,19.7028668307723,-0.002407990944099584,-0.19018697082316108,1.851042066689446,3.4263567326539355,-0.37180633631793164,-0.11255997707352378,-0.0891117107352473,-0.03900070080921395,-0.15846981639635166
2015-12-09,565.2,VNINDEX,20.190051371285307,0.00929368737156977,-0.015607199756270451,-1.5711035411825829,2.4683663371164517,-0.19018697082316108,-0.37180633631793164,-0.11255997707352378,-0.0891117107352473,-0.03900070080921395
2015-12-10,561.04,VNINDEX,19.69880113897067,-0.02283053594228122,-0.005314946504936561,-0.7387446581717515,0.545743669977298,-0.015607199756270451,-0.19018697082316108,-0.37180633631793164,-0.11255997707352378,-0.0891117107352473
2015-12-11,563.43,VNINDEX,18.574305286267663,-0.10249386821163088,-0.03867690559411365,0.42508979323006696,0.1807013323083811,-0.005314946504936561,-0.015607199756270451,-0.19018697082316108,-0.37180633631793164,-0.11255997707352378
2015-12-14,562.22,VNINDEX,20.488846947476834,0.0023658204050814127,-0.298470697367435,-0.21498697926452154,0.04621940125328381,-0.03867690559411365,-0.005314946504936561,-0.015607199756270451,-0.19018697082316108,-0.37180633631793164
2015-12-15,568.0,VNINDEX,19.98119339459338,0.00789552168243666,-0.15308127185478676,1.022818635284081,1.0461579606843896,-0.298470697367435,-0.03867690559411365,-0.005314946504936561,-0.015607199756270451,-0.19018697082316108
2015-12-16,572.55,VNINDEX,19.878780225283922,-0.008140524766572102,0.0007069391069824219,0.7978649138197005,0.636588420704518,-0.15308127185478676,-0.298470697367435,-0.03867690559411365,-0.005314946504936561,-0.015607199756270451
2015-12-17,577.11,VNINDEX,19.25929614709658,-0.04540475727601471,-0.01521658678671628,0.7932821726851349,0.6292966055000482,0.0007069391069824219,-0.15308127185478676,-0.298470697367435,-0.03867690559411365,-0.005314946504936561
2015-12-18,568.18,VNINDEX,19.814663302347572,-0.01071052936436793,-0.021418603802317804,-1.5594619659243172,2.4319216231645364,-0.01521658678671628,0.0007069391069824219,-0.15308127185478676,-0.298470697367435,-0.03867690559411365
2015-12-21,566.9,VNINDEX,19.183398584202987,-0.06370940406425175,-0.3720055585086011,-0.22553485966985667,0.05086597292630194,-0.021418603802317804,-0.01521658678671628,0.0007069391069824219,-0.15308127185478676,-0.298470697367435
2015-12-22,566.35,VNINDEX,17.024760913744217,-0.185829108454469,-0.2807497683093461,-0.09706596835353269,0.00942180221240901,-0.3720055585086011,-0.021418603802317804,-0.01521658678671628,0.0007069391069824219,-0.15308127185478676
2015-12-23,564.27,VNINDEX,18.657917797316877,-0.08887712423113409,-0.11280521224995117,-0.3679401295899793,0.13537993896269077,-0.2807497683093461,-0.3720055585086011,-0.021418603802317804,-0.01521658678671628,0.0007069391069824219
2015-12-24,566.17,VNINDEX,17.907141659441404,-0.1288855577030095,-0.13453059679620374,0.336152611221086,0.11299857803075458,-0.11280521224995117,-0.2807497683093461,-0.3720055585086011,-0.021418603802317804,-0.01521658678671628
2015-12-25,567.67,VNINDEX,18.882239724048645,-0.04575829195041565,-0.08784032462818593,0.2645877504909527,0.07000667770986263,-0.13453059679620374,-0.11280521224995117,-0.2807497683093461,-0.3720055585086011,-0.021418603802317804
2015-12-28,569.9,VNINDEX,19.482889090247127,-0.062009834116551234,-0.29111403585741885,0.39206428730104825,0.15371440537687892,-0.08784032462818593,-0.13453059679620374,-0.11280521224995117,-0.2807497683093461,-0.3720055585086011
2015-12-29,576.29,VNINDEX,18.3795912334958,-0.09918063685767044,-0.20155249126970753,1.1150099377545062,1.2432471612913079,-0.29111403585741885,-0.08784032462818593,-0.13453059679620374,-0.11280521224995117,-0.2807497683093461
2015-12-30,579.45,VNINDEX,19.7028668307723,-0.002407990944099584,-0.05453282063943996,0.5468371561901287,0.29903087539010725,-0.20155249126970753,-0.29111403585741885,-0.08784032462818593,-0.13453059679620374,-0.11280521224995117
2015-12-31,579.03,VNINDEX,16.477108706648846,-0.2252112391738561,-0.10893328899187493,-0.07250880781738017,0.005257527211097772,-0.05453282063943996,-0.20155249126970753,-0.29111403585741885,-0.08784032462818593,-0.13453059679620374
2016-01-04,574.41,VNINDEX,21.39551795666974,0.15050256465867853,-0.31896348808348857,-0.80108626490028,0.6417392038118815,-0.10893328899187493,-0.05453282063943996,-0.20155249126970753,-0.29111403585741885,-0.08784032462818593
2016-01-05,569.94,VNINDEX,18.178135656825898,-0.11945762167169537,-0.15846651622680566,-0.7812334923077208,0.6103257695033176,-0.31896348808348857,-0.10893328899187493,-0.05453282063943996,-0.20155249126970753,-0.29111403585741885
2016-01-06,574.57,VNINDEX,19.584050340894027,0.019209887198097853,0.016751610061694112,0.8090842818835715,0.6546173751910546,-0.15846651622680566,-0.31896348808348857,-0.10893328899187493,-0.05453282063943996,-0.20155249126970753
2016-01-07,565.36,VNINDEX,18.93200406224541,-0.030748524225912798,-0.043665419566503015,-1.615923856638296,2.6112099104527844,0.016751610061694112,-0.15846651622680566,-0.31896348808348857,-0.10893328899187493,-0.05453282063943996
2016-01-08,560.05,VNINDEX,19.191529967806247,-0.022864314067888514,-0.011467650365234042,-0.9436630924850505,0.8905000321184491,-0.043665419566503015,0.016751610061694112,-0.15846651622680566,-0.31896348808348857,-0.10893328899187493
2016-01-11,557.87,VNINDEX,18.929919272687567,-0.056630834968479704,-0.40293787664185415,-0.3900105129702012,0.15210820022727944,-0.011467650365234042,-0.043665419566503015,0.016751610061694112,-0.15846651622680566,-0.31896348808348857
2016-01-12,564.26,VNINDEX,19.629366605570134,0.01936058932738165,-0.2170697413702831,1.138917785322791,1.297133721724571,-0.40293787664185415,-0.011467650365234042,-0.043665419566503015,0.016751610061694112,-0.15846651622680566
2016-01-13,560.37,VNINDEX,18.595190734085755,-0.07419225500055202,-0.037154166880549594,-0.6917858341953029,0.47856764039329114,-0.2170697413702831,-0.40293787664185415,-0.011467650365234042,-0.043665419566503015,0.016751610061694112
2016-01-14,553.03,VNINDEX,17.746345613107426,-0.14671974581316904,-0.06718380382877982,-1.3185030240519713,1.738450224434193,-0.037154166880549594,-0.2170697413702831,-0.40293787664185415,-0.011467650365234042,-0.043665419566503015
2016-01-15,543.04,VNINDEX,18.07572248751644,-0.13549366812070412,-0.11880188964480798,-1.822926755294025,3.3230619551668017,-0.06718380382877982,-0.037154166880549594,-0.2170697413702831,-0.40293787664185415,-0.011467650365234042
2016-01-18,526.37,VNINDEX,20.885849447813886,0.11039555947335294,-0.33567607132808003,-3.1178594540254982,9.721047575056177,-0.11880188964480798,-0.06718380382877982,-0.037154166880549594,-0.2170697413702831,-0.40293787664185415
2016-01-19,535.77,VNINDEX,19.472914745442758,-0.014956609674510976,-0.16714932912921623,1.7700576995911623,3.1331042598819576,-0.33567607132808003,-0.11880188964480798,-0.06718380382877982,-0.037154166880549594,-0.2170697413702831
2016-01-20,529.44,VNINDEX,19.646464855991564,-0.009665898349635696,0.02859101714973585,-1.1885120328215901,1.4125608521617086,-0.16714932912921623,-0.33567607132808003,-0.11880188964480798,-0.06718380382877982,-0.037154166880549594
2016-01-21,521.88,VNINDEX,18.95111726863924,-0.014138305440249252,-0.012920271154798222,-1.4382167775754815,2.068467499299602,0.02859101714973585,-0.16714932912921623,-0.33567607132808003,-0.11880188964480798,-0.06718380382877982
2016-01-22,522.24,VNINDEX,18.816141898868512,-0.04286853080382616,-0.022224244864569948,0.068957593814027,0.004755149744620334,-0.012920271154798222,0.02859101714973585,-0.16714932912921623,-0.33567607132808003,-0.11880188964480798
2016-01-25,542.35,VNINDEX,19.974589811738024,0.06674385420846946,-0.36335401665617034,3.7784297150539103,14.276531111602374,-0.022224244864569948,-0.012920271154798222,0.02859101714973585,-0.16714932912921623,-0.33567607132808003
2016-01-26,537.73,VNINDEX,18.276621075376397,-0.04140557152685008,-0.20030001355860313,-0.855497403374603,0.7318758071806882,-0.36335401665617034,-0.022224244864569948,-0.012920271154798222,0.02859101714973585,-0.16714932912921623
2016-01-27,542.69,VNINDEX,17.48080716722979,-0.11847026301792368,-0.031043993445434372,0.9181679060525064,0.8430323037048443,-0.20030001355860313,-0.36335401665617034,-0.022224244864569948,-0.012920271154798222,0.02859101714973585
2016-01-28,539.47,VNINDEX,18.06970994719964,-0.09935997516743444,-0.08641193657073569,-0.5951078404504121,0.35415334176555313,-0.031043993445434372,-0.20030001355860313,-0.36335401665617034,-0.022224244864569948,-0.012920271154798222
2016-01-29,545.25,VNINDEX,17.677918557693086,-0.08171026731216587,-0.09984683516584096,1.0657228973236792,1.1357652938799774,-0.08641193657073569,-0.031043993445434372,-0.20030001355860313,-0.36335401665617034,-0.022224244864569948
2016-02-01,540.56,VNINDEX,17.933378771452293,-0.09424860215232318,-0.47062596942352886,-0.8638765837819418,0.7462827520067582,-0.09984683516584096,-0.08641193657073569,-0.031043993445434372,-0.20030001355860313,-0.36335401665617034
2016-02-02,536.45,VNINDEX,16.83748331472299,-0.1502982240183343,-0.3174736066077412,-0.7632278161163716,0.5825166992937659,-0.47062596942352886,-0.09984683516584096,-0.08641193657073569,-0.031043993445434372,-0.20030001355860313
2016-02-03,539.07,VNINDEX,15.655890557386636,-0.245846900607409,-0.16346457559268843,0.4872071523716711,0.23737080932211274,-0.3174736066077412,-0.47062596942352886,-0.09984683516584096,-0.08641193657073569,-0.031043993445434372
2016-02-04,542.15,VNINDEX,13.492179717140033,-0.4112075032271483,-0.2691175426176301,0.5697283311718674,0.324590371339881,-0.16346457559268843,-0.3174736066077412,-0.47062596942352886,-0.09984683516584096,-0.08641193657073569
2016-02-05,544.75,VNINDEX,13.373954269800317,-0.41230426465771397,-0.3564528894974233,0.4784257906538256,0.22889123716273818,-0.2691175426176301,-0.16346457559268843,-0.3174736066077412,-0.47062596942352886,-0.09984683516584096
2016-02-15,543.79,VNINDEX,14.393856346658414,-0.07327893661861314,-0.3343364837774195,-0.17638309090854917,0.03111099475845352,-0.3564528894974233,-0.2691175426176301,-0.16346457559268843,-0.3174736066077412,-0.47062596942352886
2016-02-16,548.05,VNINDEX,14.779652654244526,-0.05973355045064056,-0.20108822056058218,0.7803380746088554,0.6089275106842555,-0.3343364837774195,-0.3564528894974233,-0.2691175426176301,-0.16346457559268843,-0.3174736066077412
2016-02-17,547.05,VNINDEX,14.92928420036057,-0.002108633376533421,-0.04504037348192873,-0.18263177389334687,0.033354364835430576,-0.20108822056058218,-0.3343364837774195,-0.3564528894974233,-0.2691175426176301,-0.16346457559268843
2016-02-18,552.49,VNINDEX,14.17426906975237,-0.09518330610869909,-0.05234182997862406,0.9895127757799053,0.979135533431653,-0.04504037348192873,-0.20108822056058218,-0.3343364837774195,-0.3564528894974233,-0.2691175426176301
2016-02-19,554.03,VNINDEX,15.506910079366273,0.012676188899184662,-0.028205250195349002,0.2783503225088398,0.07747890204077512,-0.05234182997862406,-0.04504037348192873,-0.20108822056058218,-0.3343364837774195,-0.3564528894974233
2016-02-22,560.71,VNINDEX,15.47242255087946,0.013339402208295006,-0.2571586058351448,1.1985000914197212,1.4364024691330801,-0.028205250195349002,-0.05234182997862406,-0.04504037348192873,-0.20108822056058218,-0.3343364837774195
2016-02-23,561.28,VNINDEX,16.367508682434465,0.09321219282000934,-0.08823042403271482,0.10160519238801179,0.010323615120204889,-0.2571586058351448,-0.028205250195349002,-0.05234182997862406,-0.04504037348192873,-0.20108822056058218
2016-02-24,568.04,VNINDEX,15.87263944966082,0.06061741019538633,0.05572300174123052,1.1971949033048652,1.4332756364991457,-0.08823042403271482,-0.2571586058351448,-0.028205250195349002,-0.05234182997862406,-0.04504037348192873
2016-02-25,562.82,VNINDEX,15.144886649269456,-0.013271845151152442,0.04685258595474804,-0.9231977565287482,0.852294097659714,0.05572300174123052,-0.08823042403271482,-0.2571586058351448,-0.028205250195349002,-0.05234182997862406
2016-02-26,566.11,VNINDEX,14.670748766461053,-0.04261278207827347,0.0015775943219871053,0.5828544398617258,0.3397192980665261,0.04685258595474804,0.05572300174123052,-0.08823042403271482,-0.2571586058351448,-0.028205250195349002
2016-02-29,559.37,VNINDEX,15.928942725694952,0.04641929242937469,-0.23517254688834371,-1.1977255168457226,1.4345464137033532,0.0015775943219871053,0.04685258595474804,0.05572300174123052,-0.08823042403271482,-0.2571586058351448
2016-03-01,561.56,VNINDEX,15.74583199086934,0.03834325098567744,-0.10984428689518207,0.3907474662065588,0.15268358234684581,-0.23517254688834371,0.0015775943219871053,0.04685258595474804,0.05572300174123052,-0.08823042403271482
2016-03-02,570.18,VNINDEX,14.842826850127668,-0.0025964185153354927,0.027388708299905848,1.5233475347528367,2.320587711637545,-0.10984428689518207,-0.23517254688834371,0.0015775943219871053,0.04685258595474804,0.05572300174123052
2016-03-03,570.39,VNINDEX,15.572513920347035,0.03693071911035344,0.024225850526898754,0.03682369383255972,0.0013559844274740967,0.027388708299905848,-0.10984428689518207,-0.23517254688834371,0.0015775943219871053,0.04685258595474804
2016-03-04,573.65,VNINDEX,15.10218396248328,0.01882429514145742,0.017719531912158762,0.5699116855547687,0.32479932933187755,0.024225850526898754,0.027388708299905848,-0.10984428689518207,-0.23517254688834371,0.0015775943219871053
2016-03-07,576.2,VNINDEX,15.748399928958301,0.08818159563151642,-0.22411000707953327,0.4435368405276158,0.19672492890521973,0.017719531912158762,0.024225850526898754,0.027388708299905848,-0.10984428689518207,-0.23517254688834371
2016-03-08,574.71,VNINDEX,14.587277662716707,-0.012782619213903432,-0.10636103753608615,-0.2589256905308735,0.06704251321688967,-0.22411000707953327,0.017719531912158762,0.024225850526898754,0.027388708299905848,-0.10984428689518207
2016-03-09,571.71,VNINDEX,15.683395396387601,0.01002511252039813,0.028474696312670675,-0.5233695936725004,0.27391573158091814,-0.10636103753608615,-0.22411000707953327,0.017719531912158762,0.024225850526898754,0.027388708299905848
2016-03-10,575.91,VNINDEX,15.12578640983485,0.010514338457647106,0.002585610588047571,0.7319528679193951,0.5357550008554274,0.028474696312670675,-0.10636103753608615,-0.22411000707953327,0.017719531912158762,0.024225850526898754
2016-03-11,577.26,VNINDEX,15.668103081897646,0.045045809087422714,0.021861753355156277,0.23413731136400612,0.05482028057276555,0.002585610588047571,0.028474696312670675,-0.10636103753608615,-0.22411000707953327,0.017719531912158762
2016-03-14,577.98,VNINDEX,15.788231518358149,0.0676492577202189,-0.21121877638860886,0.12464943963591087,0.015537482801546586,0.021861753355156277,0.002585610588047571,0.028474696312670675,-0.10636103753608615,-0.22411000707953327
2016-03-15,574.04,VNINDEX,16.711968009065064,0.11184277291873397,-0.062353884445040156,-0.6840185694856202,0.46788140340115425,-0.21121877638860886,0.021861753355156277,0.002585610588047571,0.028474696312670675,-0.10636103753608615
2016-03-16,577.07,VNINDEX,16.600149705466173,0.1159500641691519,0.09848069826936856,0.5264496004749631,0.27714918184024834,-0.062353884445040156,-0.21121877638860886,0.021861753355156277,0.002585610588047571,0.028474696312670675
2016-03-17,579.26,VNINDEX,15.080515784959713,-0.007227865895582025,0.07352165706410159,0.3787850559053113,0.1434781185771898,0.09848069826936856,-0.062353884445040156,-0.21121877638860886,0.021861753355156277,0.002585610588047571
2016-03-18,575.82,VNINDEX,14.75896462270837,-0.03841011664488117,0.02343736054289655,-0.5956315008942422,0.3547768848575277,0.07352165706410159,0.09848069826936856,-0.062353884445040156,-0.21121877638860886,0.021861753355156277
2016-03-21,572.27,VNINDEX,14.820464389631786,-0.032890293519139246,-0.2574686201128414,-0.6184203875923608,0.3824437757898858,0.02343736054289655,0.07352165706410159,0.09848069826936856,-0.062353884445040156,-0.21121877638860886
2016-03-22,570.91,VNINDEX,15.37559340247316,0.04382814391883984,-0.11900945514989886,-0.23793289623739755,0.05661206311191619,-0.2574686201128414,0.02343736054289655,0.07352165706410159,0.09848069826936856,-0.062353884445040156
2016-03-23,574.71,VNINDEX,14.384918109367543,-0.04415973666994369,-0.0110739620900807,0.6633986725825622,0.4400977987843056,-0.11900945514989886,-0.2574686201128414,0.02343736054289655,0.07352165706410159,0.09848069826936856
2016-03-24,570.66,VNINDEX,14.667331965191355,0.011796565957417276,0.003821657735438133,-0.7071980022770298,0.5001290144246218,-0.0110739620900807,-0.11900945514989886,-0.2574686201128414,0.02343736054289655,0.07352165706410159
2016-03-25,572.08,VNINDEX,13.464746999019273,-0.09567534028300678,-0.042679503665177414,0.2485256017791561,0.06176497473969168,0.003821657735438133,-0.0110739620900807,-0.11900945514989886,-0.2574686201128414,0.02343736054289655
2016-03-28,575.72,VNINDEX,16.12981974760242,0.09784364020025588,-0.21973975475520569,0.6342589654329405,0.402284435232064,-0.042679503665177414,0.003821657735438133,-0.0110739620900807,-0.11900945514989886,-0.2574686201128414
2016-03-29,568.28,VNINDEX,15.343135118376605,0.0682729063738143,-0.06692214227436351,-1.3007176390593687,1.691866376560178,-0.21973975475520569,-0.042679503665177414,0.003821657735438133,-0.0110739620900807,-0.11900945514989886
2016-03-30,569.91,VNINDEX,14.549380343144861,-0.026612399023455663,0.046501382516871824,0.2864198621191041,0.0820363374163266,-0.06692214227436351,-0.21973975475520569,-0.042679503665177414,0.003821657735438133,-0.0110739620900807
2016-03-31,561.22,VNINDEX,14.444241061876948,-0.02283439719612511,0.006275370051411482,-1.5365468113031533,2.3609761033258883,0.046501382516871824,-0.06692214227436351,-0.21973975475520569,-0.042679503665177414,0.003821657735438133
2016-04-01,558.43,VNINDEX,13.069969135713201,-0.10467880600557147,-0.05137520074171711,-0.4983710578638797,0.24837371131636252,0.006275370051411482,0.046501382516871824,-0.06692214227436351,-0.21973975475520569,-0.042679503665177414
2016-04-04,555.82,VNINDEX,21.14421689200138,0.3506129972549329,0.04417090033043891,-0.4684774105441723,0.21947108419017297,-0.05137520074171711,0.006275370051411482,0.046501382516871824,-0.06692214227436351,-0.21973975475520569
2016-04-05,560.32,VNINDEX,17.906788546258902,0.14975839362156534,0.11838179472329138,0.8063548269531804,0.6502081069506935,0.04417090033043891,-0.05137520074171711,0.006275370051411482,0.046501382516871824,-0.06692214227436351
2016-04-06,567.79,VNINDEX,17.47861557129795,0.14240137501443778,0.2142575886303123,1.3243582951140234,1.7539248938373226,0.11838179472329138,0.04417090033043891,-0.05137520074171711,0.006275370051411482,0.046501382516871824
2016-04-07,571.6,VNINDEX,16.582289452887256,0.10113241609033742,0.13109739490878047,0.6687814007085023,0.44726856193362635,0.2142575886303123,0.11838179472329138,0.04417090033043891,-0.05137520074171711,0.006275370051411482
2016-04-08,572.34,VNINDEX,15.459064506217507,0.013997981054469852,0.08584392405308199,0.12937743294594345,0.016738520155682092,0.13109739490878047,0.2142575886303123,0.11838179472329138,0.04417090033043891,-0.05137520074171711
2016-04-11,579.27,VNINDEX,16.808493998173997,0.14275617823534054,-0.20279591776551475,1.203546973738515,1.4485253179951376,0.08584392405308199,0.13109739490878047,0.2142575886303123,0.11838179472329138,0.04417090033043891
2016-04-12,579.84,VNINDEX,16.730765089202304,0.14945873633708576,-0.04306923707865966,0.0983513292002779,0.009672983955461437,-0.20279591776551475,0.08584392405308199,0.13109739490878047,0.2142575886303123,0.11838179472329138
2016-04-13,578.02,VNINDEX,14.955339436698873,-0.002461995798989189,0.09658430625781267,-0.3143733264695903,0.09883058839555561,-0.04306923707865966,-0.20279591776551475,0.08584392405308199,0.13109739490878047,0.2142575886303123
2016-04-14,579.49,VNINDEX,16.22921683409768,0.11719324313555012,0.08806332789121588,0.2539936225658882,0.06451276030414287,0.09658430625781267,-0.04306923707865966,-0.20279591776551475,0.08584392405308199,0.13109739490878047
2016-04-15,579.86,VNINDEX,14.153665652280466,-0.058414180085557724,0.01877235575033471,0.06382887179226991,0.004074124874274029,0.08806332789121588,0.09658430625781267,-0.04306923707865966,-0.20279591776551475,0.08584392405308199
2016-04-19,568.28,VNINDEX,15.740089796096687,0.061470855748302196,-0.2240002439385041,-2.0172440089569412,4.069273391672672,0.01877235575033471,0.08806332789121588,0.09658430625781267,-0.04306923707865966,-0.20279591776551475
2016-04-20,568.03,VNINDEX,15.027326150897913,0.013963050861890279,-0.07654925665052345,-0.044002077607992275,0.0019361828338197752,-0.2240002439385041,0.01877235575033471,0.08806332789121588,0.09658430625781267,-0.04306923707865966
2016-04-21,575.73,VNINDEX,16.441126507164146,0.13667726878719055,0.07070372513246131,1.3464566570469299,1.8129455293059937,-0.07654925665052345,-0.2240002439385041,0.01877235575033471,0.08806332789121588,0.09658430625781267
2016-04-22,592.48,VNINDEX,15.437093169396576,0.04934796704458176,0.06666276223122085,2.867831636703684,8.224458296478529,0.07070372513246131,-0.07654925665052345,-0.2240002439385041,0.01877235575033471,0.08806332789121588
2016-04-25,591.58,VNINDEX,15.16081263202037,0.03590792064851176,-0.24967294217932373,-0.15201935262133723,0.02310988357141047,0.06666276223122085,0.07070372513246131,-0.07654925665052345,-0.2240002439385041,0.01877235575033471
2016-04-26,598.48,VNINDEX,15.301672418446117,0.06176521497881009,-0.0923435228388001,1.1596183925060217,1.3447148162382498,-0.24967294217932373,0.06666276223122085,0.07070372513246131,-0.07654925665052345,-0.2240002439385041
2016-04-27,593.96,VNINDEX,15.10000714806927,0.03462981148953406,0.0441009823722856,-0.7581130536288707,0.574735402082491,-0.0923435228388001,-0.24967294217932373,0.06666276223122085,0.07070372513246131,-0.07654925665052345
2016-04-28,591.67,VNINDEX,15.653505050380007,0.08430821962121153,0.06023441536318553,-0.38629299995073363,0.1492222818109375,0.0441009823722856,-0.0923435228388001,-0.24967294217932373,0.06666276223122085,0.07070372513246131
2016-04-29,598.37,VNINDEX,13.284055623193677,-0.10100029670200766,0.005979244802912946,1.1260244685338932,1.2679311037370364,0.06023441536318553,0.0441009823722856,-0.0923435228388001,-0.24967294217932373,0.06666276223122085
2016-05-04,599.07,VNINDEX,15.537184538864151,0.07293928394664022,-0.2861424735945159,0.11691610097175982,0.013669374666438737,0.005979244802912946,0.06023441536318553,0.0441009823722856,-0.0923435228388001,-0.24967294217932373
2016-05-05,601.51,VNINDEX,14.781327083204253,-0.00811624164107741,-0.11505673461262544,0.4064707657034946,0.1652184833715852,-0.2861424735945159,0.005979244802912946,0.06023441536318553,0.0441009823722856,-0.0923435228388001
2016-05-06,606.52,VNINDEX,13.971734289599183,-0.025135304816944527,0.01322924582953973,0.8294543552293563,0.6879945274089472,-0.11505673461262544,-0.2861424735945159,0.005979244802912946,0.06023441536318553,0.0441009823722856
2016-05-09,603.85,VNINDEX,14.733879643915106,-0.010052929646229891,-0.31907367746123405,-0.44118812113541445,0.19464695823099712,0.01322924582953973,-0.11505673461262544,-0.2861424735945159,0.005979244802912946,0.06023441536318553
2016-05-10,605.05,VNINDEX,14.693111226956935,-0.012318907074469768,-0.17233320841055122,0.19852765226771205,0.03941322871492959,-0.31907367746123405,0.01322924582953973,-0.11505673461262544,-0.2861424735945159,0.005979244802912946
2016-05-11,614.06,VNINDEX,14.758418918825,0.004435429009497199,-0.005978802570400538,1.4781543998512412,2.184940429799583,-0.17233320841055122,-0.31907367746123405,0.01322924582953973,-0.11505673461262544,-0.2861424735945159
2016-05-12,612.12,VNINDEX,14.151731382452464,-0.024052062364707947,-0.01064518014322656,-0.3164301519738242,0.10012804107817747,-0.005978802570400538,-0.17233320841055122,-0.31907367746123405,0.01322924582953973,-0.11505673461262544
2016-05-13,610.82,VNINDEX,12.19274325673711,-0.16973394853847137,-0.06311686063122708,-0.21260249720586213,0.04519982181816862,-0.01064518014322656,-0.005978802570400538,-0.17233320841055122,-0.31907367746123405,0.01322924582953973
2016-05-16,615.78,VNINDEX,13.133100013167255,-0.07211895357352788,-0.32821869771915285,0.8087440134901114,0.6540668793560934,-0.06311686063122708,-0.01064518014322656,-0.005978802570400538,-0.17233320841055122,-0.31907367746123405
2016-05-17,624.75,VNINDEX,14.76222684376965,0.01566994196772217,-0.18243293276314304,1.4461812829383793,2.091440303121297,-0.32821869771915285,-0.06311686063122708,-0.01064518014322656,-0.005978802570400538,-0.17233320841055122
2016-05-18,622.45,VNINDEX,13.865900725358955,-0.0255990169563782,-0.027349342854061022,-0.3688265887266702,0.1360330525517523,-0.18243293276314304,-0.32821869771915285,-0.06311686063122708,-0.01064518014322656,-0.005978802570400538
2016-05-19,619.2,VNINDEX,14.626563548233182,0.009530588529177413,-0.0001328288198259274,-0.5234981552277574,0.27405031852686523,-0.027349342854061022,-0.18243293276314304,-0.32821869771915285,-0.06311686063122708,-0.01064518014322656
2016-05-20,614.81,VNINDEX,13.68496680494735,-0.049480574748152095,-0.021849667725117344,-0.7115045291178214,0.5062386949551727,-0.0001328288198259274,-0.027349342854061022,-0.18243293276314304,-0.32821869771915285,-0.06311686063122708
2016-05-23,611.03,VNINDEX,12.326924020831882,-0.14354736478508562,-0.26927562880899153,-0.6167219181767543,0.3803459243596152,-0.021849667725117344,-0.0001328288198259274,-0.027349342854061022,-0.18243293276314304,-0.32821869771915285
2016-05-24,611.62,VNINDEX,11.694066099018814,-0.2135632441213194,-0.2211800850041016,0.09651168295036773,0.009314504945912301,-0.26927562880899153,-0.021849667725117344,-0.0001328288198259274,-0.027349342854061022,-0.18243293276314304
2016-05-25,611.89,VNINDEX,12.391294885141622,-0.14959134404065608,-0.1689006509823534,0.04413531632480127,0.0019479261470902694,-0.2211800850041016,-0.26927562880899153,-0.021849667725117344,-0.0001328288198259274,-0.027349342854061022
2016-05-26,604.34,VNINDEX,12.283284506487384,-0.13424953983201304,-0.16580137599799588,-1.2415574329824957,1.5414648593940843,-0.1689006509823534,-0.2211800850041016,-0.26927562880899153,-0.021849667725117344,-0.0001328288198259274
2016-05-27,608.11,VNINDEX,12.657331019828213,-0.12849991980695055,-0.13744693455987295,0.6218833189060262,0.3867388623335743,-0.16580137599799588,-0.1689006509823534,-0.2211800850041016,-0.26927562880899153,-0.021849667725117344
2016-05-30,614.5,VNINDEX,14.067323451149793,-0.017020214839875335,-0.34608230861093725,1.0453142351530884,1.0926818502136861,-0.13744693455987295,-0.16580137599799588,-0.1689006509823534,-0.2211800850041016,-0.26927562880899153
2016-05-31,618.44,VNINDEX,13.397505037323203,-0.07806755864612394,-0.21371193047568068,0.6391249228304393,0.408480666983015,-0.34608230861093725,-0.13744693455987295,-0.16580137599799588,-0.1689006509823534,-0.2211800850041016
2016-06-01,619.86,VNINDEX,13.379644784744286,-0.09288520672493843,-0.06265766007031227,0.22934678550151694,0.05259994801987882,-0.21371193047568068,-0.34608230861093725,-0.13744693455987295,-0.16580137599799588,-0.1689006509823534
2016-06-02,623.37,VNINDEX,14.113834062880619,-0.0378818421742602,-0.06961153584844056,0.5646596890489326,0.3188405644368373,-0.06265766007031227,-0.21371193047568068,-0.34608230861093725,-0.13744693455987295,-0.16580137599799588
2016-06-03,621.88,VNINDEX,14.055205393343531,-0.05496546768131445,-0.061910838860170736,-0.23930948983584152,0.05726903192549074,-0.06961153584844056,-0.06265766007031227,-0.21371193047568068,-0.34608230861093725,-0.13744693455987295
2016-06-06,620.05,VNINDEX,13.420413201702457,-0.0906192292966986,-0.3134006564026116,-0.2947028132758733,0.08684974815271423,-0.061910838860170736,-0.06961153584844056,-0.06265766007031227,-0.21371193047568068,-0.34608230861093725
2016-06-07,624.65,VNINDEX,12.919559229570151,-0.11864300853146997,-0.1950379155851048,0.7391372929056955,0.5463239377639599,-0.3134006564026116,-0.061910838860170736,-0.06961153584844056,-0.06265766007031227,-0.21371193047568068
2016-06-08,627.87,VNINDEX,12.236382771081608,-0.1790317734915439,-0.1294313371065705,0.51416457921579,0.2643652145201503,-0.1950379155851048,-0.3134006564026116,-0.061910838860170736,-0.06961153584844056,-0.06265766007031227
2016-06-09,631.26,VNINDEX,13.56196727110052,-0.06052022099963601,-0.1193983343408833,0.5384683378255251,0.2899481508405838,-0.1294313371065705,-0.1950379155851048,-0.3134006564026116,-0.061910838860170736,-0.06961153584844056
2016-06-10,629.84,VNINDEX,12.828472275936505,-0.11128187158354992,-0.11694462202490963,-0.22520031720396275,0.05071518286876544,-0.1193983343408833,-0.1294313371065705,-0.1950379155851048,-0.3134006564026116,-0.061910838860170736
2016-06-13,623.58,VNINDEX,12.593654438490788,-0.1182142265846158,-0.3806455706350376,-0.9988754047826491,0.9977520742797011,-0.11694462202490963,-0.1193983343408833,-0.1294313371065705,-0.1950379155851048,-0.3134006564026116
2016-06-14,625.43,VNINDEX,12.872111790281004,-0.12057969653662247,-0.2414512278594801,0.2962348344513711,0.08775507714243125,-0.3806455706350376,-0.11694462202490963,-0.1193983343408833,-0.1294313371065705,-0.1950379155851048
2016-06-15,627.02,VNINDEX,12.36838672076237,-0.13703967339008147,-0.12527786550377293,0.2539024877928414,0.06446647330739398,-0.2414512278594801,-0.3806455706350376,-0.11694462202490963,-0.1193983343408833,-0.1294313371065705
2016-06-16,625.11,VNINDEX,12.80774092597126,-0.11453571728105205,-0.12405169573591836,-0.30508038006088783,0.09307403829809577,-0.12527786550377293,-0.2414512278594801,-0.3806455706350376,-0.11694462202490963,-0.1193983343408833
2016-06-17,619.25,VNINDEX,11.964604441622367,-0.17699559296262468,-0.14285699454458575,-0.9418565880749635,0.8870938325002116,-0.12405169573591836,-0.12527786550377293,-0.2414512278594801,-0.3806455706350376,-0.11694462202490963
2016-06-20,626.46,VNINDEX,11.752694768555902,-0.1964796186142651,-0.386922092350457,1.1575857160605036,1.340004690027309,-0.14285699454458575,-0.12405169573591836,-0.12527786550377293,-0.2414512278594801,-0.3806455706350376
2016-06-21,628.0,VNINDEX,13.942147102888953,-0.0122543447432825,-0.22118008500410155,0.24552409381246018,0.06028208064242975,-0.386922092350457,-0.14285699454458575,-0.12405169573591836,-0.12527786550377293,-0.2414512278594801
2016-06-22,626.41,VNINDEX,12.117885445151742,-0.1745951928180385,-0.12777638539186173,-0.2535057678930303,0.06426517435503495,-0.22118008500410155,-0.386922092350457,-0.14285699454458575,-0.12405169573591836,-0.12527786550377293
2016-06-23,632.27,VNINDEX,13.738156439009153,-0.07067149150562438,-0.08584034302231482,0.931140931703565,0.8670234346937832,-0.12777638539186173,-0.22118008500410155,-0.386922092350457,-0.14285699454458575,-0.12405169573591836
2016-06-24,620.77,VNINDEX,13.660670074623464,-0.045412332031106076,-0.09689300545158934,-1.8355875147241054,3.369381524211018,-0.08584034302231482,-0.12777638539186173,-0.22118008500410155,-0.386922092350457,-0.14285699454458575
2016-06-27,621.27,VNINDEX,14.058319035315863,-0.04797266868985384,-0.32129935889587735,0.0805127092540648,0.0064822963514295714,-0.09689300545158934,-0.08584034302231482,-0.12777638539186173,-0.22118008500410155,-0.386922092350457
2016-06-28,622.2,VNINDEX,20.041332171621924,0.20108854692265155,-0.11221688866619639,0.14958144119331965,0.022374607549470543,-0.32129935889587735,-0.09689300545158934,-0.08584034302231482,-0.12777638539186173,-0.22118008500410155
2016-06-29,630.12,VNINDEX,18.746117105663146,0.200983756344913,0.11803321152590385,1.2648692974231583,1.5998943395637542,-0.11221688866619639,-0.32129935889587735,-0.09689300545158934,-0.08584034302231482,-0.12777638539186173
2016-06-30,632.26,VNINDEX,16.344903677352576,0.044361716443432564,0.14881133990366596,0.3390424515498444,0.1149497839529286,0.11803321152590385,-0.11221688866619639,-0.32129935889587735,-0.09689300545158934,-0.08584034302231482
2016-07-01,640.3,VNINDEX,15.200401676834211,-0.0031810186355588216,0.08072148471759588,1.2636114571489883,1.5967139146381895,0.14881133990366596,0.11803321152590385,-0.11221688866619639,-0.32129935889587735,-0.09689300545158934
2016-07-04,647.96,VNINDEX,15.904552029874004,0.07901819339479024,-0.27735716137374533,1.1892149527180906,1.4142322037682906,0.08072148471759588,0.14881133990366596,0.11803321152590385,-0.11221688866619639,-0.32129935889587735
2016-07-05,650.88,VNINDEX,15.0327651863732,0.052237593126416904,-0.11733435543839182,0.44963273682031046,0.20216959802052256,-0.27735716137374533,0.08072148471759588,0.14881133990366596,0.11803321152590385,-0.11221688866619639
2016-07-06,649.46,VNINDEX,13.956745134406592,-0.05151675527707132,0.02657967708137891,-0.21840450412295093,0.04770052742119209,-0.11733435543839182,-0.27735716137374533,0.08072148471759588,0.14881133990366596,0.11803321152590385
2016-07-07,661.12,VNINDEX,14.384372405484172,-0.0013141910155654614,-0.00019778438873965798,1.7794118112307962,3.1663063939476626,0.02657967708137891,-0.11733435543839182,-0.27735716137374533,0.08072148471759588,0.14881133990366596
2016-07-08,658.68,VNINDEX,15.076404700717701,0.04293976817334445,-0.0032970593730971415,-0.36975341414209906,0.13671758726973862,-0.00019778438873965798,0.02657967708137891,-0.11733435543839182,-0.27735716137374533,0.08072148471759588
2016-07-11,652.26,VNINDEX,14.414896419752726,0.008603164250309926,-0.293635287698254,-0.9794576905834037,0.9593373676429746,-0.0032970593730971415,-0.00019778438873965798,0.02657967708137891,-0.11733435543839182,-0.27735716137374533
2016-07-12,658.9,VNINDEX,13.547914943466253,-0.06410335612022544,-0.16848174641503513,1.0128522475810178,1.0258696754299192,-0.293635287698254,-0.0032970593730971415,-0.00019778438873965798,0.02657967708137891,-0.11733435543839182
2016-07-13,675.12,VNINDEX,15.865657268032479,0.12234884664562504,0.022282884925236803,2.4318674929936868,5.913979503479399,-0.16848174641503513,-0.293635287698254,-0.0032970593730971415,-0.00019778438873965798,0.02657967708137891
2016-07-14,666.69,VNINDEX,14.757421476555319,0.06159586206988428,0.0399471175317616,-1.2565282588224087,1.5788632652192742,0.022282884925236803,-0.16848174641503513,-0.293635287698254,-0.0032970593730971415,-0.00019778438873965798
2016-07-15,664.56,VNINDEX,14.945486157684204,0.07083324303256193,0.08492598391602404,-0.32000027306710144,0.10240017476301949,0.0399471175317616,0.022282884925236803,-0.16848174641503513,-0.293635287698254,-0.0032970593730971415
2016-07-18,673.5,VNINDEX,14.986254574642377,0.07309922046080179,-0.2679527120778984,1.3362828319602762,1.7856518069917757,0.08492598391602404,0.0399471175317616,0.022282884925236803,-0.16848174641503513,-0.293635287698254
2016-07-19,667.76,VNINDEX,13.182724266870412,-0.08598778191645211,-0.15474871356872139,-0.8559168307937502,0.7325936212360173,-0.2679527120778984,0.08492598391602404,0.0399471175317616,0.022282884925236803,-0.16848174641503513
2016-07-20,660.26,VNINDEX,13.38058161230261,-0.07008689138540104,-0.02765848428035047,-1.129513070182144,1.2757997757122932,-0.15474871356872139,-0.2679527120778984,0.08492598391602404,0.0399471175317616,0.022282884925236803
2016-07-21,659.57,VNINDEX,14.620127070488213,0.028416479325037835,-0.04255273132560481,-0.1045589299928319,0.010932569841245922,-0.02765848428035047,-0.15474871356872139,-0.2679527120778984,0.08492598391602404,0.0399471175317616
2016-07-22,649.87,VNINDEX,14.133871129873546,-0.03886971044352239,-0.0268467075012949,-1.4815764653715762,2.1950688227429334,-0.04255273132560481,-0.02765848428035047,-0.15474871356872139,-0.2679527120778984,0.08492598391602404
2016-07-25,649.3,VNINDEX,14.575550728585393,0.014915988938573006,-0.30971089693924775,-0.08774833725746888,0.0076997706914505,-0.0268467075012949,-0.04255273132560481,-0.02765848428035047,-0.15474871356872139,-0.2679527120778984
2016-07-26,648.59,VNINDEX,13.369400382054668,-0.08523382888730296,-0.16335616828129434,-0.10940835830825586,0.011970188867707699,-0.30971089693924775,-0.0268467075012949,-0.04255273132560481,-0.02765848428035047,-0.15474871356872139
2016-07-27,656.11,VNINDEX,13.119047685532987,-0.07570208869411738,-0.04867330954761548,1.1527681882349419,1.3288744958064704,-0.16335616828129434,-0.30971089693924775,-0.0268467075012949,-0.04255273132560481,-0.02765848428035047
2016-07-28,657.14,VNINDEX,13.791042913773587,-0.030460261235945335,-0.06379872627245492,0.1568627772626434,0.02460593089054967,-0.04867330954761548,-0.16335616828129434,-0.30971089693924775,-0.0268467075012949,-0.04255273132560481
2016-07-29,652.23,VNINDEX,14.711908307094173,0.025297056343882064,-0.026955097862059914,-0.7499825128924856,0.5624737696445273,-0.06379872627245492,-0.04867330954761548,-0.16335616828129434,-0.30971089693924775,-0.0268467075012949
2016-08-01,648.38,VNINDEX,14.019876011860646,-0.01895690284502775,-0.2849252016636594,-0.5920316228920344,0.350501442504176,-0.026955097862059914,-0.06379872627245492,-0.04867330954761548,-0.16335616828129434,-0.30971089693924775
2016-08-02,636.05,VNINDEX,13.49759640679078,-0.05447624174406551,-0.15728615667014254,-1.9199767626269242,3.686310769027364,-0.2849252016636594,-0.026955097862059914,-0.06379872627245492,-0.04867330954761548,-0.16335616828129434
2016-08-03,631.61,VNINDEX,13.955505147550905,-0.01291292358945729,-0.028782022726183215,-0.7005061540497214,0.490708871861532,-0.15728615667014254,-0.2849252016636594,-0.026955097862059914,-0.06379872627245492,-0.04867330954761548
2016-08-04,631.94,VNINDEX,13.361238828281998,-0.06485730914937458,-0.044082158160965806,0.05223378694996151,0.0027283684991339695,-0.028782022726183215,-0.15728615667014254,-0.2849252016636594,-0.026955097862059914,-0.06379872627245492
2016-08-05,627.39,VNINDEX,13.600558873644681,-0.042448727223319466,-0.040072986654050465,-0.7226096096695462,0.522164647986774,-0.044082158160965806,-0.028782022726183215,-0.15728615667014254,-0.2849252016636594,-0.026955097862059914
2016-08-08,629.46,VNINDEX,13.436096639867365,-0.059996064869807436,-0.32003865217316957,0.32939521369225355,0.10850120680336538,-0.040072986654050465,-0.044082158160965806,-0.028782022726183215,-0.15728615667014254,-0.2849252016636594
2016-08-09,637.34,VNINDEX,13.466378109549911,-0.06863531097670522,-0.19073438484768157,1.2440956168125779,1.5477739037722686,-0.32003865217316957,-0.040072986654050465,-0.044082158160965806,-0.028782022726183215,-0.15728615667014254
2016-08-10,648.33,VNINDEX,13.590314470955065,-0.034797349385683976,-0.05447624174406525,1.7096560843470234,2.9229239267447964,-0.19073438484768157,-0.32003865217316957,-0.040072986654050465,-0.044082158160965806,-0.028782022726183215
2016-08-11,660.24,VNINDEX,13.230865989131875,-0.07980937994453531,-0.06108068010230787,1.8203579301383481,3.313702993817571,-0.05447624174406525,-0.19073438484768157,-0.32003865217316957,-0.040072986654050465,-0.044082158160965806
2016-08-12,655.71,VNINDEX,12.873048617839327,-0.09778138119708507,-0.07079603684243449,-0.6884787254223044,0.4740029553591208,-0.06108068010230787,-0.05447624174406525,-0.19073438484768157,-0.32003865217316957,-0.040072986654050465
2016-08-15,659.47,VNINDEX,15.851362395812204,0.10020911015226255,-0.25382229544132884,0.5717864085683906,0.3269396970235385,-0.07079603684243449,-0.06108068010230787,-0.05447624174406525,-0.19073438484768157,-0.32003865217316957
2016-08-16,658.11,VNINDEX,14.302141288595513,-0.010087859838809419,-0.10586730002031791,-0.20643915101839255,0.042617123073194686,-0.25382229544132884,-0.07079603684243449,-0.06108068010230787,-0.05447624174406525,-0.19073438484768157
2016-08-17,660.51,VNINDEX,15.708325794972446,0.09015733217004086,0.060092860827831635,0.3640173287484977,0.13250861562919183,-0.10586730002031791,-0.25382229544132884,-0.07079603684243449,-0.06108068010230787,-0.05447624174406525
2016-08-18,660.65,VNINDEX,40.145277772944404,2.5591037956674945,0.8797244226662424,0.02119349670351135,0.0004491643025217464,0.060092860827831635,-0.10586730002031791,-0.25382229544132884,-0.07079603684243449,-0.06108068010230787
2016-08-19,662.28,VNINDEX,12.008243955966865,-0.18629341791569717,0.8209892366406133,0.24642283791843916,0.060724215047777336,0.8797244226662424,0.060092860827831635,-0.10586730002031791,-0.25382229544132884,-0.07079603684243449
2016-08-22,657.68,VNINDEX,15.230925691102764,0.006736336630316558,-0.2479181047031217,-0.6969936395532311,0.4858001335776595,0.8209892366406133,0.8797244226662424,0.060092860827831635,-0.10586730002031791,-0.25382229544132884
2016-08-23,659.16,VNINDEX,21.786233809856803,0.34309192379285114,-0.009047140382931418,0.22478062986513464,0.05052633156256666,-0.2479181047031217,0.8209892366406133,0.8797244226662424,0.060092860827831635,-0.10586730002031791
2016-08-24,660.77,VNINDEX,24.904079423022154,0.4784975331390441,0.2761085978540709,0.2439524517911264,0.05951279873490185,-0.009047140382931418,-0.2479181047031217,0.8209892366406133,0.8797244226662424,0.060092860827831635
2016-08-25,658.5,VNINDEX,25.054489329165204,0.49246173566494267,0.43801706419894626,-0.3441300477104854,0.11842548973722095,0.2761085978540709,-0.009047140382931418,-0.2479181047031217,0.8209892366406133,0.8797244226662424
2016-08-26,667.75,VNINDEX,27.55516045868239,0.5884746301017928,0.5198112996352602,1.3949330806734412,1.9458382995570973,0.43801706419894626,0.2761085978540709,-0.009047140382931418,-0.2479181047031217,0.8209892366406133
2016-08-29,669.44,VNINDEX,32.196056793623896,0.7926488214770288,0.5218179055985659,0.25276900063786023,0.06389216768346259,0.5198112996352602,0.43801706419894626,0.2761085978540709,-0.009047140382931418,-0.2479181047031217
2016-08-30,672.67,VNINDEX,31.356728234219652,0.7414234587536812,0.6370813714317152,0.4813325638105343,0.23168103698442208,0.5218179055985659,0.5198112996352602,0.43801706419894626,0.2761085978540709,-0.009047140382931418
2016-08-31,674.63,VNINDEX,33.34466987838427,0.7900239224870937,0.7746987342392683,0.29095248017088404,0.08465334571758867,0.6370813714317152,0.5218179055985659,0.5198112996352602,0.43801706419894626,0.2761085978540709
2016-09-01,669.19,VNINDEX,32.95369994002285,0.7922549697227541,0.7745674503211767,-0.809636665102496,0.6555115294782913,0.7746987342392683,0.6370813714317152,0.5218179055985659,0.5198112996352602,0.43801706419894626
2016-09-05,664.55,VNINDEX,36.61836443316797,0.977668276623712,0.661254600466463,-0.6957905917896311,0.48412454762296503,0.7745674503211767,0.7746987342392683,0.6370813714317152,0.5218179055985659,0.5198112996352602
2016-09-06,663.9,VNINDEX,36.36499206017101,0.9516765595770673,0.8061103209031164,-0.09785841422281082,0.009576269234203223,0.661254600466463,0.7745674503211767,0.7746987342392683,0.6370813714317152,0.5218179055985659
2016-09-07,661.28,VNINDEX,30.311623320196546,0.713230326609984,0.8808583876035881,-0.3954184961691482,0.15635578711267067,0.8061103209031164,0.661254600466463,0.7745674503211767,0.7746987342392683,0.6370813714317152
2016-09-08,666.07,VNINDEX,23.283808429164743,0.37457383182663007,0.6798269060045607,0.7217419358917547,0.5209114220247778,0.8808583876035881,0.8061103209031164,0.661254600466463,0.7745674503211767,0.7746987342392683
2016-09-09,666.88,VNINDEX,23.60055422420176,0.4516820026780913,0.5131620537049021,0.1215349562552841,0.014770745591973819,0.6798269060045607,0.8808583876035881,0.8061103209031164,0.661254600466463,0.7745674503211767
2016-09-12,659.76,VNINDEX,20.00981071508369,0.24833162471716333,0.04569319534679206,-1.0733987159792755,1.1521848034659574,0.5131620537049021,0.6798269060045607,0.8808583876035881,0.8061103209031164,0.661254600466463
2016-09-13,659.72,VNINDEX,17.31321650996231,0.1020557220284124,0.10509945783862074,-0.006062994514840927,3.675990248699117e-05,0.04569319534679206,0.5131620537049021,0.6798269060045607,0.8808583876035881,0.8061103209031164
2016-09-14,656.64,VNINDEX,16.637110197479696,0.10698152863916682,0.15245629179491443,-0.46795794776562616,0.2189846408770165,0.10509945783862074,0.04569319534679206,0.5131620537049021,0.6798269060045607,0.8808583876035881
2016-09-15,656.18,VNINDEX,15.623526739994825,0.031545318700957815,0.08019418978951262,-0.07007815524219817,0.004910947842149627,0.15245629179491443,0.10509945783862074,0.04569319534679206,0.5131620537049021,0.6798269060045607
2016-09-16,651.31,VNINDEX,15.773242363165558,0.04126780726009208,0.05993155153340584,-0.7449422207818029,0.5549389123033245,0.08019418978951262,0.15245629179491443,0.10509945783862074,0.04569319534679206,0.5131620537049021
2016-09-19,657.89,VNINDEX,15.009465898318997,-0.0008545972169241162,-0.21317698517082379,1.00520247559766,1.0104320169476644,0.05993155153340584,0.08019418978951262,0.15245629179491443,0.10509945783862074,0.04569319534679206
2016-09-20,663.37,VNINDEX,15.985846319204338,0.0649935468784968,-0.10775878721562854,0.8295159806623156,0.6880967621741632,-0.21317698517082379,0.05993155153340584,0.08019418978951262,0.15245629179491443,0.10509945783862074
2016-09-21,668.48,VNINDEX,14.652342809998764,-0.01458488450270963,0.016518021719621294,0.7673574463545896,0.5888374504758368,-0.10775878721562854,-0.21317698517082379,0.05993155153340584,0.08019418978951262,0.15245629179491443
2016-09-22,671.38,VNINDEX,15.380095610390127,0.059304370843829106,0.036571011073205706,0.43288172324088886,0.1873865863160015,0.016518021719621294,-0.10775878721562854,-0.21317698517082379,0.05993155153340584,0.08019418978951262
2016-09-23,674.09,VNINDEX,14.050703185426563,-0.07044169460630378,-0.00857406942172783,0.40283375544756944,0.1622750345279922,0.036571011073205706,0.016518021719621294,-0.10775878721562854,-0.21317698517082379,0.05993155153340584
2016-09-26,677.04,VNINDEX,14.974136516836115,0.03515396761936267,-0.2588811519881653,0.4366722206764806,0.19068262831052896,-0.00857406942172783,0.036571011073205706,0.016518021719621294,-0.10775878721562854,-0.21317698517082379
2016-09-27,684.89,VNINDEX,14.73100854652878,0.001510872735082519,-0.1391824782617748,1.152788606378731,1.3289215709966167,-0.2588811519881653,-0.00857406942172783,0.036571011073205706,0.016518021719621294,-0.10775878721562854
2016-09-28,686.72,VNINDEX,14.694742337487574,0.014721122231831921,0.017128654195425967,0.26683985766411206,0.07120350963820359,-0.1391824782617748,-0.2588811519881653,-0.00857406942172783,0.036571011073205706,0.016518021719621294
2016-09-29,688.55,VNINDEX,15.120044215062197,0.0336419432202719,0.01662464606239571,0.2661297170855873,0.07082502631605474,0.017128654195425967,-0.1391824782617748,-0.2588811519881653,-0.00857406942172783,0.036571011073205706
2016-09-30,685.73,VNINDEX,14.848960168575271,0.039919837715955434,0.029427634389353346,-0.410397292838194,0.16842593796891836,0.01662464606239571,0.017128654195425967,-0.1391824782617748,-0.2588811519881653,-0.00857406942172783
2016-10-03,683.05,VNINDEX,15.906183140404643,0.10605822270109184,-0.26170758851907744,-0.39159009112567694,0.15334279946781598,0.029427634389353346,0.01662464606239571,0.017128654195425967,-0.1391824782617748,-0.2588811519881653
2016-10-04,684.2,VNINDEX,13.981284409316487,-0.037028396621344245,-0.1432350845605415,0.16822092100082078,0.028298278262364387,-0.26170758851907744,0.029427634389353346,0.01662464606239571,0.017128654195425967,-0.1391824782617748
2016-10-05,687.04,VNINDEX,14.728126857299937,0.001208506637160045,0.023412777572302805,0.41422421469117987,0.17158170003652468,-0.1432350845605415,-0.26170758851907744,0.029427634389353346,0.01662464606239571,0.017128654195425967
2016-10-06,687.32,VNINDEX,14.21409506960229,-0.0329993710052917,-0.022939753663158386,0.04074623881283425,0.0016602559773925202,0.023412777572302805,-0.1432350845605415,-0.26170758851907744,0.029427634389353346,0.01662464606239571
2016-10-07,683.95,VNINDEX,14.319940439894186,-0.019986072741386456,-0.017258979036505792,-0.49151615430910317,0.24158812994681012,-0.022939753663158386,0.023412777572302805,-0.1432350845605415,-0.26170758851907744,0.029427634389353346
2016-10-10,674.19,VNINDEX,15.171550736138457,0.017594657318840072,-0.2626155616037893,-1.4372845239442362,2.0657868027696096,-0.017258979036505792,-0.022939753663158386,0.023412777572302805,-0.1432350845605415,-0.26170758851907744
2016-10-11,682.36,VNINDEX,15.192641564342265,0.021707086670010853,-0.12525428692639393,1.204540751630772,1.450918422339225,-0.2626155616037893,-0.017258979036505792,-0.022939753663158386,0.023412777572302805,-0.1432350845605415
2016-10-12,682.45,VNINDEX,15.344288106893414,0.06930834819663022,0.03620336406182731,0.013188648988582682,0.00017394046214404298,-0.12525428692639393,-0.2626155616037893,-0.017258979036505792,-0.022939753663158386,0.023412777572302805
2016-10-13,685.23,VNINDEX,16.001973811634493,0.09830472824138128,0.0631067210360077,0.4065284026447649,0.1652653421569041,0.03620336406182731,-0.12525428692639393,-0.2626155616037893,-0.017258979036505792,-0.022939753663158386
2016-10-14,687.0,VNINDEX,14.665297662587523,0.002633785762687531,0.05674895406689993,0.2579743893697004,0.06655078557066979,0.0631067210360077,0.03620336406182731,-0.12525428692639393,-0.2626155616037893,-0.017258979036505792
2016-10-17,680.95,VNINDEX,14.672862465373232,-0.011684961189034032,-0.2838434214164719,-0.8845410207382963,0.7824128173687471,0.05674895406689993,0.0631067210360077,0.03620336406182731,-0.12525428692639393,-0.2626155616037893
2016-10-18,682.02,VNINDEX,14.525049350034722,0.0006426348827398252,-0.15598783283704526,0.15701009117076076,0.024652168729450606,-0.2838434214164719,0.05674895406689993,0.0631067210360077,0.03620336406182731,-0.12525428692639393
2016-10-19,688.89,VNINDEX,13.229047669786484,-0.08697654890076248,-0.03267295840235197,1.0022623672214526,1.00452985274835,-0.15598783283704526,-0.2838434214164719,0.05674895406689993,0.0631067210360077,0.03620336406182731
2016-10-20,686.39,VNINDEX,12.822678743895054,-0.12167404544762354,-0.06933598648854847,-0.363562729583034,0.1321778583418663,-0.03267295840235197,-0.15598783283704526,-0.2838434214164719,0.05674895406689993,0.0631067210360077
2016-10-21,684.83,VNINDEX,13.615079361278548,-0.05630493170149713,-0.0883185086832941,-0.22753470238712925,0.05177204079039948,-0.06933598648854847,-0.03267295840235197,-0.15598783283704526,-0.2838434214164719,0.05674895406689993
2016-10-24,678.02,VNINDEX,15.09147960761188,0.021467425794588282,-0.2761146429396986,-0.9993846248790541,0.9987696284446477,-0.0883185086832941,-0.06933598648854847,-0.03267295840235197,-0.15598783283704526,-0.2838434214164719
2016-10-25,676.18,VNINDEX,15.778559069969916,0.09371297713936545,-0.12232040933234335,-0.27174732422308795,0.07384660822240809,-0.2761146429396986,-0.0883185086832941,-0.06933598648854847,-0.03267295840235197,-0.15598783283704526
2016-10-26,673.61,VNINDEX,13.846058905728832,-0.0660319275512028,0.016382825127583912,-0.38080043645426864,0.14500897240376148,-0.12232040933234335,-0.2761146429396986,-0.0883185086832941,-0.06933598648854847,-0.03267295840235197
2016-10-27,676.9,VNINDEX,14.06128823679684,-0.01976939514653582,0.0026372181472092207,0.48722430909391684,0.2373875273720446,0.016382825127583912,-0.12232040933234335,-0.2761146429396986,-0.0883185086832941,-0.06933598648854847
2016-10-28,682.25,VNINDEX,14.144454665908615,-0.017168794924467597,-0.03432337254073513,0.7872608073885885,0.6197795788501322,0.0026372181472092207,0.016382825127583912,-0.12232040933234335,-0.2761146429396986,-0.0883185086832941
2016-10-31,675.8,VNINDEX,14.852935260375888,0.045513168596015466,-0.30189008166615755,-0.9498985308258369,0.9023072188650834,-0.03432337254073513,0.0026372181472092207,0.016382825127583912,-0.12232040933234335,-0.2761146429396986
2016-11-01,676.6,VNINDEX,38.69046707624361,2.4337804422590033,0.6549784177205104,0.11830820664187297,0.013996831758816115,-0.30189008166615755,-0.03432337254073513,0.0026372181472092207,0.016382825127583912,-0.12232040933234335
2016-11-02,671.4,VNINDEX,14.14370107210417,-0.017255344928042725,0.820679421975659,-0.7715171800673598,0.5952387591390909,0.6549784177205104,-0.30189008166615755,-0.03432337254073513,0.0026372181472092207,0.016382825127583912
2016-11-03,667.63,VNINDEX,14.382769634606596,-0.021411351866913952,0.7983712484880159,-0.5630956679818532,0.3170767312999294,0.820679421975659,0.6549784177205104,-0.30189008166615755,-0.03432337254073513,0.0026372181472092207
2016-11-04,666.73,VNINDEX,13.128949610765975,-0.10080567694807475,-0.046490791247676876,-0.1348961504357557,0.018196971402386034,0.7983712484880159,0.820679421975659,0.6549784177205104,-0.30189008166615755,-0.03432337254073513
2016-11-07,674.14,VNINDEX,13.655753830077277,-0.048253173006305695,-0.34614753192884923,1.1052638114278124,1.2216080928519348,-0.046490791247676876,0.7983712484880159,0.820679421975659,0.6549784177205104,-0.30189008166615755
2016-11-08,676.46,VNINDEX,14.476810078450288,0.006909623139270023,-0.18294182332062428,0.34355135226792255,0.11802753164511821,-0.34614753192884923,-0.046490791247676876,0.7983712484880159,0.820679421975659,0.6549784177205104
2016-11-09,670.26,VNINDEX,15.340342819959341,0.10999019970872412,0.022882216613896417,-0.9207621187903872,0.847802879399363,-0.18294182332062428,-0.34614753192884923,-0.046490791247676876,0.7983712484880159,0.820679421975659
2016-11-10,678.17,VNINDEX,15.360466142997701,0.08045032601829913,0.06578338295543133,1.173229716332622,1.3764679672859246,0.022882216613896417,-0.18294182332062428,-0.34614753192884923,-0.046490791247676876,0.7983712484880159
2016-11-11,679.2,VNINDEX,14.137200167028336,-0.016526065148210915,0.057971486859604376,0.1517641022999433,0.023032342746907658,0.06578338295543133,0.022882216613896417,-0.18294182332062428,-0.34614753192884923,-0.046490791247676876
2016-11-14,673.05,VNINDEX,14.71949815680435,0.029116720760771226,-0.2921521940623484,-0.9096013907035695,0.8273746899698676,0.057971486859604376,0.06578338295543133,0.022882216613896417,-0.18294182332062428,-0.34614753192884923
2016-11-15,674.26,VNINDEX,14.880837297560962,0.035220300991889705,-0.12631703523086354,0.17961721137852907,0.03226234262339919,-0.2921521940623484,0.057971486859604376,0.06578338295543133,0.022882216613896417,-0.18294182332062428
2016-11-16,674.6,VNINDEX,13.98077381837125,-0.02965919384982746,0.011559275967611417,0.05041294236627612,0.002541464758025478,-0.12631703523086354,-0.2921521940623484,0.057971486859604376,0.06578338295543133,0.022882216613896417
2016-11-17,674.57,VNINDEX,14.419417891103834,0.021195089656855362,0.008918732266306142,-0.004447178636480952,1.9777397824772576e-05,0.011559275967611417,-0.12631703523086354,-0.2921521940623484,0.057971486859604376,0.06578338295543133
2016-11-18,673.25,VNINDEX,13.543097250804117,-0.04686117431491445,-0.01844175950262858,-0.19587191494768005,0.03836580706527121,0.008918732266306142,0.011559275967611417,-0.12631703523086354,-0.2921521940623484,0.057971486859604376
2016-11-21,674.29,VNINDEX,14.60949358821738,0.023219520970939128,-0.32002772235236265,0.15435537445840286,0.023825581624193765,-0.01844175950262858,0.008918732266306142,0.011559275967611417,-0.12631703523086354,-0.2921521940623484
2016-11-22,681.91,VNINDEX,14.198655160125444,0.00931414007361613,-0.1649169465791457,1.1237398889664039,1.2627913380542257,-0.32002772235236265,-0.01844175950262858,0.008918732266306142,0.011559275967611417,-0.12631703523086354
2016-11-23,683.16,VNINDEX,14.818975608013998,0.070297883159013,0.03427718140118968,0.18314084250344453,0.033540568192871476,-0.1649169465791457,-0.32002772235236265,-0.01844175950262858,0.008918732266306142,0.011559275967611417
2016-11-24,678.18,VNINDEX,14.570096928489532,0.03514404814187885,0.038252023791502915,-0.7316353320296121,0.5352902590740807,0.03427718140118968,-0.1649169465791457,-0.32002772235236265,-0.01844175950262858,0.008918732266306142
2016-11-25,675.87,VNINDEX,13.472489341944993,-0.06468290127568613,0.013586343341735509,-0.341198957353348,0.11641672849901177,0.038252023791502915,0.03427718140118968,-0.1649169465791457,-0.32002772235236265,-0.01844175950262858
2016-11-28,665.29,VNINDEX,14.90011063425045,0.05283564751137509,-0.2883659755901752,-1.5777714035450123,2.489362601844398,0.013586343341735509,0.038252023791502915,0.03427718140118968,-0.1649169465791457,-0.32002772235236265
2016-11-29,658.26,VNINDEX,14.813848904553474,0.04376167859149043,-0.1316447291578121,-1.0623045764256436,1.128491013094866,-0.2883659755901752,0.013586343341735509,0.038252023791502915,0.03427718140118968,-0.1649169465791457
2016-11-30,665.07,VNINDEX,15.020775306208332,0.0508874690473021,0.049161598383389474,1.029230821651695,1.059316084237823,-0.1316447291578121,-0.2883659755901752,0.013586343341735509,0.038252023791502915,0.03427718140118968
2016-12-01,666.54,VNINDEX,15.05260716315047,0.05328168882808397,0.04931027882229243,0.2207854547714434,0.04874621703863308,0.049161598383389474,-0.1316447291578121,-0.2883659755901752,0.013586343341735509,0.038252023791502915
2016-12-02,665.14,VNINDEX,14.245306318733569,-0.003253116873580311,0.033638680333935515,-0.21026080075974102,0.04420960433612751,0.04931027882229243,0.049161598383389474,-0.1316447291578121,-0.2883659755901752,0.013586343341735509
2016-12-05,660.21,VNINDEX,13.748826768755515,-0.05358450104171765,-0.3325580647569596,-0.7439578584535139,0.5534732951547386,0.033638680333935515,0.04931027882229243,0.049161598383389474,-0.1316447291578121,-0.2883659755901752
2016-12-06,651.49,VNINDEX,15.472288203098994,0.07284460863981657,-0.14699677981227235,-1.329591897662091,1.7678146143286804,-0.3325580647569596,0.033638680333935515,0.04931027882229243,0.049161598383389474,-0.1316447291578121
2016-12-07,653.53,VNINDEX,13.811345659562498,-0.04133376299178037,-0.007357885131226885,0.3126391414131006,0.09774323274352073,-0.14699677981227235,-0.3325580647569596,0.033638680333935515,0.04931027882229243,0.049161598383389474
2016-12-08,658.89,VNINDEX,13.474520744820317,-0.044620065405979965,-0.004369739919314329,0.8168162327707253,0.6671887581177598,-0.007357885131226885,-0.14699677981227235,-0.3325580647569596,0.033638680333935515,0.04931027882229243
2016-12-09,663.07,VNINDEX,14.062566045867719,0.00020689071959523013,-0.0285823125593881,0.6323964311658649,0.39992524615132247,-0.004369739919314329,-0.007357885131226885,-0.14699677981227235,-0.3325580647569596,0.033638680333935515
2016-12-12,659.7,VNINDEX,13.786849226868057,-0.038243543865302834,-0.33842984693012135,-0.5095379077604176,0.25962887944486385,-0.0285823125593881,-0.004369739919314329,-0.007357885131226885,-0.14699677981227235,-0.3325580647569596
2016-12-13,654.66,VNINDEX,14.041475217663912,-0.0039055386315755784,-0.17557596854150626,-0.766916933376295,0.5881615826993004,-0.33842984693012135,-0.0285823125593881,-0.004369739919314329,-0.007357885131226885,-0.14699677981227235
2016-12-14,665.14,VNINDEX,14.499178715724977,0.030998338356571845,-0.0037169147134352666,1.58815279190263,2.5222292904281183,-0.17557596854150626,-0.33842984693012135,-0.0285823125593881,-0.004369739919314329,-0.007357885131226885
2016-12-15,665.92,VNINDEX,14.151790090156315,-0.011684356017208252,0.005136147902596258,0.11719983911809,0.013735802289306178,-0.0037169147134352666,-0.17557596854150626,-0.33842984693012135,-0.0285823125593881,-0.004369739919314329
2016-12-16,675.16,VNINDEX,13.71124760054199,-0.05516289103909261,-0.011949636233242751,1.3780156615457542,1.8989271634653826,0.005136147902596258,-0.0037169147134352666,-0.17557596854150626,-0.33842984693012135,-0.0285823125593881
2016-12-19,674.33,VNINDEX,14.240393526634046,0.003776431596917827,-0.31993330953132165,-0.12300944870406566,0.015131324470478161,-0.011949636233242751,0.005136147902596258,-0.0037169147134352666,-0.17557596854150626,-0.33842984693012135
2016-12-20,662.66,VNINDEX,13.918912128824289,0.005418388317295887,-0.1454014296162322,-1.7457567198055524,3.047666524746242,-0.31993330953132165,-0.011949636233242751,0.005136147902596258,-0.0037169147134352666,-0.17557596854150626
2016-12-21,666.94,VNINDEX,13.682591969552472,-0.04495657343854186,-0.011920584508109108,0.6438048711308635,0.41448471209182774,-0.1454014296162322,-0.31993330953132165,-0.011949636233242751,0.005136147902596258,-0.0037169147134352666
2016-12-22,664.15,VNINDEX,13.319992813044971,-0.06512894259239509,-0.03488904257121342,-0.41920592684270575,0.17573360910005195,-0.011920584508109108,-0.1454014296162322,-0.31993330953132165,-0.011949636233242751,0.005136147902596258
2016-12-23,664.37,VNINDEX,11.932735685632814,-0.16091971550880008,-0.09033507717991207,0.03311956192017505,0.0010969053817843095,-0.03488904257121342,-0.011920584508109108,-0.1454014296162322,-0.31993330953132165,-0.011949636233242751
2016-12-26,662.45,VNINDEX,13.03322466140155,-0.08818515043143937,-0.33626519259513965,-0.28941398835818594,0.08376045665739218,-0.09033507717991207,-0.03488904257121342,-0.011920584508109108,-0.1454014296162322,-0.31993330953132165
2016-12-27,663.86,VNINDEX,12.736417014198079,-0.13074801436750821,-0.2308809838048259,0.2126200558218797,0.04520728813769924,-0.33626519259513965,-0.09033507717991207,-0.03488904257121342,-0.011920584508109108,-0.1454014296162322
2016-12-28,663.5,VNINDEX,14.192907848854055,0.010129969857023002,-0.06960106498064127,-0.05424301000887375,0.0029423041348227777,-0.2308809838048259,-0.33626519259513965,-0.09033507717991207,-0.03488904257121342,-0.011920584508109108
2016-12-29,664.72,VNINDEX,12.668808013379728,-0.09485460241697799,-0.07182421564248748,0.183704558446377,0.03374736479397834,-0.06960106498064127,-0.2308809838048259,-0.33626519259513965,-0.09033507717991207,-0.03488904257121342
2016-12-30,664.87,VNINDEX,11.96170162052776,-0.1848020502848156,-0.08984222761492325,0.02256334669128044,0.000509104613910916,-0.07182421564248748,-0.06960106498064127,-0.2308809838048259,-0.33626519259513965,-0.09033507717991207
2017-01-03,672.01,VNINDEX,14.403010476461535,0.02985629769416731,-0.33067221845215633,1.06816885411713,1.1409847009059024,-0.08984222761492325,-0.07182421564248748,-0.06960106498064127,-0.2308809838048259,-0.33626519259513965
2017-01-04,674.7,VNINDEX,15.677611024600537,0.12703906930196368,-0.10395439240141646,0.39949262685696174,0.15959435891307566,-0.33067221845215633,-0.08984222761492325,-0.07182421564248748,-0.06960106498064127,-0.2308809838048259
2017-01-05,675.81,VNINDEX,13.732862644012233,-0.031160725825365804,0.041911547056922016,0.16438238146321718,0.027021567335518647,-0.10395439240141646,-0.33067221845215633,-0.08984222761492325,-0.07182421564248748,-0.06960106498064127
2017-01-06,679.8,VNINDEX,13.354085451400447,-0.06247507280088792,0.011134423558570278,0.5886665814003628,0.3465283440575899,0.041911547056922016,-0.10395439240141646,-0.33067221845215633,-0.08984222761492325,-0.07182421564248748
2017-01-09,682.57,VNINDEX,14.00314245564594,-0.005570478632525565,-0.34134233389256224,0.40664486403254013,0.16536004544404306,0.011134423558570278,0.041911547056922016,-0.10395439240141646,-0.33067221845215633,-0.08984222761492325
2017-01-10,681.07,VNINDEX,13.39582381790905,-0.06801278127758617,-0.1963178435582429,-0.2199995020675809,0.04839978090998353,-0.34134233389256224,0.011134423558570278,0.041911547056922016,-0.10395439240141646,-0.33067221845215633
2017-01-11,687.16,VNINDEX,12.32557858610614,-0.14465339526483134,-0.07274555172498073,0.8902070876579672,0.7924686589164797,-0.1963178435582429,-0.34134233389256224,0.011134423558570278,0.041911547056922016,-0.10395439240141646
2017-01-12,686.96,VNINDEX,12.592452793249215,-0.1118604995943428,-0.10817555871225316,-0.029109539401542615,0.000847365284169962,-0.07274555172498073,-0.1963178435582429,-0.34134233389256224,0.011134423558570278,0.041911547056922016
2017-01-13,685.06,VNINDEX,12.464763000949066,-0.129072777212994,-0.12852889069072243,-0.27696406970170123,0.07670909590572882,-0.10817555871225316,-0.07274555172498073,-0.1963178435582429,-0.34134233389256224,0.011134423558570278
2017-01-16,677.94,VNINDEX,12.875291125135572,-0.10149137914020614,-0.398979236777394,-1.0447637218002384,1.0915312343898858,-0.12852889069072243,-0.10817555871225316,-0.07274555172498073,-0.1963178435582429,-0.34134233389256224
2017-01-17,684.71,VNINDEX,12.306305249416653,-0.1622687417843167,-0.27374220666712373,0.9936602507624789,0.9873606939453524,-0.398979236777394,-0.12852889069072243,-0.10817555871225316,-0.07274555172498073,-0.1963178435582429
2017-01-18,683.28,VNINDEX,12.116753767569541,-0.1444034372358446,-0.13605451938678886,-0.20906593189430056,0.04370856387883232,-0.27374220666712373,-0.398979236777394,-0.12852889069072243,-0.10817555871225316,-0.07274555172498073
2017-01-19,682.31,VNINDEX,11.02458318839096,-0.23137019926135166,-0.17934745942717073,-0.1420631614375255,0.020181941837624433,-0.13605451938678886,-0.27374220666712373,-0.398979236777394,-0.12852889069072243,-0.10817555871225316
2017-01-20,686.26,VNINDEX,10.837159501963598,-0.24068382905665892,-0.20548582185128478,0.5772464643052376,0.33321348055289796,-0.17934745942717073,-0.13605451938678886,-0.27374220666712373,-0.398979236777394,-0.12852889069072243
2017-01-23,687.15,VNINDEX,11.86522307735889,-0.17226807377175535,-0.45987279575075257,0.1296044334292053,0.01679730916450531,-0.20548582185128478,-0.17934745942717073,-0.13605451938678886,-0.27374220666712373,-0.398979236777394
2017-01-24,691.36,VNINDEX,11.39155545455454,-0.18474817554355094,-0.3309294341267833,0.6108063182762223,0.37308435844615384,-0.45987279575075257,-0.20548582185128478,-0.17934745942717073,-0.13605451938678886,-0.27374220666712373
2017-01-25,697.28,VNINDEX,11.241940314878716,-0.21228660120046414,-0.18976761683858984,0.8526379572631909,0.726991486165947,-0.3309294341267833,-0.45987279575075257,-0.20548582185128478,-0.17934745942717073,-0.13605451938678886
2017-02-02,703.18,VNINDEX,13.969375588372902,-0.0752693044964991,-0.35259588645787915,0.842585279955366,0.7099499539974625,-0.18976761683858984,-0.3309294341267833,-0.45987279575075257,-0.20548582185128478,-0.17934745942717073
2017-02-03,700.35,VNINDEX,14.029013089955686,-0.035926182106357604,-0.18678614524306464,-0.4032694470752843,0.1626262469444055,-0.35259588645787915,-0.18976761683858984,-0.3309294341267833,-0.45987279575075257,-0.20548582185128478
2017-02-06,700.04,VNINDEX,15.164643134612767,0.07924172448762219,-0.2713417272891248,-0.0442733817099136,0.0019601323280317123,-0.18678614524306464,-0.35259588645787915,-0.18976761683858984,-0.3309294341267833,-0.45987279575075257
2017-02-07,701.91,VNINDEX,15.492101222231923,0.056980752124856336,-0.11439957455290857,0.2667714410669448,0.0711670017689344,-0.2713417272891248,-0.18678614524306464,-0.35259588645787915,-0.18976761683858984,-0.3309294341267833
2017-02-08,702.04,VNINDEX,14.04019740859303,-0.023881824497706677,0.03744688403825758,0.018519178086323432,0.00034295995699296203,-0.11439957455290857,-0.2713417272891248,-0.18678614524306464,-0.35259588645787915,-0.18976761683858984
2017-02-09,700.65,VNINDEX,14.318876542184311,-0.006396605569496713,0.008900774019217936,-0.19819068432626366,0.03927954735371269,0.03744688403825758,-0.11439957455290857,-0.2713417272891248,-0.18678614524306464,-0.35259588645787915
2017-02-10,703.78,VNINDEX,13.066120416053565,-0.0993803978225472,-0.04321960929658324,0.445733170351569,0.19867805915166084,0.008900774019217936,0.03744688403825758,-0.11439957455290857,-0.2713417272891248,-0.18678614524306464
2017-02-13,705.9,VNINDEX,15.883030238646505,0.1339917597506252,-0.24812331119703376,0.30077770816839694,0.09046722973103336,-0.04321960929658324,0.008900774019217936,0.03744688403825758,-0.11439957455290857,-0.2713417272891248
2017-02-14,706.26,VNINDEX,16.042241583983362,0.16727427432552308,-0.06193118627861633,0.050985725101773544,0.002599544164153621,-0.24812331119703376,-0.04321960929658324,0.008900774019217936,0.03744688403825758,-0.11439957455290857
2017-02-15,711.57,VNINDEX,15.337690809273155,0.11727939818994759,0.1395151440886989,0.7490354734520431,0.5610541404895264,-0.06193118627861633,-0.24812331119703376,-0.04321960929658324,0.008900774019217936,0.03744688403825758
2017-02-16,709.35,VNINDEX,17.588710056732378,0.29634756181682587,0.19363374477743245,-0.3124738628970235,0.09763991499378784,0.1395151440886989,-0.06193118627861633,-0.24812331119703376,-0.04321960929658324,0.008900774019217936
2017-02-17,707.83,VNINDEX,15.537362712047736,0.12504791842201607,0.17955829280959676,-0.2145105890365289,0.04601479280879859,0.19363374477743245,0.1395151440886989,-0.06193118627861633,-0.24812331119703376,-0.04321960929658324
2017-02-20,710.59,VNINDEX,15.796768508949528,0.12491779083074053,-0.216490414436038,0.3891659005585596,0.1514500981575547,0.17955829280959676,0.19363374477743245,0.1395151440886989,-0.06193118627861633,-0.24812331119703376
2017-02-21,716.55,VNINDEX,17.800186885955164,0.28880840530661567,-0.004823644053489113,0.8352417630865621,0.6976288028039487,-0.216490414436038,0.17955829280959676,0.19363374477743245,0.1395151440886989,-0.06193118627861633
2017-02-22,717.24,VNINDEX,16.13924434241867,0.17463003367501878,0.19611874327079187,0.09624841200825517,0.009263756814110837,-0.004823644053489113,-0.216490414436038,0.17955829280959676,0.19363374477743245,0.1395151440886989
2017-02-23,716.87,VNINDEX,16.23328478626236,0.2029510086812027,0.22212981588761266,-0.05159994815035812,0.0026625546491196466,0.19611874327079187,-0.004823644053489113,-0.216490414436038,0.17955829280959676,0.19363374477743245
2017-02-24,714.47,VNINDEX,15.926046414225986,0.148430337140058,0.17533712649876007,-0.3353504058011961,0.11245989467102692,0.22212981588761266,0.19611874327079187,-0.004823644053489113,-0.216490414436038,0.17955829280959676
2017-02-27,717.44,VNINDEX,15.688041749433435,0.13899687690703955,-0.24760807295201223,0.41483113590929604,0.17208487131979686,0.17533712649876007,0.22212981588761266,0.19611874327079187,-0.004823644053489113,-0.216490414436038
2017-02-28,710.79,VNINDEX,17.104168419196117,0.2581470852609146,-0.03173446039725156,-0.9312292917245293,0.8671879937657685,-0.24760807295201223,0.17533712649876007,0.22212981588761266,0.19611874327079187,-0.004823644053489113
2017-03-01,709.52,VNINDEX,16.430925286161614,0.19065669304356497,0.19593355173717328,-0.17883424582982543,0.031981687481522435,-0.03173446039725156,-0.24760807295201223,0.17533712649876007,0.22212981588761266,0.19611874327079187
2017-03-02,707.51,VNINDEX,16.885223179732048,0.23276321850936071,0.227188998937947,-0.2836921375073747,0.0804812288835032,0.19593355173717328,-0.03173446039725156,-0.24760807295201223,0.17533712649876007,0.22212981588761266
2017-03-03,712.62,VNINDEX,16.234348683972236,0.18936154150931298,0.20426048435407984,0.7196555321080856,0.5179040848937719,0.227188998937947,0.19593355173717328,-0.03173446039725156,-0.24760807295201223,0.17533712649876007
2017-03-06,716.29,VNINDEX,16.951457978935093,0.22413529090618495,-0.2344973329304284,0.5136793877730461,0.26386651342289147,0.20426048435407984,0.227188998937947,0.19593355173717328,-0.03173446039725156,-0.24760807295201223
2017-03-07,716.54,VNINDEX,16.483537667402132,0.21083935935098239,-0.028996273214325817,0.034895975452357356,0.0012177291027715273,-0.2344973329304284,0.20426048435407984,0.227188998937947,0.19593355173717328,-0.03173446039725156
2017-03-08,716.6,VNINDEX,16.19398451907894,0.16763376563865684,0.200869471965275,0.008373222439551537,7.01108540222094e-05,-0.028996273214325817,-0.2344973329304284,0.20426048435407984,0.227188998937947,0.19593355173717328
2017-03-09,715.8,VNINDEX,17.4203457956335,0.27108352550298326,0.2165188834975411,-0.11170065389281365,0.012477036080082146,0.200869471965275,-0.028996273214325817,-0.2344973329304284,0.20426048435407984,0.227188998937947
2017-03-10,712.21,VNINDEX,15.888777549917892,0.13317592996721833,0.1906310737029531,-0.5027986587102702,0.25280649120084675,0.2165188834975411,0.200869471965275,-0.028996273214325817,-0.2344973329304284,0.20426048435407984
2017-03-13,710.17,VNINDEX,14.679037599366628,0.05463071510360061,-0.26313442338598764,-0.2868433750115937,0.08227912178804177,0.1906310737029531,0.2165188834975411,0.200869471965275,-0.028996273214325817,-0.2344973329304284
2017-03-14,714.71,VNINDEX,15.301796146580365,0.07475950666975335,-0.10723666783055547,0.6372488018047873,0.40608603540163707,-0.26313442338598764,0.1906310737029531,0.2165188834975411,0.200869471965275,-0.028996273214325817
2017-03-15,713.14,VNINDEX,15.332253801907198,0.10441921079788968,0.07793647752374815,-0.2199111437086404,0.04836091112724229,-0.10723666783055547,-0.26313442338598764,0.1906310737029531,0.2165188834975411,0.200869471965275
2017-03-16,714.92,VNINDEX,16.64178150757354,0.2104695708842844,0.1298827627839761,0.2492893746509517,0.062145192313862556,0.07793647752374815,-0.10723666783055547,-0.26313442338598764,0.1906310737029531,0.2165188834975411
2017-03-17,710.54,VNINDEX,36.625259247399924,2.217510302875376,0.8441330281858503,-0.6145403988295327,0.3776599017935611,0.1298827627839761,0.07793647752374815,-0.10723666783055547,-0.26313442338598764,0.1906310737029531
2017-03-20,715.07,VNINDEX,17.594457368003766,0.295531732033419,-0.10259567414416135,0.63551956659299,0.40388511952254186,0.8441330281858503,0.1298827627839761,0.07793647752374815,-0.10723666783055547,-0.26313442338598764
2017-03-21,716.18,VNINDEX,17.462084162142105,0.26554581702628494,0.07666231317322199,0.15510920140357817,0.024058864360055776,-0.10259567414416135,0.8441330281858503,0.1298827627839761,0.07793647752374815,-0.10723666783055547
2017-03-22,712.94,VNINDEX,17.799876582049734,0.3024844224820805,0.2878539905139284,-0.45342666131366405,0.2055957371900562,0.07666231317322199,-0.10259567414416135,0.8441330281858503,0.1298827627839761,0.07793647752374815
2017-03-23,719.56,VNINDEX,17.77953934765037,0.29845854313448483,0.2888295942142837,0.9242648693773993,0.854265548765221,0.2878539905139284,0.07666231317322199,-0.10259567414416135,0.8441330281858503,0.1298827627839761
2017-03-24,722.14,VNINDEX,16.917808630478632,0.23524398829371768,0.2787289846367613,0.3579111818212397,0.1281004140726765,0.2888295942142837,0.2878539905139284,0.07666231317322199,-0.10259567414416135,0.8441330281858503
2017-03-27,723.52,VNINDEX,19.097156071368854,0.4100798921317139,-0.06762966672068603,0.19091631769073766,0.03644904036059067,0.2787289846367613,0.2888295942142837,0.2878539905139284,0.07666231317322199,-0.10259567414416135
2017-03-28,719.26,VNINDEX,18.087088023592173,0.3393031975001648,0.1511852827977073,-0.5905283383031097,0.348723718339032,-0.06762966672068603,0.2787289846367613,0.2888295942142837,0.2878539905139284,0.07666231317322199
2017-03-29,720.47,VNINDEX,17.102890610125236,0.2381707993947835,0.32918462967555434,0.16808711145663177,0.028253277037834153,0.1511852827977073,-0.06762966672068603,0.2787289846367613,0.2888295942142837,0.2878539905139284
2017-03-30,723.86,VNINDEX,16.07279563185462,0.14969220824017385,0.24238873504504097,0.4694226700409243,0.2203576431483505,0.32918462967555434,0.1511852827977073,-0.06762966672068603,0.2787289846367613,0.2888295942142837
2017-03-31,722.31,VNINDEX,16.033398972126776,0.16161673541111354,0.18315991434869058,-0.21435938977024863,0.04594994798267337,0.24238873504504097,0.32918462967555434,0.1511852827977073,-0.06762966672068603,0.2787289846367613
2017-04-03,722.38,VNINDEX,17.346332282283747,0.2604644470198599,-0.15156067896151948,0.009690660287648398,9.390889681060574e-05,0.18315991434869058,0.24238873504504097,0.32918462967555434,0.1511852827977073,-0.06762966672068603
2017-04-04,724.14,VNINDEX,17.26475396614828,0.2641641154884579,0.05054593598125684,0.2433427631137975,0.05921570035985776,-0.15156067896151948,0.18315991434869058,0.24238873504504097,0.32918462967555434,0.1511852827977073
2017-04-05,723.22,VNINDEX,16.24766079802933,0.17422696477418456,0.23295184242750105,-0.12712802950269336,0.016161535885237673,0.05054593598125684,-0.15156067896151948,0.18315991434869058,0.24238873504504097,0.32918462967555434
2017-04-07,727.95,VNINDEX,16.577674503790245,0.1919185641436808,0.019464586836056317,0.651890095650031,0.42496069680660653,0.23295184242750105,0.05054593598125684,-0.15156067896151948,0.18315991434869058,0.24238873504504097
2017-04-10,729.87,VNINDEX,17.100238599439052,0.24545999787600695,-0.16546203287378194,0.2634071572804826,0.06938333050658489,0.019464586836056317,0.23295184242750105,0.05054593598125684,-0.15156067896151948,0.18315991434869058
2017-04-11,731.33,VNINDEX,17.133134354091066,0.23426475048489911,0.022558036623113384,0.1998358179397749,0.039934354131658856,-0.16546203287378194,0.019464586836056317,0.23295184242750105,0.05054593598125684,-0.15156067896151948
2017-04-12,725.58,VNINDEX,18.05769426597522,0.29605402620013876,0.2585929248536819,-0.7893459246298291,0.6230669887297199,0.022558036623113384,-0.16546203287378194,0.019464586836056317,0.23295184242750105,0.05054593598125684
2017-04-13,724.35,VNINDEX,16.62825548215544,0.19203839458139213,0.24078572375547697,-0.16966340375785596,0.02878567057470125,0.2585929248536819,0.022558036623113384,-0.16546203287378194,0.019464586836056317,0.23295184242750105
2017-04-14,718.45,VNINDEX,15.247809563724543,0.08184232470969038,0.189978248497074,-0.8178587312444928,0.6688929042728515,0.24078572375547697,0.2585929248536819,0.022558036623113384,-0.16546203287378194,0.019464586836056317
2017-04-17,710.83,VNINDEX,14.772420841950298,0.03562336989272386,-0.2617490877396972,-1.066281232025632,1.1369556657700999,0.189978248497074,0.24078572375547697,0.2585929248536819,0.022558036623113384,-0.16546203287378194
2017-04-18,714.93,VNINDEX,15.894000645922844,0.1124703643212554,-0.09557662455116936,0.5751334448422901,0.33077847937615956,-0.2617490877396972,0.189978248497074,0.24078572375547697,0.2585929248536819,0.022558036623113384
2017-04-19,716.77,VNINDEX,15.726914193894848,0.10718261387354386,0.08509211602917464,0.25703723029192116,0.0660681377561421,-0.09557662455116936,-0.2617490877396972,0.189978248497074,0.24078572375547697,0.2585929248536819
2017-04-20,712.66,VNINDEX,15.250151270505299,0.0882291434039318,0.10262737386624407,-0.5750559770125002,0.3306893766978012,0.08509211602917464,-0.09557662455116936,-0.2617490877396972,0.189978248497074,0.24078572375547697
2017-04-21,712.41,VNINDEX,15.75578373624537,0.13054204931101385,0.10865126886283012,-0.035085996135577696,0.001231027124825773,0.10262737386624407,0.08509211602917464,-0.09557662455116936,-0.2617490877396972,0.189978248497074
2017-04-24,709.39,VNINDEX,15.827012252915356,0.12101174192085605,-0.2193774837818086,-0.4248142554164061,0.18046715160499552,0.10865126886283012,0.10262737386624407,0.08509211602917464,-0.09557662455116936,-0.2617490877396972
2017-04-25,707.58,VNINDEX,16.254782310916024,0.14614565064342314,-0.03712369015898881,-0.2554748490722803,0.0652673985085044,-0.2193774837818086,0.10865126886283012,0.10262737386624407,0.08509211602917464,-0.09557662455116936
2017-04-26,710.04,VNINDEX,15.732661505166234,0.10636678409013692,0.12450805888480565,0.34706091466691635,0.1204512784894366,-0.03712369015898881,-0.2193774837818086,0.10865126886283012,0.10262737386624407,0.08509211602917464
2017-04-27,716.53,VNINDEX,14.557848712142311,0.03668915770511757,0.09640053081289282,0.9098810117463659,0.8278834555365905,0.12450805888480565,-0.03712369015898881,-0.2193774837818086,0.10865126886283012,0.10262737386624407
2017-04-28,717.73,VNINDEX,14.14625669024593,0.022697226804219435,0.05525105619982492,0.16733371634233052,0.028000572624935532,0.09640053081289282,0.12450805888480565,-0.03712369015898881,-0.2193774837818086,0.10865126886283012
2017-05-03,719.54,VNINDEX,14.944190707539807,0.0536847577289182,-0.3111526745041822,0.25186651872471466,0.06343674325450704,0.05525105619982492,0.09640053081289282,0.12450805888480565,-0.03712369015898881,-0.2193774837818086
2017-05-04,722.02,VNINDEX,16.818020875363555,0.20773884307094068,-0.06459635127211073,0.34407203954530063,0.11838556839686293,-0.3111526745041822,0.05525105619982492,0.09640053081289282,0.12450805888480565,-0.03712369015898881
2017-05-05,720.0,VNINDEX,14.986372363947424,0.06190961643125976,0.10777773907703983,-0.2801627330089198,0.07849115696702728,-0.06459635127211073,-0.3111526745041822,0.05525105619982492,0.09640053081289282,0.12450805888480565
2017-05-08,718.86,VNINDEX,15.491251235883052,0.10413597233476674,-0.22444776031018837,-0.15845881302382453,0.025109195424919382,0.10777773907703983,-0.06459635127211073,-0.3111526745041822,0.05525105619982492,0.09640053081289282
2017-05-09,722.11,VNINDEX,15.597096606174947,0.11714927059867204,-0.050488616918562004,0.45108579788217995,0.2034783970510029,-0.22444776031018837,0.10777773907703983,-0.06459635127211073,-0.3111526745041822,0.05525105619982492
2017-05-10,724.31,VNINDEX,15.490187338173177,0.11772543950665647,0.11300356081336536,0.30419956810859683,0.09253737723745684,-0.050488616918562004,-0.22444776031018837,0.10777773907703983,-0.06459635127211073,-0.3111526745041822
2017-05-11,724.99,VNINDEX,15.493592942663808,0.11052279102900818,0.11513250037811251,0.093838411633024,0.008805647497808855,0.11300356081336536,-0.050488616918562004,-0.22444776031018837,0.10777773907703983,-0.06459635127211073
2017-05-12,725.37,VNINDEX,14.307595831002537,0.028800807035337814,0.08568301252366775,0.05240078445284044,0.0027458422112730443,0.11513250037811251,0.11300356081336536,-0.050488616918562004,-0.22444776031018837,0.10777773907703983
2017-05-15,725.35,VNINDEX,16.17939459595096,0.16279205650765416,-0.23273131706333647,-0.0027572515718102784,7.602436230250251e-06,0.08568301252366775,0.11513250037811251,0.11300356081336536,-0.050488616918562004,-0.22444776031018837
2017-05-16,725.03,VNINDEX,16.592788642184658,0.21665000913723936,-0.03702584495342641,-0.04412636759916707,0.0019471363174968213,-0.23273131706333647,0.08568301252366775,0.11513250037811251,0.11300356081336536,-0.050488616918562004
2017-05-17,727.2,VNINDEX,16.24584330651501,0.18772988194249915,0.18905731586246452,0.298850955434952,0.08931189356438367,-0.03702584495342641,-0.23273131706333647,0.08568301252366775,0.11513250037811251,0.11300356081336536
2017-05-18,726.99,VNINDEX,14.520793759195222,0.05500050357029864,0.15312679821667935,-0.028882058253710576,0.0008341732889707311,0.18905731586246452,-0.03702584495342641,-0.23273131706333647,0.08568301252366775,0.11513250037811251
2017-05-19,733.82,VNINDEX,14.957480230379442,0.0833281963166697,0.1086861939431561,0.9351044651966725,0.8744203608307548,0.15312679821667935,0.18905731586246452,-0.03702584495342641,-0.23273131706333647,0.08568301252366775
2017-05-22,744.1,VNINDEX,16.103046817199687,0.17375793567359882,-0.22659179645350797,1.391166747051693,1.9353449181023894,0.1086861939431561,0.15312679821667935,0.18905731586246452,-0.03702584495342641,-0.23273131706333647
2017-05-23,740.93,VNINDEX,16.434714078284088,0.1772228338906554,-0.03479764784775277,-0.4269280505982993,0.182267560387664,-0.22659179645350797,0.1086861939431561,0.15312679821667935,0.18905731586246452,-0.03702584495342641
2017-05-24,742.74,VNINDEX,15.034774551467024,0.09783600851099869,0.14960559269175125,0.24398968745412603,0.059530967583962105,-0.03479764784775277,-0.22659179645350797,0.1086861939431561,0.15312679821667935,0.18905731586246452
2017-05-25,741.91,VNINDEX,15.675552279575628,0.1573342067747013,0.14413101639211873,-0.11181087616205067,0.012501672028125431,0.14960559269175125,-0.03479764784775277,-0.22659179645350797,0.1086861939431561,0.15312679821667935
2017-05-26,743.41,VNINDEX,15.835882326090722,0.16056172288405496,0.13857731272325194,0.2019767470891959,0.04079460636473301,0.14413101639211873,0.14960559269175125,-0.03479764784775277,-0.22659179645350797,0.1086861939431561
2017-05-29,746.25,VNINDEX,15.865895533759728,0.19177533939323915,-0.2310827864812345,0.3812955225766548,0.14538627553700426,0.13857731272325194,0.14413101639211873,0.14960559269175125,-0.03479764784775277,-0.22659179645350797
2017-05-30,738.21,VNINDEX,14.809941734976494,0.10433980697413242,-0.04528678269962518,-1.0832327738293333,1.1733932422979914,-0.2310827864812345,0.13857731272325194,0.14413101639211873,0.14960559269175125,-0.03479764784775277
2017-05-31,737.82,VNINDEX,14.993707926551098,0.12450643656987255,0.14020719431241502,-0.052844455610758,0.0027925364887973723,-0.04528678269962518,-0.2310827864812345,0.13857731272325194,0.14413101639211873,0.14960559269175125
2017-06-01,741.8,VNINDEX,15.529844416423312,0.15068116763422373,0.12650913705940983,0.5379772643079448,0.2894195369122603,0.14020719431241502,-0.04528678269962518,-0.2310827864812345,0.13857731272325194,0.14413101639211873
2017-06-02,738.81,VNINDEX,13.19493463461695,-0.04535074853879635,0.07661228522176694,-0.40388813590962974,0.16312562632855554,0.12650913705940983,0.14020719431241502,-0.04528678269962518,-0.2310827864812345,0.13857731272325194
2017-06-05,743.49,VNINDEX,14.722092761864008,0.07168300150769966,-0.29833652777453773,0.6314532214239112,0.39873317084663507,0.07661228522176694,0.12650913705940983,0.14020719431241502,-0.04528678269962518,-0.2310827864812345
2017-06-06,751.31,VNINDEX,14.104684361488804,0.027125967999713473,-0.1263889158080229,1.0463033638112877,1.094750729122816,-0.29833652777453773,0.07661228522176694,0.12650913705940983,0.14020719431241502,-0.04528678269962518
2017-06-07,753.46,VNINDEX,15.674693496709718,0.14471855075580284,0.08117584008773894,0.28575815081827427,0.08165772075907958,-0.1263889158080229,-0.29833652777453773,0.07661228522176694,0.12650913705940983,0.14020719431241502
2017-06-08,750.13,VNINDEX,15.012240882003178,0.12295745505738447,0.09826732460430052,-0.44294062137261214,0.19619639406195574,0.08117584008773894,-0.1263889158080229,-0.29833652777453773,0.07661228522176694,0.12650913705940983
2017-06-09,749.72,VNINDEX,15.598301651217806,0.17227129859424606,0.14664910146914473,-0.054672135241858696,0.0029890423719040877,0.09826732460430052,0.08117584008773894,-0.1263889158080229,-0.29833652777453773,0.07661228522176694
2017-06-12,751.09,VNINDEX,13.992064819825238,0.013500475584953896,-0.2836697820190448,0.18256813061350763,0.03333112231571078,0.14664910146914473,0.09826732460430052,0.08117584008773894,-0.1263889158080229,-0.29833652777453773
2017-06-13,756.89,VNINDEX,14.672641566684307,0.0842966210585123,-0.1263170297924726,0.7692447646013736,0.5917375078666227,-0.2836697820190448,0.14664910146914473,0.09826732460430052,0.08117584008773894,-0.1263889158080229
2017-06-14,760.77,VNINDEX,14.446520575894914,0.07187693549329825,0.0565580107122551,0.5113145834122441,0.26144260321003676,-0.1263170297924726,-0.2836697820190448,0.14664910146914473,0.09826732460430052,0.08117584008773894
2017-06-15,760.57,VNINDEX,14.71237376810866,0.09359661953769807,0.08325672536316983,-0.026292610613291356,0.0006913013728621612,0.0565580107122551,-0.1263170297924726,-0.2836697820190448,0.14664910146914473,0.09826732460430052
2017-06-16,761.24,VNINDEX,14.79364567861165,0.11197892198133302,0.09248415900411006,0.08805304779039211,0.007753339225177076,0.08325672536316983,0.0565580107122551,-0.1263170297924726,-0.2836697820190448,0.14664910146914473
2017-06-19,766.83,VNINDEX,16.78450547152102,0.22972278188285208,-0.20698920445295935,0.7316451388026458,0.5353046091335428,0.09248415900411006,0.08325672536316983,0.0565580107122551,-0.1263170297924726,-0.2836697820190448
2017-06-20,767.99,VNINDEX,15.75770609754088,0.16088520995403108,-0.02971078821791247,0.15115781927138433,0.022848686326880488,-0.20698920445295935,0.09248415900411006,0.08325672536316983,0.0565580107122551,-0.1263170297924726
2017-06-21,767.41,VNINDEX,15.418536173654964,0.12853220396460813,0.17304673193383072,-0.07555034878051448,0.005707855200857385,-0.02971078821791247,-0.20698920445295935,0.09248415900411006,0.08325672536316983,0.0565580107122551
2017-06-22,766.3,VNINDEX,15.85267459121463,0.16122838461697353,0.15021526617853784,-0.14474707654033991,0.020951716166975023,0.17304673193383072,-0.02971078821791247,-0.20698920445295935,0.09248415900411006,0.08325672536316983
2017-06-23,769.01,VNINDEX,14.533963282170793,0.07077895766707809,0.12017984874955356,0.3530235345905663,0.12462561597481675,0.15021526617853784,0.17304673193383072,-0.02971078821791247,-0.20698920445295935,0.09248415900411006
2017-06-26,772.52,VNINDEX,16.142822711353798,0.2125028381666583,-0.19136893172504205,0.4553925082134326,0.20738233653692126,0.12017984874955356,0.15021526617853784,0.17304673193383072,-0.02971078821791247,-0.20698920445295935
2017-06-27,767.51,VNINDEX,16.43649846134202,0.2044520946591225,0.016087995147394386,-0.6506389711966312,0.42333107083981064,-0.19136893172504205,0.12017984874955356,0.15021526617853784,0.17304673193383072,-0.02971078821791247
2017-06-28,769.04,VNINDEX,14.668663977268896,0.08042213080920635,0.16579235454499602,0.19914750651283264,0.03965972935027872,0.016087995147394386,-0.19136893172504205,0.12017984874955356,0.15021526617853784,0.17304673193383072
2017-06-29,771.75,VNINDEX,15.468460452997379,0.1516713164371185,0.1455151806351494,0.3517679624708004,0.12374069942085843,0.16579235454499602,0.016087995147394386,-0.19136893172504205,0.12017984874955356,0.15021526617853784
2017-06-30,776.47,VNINDEX,15.225999713113385,0.11744584186523138,0.11651309637051904,0.609734355993287,0.3717759848785484,0.1455151806351494,0.16579235454499602,0.016087995147394386,-0.19136893172504205,0.12017984874955356
2017-07-03,778.88,VNINDEX,17.05831384256559,0.2591914464258639,-0.14666088483227127,0.30989834169060076,0.09603698218258434,0.11651309637051904,0.1455151806351494,0.16579235454499602,0.016087995147394386,-0.19136893172504205
2017-07-04,775.54,VNINDEX,16.6749816118106,0.2348030789817036,0.041136461793484486,-0.42974294466496366,0.18467899848931402,-0.14666088483227127,0.11651309637051904,0.1455151806351494,0.16579235454499602,0.016087995147394386
2017-07-05,778.32,VNINDEX,15.437069129107044,0.12698322245212018,0.2069925826198962,0.35781897547143854,0.12803441920742994,0.041136461793484486,-0.14666088483227127,0.11651309637051904,0.1455151806351494,0.16579235454499602
2017-07-06,782.65,VNINDEX,16.89226551630691,0.25430508331261087,0.20536379491547851,0.5547846667059575,0.30778602641204034,0.2069925826198962,0.041136461793484486,-0.14666088483227127,0.11651309637051904,0.1455151806351494
2017-07-07,775.73,VNINDEX,14.991923543493169,0.09727717580140548,0.1595218271887125,-0.8881075839863419,0.7887350807340574,0.20536379491547851,0.2069925826198962,0.041136461793484486,-0.14666088483227127,0.11651309637051904
2017-07-10,766.56,VNINDEX,15.579725003035968,0.1443753760928603,-0.20550418877964224,-1.1891548359556576,1.414089223876727,0.1595218271887125,0.20536379491547851,0.2069925826198962,0.041136461793484486,-0.14666088483227127
2017-07-11,769.36,VNINDEX,16.523059260155637,0.21818541609720743,-0.006922506824078842,0.3646027269414436,0.13293514849313687,-0.20550418877964224,0.1595218271887125,0.20536379491547851,0.2069925826198962,0.041136461793484486
2017-07-12,774.17,VNINDEX,15.625651124829567,0.10674813901898728,0.15643631040301864,0.6232487311447105,0.3884389808734916,-0.006922506824078842,-0.20550418877964224,0.1595218271887125,0.20536379491547851,0.2069925826198962
2017-07-13,778.3,VNINDEX,15.829711530317828,0.18004200315391,0.16832518609003522,0.532056624966895,0.2830842521711631,0.15643631040301864,-0.006922506824078842,-0.20550418877964224,0.1595218271887125,0.20536379491547851
2017-07-14,777.6,VNINDEX,14.885947881765205,0.09992413514011364,0.12890475910433727,-0.08998008191130942,0.008096415140765952,0.16832518609003522,0.15643631040301864,-0.006922506824078842,-0.20550418877964224,0.1595218271887125
2017-07-17,768.91,VNINDEX,15.222880906563883,0.12618700763482388,-0.1932054572997311,-1.1238325600261503,1.2629996229749307,0.12890475910433727,0.16832518609003522,0.15643631040301864,-0.006922506824078842,-0.20550418877964224
2017-07-18,767.49,VNINDEX,15.95865025294259,0.15858142527826535,-0.04027222414738528,-0.18484774854587727,0.03416869014247987,-0.1932054572997311,0.12890475910433727,0.16832518609003522,0.15643631040301864,-0.006922506824078842
2017-07-19,771.3,VNINDEX,15.575318022187602,0.1341930578341051,0.13965383024906505,0.4951952879444431,0.24521837320237994,-0.04027222414738528,-0.1932054572997311,0.12890475910433727,0.16832518609003522,0.15643631040301864
2017-07-20,768.41,VNINDEX,16.747868952049814,0.23912857291727738,0.17730101867654954,-0.37539580750543794,0.14092201229265983,0.13965383024906505,-0.04027222414738528,-0.1932054572997311,0.12890475910433727,0.16832518609003522
2017-07-21,761.86,VNINDEX,15.695010835219728,0.1703988300117818,0.1812401535877217,-0.8560633092252539,0.7328443894016926,0.17730101867654954,0.13965383024906505,-0.04027222414738528,-0.1932054572997311,0.12890475910433727
2017-07-24,759.74,VNINDEX,14.535274581066012,0.06225548641222215,-0.2676548150282964,-0.27865422867828166,0.07764817916028809,0.1812401535877217,0.17730101867654954,0.13965383024906505,-0.04027222414738528,-0.1932054572997311
2017-07-25,767.27,VNINDEX,15.335071056794494,0.13350467204013433,-0.09485358493630316,0.9862490797081545,0.9726872472251816,-0.2676548150282964,0.1812401535877217,0.17730101867654954,0.13965383024906505,-0.04027222414738528
2017-07-26,773.88,VNINDEX,14.612998293586546,0.08307112661600044,0.09294376168945256,0.8578062527341083,0.7358315672297329,-0.09485358493630316,-0.2676548150282964,0.1812401535877217,0.17730101867654954,0.13965383024906505
2017-07-27,771.5,VNINDEX,15.55590315927326,0.1505733386108984,0.12238304575567797,-0.3080151007070822,0.094873302263594,0.09294376168945256,-0.09485358493630316,-0.2676548150282964,0.1812401535877217,0.17730101867654954
2017-07-28,777.09,VNINDEX,14.903622054351377,0.08575949760872713,0.10646798761187559,0.7219501972472067,0.5212120873052806,0.12238304575567797,0.09294376168945256,-0.09485358493630316,-0.2676548150282964,0.1812401535877217
2017-07-31,783.55,VNINDEX,16.11278637908844,0.20873617694067778,-0.2284572874429333,0.8278702193537348,0.685369100092801,0.10646798761187559,0.12238304575567797,0.09294376168945256,-0.09485358493630316,-0.2676548150282964
2017-08-01,786.81,VNINDEX,16.37732827240697,0.23897933223993356,-0.015188078254165224,0.41519201751299584,0.17238441140651184,-0.2284572874429333,0.10646798761187559,0.12238304575567797,0.09294376168945256,-0.09485358493630316
2017-08-02,786.23,VNINDEX,15.907864634271316,0.20716547136713756,0.21829366018258325,-0.07374256551435046,0.00543796596863827,-0.015188078254165224,-0.2284572874429333,0.10646798761187559,0.12238304575567797,0.09294376168945256
2017-08-03,788.49,VNINDEX,15.24410327713251,0.1095890323432941,0.18524461198345535,0.28703535252803847,0.08238929360089532,0.21829366018258325,-0.015188078254165224,-0.2284572874429333,0.10646798761187559,0.12238304575567797
2017-08-04,788.68,VNINDEX,16.41353540044522,0.22326571319605898,0.1800067389688305,0.02409378835751393,0.0005805106374166738,0.18524461198345535,0.21829366018258325,-0.015188078254165224,-0.2284572874429333,0.10646798761187559
2017-08-07,792.98,VNINDEX,15.887547295761308,0.18148519211115854,-0.22362791257581238,0.5437338737775856,0.29564652549317944,0.1800067389688305,0.18524461198345535,0.21829366018258325,-0.015188078254165224,-0.2284572874429333
2017-08-08,791.57,VNINDEX,16.587968296967674,0.24220888481737302,-0.0014330327550280894,-0.1779685553823355,0.03167280670487542,-0.22362791257581238,0.1800067389688305,0.18524461198345535,0.21829366018258325,-0.015188078254165224
2017-08-09,773.66,VNINDEX,43.220649569913384,2.8844665826236464,1.1027202198507264,-2.2885814488260143,5.237605047910579,-0.0014330327550280894,-0.22362791257581238,0.1800067389688305,0.18524461198345535,0.21829366018258325
2017-08-10,773.43,VNINDEX,16.489022213878513,0.23799121990512465,1.121555562448715,-0.02973324133624985,0.0008840656403596768,1.1027202198507264,-0.0014330327550280894,-0.22362791257581238,0.1800067389688305,0.18524461198345535
2017-08-11,772.08,VNINDEX,14.594012822105157,0.10575923540224291,1.0760723459770052,-0.17469965815162003,0.0305199705582929,1.121555562448715,1.1027202198507264,-0.0014330327550280894,-0.22362791257581238,0.1800067389688305
2017-08-14,776.17,VNINDEX,16.314159925923107,0.2127402202743613,-0.2516540669842709,0.5283396756483738,0.2791428128642288,1.0760723459770052,1.121555562448715,1.1027202198507264,-0.0014330327550280894,-0.22362791257581238
2017-08-15,771.06,VNINDEX,14.226117864849101,0.06111609693198347,-0.07870906486117725,-0.6605376808259683,0.4363100277909488,-0.2516540669842709,1.0760723459770052,1.121555562448715,1.1027202198507264,-0.0014330327550280894
2017-08-16,773.57,VNINDEX,14.921702493774148,0.1053496433699935,0.12640198685877965,0.32499721088995204,0.10562318708624796,-0.07870906486117725,-0.2516540669842709,1.0760723459770052,1.121555562448715,1.1027202198507264
2017-08-17,767.59,VNINDEX,14.399691978505647,0.06744361253439904,0.07796978427879228,-0.7760427225870797,0.6022423072803672,0.12640198685877965,-0.07870906486117725,-0.2516540669842709,1.0760723459770052,1.121555562448715
2017-08-18,768.97,VNINDEX,14.021219244628334,0.032098436075239684,0.06829723065987765,0.17962206110231516,0.03226408483464384,0.07796978427879228,0.12640198685877965,-0.07870906486117725,-0.2516540669842709,1.0760723459770052
2017-08-21,768.79,VNINDEX,14.429728310771006,0.07121027376037965,-0.3229249766732352,-0.023410675374855475,0.0005480597215068645,0.06829723065987765,0.07796978427879228,0.12640198685877965,-0.07870906486117725,-0.2516540669842709
2017-08-22,761.26,VNINDEX,13.712085653007776,0.0035120913117972913,-0.1540773641997823,-0.9842895060583362,0.9688258317365634,-0.3229249766732352,0.06829723065987765,0.07796978427879228,0.12640198685877965,-0.07870906486117725
2017-08-23,765.98,VNINDEX,13.125595492360192,-0.052109580234513536,0.007537594945888085,0.6181104512328892,0.3820605299233259,-0.1540773641997823,-0.3229249766732352,0.06829723065987765,0.07796978427879228,0.12640198685877965
2017-08-24,769.77,VNINDEX,13.459905919368435,-0.008799765230091385,-0.0191324180509356,0.4935709189755941,0.24361225205841244,0.007537594945888085,-0.1540773641997823,-0.3229249766732352,0.06829723065987765,0.07796978427879228
2017-08-25,771.63,VNINDEX,14.006663878591665,0.03752190783703359,-0.007795812542523511,0.2413391595680737,0.05824458994102414,-0.0191324180509356,0.007537594945888085,-0.1540773641997823,-0.3229249766732352,0.06829723065987765
2017-08-28,777.26,VNINDEX,13.990301004900711,0.04316307411356418,-0.3055321442097998,0.7269754204779388,0.528493261979076,-0.007795812542523511,-0.0191324180509356,0.007537594945888085,-0.1540773641997823,-0.3229249766732352
2017-08-29,774.03,VNINDEX,15.276782775321706,0.15320061035664018,-0.0914739615574196,-0.4164282200857504,0.1734124624837862,-0.3055321442097998,-0.007795812542523511,-0.0191324180509356,0.007537594945888085,-0.1540773641997823
2017-08-30,778.65,VNINDEX,14.844408172686569,0.09084183117566447,0.09573517188195654,0.5951018412835604,0.3541462014990839,-0.0914739615574196,-0.3055321442097998,-0.007795812542523511,-0.0191324180509356,0.007537594945888085
2017-08-31,782.76,VNINDEX,14.889902346584265,0.13124558067262335,0.12509600740164295,0.5264484654657146,0.27714798679120567,0.09573517188195654,-0.0914739615574196,-0.3055321442097998,-0.007795812542523511,-0.0191324180509356
2017-09-01,788.73,VNINDEX,12.994419870648194,-0.03673913585358141,0.06178275866490239,0.7597921361072353,0.5772840900903955,0.12509600740164295,0.09573517188195654,-0.0914739615574196,-0.3055321442097998,-0.007795812542523511
2017-09-05,792.31,VNINDEX,13.781854186697489,0.016578751016963655,-0.283769954626636,0.45286724162304515,0.20508873853526555,0.06178275866490239,0.12509600740164295,0.09573517188195654,-0.0914739615574196,-0.3055321442097998
2017-09-06,793.55,VNINDEX,14.978679476351719,0.09417717630834357,-0.0864300225283933,0.15638205802595972,0.024455348072434633,-0.283769954626636,0.06178275866490239,0.12509600740164295,0.09573517188195654,-0.0914739615574196
2017-09-07,796.72,VNINDEX,14.965864800643221,0.09738500482473086,0.06938031071667966,0.3986749669816703,0.15894172929783593,-0.0864300225283933,-0.283769954626636,0.06178275866490239,0.12509600740164295,0.09573517188195654
2017-09-08,801.2,VNINDEX,13.700152884761543,-0.008111379436120607,0.061150267232318214,0.560730416827905,0.3144186003559961,0.06938031071667966,-0.0864300225283933,-0.283769954626636,0.06178275866490239,0.12509600740164295
2017-09-11,797.47,VNINDEX,14.389996109346653,0.06191027528119387,-0.31959619407154494,-0.46663873950804163,0.21775171320965395,0.061150267232318214,0.06938031071667966,-0.0864300225283933,-0.283769954626636,0.06178275866490239
2017-09-12,799.94,VNINDEX,14.85460025060463,0.10468094516898904,-0.12610929192220122,0.30925084587038937,0.09563608567155132,-0.31959619407154494,0.061150267232318214,0.06938031071667966,-0.0864300225283933,-0.283769954626636
2017-09-13,802.78,VNINDEX,14.560022025020741,0.07067112864375272,0.07908744969797879,0.35439789513854536,0.12559786807863138,-0.12610929192220122,-0.31959619407154494,0.061150267232318214,0.06938031071667966,-0.0864300225283933
2017-09-14,806.32,VNINDEX,13.936895344901952,0.02445524813186723,0.06660244064820325,0.4399982239950513,0.19359843711879932,0.07908744969797879,-0.12610929192220122,-0.31959619407154494,0.061150267232318214,0.06938031071667966
2017-09-15,805.82,VNINDEX,13.127809266851077,-0.0185724914565972,0.025517961773007823,-0.062029354278391964,0.0038476407921942636,0.06660244064820325,0.07908744969797879,-0.12610929192220122,-0.31959619407154494,0.061150267232318214
2017-09-18,807.87,VNINDEX,14.088774003827162,0.011628007002489713,-0.36418192923362225,0.25407619837882034,0.06455471458263366,0.025517961773007823,0.06660244064820325,0.07908744969797879,-0.12610929192220122,-0.31959619407154494
2017-09-19,805.93,VNINDEX,15.688366955284124,0.15412637825831402,-0.13382165059034273,-0.24042643877953024,0.0578048724642072,-0.36418192923362225,0.025517961773007823,0.06660244064820325,0.07908744969797879,-0.12610929192220122
2017-09-20,805.86,VNINDEX,14.817038130941404,0.09947313145384577,0.08840917223821673,-0.008685995079248476,7.544651051672874e-05,-0.13382165059034273,-0.36418192923362225,0.025517961773007823,0.06660244064820325,0.07908744969797879
2017-09-21,803.93,VNINDEX,14.780401611470198,0.10887892248827116,0.12082614406681055,-0.23978294370384645,0.057495860091282,0.08840917223821673,-0.13382165059034273,-0.36418192923362225,0.025517961773007823,0.06660244064820325
2017-09-22,807.13,VNINDEX,14.78657240724309,0.08939864221841598,0.09925023205351122,0.3972545042761926,0.15781114116772352,0.12082614406681055,0.08840917223821673,-0.13382165059034273,-0.36418192923362225,0.025517961773007823
2017-09-25,805.58,VNINDEX,15.125742331129006,0.1217516482078389,-0.2918209618948171,-0.1922230875070003,0.03694971537072389,0.09925023205351122,0.12082614406681055,0.08840917223821673,-0.13382165059034273,-0.36418192923362225
2017-09-26,805.35,VNINDEX,14.468601729329448,0.06789461622066692,-0.09699937863424549,-0.028554934300411578,0.0008153842729008217,-0.2918209618948171,0.09925023205351122,0.12082614406681055,0.08840917223821673,-0.13382165059034273
2017-09-27,803.77,VNINDEX,14.855482158066891,0.08984964590468385,0.0931653034443968,-0.1963806935191264,0.03856537678705305,-0.09699937863424549,-0.2918209618948171,0.09925023205351122,0.12082614406681055,0.08840917223821673
2017-09-28,804.82,VNINDEX,13.089388364321941,-0.036395961190638905,0.04044943364490421,0.13054913298316184,0.017043076122655276,0.0931653034443968,-0.09699937863424549,-0.2918209618948171,0.09925023205351122,0.12082614406681055
2017-09-29,804.42,VNINDEX,13.93203584802428,0.03541205714686649,0.029621913953637384,-0.04971290898038999,0.0024713733192925397,0.04044943364490421,0.0931653034443968,-0.09699937863424549,-0.2918209618948171,0.09925023205351122
2017-10-02,802.23,VNINDEX,13.16270509599411,-0.02576263924561588,-0.3471270665475311,-0.27261710470124884,0.07432008577569167,0.029621913953637384,0.04044943364490421,0.0931653034443968,-0.09699937863424549,-0.2918209618948171
2017-10-03,798.0,VNINDEX,13.895355635823316,0.015372944167418072,-0.173658495899924,-0.528675234470351,0.27949750354228065,-0.3471270665475311,0.029621913953637384,0.04044943364490421,0.0931653034443968,-0.09699937863424549
2017-10-04,805.66,VNINDEX,14.207155517964067,0.05635725043502231,0.015322518452275079,0.9553219830600627,0.9126400913178107,-0.173658495899924,-0.3471270665475311,0.029621913953637384,0.04044943364490421,0.0931653034443968
2017-10-05,805.23,VNINDEX,15.328470869588648,0.1466771243005402,0.07280243963432709,-0.053386638468535974,0.002850133166970165,0.015322518452275079,-0.173658495899924,-0.3471270665475311,0.029621913953637384,0.04044943364490421
2017-10-06,807.8,VNINDEX,12.920244356110118,-0.059988113817502915,0.047682086972686756,0.31865522335884666,0.10154115137387645,0.07280243963432709,0.015322518452275079,-0.173658495899924,-0.3471270665475311,0.029621913953637384
2017-10-09,808.96,VNINDEX,15.84295559745928,0.18314200264697195,-0.25145357046768363,0.14349689490708367,0.020591358847974615,0.047682086972686756,0.07280243963432709,0.015322518452275079,-0.173658495899924,-0.3471270665475311
2017-10-10,810.65,VNINDEX,14.250006525937922,0.056916083144615534,-0.08994644034533861,0.20869229176949078,0.04355247264400227,-0.25145357046768363,0.047682086972686756,0.07280243963432709,0.015322518452275079,-0.173658495899924
2017-10-11,813.95,VNINDEX,13.80748353811448,0.010163093984188978,0.08340705992525907,0.40625440584408906,0.16504264226773382,-0.08994644034533861,-0.25145357046768363,0.047682086972686756,0.07280243963432709,0.015322518452275079
2017-10-12,815.87,VNINDEX,13.718300141510424,0.013476715055815824,0.026851964061540348,0.23560894923181952,0.05551157695812211,0.08340705992525907,-0.08994644034533861,-0.25145357046768363,0.047682086972686756,0.07280243963432709
2017-10-13,820.95,VNINDEX,14.791431904120767,0.07844183320341676,0.03402721408114076,0.6207177711199636,0.38529055138413554,0.026851964061540348,0.08340705992525907,-0.08994644034533861,-0.25145357046768363,0.047682086972686756
2017-10-16,819.43,VNINDEX,14.722545277893317,0.05054387423394524,-0.3201274190117926,-0.18532296602393758,0.03434460173590952,0.03402721408114076,0.026851964061540348,0.08340705992525907,-0.08994644034533861,-0.25145357046768363
2017-10-17,828.29,VNINDEX,14.339642438571286,0.03246333479923426,-0.14945749991037358,1.0754358013103176,1.156562162739965,-0.3201274190117926,0.03402721408114076,0.026851964061540348,0.08340705992525907,-0.08994644034533861
2017-10-18,827.72,VNINDEX,15.058210696526533,0.11477512199738518,0.06592744367685514,-0.0688401667272533,0.0047389685550360315,-0.14945749991037358,-0.3201274190117926,0.03402721408114076,0.026851964061540348,0.08340705992525907
2017-10-19,828.93,VNINDEX,15.108973190601453,0.09363803119171663,0.08029216266277894,0.14607795432540044,0.021338768739893776,0.06592744367685514,-0.14945749991037358,-0.3201274190117926,0.03402721408114076,0.026851964061540348
2017-10-20,826.84,VNINDEX,14.437254098168873,0.07265142624954227,0.09368819314621495,-0.25245065558468116,0.06373133350513531,0.08029216266277894,0.06592744367685514,-0.14945749991037358,-0.3201274190117926,0.03402721408114076
2017-10-23,820.04,VNINDEX,14.507475147887892,0.06457895868095423,-0.2876313198139645,-0.8258086374660925,0.6819599057136041,0.09368819314621495,0.08029216266277894,0.06592744367685514,-0.14945749991037358,-0.3201274190117926
2017-10-24,825.24,VNINDEX,15.885806605433135,0.18370083535656528,-0.06943324197317957,0.6321133563370733,0.39956729525971985,-0.2876313198139645,0.09368819314621495,0.08029216266277894,0.06592744367685514,-0.14945749991037358
2017-10-25,830.69,VNINDEX,15.817349370638642,0.16211070439654302,0.13679683281135444,0.6582427612615973,0.4332835327532922,-0.06943324197317957,-0.2876313198139645,0.09368819314621495,0.08029216266277894,0.06592744367685514
2017-10-26,830.11,VNINDEX,13.360101053413365,-0.025633086161238324,0.10672615119729023,-0.06984586025760792,0.004878444195125293,0.13679683281135444,-0.06943324197317957,-0.2876313198139645,0.09368819314621495,0.08029216266277894
2017-10-27,840.37,VNINDEX,13.894044336928099,0.023896415422274025,0.05345801121919315,1.2284048916890837,1.5089785779256695,0.10672615119729023,0.13679683281135444,-0.06943324197317957,-0.2876313198139645,0.09368819314621495
2017-10-30,845.2,VNINDEX,15.67735978722991,0.1571165122599647,-0.28974773303512036,0.5731014695225822,0.32844529436894326,0.05345801121919315,0.10672615119729023,0.13679683281135444,-0.06943324197317957,-0.2876313198139645
2017-10-31,837.28,VNINDEX,15.519696031235009,0.16628695765477297,-0.06319797880197586,-0.9414743118004085,0.8863738797800529,-0.28974773303512036,0.05345801121919315,0.10672615119729023,0.13679683281135444,-0.06943324197317957
2017-11-01,842.71,VNINDEX,14.899191948906656,0.10302413463317556,0.14214253484930464,0.6464346703202566,0.4178777829920588,-0.06319797880197586,-0.28974773303512036,0.05345801121919315,0.10672615119729023,0.13679683281135444
2017-11-02,833.09,VNINDEX,14.805105362695171,0.08784966070592792,0.1190535843312924,-1.1481209779218506,1.3181817799442266,0.14214253484930464,-0.06319797880197586,-0.28974773303512036,0.05345801121919315,0.10672615119729023
2017-11-03,843.73,VNINDEX,13.915672974333326,0.04105322342339704,0.07730900625416712,1.2690858654217072,1.6105789338131635,0.1190535843312924,0.14214253484930464,-0.06319797880197586,-0.28974773303512036,0.05345801121919315
2017-11-06,849.09,VNINDEX,16.054068706182697,0.2221242872477344,-0.2694916043636307,0.6332649558034386,0.401024504248731,0.07730900625416712,0.1190535843312924,0.14214253484930464,-0.06319797880197586,-0.28974773303512036
2017-11-07,850.33,VNINDEX,13.793334438914412,0.04934134903863588,-0.09163877882687703,0.14593216745251916,0.021296197497390094,-0.2694916043636307,0.07730900625416712,0.1190535843312924,0.14214253484930464,-0.06319797880197586
2017-11-08,859.7,VNINDEX,16.73460176031201,0.26347552870741914,0.17831372166459675,1.095898174574021,1.2009928090346715,-0.09163877882687703,-0.2694916043636307,0.07730900625416712,0.1190535843312924,0.14214253484930464
2017-11-09,860.4,VNINDEX,16.113215770521393,0.21504400495012704,0.17595362756539426,0.08139062131764306,0.006624433238471973,0.17831372166459675,-0.09163877882687703,-0.2694916043636307,0.07730900625416712,0.1190535843312924
2017-11-10,868.21,VNINDEX,14.996803608504244,0.14321222608348372,0.20724391991367688,0.9036223488976681,0.816533349427339,0.17595362756539426,0.17831372166459675,-0.09163877882687703,-0.2694916043636307,0.07730900625416712
2017-11-13,879.34,VNINDEX,16.625077900601593,0.2685558258062706,-0.21896403380084428,1.2738005198996447,1.6225677644966052,0.20724391991367688,0.17595362756539426,0.17831372166459675,-0.09163877882687703,-0.2694916043636307
2017-11-14,880.9,VNINDEX,15.733002346315908,0.18191447173637426,-0.006743055545848406,0.1772486034201842,0.03141706741440573,-0.21896403380084428,0.20724391991367688,0.17595362756539426,0.17831372166459675,-0.09163877882687703
2017-11-15,882.59,VNINDEX,16.451956302974356,0.2410891829301007,0.23051982682424876,0.19166544946218964,0.036735644517543166,-0.006743055545848406,-0.21896403380084428,0.20724391991367688,0.17595362756539426,0.17831372166459675
2017-11-16,892.8,VNINDEX,15.945856145367497,0.21868111309173,0.2138949225860686,1.1501825016674654,1.322919787142029,0.23051982682424876,-0.006743055545848406,-0.21896403380084428,0.20724391991367688,0.17595362756539426
2017-11-17,890.69,VNINDEX,14.687196932720976,0.07887314929671826,0.17954781510618323,-0.23661483769805597,0.05598658141887737,0.2138949225860686,0.23051982682424876,-0.006743055545848406,-0.21896403380084428,0.20724391991367688
2017-11-20,903.55,VNINDEX,16.075697343587926,0.2392810952488574,-0.22967648311510164,1.4335005594107078,2.054923853830812,0.17954781510618323,0.2138949225860686,0.23051982682424876,-0.006743055545848406,-0.21896403380084428
2017-11-21,918.3,VNINDEX,15.58548697550931,0.1754791271106334,-0.027170564017784296,1.6192685775303528,2.6220307261771723,-0.22967648311510164,0.17954781510618323,0.2138949225860686,0.23051982682424876,-0.006743055545848406
2017-11-22,932.66,VNINDEX,18.482139474008527,0.4187170725984336,0.277825764985975,1.5516583949462968,2.407643774607318,-0.027170564017784296,-0.22967648311510164,0.17954781510618323,0.2138949225860686,0.23051982682424876
2017-11-23,933.7,VNINDEX,16.200658476797276,0.2139460271239069,0.2693807422776582,0.11144689209408461,0.012420409757430539,0.277825764985975,-0.027170564017784296,-0.22967648311510164,0.17954781510618323,0.2138949225860686
2017-11-24,935.57,VNINDEX,15.632721839735177,0.2136672333621854,0.28211011102817546,0.2000781721014721,0.04003127495146629,0.2693807422776582,0.277825764985975,-0.027170564017784296,-0.22967648311510164,0.17954781510618323
2017-11-27,938.61,VNINDEX,16.5336576049103,0.2657793133831848,-0.19534359458193928,0.32440882584457864,0.10524108628585815,0.28211011102817546,0.2693807422776582,0.277825764985975,-0.027170564017784296,-0.22967648311510164
2017-11-28,941.21,VNINDEX,16.974825601108765,0.2916108697845936,0.030425106363972422,0.27662240618060907,0.07651995560114987,-0.19534359458193928,0.28211011102817546,0.2693807422776582,0.277825764985975,-0.027170564017784296
2017-11-29,952.14,VNINDEX,16.732408553954528,0.28683029922658027,0.28140682746478646,1.1545801271658944,1.3330552700464129,0.030425106363972422,-0.19534359458193928,0.28211011102817546,0.2693807422776582,0.277825764985975
2017-11-30,949.93,VNINDEX,19.538522664224715,0.5124604330269895,0.36363386734605474,-0.23237851335605755,0.05399977346957142,0.28140682746478646,0.030425106363972422,-0.19534359458193928,0.28211011102817546,0.2693807422776582
2017-12-01,960.33,VNINDEX,15.139006966403862,0.18174350699797814,0.32701141308384957,1.0888677724141447,1.1856330258021415,0.36363386734605474,0.28140682746478646,0.030425106363972422,-0.19534359458193928,0.28211011102817546
2017-12-04,970.02,VNINDEX,17.780363481177183,0.3370719471332013,-0.16726701445833747,1.003971444818325,1.007958662010595,0.32701141308384957,0.36363386734605474,0.28140682746478646,0.030425106363972422,-0.19534359458193928
2017-12-05,953.3,VNINDEX,18.778887781353543,0.45681907388771253,0.10478153283863054,-1.738704034203755,3.023091718556412,-0.16726701445833747,0.32701141308384957,0.36363386734605474,0.28140682746478646,0.030425106363972422
2017-12-06,947.64,VNINDEX,17.458844605281087,0.31800125889559555,0.37063075997217004,-0.5954966202042461,0.3546162246746801,0.10478153283863054,-0.16726701445833747,0.32701141308384957,0.36363386734605474,0.28140682746478646
2017-12-07,938.65,VNINDEX,16.335788563328336,0.22989702827548436,0.3349057870195977,-0.9532010527118794,0.908592246891035,0.37063075997217004,0.10478153283863054,-0.16726701445833747,0.32701141308384957,0.36363386734605474
2017-12-08,940.16,VNINDEX,15.439282903597931,0.16052031123003646,0.2361395328003724,0.16074007750866434,0.02583737251749142,0.3349057870195977,0.37063075997217004,0.10478153283863054,-0.16726701445833747,0.32701141308384957
2017-12-11,917.45,VNINDEX,17.069794094782516,0.29195404444753603,-0.2134822161475277,-2.4451991014495142,5.9789986457295115,0.2361395328003724,0.3349057870195977,0.37063075997217004,0.10478153283863054,-0.16726701445833747
2017-12-12,927.25,VNINDEX,15.657878106989457,0.17149884430608783,-0.03321819197373305,1.062513383873751,1.128934690910849,-0.2134822161475277,0.2361395328003724,0.3349057870195977,0.37063075997217004,0.10478153283863054
2017-12-13,924.4,VNINDEX,14.980893250842602,0.12771426508625983,0.19705571794662816,-0.30783379694745217,0.0947616465430852,-0.03321819197373305,-0.2134822161475277,0.2361395328003724,0.3349057870195977,0.37063075997217004
2017-12-14,935.85,VNINDEX,17.065816505367103,0.2880795541982301,0.19576422119685952,1.2310328824679506,1.515441957717351,0.19705571794662816,-0.03321819197373305,-0.2134822161475277,0.2361395328003724,0.3349057870195977
2017-12-15,935.16,VNINDEX,16.886524111966974,0.2800931915919152,0.23196233695880197,-0.07375695814352091,0.005440088874585096,0.19576422119685952,0.19705571794662816,-0.03321819197373305,-0.2134822161475277,0.2361395328003724
2017-12-18,958.06,VNINDEX,17.42618567522529,0.3312815401793269,-0.1951566381893795,2.419276884635103,5.852900644529729,0.23196233695880197,0.19576422119685952,0.19705571794662816,-0.03321819197373305,-0.2134822161475277
2017-12-19,951.42,VNINDEX,15.465341646447877,0.16041248220671112,0.014804833636055219,-0.6954801060289777,0.48369257788207803,-0.1951566381893795,0.23196233695880197,0.19576422119685952,0.19705571794662816,-0.03321819197373305
2017-12-20,953.51,VNINDEX,16.85911037749205,0.25927958785622285,0.25032453674742056,0.2194307232926971,0.048149842324756206,0.014804833636055219,-0.1951566381893795,0.23196233695880197,0.19576422119685952,0.19705571794662816
2017-12-21,946.06,VNINDEX,16.808347883417134,0.2804166786618914,0.2333695829082754,-0.7843920674710807,0.6152709155115564,0.25032453674742056,0.014804833636055219,-0.1951566381893795,0.23196233695880197,0.19576422119685952
2017-12-22,952.32,VNINDEX,15.262656800717995,0.16493191012788344,0.23487605888199953,0.6595120776870579,0.4349561806150999,0.2333695829082754,0.25032453674742056,0.014804833636055219,-0.1951566381893795,0.23196233695880197
2017-12-25,958.31,VNINDEX,14.518073492642554,0.11217285596693166,-0.28483225320572625,0.6270203676223206,0.3931545414132301,0.23487605888199953,0.2333695829082754,0.25032453674742056,0.014804833636055219,-0.1951566381893795
2017-12-26,965.93,VNINDEX,15.359365984719915,0.16305944154541918,-0.07911850559202165,0.7920051377935255,0.6272721382913414,-0.28483225320572625,0.23487605888199953,0.2333695829082754,0.25032453674742056,0.014804833636055219
2017-12-27,968.46,VNINDEX,15.963530317953667,0.20451647556034347,0.15991625769089834,0.2615813194467048,0.06842478668347904,-0.07911850559202165,-0.28483225320572625,0.23487605888199953,0.2333695829082754,0.25032453674742056
2017-12-28,976.72,VNINDEX,16.44092601032379,0.27152627221495507,0.2130340631069062,0.849283834735672,0.7212830319433283,0.15991625769089834,-0.07911850559202165,-0.28483225320572625,0.23487605888199953,0.2333695829082754
2017-12-29,984.24,VNINDEX,16.22364210582748,0.25202426788404764,0.24268900521978232,0.7669750391313547,0.588250710650543,0.2130340631069062,0.15991625769089834,-0.07911850559202165,-0.28483225320572625,0.23487605888199953
2018-01-02,995.77,VNINDEX,16.110983677659917,0.2300963828511643,-0.2493643519208399,1.1646537470923812,1.3564183506163243,0.24268900521978232,0.2130340631069062,0.15991625769089834,-0.07911850559202165,-0.28483225320572625
2018-01-03,1005.67,VNINDEX,18.25887733367063,0.39709192123607,0.06158086326626823,0.9892957813499409,0.97870614299679,-0.2493643519208399,0.24268900521978232,0.2130340631069062,0.15991625769089834,-0.07911850559202165
2018-01-04,1019.75,VNINDEX,16.958972224364167,0.303894963024262,0.31036108903716575,1.390351316133122,1.9330767822731045,0.06158086326626823,-0.2493643519208399,0.24268900521978232,0.2130340631069062,0.15991625769089834
2018-01-05,1012.65,VNINDEX,15.729367458317956,0.2078259679235856,0.30293761739463954,-0.6986842041678716,0.48815961715369205,0.31036108903716575,0.06158086326626823,-0.2493643519208399,0.24268900521978232,0.2130340631069062
2018-01-08,1022.9,VNINDEX,18.45681887860359,0.4334265847395872,-0.13123386385004998,1.0071073306972531,1.0142651755441463,0.30293761739463954,0.31036108903716575,0.06158086326626823,-0.2493643519208399,0.24268900521978232
2018-01-09,1033.56,VNINDEX,16.436331124626946,0.26924968882359157,0.09116496736562395,1.0367423126120767,1.074834622760237,-0.13123386385004998,0.30293761739463954,0.31036108903716575,0.06158086326626823,-0.2493643519208399
2018-01-10,1038.11,VNINDEX,18.146182922495022,0.4065989980434502,0.3697584238688766,0.439259854705509,0.19294921995590486,0.09116496736562395,-0.13123386385004998,0.30293761739463954,0.31036108903716575,0.06158086326626823
2018-01-11,1048.17,VNINDEX,17.468040751142702,0.3836412032168732,0.3531632966946386,0.9644034330081807,0.9300739815979644,0.3697584238688766,0.09116496736562395,-0.13123386385004998,0.30293761739463954,0.31036108903716575
2018-01-12,1050.11,VNINDEX,19.07879391349511,0.5127252146502325,0.43432180530351894,0.18491341029663844,0.03419296930753295,0.3531632966946386,0.3697584238688766,0.09116496736562395,-0.13123386385004998,0.30293761739463954
2018-01-15,1063.47,VNINDEX,17.66574699643703,0.38358780879691473,-0.18491840231014764,1.26422259285211,1.598258764277712,0.43432180530351894,0.3531632966946386,0.3697584238688766,0.09116496736562395,-0.13123386385004998
2018-01-16,1062.96,VNINDEX,17.77850823947489,0.37254578893166257,0.07503191813398531,-0.04796772146544871,0.0023009023025868693,-0.18491840231014764,0.43432180530351894,0.3531632966946386,0.3697584238688766,0.09116496736562395
2018-01-17,1034.69,VNINDEX,18.61238678208094,0.42020416230762175,0.39211258667873333,-2.6955604355943312,7.266046061941501,0.07503191813398531,-0.18491840231014764,0.43432180530351894,0.3531632966946386,0.3697584238688766
2018-01-18,1050.25,VNINDEX,17.25556500823678,0.3030473998653884,0.3652657837015578,1.4926366122382222,2.227964056193997,0.39211258667873333,0.07503191813398531,-0.18491840231014764,0.43432180530351894,0.3531632966946386
2018-01-19,1062.07,VNINDEX,18.315358202982935,0.3892684967166359,0.3708400196298822,1.119160295119992,1.2525197661730674,0.3652657837015578,0.39211258667873333,0.07503191813398531,-0.18491840231014764,0.43432180530351894
2018-01-22,1086.51,VNINDEX,18.73987111732789,0.4351521574176904,-0.1362685051656456,2.2750890519061264,5.1760301941031175,0.3708400196298822,0.3652657837015578,0.39211258667873333,0.07503191813398531,-0.18491840231014764
2018-01-23,1086.51,VNINDEX,13.991443693570105,0.11231137194479168,0.015092582153997572,0.0,0.0,-0.1362685051656456,0.3708400196298822,0.3652657837015578,0.39211258667873333,0.07503191813398531
2018-01-24,1086.51,VNINDEX,14.189059904300928,0.08646432918464414,0.21130928618237566,0.0,0.0,0.015092582153997572,-0.1362685051656456,0.3708400196298822,0.3652657837015578,0.39211258667873333
2018-01-25,1104.57,VNINDEX,17.934456707665998,0.40630583400645914,0.20169384504529858,1.648539442588358,2.717682293769534,0.21130928618237566,0.015092582153997572,-0.1362685051656456,0.3708400196298822,0.3652657837015578
2018-01-26,1115.64,VNINDEX,16.520941967572153,0.2879130295582455,0.2602277309164499,0.9972112310130772,0.9944302392586167,0.20169384504529858,0.21130928618237566,0.015092582153997572,-0.1362685051656456,0.3708400196298822
2018-01-29,1109.8,VNINDEX,19.079049639593492,0.4929211467197139,-0.15196791757870426,-0.5248412363966115,0.27545832342232385,0.2602277309164499,0.20169384504529858,0.21130928618237566,0.015092582153997572,-0.1362685051656456
2018-01-30,1110.56,VNINDEX,18.18852175989875,0.4151631968818412,0.15079334116863446,0.06845736994726079,0.004686411500096125,-0.15196791757870426,0.2602277309164499,0.20169384504529858,0.21130928618237566,0.015092582153997572
2018-01-31,1110.36,VNINDEX,17.6516717963907,0.3984404890968678,0.43550827756614124,-0.018010554233443346,0.000324380063795804,0.15079334116863446,-0.15196791757870426,0.2602277309164499,0.20169384504529858,0.21130928618237566
2018-02-01,1099.67,VNINDEX,17.920157809331666,0.39843475208196716,0.4040128126868923,-0.9674152271479155,0.935892221717653,0.43550827756614124,0.15079334116863446,-0.15196791757870426,0.2602277309164499,0.20169384504529858
2018-02-02,1105.04,VNINDEX,15.842764992167956,0.22396234763457684,0.34027919627113756,0.4871398614244292,0.2373052445886121,0.4040128126868923,0.43550827756614124,0.15079334116863446,-0.15196791757870426,0.2602277309164499
2018-02-05,1048.71,VNINDEX,17.906259902170845,0.381354011810243,-0.18501994833241173,-5.232069598128462,27.37455227966013,0.34027919627113756,0.4040128126868923,0.43550827756614124,0.15079334116863446,-0.15196791757870426
2018-02-06,1011.6,VNINDEX,21.637825630237344,0.6825798333024621,0.18543380229820883,-3.6027601614609646,12.979880781010236,-0.18501994833241173,0.34027919627113756,0.4040128126868923,0.43550827756614124,0.15079334116863446
2018-02-07,1040.55,VNINDEX,18.980630924050963,0.48297071405352493,0.5156348530554102,2.8216183703609916,7.961530227958618,0.18543380229820883,-0.18501994833241173,0.34027919627113756,0.4040128126868923,0.43550827756614124
2018-02-08,1023.25,VNINDEX,16.662489901514803,0.2743440486693306,0.4799648653417729,-1.6765583126907513,2.810847775852459,0.5156348530554102,0.18543380229820883,-0.18501994833241173,0.34027919627113756,0.4040128126868923
2018-02-09,1003.94,VNINDEX,16.436610053426577,0.2767742122911341,0.3446963250046635,-1.9051577862770162,3.629626190611941,0.4799648653417729,0.5156348530554102,0.18543380229820883,-0.18501994833241173,0.34027919627113756
2018-02-12,1041.79,VNINDEX,15.616606215280097,0.21886798778883784,-0.27087095157182284,3.70081289839232,13.696016108906965,0.3446963250046635,0.4799648653417729,0.5156348530554102,0.18543380229820883,-0.18501994833241173
2018-02-13,1059.73,VNINDEX,13.539213398116386,0.044395583341447414,-0.09443811079842913,1.7073771185435394,2.9151366249260393,-0.27087095157182284,0.3446963250046635,0.4799648653417729,0.5156348530554102,0.18543380229820883
2018-02-21,1087.15,VNINDEX,16.111160970545416,0.19816296227948704,-0.2069730769728283,2.5545434401967158,6.525692187852071,-0.09443811079842913,-0.27087095157182284,0.3446963250046635,0.4799648653417729,0.5156348530554102
2018-02-22,1076.03,VNINDEX,17.326556872820802,0.3121545237958607,0.05682109365042968,-1.0281250707115008,1.0570411610255286,-0.2069730769728283,-0.09443811079842913,-0.27087095157182284,0.3446963250046635,0.4799648653417729
2018-02-23,1102.85,VNINDEX,17.580979287066064,0.3406657627799437,0.2836610829517641,2.4619395884643893,6.061146537248207,0.05682109365042968,-0.2069730769728283,-0.09443811079842913,-0.27087095157182284,0.3446963250046635
2018-02-26,1114.53,VNINDEX,17.340934204368008,0.3321549583615112,-0.17891626657814372,1.0535053105450356,1.1098734393465919,0.2836610829517641,0.05682109365042968,-0.2069730769728283,-0.09443811079842913,-0.27087095157182284
2018-02-27,1119.61,VNINDEX,17.976638678643972,0.39061132756253303,0.08042277249606795,0.4547618998706624,0.20680838557397438,-0.17891626657814372,0.2836610829517641,0.05682109365042968,-0.2069730769728283,-0.09443811079842913
2018-02-28,1124.87,VNINDEX,17.76468876552694,0.36759440130109683,0.36345356240838067,0.46870630431534216,0.21968559970494614,0.08042277249606795,-0.17891626657814372,0.2836610829517641,0.05682109365042968,-0.2069730769728283
2018-03-01,1115.79,VNINDEX,18.527810743187608,0.4425337086700595,0.4002464791778968,-0.8104799214241931,0.6568777030317663,0.36345356240838067,0.08042277249606795,-0.17891626657814372,0.2836610829517641,0.05682109365042968
2018-03-02,1121.21,VNINDEX,17.34072210743063,0.32309549183609676,0.37774120060241795,0.4845785074534493,0.23481632988581264,0.4002464791778968,0.36345356240838067,0.08042277249606795,-0.17891626657814372,0.2836610829517641
2018-03-05,1093.48,VNINDEX,17.637483359079624,0.36017092965857056,-0.17609712991198578,-2.504318821147253,6.271612757952367,0.37774120060241795,0.4002464791778968,0.36345356240838067,0.08042277249606795,-0.17891626657814372
2018-03-06,1120.29,VNINDEX,17.807094434792923,0.37462365708161577,0.09913185829747945,2.4222309289624326,5.867202673222209,-0.17609712991198578,0.37774120060241795,0.4002464791778968,0.36345356240838067,0.08042277249606795
2018-03-07,1112.26,VNINDEX,16.238534844769116,0.2435094349033609,0.3261013405478494,-0.7193598914171405,0.5174786533796802,0.09913185829747945,-0.17609712991198578,0.37774120060241795,0.4002464791778968,0.36345356240838067
2018-03-08,1124.15,VNINDEX,16.252700079378947,0.254450402943597,0.29086116497619147,1.0633213076831267,1.1306522033729547,0.3261013405478494,0.09913185829747945,-0.17609712991198578,0.37774120060241795,0.4002464791778968
2018-03-09,1123.41,VNINDEX,17.806972372419047,0.3913578388963905,0.29643922558111646,-0.06584918994282103,0.004336115816125722,0.29086116497619147,0.3261013405478494,0.09913185829747945,-0.17609712991198578,0.37774120060241795
2018-03-12,1126.29,VNINDEX,18.75382425500034,0.43703365893251195,-0.1105142777820291,0.2560342777512576,0.06555355138360812,0.29643922558111646,0.29086116497619147,0.3261013405478494,0.09913185829747945,-0.17609712991198578
2018-03-13,1133.31,VNINDEX,17.326289545371793,0.31829429602734877,0.1100194319177571,0.62135091038123,0.38607695383158336,-0.1105142777820291,0.29643922558111646,0.29086116497619147,0.3261013405478494,0.09913185829747945
2018-03-14,1138.09,VNINDEX,18.301550330385616,0.3979814047851007,0.3844364532483208,0.4208864186218814,0.1771453773803536,0.1100194319177571,-0.1105142777820291,0.29643922558111646,0.29086116497619147,0.3261013405478494
2018-03-15,1138.76,VNINDEX,17.270076003508493,0.3199779483152949,0.3454178830425818,0.05885324192099278,0.0034637040846109022,0.3844364532483208,0.1100194319177571,-0.1105142777820291,0.29643922558111646,0.29086116497619147
2018-03-16,1150.19,VNINDEX,18.08946675354408,0.3780343646394087,0.3653312392466017,0.9987195007372953,0.9974406411529524,0.3454178830425818,0.3844364532483208,0.1100194319177571,-0.1105142777820291,0.29643922558111646
2018-03-19,1159.22,VNINDEX,20.039999924922355,0.5510728778539433,-0.08967917222835856,0.7820219034049346,0.6115582574050769,0.3653312392466017,0.3454178830425818,0.3844364532483208,0.1100194319177571,-0.1105142777820291
2018-03-20,1159.39,VNINDEX,18.79596259681731,0.4502026869445189,0.18561576572339844,0.014663958173617861,0.00021503166931761408,-0.08967917222835856,0.3653312392466017,0.3454178830425818,0.3844364532483208,0.1100194319177571
2018-03-21,1169.36,VNINDEX,19.318926254515166,0.4635089501567987,0.4882615049850873,0.8562585863541621,0.7331787667052281,0.18561576572339844,-0.08967917222835856,0.3653312392466017,0.3454178830425818,0.3844364532483208
2018-03-22,1172.36,VNINDEX,18.89503802963173,0.43113939333295714,0.4482836768114253,0.2562220625218561,0.06564974532295392,0.4882615049850873,0.18561576572339844,-0.08967917222835856,0.3653312392466017,0.3454178830425818
2018-03-23,1153.59,VNINDEX,16.492753987186124,0.19310478580900461,0.3625843764329206,-1.6139992229093152,2.6049934915518733,0.4482836768114253,0.4882615049850873,0.18561576572339844,-0.08967917222835856,0.3653312392466017
2018-03-26,1171.22,VNINDEX,19.375674451276478,0.44954575340587644,-0.05733506289770393,1.5167121586814896,2.300415772292264,0.3625843764329206,0.4482836768114253,0.4882615049850873,0.18561576572339844,-0.08967917222835856
2018-03-27,1171.73,VNINDEX,19.601577502065958,0.47444418118213416,0.19718640036882604,0.04353486058644328,0.0018952840862810523,-0.05733506289770393,0.3625843764329206,0.4482836768114253,0.4882615049850873,0.18561576572339844
2018-03-28,1172.24,VNINDEX,18.244822560084053,0.35575247568202883,0.42658080342334653,0.043515915992782817,0.0018936349446909313,0.19718640036882604,-0.05733506289770393,0.3625843764329206,0.4482836768114253,0.4882615049850873
2018-03-29,1167.03,VNINDEX,19.177410348382892,0.43455010089075,0.42158225258497134,-0.4454388432757441,0.19841576309883294,0.42658080342334653,0.19718640036882604,-0.05733506289770393,0.3625843764329206,0.4482836768114253
2018-03-30,1174.46,VNINDEX,17.622870727893783,0.30378243716944464,0.3646950045807415,0.6346407576449555,0.4027688912641632,0.42158225258497134,0.42658080342334653,0.19718640036882604,-0.05733506289770393,0.3625843764329206
2018-04-02,1196.61,VNINDEX,19.234103314632577,0.43578614289673023,-0.07807244710571079,1.8684091459082612,3.490952736513638,0.3646950045807415,0.42158225258497134,0.42658080342334653,0.19718640036882604,-0.05733506289770393
2018-04-03,1188.29,VNINDEX,18.244912594647555,0.3815461240222178,0.15732791635741417,-0.6977260055293961,0.4868215787920069,-0.07807244710571079,0.3646950045807415,0.42158225258497134,0.42658080342334653,0.19718640036882604
2018-04-04,1191.54,VNINDEX,18.428610471757807,0.39481046684434046,0.4040475779210965,0.2731289226877811,0.0745994084085879,0.15732791635741417,-0.07807244710571079,0.3646950045807415,0.42158225258497134,0.42658080342334653
2018-04-05,1193.17,VNINDEX,18.513264943864016,0.38461027312306123,0.3869889546632069,0.13670427463685345,0.018688058703988254,0.4040475779210965,0.15732791635741417,-0.07807244710571079,0.3646950045807415,0.42158225258497134
2018-04-06,1199.96,VNINDEX,18.103765651878412,0.3859054465639006,0.3884420621771012,0.5674592036693785,0.3220099478290852,0.3869889546632069,0.4040475779210965,0.15732791635741417,-0.07807244710571079,0.3646950045807415
2018-04-09,1204.33,VNINDEX,19.3895287292763,0.4954900281335337,-0.07037851553531219,0.3635172805503775,0.1321448132587419,0.3884420621771012,0.3869889546632069,0.4040475779210965,0.15732791635741417,-0.07807244710571079
2018-04-10,1198.12,VNINDEX,18.569835847739824,0.40258049694381615,0.175397773862133,-0.5169734088765062,0.2672615054853953,-0.07037851553531219,0.3884420621771012,0.3869889546632069,0.4040475779210965,0.15732791635741417
2018-04-11,1167.11,VNINDEX,17.948229776211438,0.3566000388409024,0.4182235213060844,-2.622305397624858,6.876485598412463,0.175397773862133,-0.07037851553531219,0.3884420621771012,0.3869889546632069,0.4040475779210965
2018-04-12,1173.02,VNINDEX,18.075301518934253,0.36709339659917267,0.3754246441279641,0.5051012178820252,0.2551272403059051,0.4182235213060844,0.175397773862133,-0.07037851553531219,0.3884420621771012,0.3869889546632069
2018-04-13,1157.14,VNINDEX,16.210149145037835,0.23682673757979147,0.32017339100662257,-1.3630176340134912,1.8578170706317354,0.3754246441279641,0.4182235213060844,0.175397773862133,-0.07037851553531219,0.3884420621771012
2018-04-16,1148.49,VNINDEX,17.42532134902521,0.3280945368717201,-0.14958433006942634,-0.7503407384261811,0.5630112237419467,0.32017339100662257,0.3754246441279641,0.4182235213060844,0.175397773862133,-0.07037851553531219
2018-04-17,1153.28,VNINDEX,18.442787307718262,0.41941573058360715,0.12691296594663887,0.4162020457759226,0.17322414290806318,-0.14958433006942634,0.32017339100662257,0.3754246441279641,0.4182235213060844,0.175397773862133
2018-04-18,1138.53,VNINDEX,18.428555241246183,0.4100097056012431,0.38583999101885713,-1.2872099922103597,1.6569095640461944,0.12691296594663887,-0.14958433006942634,0.32017339100662257,0.3754246441279641,0.4182235213060844
2018-04-19,1094.63,VNINDEX,17.821169634839247,0.3597709767816627,0.3963988043221714,-3.932155001145171,15.46184295303098,0.38583999101885713,0.12691296594663887,-0.14958433006942634,0.32017339100662257,0.3754246441279641
2018-04-20,1119.86,VNINDEX,15.644968712310128,0.19822209371434607,0.3226675920324177,2.278727086968081,5.1925971368820365,0.3963988043221714,0.38583999101885713,0.12691296594663887,-0.14958433006942634,0.32017339100662257
2018-04-23,1076.78,VNINDEX,18.640850915025098,0.4390162122723497,-0.16396777727082718,-3.92285713092793,15.388808069672109,0.3226675920324177,0.3963988043221714,0.38583999101885713,0.12691296594663887,-0.14958433006942634
2018-04-24,1080.74,VNINDEX,16.05463647207211,0.23484992125485438,0.06387579692413566,0.36708855045434347,0.13475400387467107,-0.16396777727082718,0.3226675920324177,0.3963988043221714,0.38583999101885713,0.12691296594663887
2018-04-26,1044.86,VNINDEX,16.210215976900088,0.23529179452191948,0.013388725190517342,-3.3763086539163045,11.399460126510128,0.06387579692413566,-0.16396777727082718,0.3226675920324177,0.3963988043221714,0.38583999101885713
2018-04-27,1050.26,VNINDEX,15.687385982926735,0.21891564519389564,0.008077299836864435,0.515484741456164,0.2657245186741282,0.013388725190517342,0.06387579692413566,-0.16396777727082718,0.3226675920324177,0.3963988043221714
2018-05-02,1029.08,VNINDEX,15.955805164005447,0.22044485123686702,-0.28772398335159977,-2.037255335075009,4.150409300291588,0.008077299836864435,0.013388725190517342,0.06387579692413566,-0.16396777727082718,0.3226675920324177
2018-05-03,1026.46,VNINDEX,15.531771674046881,0.1774808848297388,-0.035925847743864384,-0.2549209860992782,0.0649847091538284,-0.28772398335159977,0.008077299836864435,0.013388725190517342,0.06387579692413566,-0.16396777727082718
2018-05-04,1026.8,VNINDEX,15.814300859223797,0.20515029766984885,0.2010253445788186,0.03311806620763961,0.0010968063093336005,-0.035925847743864384,-0.28772398335159977,0.008077299836864435,0.013388725190517342,0.06387579692413566
2018-05-07,1062.26,VNINDEX,17.990702277339672,0.36209435156354935,-0.19119291030832397,3.395154393338435,11.527073354605276,0.2010253445788186,-0.035925847743864384,-0.28772398335159977,0.008077299836864435,0.013388725190517342
2018-05-08,1060.45,VNINDEX,16.53527289371686,0.25325628132777384,0.05943272650017486,-0.17053676090142766,0.02908278681875071,-0.19119291030832397,0.2010253445788186,-0.035925847743864384,-0.28772398335159977,0.008077299836864435
2018-05-09,1056.97,VNINDEX,14.895811473672536,0.13882858355923566,0.25139307215018664,-0.32870220677130574,0.10804514073632623,0.05943272650017486,-0.19119291030832397,0.2010253445788186,-0.035925847743864384,-0.28772398335159977
2018-05-10,1028.87,VNINDEX,16.407721726607658,0.23984322927557714,0.2106426980541959,-2.6945211649474174,7.260444308349587,0.25139307215018664,0.05943272650017486,-0.19119291030832397,0.2010253445788186,-0.035925847743864384
2018-05-11,1044.85,VNINDEX,16.04019230866265,0.21638442974707595,0.19835208086062994,1.541222182193878,2.3753658148864596,0.2106426980541959,0.25139307215018664,0.05943272650017486,-0.19119291030832397,0.2010253445788186
2018-05-14,1066.98,VNINDEX,14.556444057170806,0.09932871912985888,-0.303761223575875,2.0958893557517406,4.392752191553447,0.19835208086062994,0.2106426980541959,0.25139307215018664,0.05943272650017486,-0.19119291030832397
2018-05-15,1073.5,VNINDEX,15.277093533703237,0.1687737137761745,-0.07880415393041434,0.6092110335211351,0.37113808336388965,-0.303761223575875,0.19835208086062994,0.2106426980541959,0.25139307215018664,0.05943272650017486
2018-05-16,1054.62,VNINDEX,15.418318909685254,0.17654374387565017,0.14821539226056152,-1.7743825865973826,3.148433563620018,-0.07880415393041434,-0.303761223575875,0.19835208086062994,0.2106426980541959,0.25139307215018664
2018-05-17,1030.64,VNINDEX,15.927274199199037,0.2031677443300111,0.18282840066061234,-2.3000543969592413,5.290250228971539,0.14821539226056152,-0.07880415393041434,-0.303761223575875,0.19835208086062994,0.2106426980541959
2018-05-18,1040.54,VNINDEX,15.192282195171273,0.1547152022151366,0.1781422301402663,0.9559840667727297,0.913905535923327,0.18282840066061234,0.14821539226056152,-0.07880415393041434,-0.303761223575875,0.19835208086062994
2018-05-21,1014.98,VNINDEX,15.842407630155446,0.20430847152587572,-0.30610622117434816,-2.48709013027414,6.18561731610704,0.1781422301402663,0.18282840066061234,0.14821539226056152,-0.07880415393041434,-0.303761223575875
2018-05-22,985.91,VNINDEX,16.04033757373778,0.22697883933036248,-0.05420653954434862,-2.9059114302166553,8.444321240263807,-0.30610622117434816,0.1781422301402663,0.18282840066061234,0.14821539226056152,-0.07880415393041434
2018-05-23,988.94,VNINDEX,15.460980305049617,0.16376893172565052,0.19835208086062994,0.30685898955375956,0.09416243946995433,-0.05420653954434862,-0.30610622117434816,0.1781422301402663,0.18282840066061234,0.14821539226056152
2018-05-24,985.92,VNINDEX,15.644611350297616,0.17856821760564512,0.18977199622055305,-0.30584470333233094,0.09354098255644153,0.19835208086062994,-0.05420653954434862,-0.30610622117434816,0.1781422301402663,0.18282840066061234
2018-05-25,963.9,VNINDEX,15.531571178460126,0.1820857140033549,0.17480762111155054,-2.2587660618380623,5.102024122111429,0.18977199622055305,0.19835208086062994,-0.05420653954434862,-0.30610622117434816,0.1781422301402663
2018-05-28,931.75,VNINDEX,17.227536670518006,0.31601857865051997,-0.19566966467395683,-3.3923016430554647,11.507710437476804,0.17480762111155054,0.18977199622055305,0.19835208086062994,-0.05420653954434862,-0.30610622117434816
2018-05-29,952.18,VNINDEX,16.393701757072957,0.23949667081862755,0.021139044811706705,2.16895541897053,4.7043676094816265,-0.19566966467395683,0.17480762111155054,0.18977199622055305,0.19835208086062994,-0.05420653954434862
2018-05-30,948.5,VNINDEX,16.365472923767427,0.2570726787773753,0.2708626427488413,-0.3872303174004328,0.1499473187140399,0.021139044811706705,-0.19566966467395683,0.17480762111155054,0.18977199622055305,0.19835208086062994
2018-05-31,971.25,VNINDEX,16.535083999480733,0.2715254062004204,0.25603158526547476,2.3702112306788305,5.617901278036056,0.2708626427488413,0.021139044811706705,-0.19566966467395683,0.17480762111155054,0.18977199622055305
2018-06-01,992.87,VNINDEX,15.997865072609546,0.2214845266077155,0.2500275371951708,2.2015837378109233,4.846970954593516,0.25603158526547476,0.2708626427488413,0.021139044811706705,-0.19566966467395683,0.17480762111155054
2018-06-04,1013.78,VNINDEX,16.634194236347025,0.2934549996859502,-0.20974896800581316,2.084145902673369,4.343664143630192,0.2500275371951708,0.25603158526547476,0.2708626427488413,0.021139044811706705,-0.19566966467395683
2018-06-05,1022.74,VNINDEX,15.870950196312483,0.2352498741317623,0.01794731510012794,0.8799381114508475,0.7742910799836842,-0.20974896800581316,0.2500275371951708,0.25603158526547476,0.2708626427488413,0.021139044811706705
2018-06-06,1034.5,VNINDEX,16.054369144623102,0.24098969348634247,0.25656485576801874,1.1432917984389117,1.307116136377681,0.01794731510012794,-0.20974896800581316,0.2500275371951708,0.25603158526547476,0.2708626427488413
2018-06-07,1036.69,VNINDEX,16.846077317601804,0.3180068690052583,0.264748812207788,0.2114727104855557,0.04472070728010766,0.25656485576801874,0.01794731510012794,-0.20974896800581316,0.2500275371951708,0.25603158526547476
2018-06-08,1039.01,VNINDEX,15.079387288408912,0.1688271081961329,0.242607890229245,0.22353914015336313,0.049969747180504925,0.264748812207788,0.25656485576801874,0.01794731510012794,-0.20974896800581316,0.2500275371951708
2018-06-11,1039.02,VNINDEX,14.74023196884456,0.13838671029217053,-0.2834460021566469,0.0009624500127504418,9.263100270433255e-07,0.242607890229245,0.264748812207788,0.25656485576801874,0.01794731510012794,-0.20974896800581316
2018-06-12,1020.76,VNINDEX,14.697759467716327,0.13289239756952365,-0.0899685115887492,-1.773051332231737,3.143711026728737,-0.2834460021566469,0.242607890229245,0.264748812207788,0.25656485576801874,0.01794731510012794
2018-06-13,1030.53,VNINDEX,14.217221905744204,0.07042326428376852,0.11390079071515462,0.9525785118482072,0.907405821234945,-0.0899685115887492,-0.2834460021566469,0.242607890229245,0.264748812207788,0.25656485576801874
2018-06-14,1015.72,VNINDEX,12.507248045502248,-0.050191863121315516,0.051041266243992606,-1.447551238308744,2.0954045875291785,0.11390079071515462,-0.0899685115887492,-0.2834460021566469,0.242607890229245,0.264748812207788
2018-06-15,1016.51,VNINDEX,12.323349672805243,-0.058851376769822064,-0.012873325202455987,0.07774710931278488,0.006044613006494121,0.051041266243992606,0.11390079071515462,-0.0899685115887492,-0.2834460021566469,0.242607890229245
2018-06-18,987.34,VNINDEX,11.659181065585118,-0.13611979593557186,-0.45313260239972736,-2.911601236701792,8.477421761563406,-0.012873325202455987,0.051041266243992606,0.11390079071515462,-0.0899685115887492,-0.2834460021566469
2018-06-19,962.16,VNINDEX,13.9772000257474,0.08924105126339711,-0.2359633609937286,-2.5833701328940535,6.67380124352904,-0.45313260239972736,-0.012873325202455987,0.051041266243992606,0.11390079071515462,-0.0899685115887492
2018-06-20,980.95,VNINDEX,13.044266476786678,0.004453845645005491,-0.014141633009056048,1.934073286447661,3.7406394773504563,-0.2359633609937286,-0.45313260239972736,-0.012873325202455987,0.051041266243992606,0.11390079071515462
2018-06-21,969.4,VNINDEX,11.305938944623817,-0.16537180923861167,-0.023892304110069304,-1.1844166455562304,1.402842790270673,-0.014141633009056048,-0.2359633609937286,-0.45313260239972736,-0.012873325202455987,0.051041266243992606
2018-06-22,983.17,VNINDEX,36.10823269932949,2.3414133650060784,0.7268318004708245,1.4104721763150612,1.989431760158945,-0.023892304110069304,-0.014141633009056048,-0.2359633609937286,-0.45313260239972736,-0.012873325202455987
2018-06-25,990.52,VNINDEX,12.719142728107654,-0.011975698102976814,-0.41330206531508695,0.74480125826393,0.5547289143115333,0.7268318004708245,-0.023892304110069304,-0.014141633009056048,-0.2359633609937286,-0.45313260239972736
2018-06-26,983.02,VNINDEX,10.599411073540216,-0.19501230138875808,-0.28308022741865885,-0.7600591936914237,0.5776899779148571,-0.41330206531508695,0.7268318004708245,-0.023892304110069304,-0.014141633009056048,-0.2359633609937286
2018-06-27,968.91,VNINDEX,10.274342555372815,-0.22664108389364301,-0.1445430277951256,-1.4457737499896282,2.090261736159072,-0.28308022741865885,-0.41330206531508695,0.7268318004708245,-0.023892304110069304,-0.014141633009056048
2018-06-28,957.35,VNINDEX,12.026600022506873,-0.08226251889326547,-0.16797196805855513,-1.2002677501040802,1.4406426719399106,-0.1445430277951256,-0.28308022741865885,-0.41330206531508695,0.7268318004708245,-0.023892304110069304
2018-06-29,960.78,VNINDEX,12.479007610846095,-0.04628015086159844,-0.11839458454950191,0.3576403743226151,0.12790663734562024,-0.16797196805855513,-0.1445430277951256,-0.28308022741865885,-0.41330206531508695,0.7268318004708245
2018-07-02,947.15,VNINDEX,12.662705487956348,-0.033015808039475805,-0.3939181549370105,-1.4287978988152605,2.0414634356589034,-0.11839458454950191,-0.16797196805855513,-0.1445430277951256,-0.28308022741865885,-0.41330206531508695
2018-07-03,906.01,VNINDEX,12.563705712113304,-0.08534387903881077,-0.24053592436672494,-4.4407132064627675,19.719933782052834,-0.3939181549370105,-0.11839458454950191,-0.16797196805855513,-0.1445430277951256,-0.28308022741865885
2018-07-04,914.99,VNINDEX,16.562763800296118,0.169043929753563,0.016894747558425877,0.9862792744390975,0.9727468071881126,-0.24053592436672494,-0.3939181549370105,-0.11839458454950191,-0.16797196805855513,-0.1445430277951256
2018-07-05,899.4,VNINDEX,16.407631692044156,0.21404958093538795,0.09924987721671379,-1.7185261917444188,2.9533322717115746,0.016894747558425877,-0.24053592436672494,-0.3939181549370105,-0.11839458454950191,-0.16797196805855513
2018-07-06,917.51,VNINDEX,14.316030011109614,0.057499742903694764,0.14686441786421564,1.9935604715283914,3.9742833536405024,0.09924987721671379,0.016894747558425877,-0.24053592436672494,-0.3939181549370105,-0.11839458454950191
2018-07-09,915.12,VNINDEX,14.358604148151977,0.10245199966556134,-0.31494529171249613,-0.26082748344730333,0.0680309761214533,0.14686441786421564,0.09924987721671379,0.016894747558425877,-0.24053592436672494,-0.3939181549370105
2018-07-10,911.12,VNINDEX,12.874655401073378,-0.009998881778039662,-0.13956369323778858,-0.4380592251322314,0.19189588472345098,-0.31494529171249613,0.14686441786421564,0.09924987721671379,0.016894747558425877,-0.24053592436672494
2018-07-11,893.16,VNINDEX,11.122409535289945,-0.1407131510793867,-0.01608667773062128,-1.9908875806276074,3.963633358697248,-0.13956369323778858,-0.31494529171249613,0.14686441786421564,0.09924987721671379,0.016894747558425877
2018-07-12,898.51,VNINDEX,14.06192132971586,0.07750591448424593,-0.024402039457726427,0.5972099662405361,0.3566597437770223,-0.01608667773062128,-0.13956369323778858,-0.31494529171249613,0.14686441786421564,0.09924987721671379
2018-07-13,909.72,VNINDEX,12.987695572910871,-0.013516378175749397,-0.025574538256963,1.2399024033988104,1.5373579699541464,-0.024402039457726427,-0.01608667773062128,-0.13956369323778858,-0.31494529171249613,0.14686441786421564
2018-07-16,911.11,VNINDEX,14.74037723391969,0.14898111987545712,-0.35585359988154186,0.15267765469735056,0.023310466243883412,-0.025574538256963,-0.024402039457726427,-0.01608667773062128,-0.13956369323778858,-0.31494529171249613
2018-07-17,921.27,VNINDEX,13.680438774098405,0.05216561344092312,-0.14624114774370525,1.1089516498359107,1.2297737616737883,-0.35585359988154186,-0.025574538256963,-0.024402039457726427,-0.01608667773062128,-0.13956369323778858
2018-07-18,942.39,VNINDEX,14.754530867178893,0.14625779221666246,0.11580150851101462,2.266604873404452,5.137497652140811,-0.14624114774370525,-0.35585359988154186,-0.025574538256963,-0.024402039457726427,-0.01608667773062128
2018-07-19,943.97,VNINDEX,14.415108220165536,0.1219571665441883,0.10679352406725807,0.16751843439095074,0.028062425860795267,0.11580150851101462,-0.14624114774370525,-0.35585359988154186,-0.025574538256963,-0.024402039457726427
2018-07-20,933.39,VNINDEX,14.005440460403552,0.08532933900368003,0.11784809925484399,-1.1271266041637396,1.2704143818136833,0.10679352406725807,0.11580150851101462,-0.14624114774370525,-0.35585359988154186,-0.025574538256963
2018-07-23,936.74,VNINDEX,15.051225286965636,0.18486817309700854,-0.2783281071560211,0.3582642472122005,0.12835327083052472,0.11784809925484399,0.10679352406725807,0.11580150851101462,-0.14624114774370525,-0.35585359988154186
2018-07-24,934.08,VNINDEX,14.429517579523118,0.099429770954875,-0.08691500547193896,-0.284367474423426,0.08086486050995785,-0.2783281071560211,0.11784809925484399,0.10679352406725807,0.11580150851101462,-0.14624114774370525
2018-07-25,927.58,VNINDEX,14.203370403985884,0.1079997068081666,0.13076588362001712,-0.6983043534495507,0.487628970046595,-0.08691500547193896,-0.2783281071560211,0.11784809925484399,0.10679352406725807,0.11580150851101462
2018-07-26,930.16,VNINDEX,13.93478275513079,0.06854749978384755,0.09199232584896345,0.27775702290980975,0.07714896377572057,0.13076588362001712,-0.08691500547193896,-0.2783281071560211,0.11784809925484399,0.10679352406725807
2018-07-27,935.52,VNINDEX,12.154229622828954,-0.05672011419991027,0.039942364130701694,0.5745910067007751,0.3301548249814102,0.09199232584896345,0.13076588362001712,-0.08691500547193896,-0.2783281071560211,0.11784809925484399
2018-07-30,949.73,VNINDEX,13.72276601015151,0.04706551658028357,-0.3167411330067395,1.5075209245444599,2.272619337939383,0.039942364130701694,0.09199232584896345,0.13076588362001712,-0.08691500547193896,-0.2783281071560211
2018-07-31,956.39,VNINDEX,14.316131647023743,0.09695768694291439,-0.12679511229993734,0.6988045980499145,0.4883278662557025,-0.3167411330067395,0.039942364130701694,0.09199232584896345,0.13076588362001712,-0.08691500547193896
2018-08-01,952.77,VNINDEX,15.2064474297811,0.16565617025537266,0.10322645792619058,-0.37922482540086705,0.1438114682003181,-0.12679511229993734,-0.3167411330067395,0.039942364130701694,0.09199232584896345,0.13076588362001712
2018-08-02,953.55,VNINDEX,15.361960102746826,0.1676329865803097,0.143415614592866,0.08183306512319301,0.006696650547456748,0.10322645792619058,-0.12679511229993734,-0.3167411330067395,0.039942364130701694,0.09199232584896345
2018-08-03,959.6,VNINDEX,17.368605180074272,0.29952990346767866,0.21093968676778735,0.6324668915012138,0.4000143688452082,0.143415614592866,0.10322645792619058,-0.12679511229993734,-0.3167411330067395,0.039942364130701694
2018-08-06,960.23,VNINDEX,14.415230282539413,0.10522298472941366,-0.26447984279546444,0.06563081341720921,0.004307403669804528,0.21093968676778735,0.143415614592866,0.10322645792619058,-0.12679511229993734,-0.3167411330067395
2018-08-07,956.79,VNINDEX,15.319197071468334,0.14094985469108978,-0.09042185888561555,-0.35889074629784623,0.12880256777822502,-0.26447984279546444,0.21093968676778735,0.143415614592866,0.10322645792619058,-0.12679511229993734
2018-08-08,966.27,VNINDEX,13.694391911770854,0.054047114955744685,0.10007331812541641,0.9859366627658721,0.972071102985905,-0.09042185888561555,-0.26447984279546444,0.21093968676778735,0.143415614592866,0.10322645792619058
2018-08-09,963.5,VNINDEX,14.288036477442718,0.11146380878591794,0.10215359281091786,-0.2870810409970825,0.08241552409996855,0.10007331812541641,-0.09042185888561555,-0.26447984279546444,0.21093968676778735,0.143415614592866
2018-08-10,968.47,VNINDEX,12.097222923727756,-0.10647356677052475,0.019679118990379676,0.5145018777197798,0.2647121821771793,0.10215359281091786,0.10007331812541641,-0.09042185888561555,-0.26447984279546444,0.21093968676778735
2018-08-13,978.04,VNINDEX,12.91720633541449,0.0076247835857657514,-0.3611009878312031,0.9833062362325593,0.9668911542138418,0.019679118990379676,0.10215359281091786,0.10007331812541641,-0.09042185888561555,-0.26447984279546444
2018-08-14,978.27,VNINDEX,12.452077802325656,-0.03782802660550061,-0.20242306728477577,0.02351365591954197,0.0005528920147026112,-0.3611009878312031,0.019679118990379676,0.10215359281091786,0.10007331812541641,-0.09042185888561555
2018-08-15,961.37,VNINDEX,13.581363765456947,0.05498000007880752,0.008258919019691321,-1.7426355073596869,3.0367785115107533,-0.20242306728477577,-0.3611009878312031,0.019679118990379676,0.10215359281091786,0.10007331812541641
2018-08-16,964.28,VNINDEX,12.43394641898975,-0.042233923072649934,-0.008360649866447287,0.302235838823502,0.09134650226934589,0.008258919019691321,-0.20242306728477577,-0.3611009878312031,0.019679118990379676,0.10215359281091786
2018-08-17,968.88,VNINDEX,13.09626948931988,0.002138468851866318,0.0049615152860083556,0.4759056345017246,0.22648617295048906,-0.008360649866447287,0.008258919019691321,-0.20242306728477577,-0.3611009878312031,0.019679118990379676
2018-08-20,969.62,VNINDEX,13.537126177814379,0.018623444998617983,-0.3774036927995762,0.07634769522263353,0.005828970565808138,0.0049615152860083556,-0.008360649866447287,0.008258919019691321,-0.20242306728477577,-0.3611009878312031
2018-08-21,979.21,VNINDEX,13.351892372302666,0.025254531650412096,-0.19732819894917555,0.9841881959194592,0.9686264049871998,-0.3774036927995762,0.0049615152860083556,-0.008360649866447287,0.008258919019691321,-0.20242306728477577
2018-08-22,982.15,VNINDEX,13.318814162541088,0.015395199673673088,0.019757725440901444,0.29979220560692577,0.08987536654266526,-0.19732819894917555,-0.3774036927995762,0.0049615152860083556,-0.008360649866447287,0.008258919019691321
2018-08-23,987.36,VNINDEX,13.929932671498383,0.04121791157175765,0.027289214298614667,0.5290668392471409,0.2799117203909601,0.019757725440901444,-0.19732819894917555,-0.3774036927995762,0.0049615152860083556,-0.008360649866447287
2018-08-24,987.05,VNINDEX,13.514802390327748,-0.030086549625739756,0.008842187206564059,-0.03140178610799781,0.0009860721707724445,0.027289214298614667,0.019757725440901444,-0.19732819894917555,-0.3774036927995762,0.0049615152860083556
2018-08-27,991.92,VNINDEX,13.574006931294585,-0.005414365366133919,-0.3583364101656438,0.4921762159909702,0.24223742758719016,0.008842187206564059,0.027289214298614667,0.019757725440901444,-0.19732819894917555,-0.3774036927995762
2018-08-28,995.19,VNINDEX,12.463875293913636,-0.06131821313127392,-0.19756893889613647,0.3291214831333349,0.10832095065988605,-0.3583364101656438,0.008842187206564059,0.027289214298614667,0.019757725440901444,-0.19732819894917555
2018-08-29,988.17,VNINDEX,10.605031549543483,-0.2035866107376184,-0.09010639641167502,-0.7078925979170175,0.5011119301857042,-0.19756893889613647,-0.3583364101656438,0.008842187206564059,0.027289214298614667,0.019757725440901444
2018-08-30,998.07,VNINDEX,13.406889413944832,0.018475972500439516,-0.08214295045615055,0.9968666408561009,0.9937430996517265,-0.09010639641167502,-0.19756893889613647,-0.3583364101656438,0.008842187206564059,0.027289214298614667
2018-08-31,989.54,VNINDEX,12.335759890742697,-0.06073589446356478,-0.08194884423358084,-0.8583225449940325,0.7367175912450329,-0.08214295045615055,-0.09010639641167502,-0.19756893889613647,-0.3583364101656438,0.008842187206564059
2018-09-04,975.94,VNINDEX,12.817689736868124,-0.023984630524356634,-0.3891932403295426,-1.3839079568804336,1.9152012331169759,-0.08194884423358084,-0.08214295045615055,-0.09010639641167502,-0.19756893889613647,-0.3583364101656438
2018-09-05,968.44,VNINDEX,12.540158085454049,-0.03903170536127748,-0.18790768578084485,-0.7714579656934523,0.5951473928318798,-0.3891932403295426,-0.08194884423358084,-0.08214295045615055,-0.09010639641167502,-0.19756893889613647
2018-09-06,958.19,VNINDEX,12.951070803850714,0.009390915591728152,-0.01787514009796827,-1.064044129667411,1.1321899098796782,-0.18790768578084485,-0.3891932403295426,-0.08194884423358084,-0.08214295045615055,-0.09010639641167502
2018-09-07,968.9,VNINDEX,12.943060760807414,0.01183731452364059,-0.005934491748635848,1.1115319231001117,1.2355032160706327,-0.01787514009796827,-0.18790768578084485,-0.3891932403295426,-0.08194884423358084,-0.08214295045615055
2018-09-10,970.34,VNINDEX,13.74364573322434,0.041057425266792985,-0.34131571944051387,0.14851181541936262,0.022055759319154832,-0.005934491748635848,-0.01787514009796827,-0.18790768578084485,-0.3891932403295426,-0.08194884423358084
2018-09-11,985.06,VNINDEX,13.441025788193388,0.030842425851393934,-0.15186634614617367,1.505602747735622,2.266839633989055,-0.34131571944051387,-0.005934491748635848,-0.01787514009796827,-0.18790768578084485,-0.3891932403295426
2018-09-12,987.01,VNINDEX,13.574406855175978,0.06421797196747871,0.04537260769522228,0.19776180719074457,0.03910973238334923,-0.15186634614617367,-0.34131571944051387,-0.005934491748635848,-0.01787514009796827,-0.18790768578084485
2018-09-13,987.95,VNINDEX,13.951198294498033,0.08742078482189992,0.06082706088025791,0.09519180854108904,0.009061480413323351,0.04537260769522228,-0.15186634614617367,-0.34131571944051387,-0.005934491748635848,-0.01787514009796827
2018-09-14,991.34,VNINDEX,12.341648573087387,-0.06391208456136485,0.029242224076004963,0.3425474099114814,0.11733872803706448,0.06082706088025791,0.04537260769522228,-0.15186634614617367,-0.34131571944051387,-0.005934491748635848
2018-09-17,987.61,VNINDEX,12.939921489419023,-0.025675210676808988,-0.398154693875364,-0.3769680302274251,0.14210489581354488,0.029242224076004963,0.06082706088025791,0.04537260769522228,-0.15186634614617367,-0.34131571944051387
2018-09-18,993.49,VNINDEX,13.65448212698572,0.06117624056107093,-0.1869852286002309,0.5936113539283684,0.35237443951267067,-0.398154693875364,0.029242224076004963,0.06082706088025791,0.04537260769522228,-0.15186634614617367
2018-09-19,995.54,VNINDEX,13.909051877206178,0.07750073040285797,0.03766725342904036,0.20613069947346577,0.04248986526542026,-0.1869852286002309,-0.398154693875364,0.029242224076004963,0.06082706088025791,0.04537260769522228
2018-09-20,1004.74,VNINDEX,14.78694258357795,0.1615056313680255,0.10006086744398514,0.9198777044538367,0.84617499115126,0.03766725342904036,-0.1869852286002309,-0.398154693875364,0.029242224076004963,0.06082706088025791
2018-09-21,1002.97,VNINDEX,13.386018683101923,0.04618988816645313,0.09506541664577915,-0.1763203309801328,0.03108885911694358,0.10006086744398514,0.03766725342904036,-0.1869852286002309,-0.398154693875364,0.029242224076004963
2018-09-24,1011.29,VNINDEX,14.88620740321058,0.1653769178029825,-0.3259946500357449,0.8261145351181203,0.682465225133428,0.09506541664577915,0.10006086744398514,0.03766725342904036,-0.1869852286002309,-0.398154693875364
2018-09-25,1010.74,VNINDEX,14.589496267422916,0.1348479219596102,-0.09380634121316499,-0.05440077679995343,0.002959444516438351,-0.3259946500357449,0.09506541664577915,0.10006086744398514,0.03766725342904036,-0.1869852286002309
2018-09-26,1009.61,VNINDEX,15.744913593484116,0.2381843493442419,0.1794697297022786,-0.11186181778715622,0.012513066278646939,-0.09380634121316499,-0.3259946500357449,0.09506541664577915,0.10006086744398514,0.03766725342904036
2018-09-27,1015.37,VNINDEX,14.319974659052141,0.11735444819077692,0.1634622398315434,0.568896041920569,0.3236427065128898,0.1794697297022786,-0.09380634121316499,-0.3259946500357449,0.09506541664577915,0.10006086744398514
2018-09-28,1017.13,VNINDEX,14.032321667345457,0.09545507795479427,0.15033129182993815,0.17318577514408975,0.029993312712259218,0.1634622398315434,0.1794697297022786,-0.09380634121316499,-0.3259946500357449,0.09506541664577915
2018-10-01,1012.88,VNINDEX,14.663672793438671,0.14355128381608911,-0.3038708080280247,-0.41871776093810503,0.17532456332502008,0.15033129182993815,0.1634622398315434,0.1794697297022786,-0.09380634121316499,-0.3259946500357449
2018-10-02,1018.79,VNINDEX,15.276892536195977,0.1872415932102346,-0.06651318299877017,0.5817890375952788,0.3384784842660407,-0.3038708080280247,0.15033129182993815,0.1634622398315434,0.1794697297022786,-0.09380634121316499
2018-10-03,1020.4,VNINDEX,12.738662566096062,-0.009866874578646767,0.10697533414922603,0.15790586797059392,0.024934263139546636,-0.06651318299877017,-0.3038708080280247,0.15033129182993815,0.1634622398315434,0.1794697297022786
2018-10-04,1023.62,VNINDEX,14.22072493459346,0.10062980700818988,0.09266817521325964,0.31506567094719207,0.09926637700940431,0.10697533414922603,-0.06651318299877017,-0.3038708080280247,0.15033129182993815,0.1634622398315434
2018-10-05,1008.39,VNINDEX,14.294891397159914,0.11790207202975544,0.06955500148643322,-1.499036441225661,2.2471102521224946,0.09266817521325964,0.10697533414922603,-0.06651318299877017,-0.3038708080280247,0.15033129182993815
2018-10-08,996.12,VNINDEX,15.251824369477696,0.17493586230158317,-0.3079419874850229,-1.2242546309927114,1.4987994015070998,0.06955500148643322,0.09266817521325964,0.10697533414922603,-0.06651318299877017,-0.3038708080280247
2018-10-09,996.19,VNINDEX,12.360807930562377,-0.03129235722474015,-0.1254851550806082,0.007027018890515006,4.937899448765474e-05,-0.3079419874850229,0.06955500148643322,0.09266817521325964,0.10697533414922603,-0.06651318299877017
2018-10-10,993.96,VNINDEX,14.243696899236376,0.09078348883823716,0.07814233130502707,-0.2241038045676656,0.05022251522170246,-0.1254851550806082,-0.3079419874850229,0.06955500148643322,0.09266817521325964,0.10697533414922603
2018-10-11,945.89,VNINDEX,15.995721053783138,0.2541303688671732,0.1045405001602238,-4.957068117699737,24.57252432351521,0.07814233130502707,-0.1254851550806082,-0.3079419874850229,0.06955500148643322,0.09266817521325964
2018-10-12,970.08,VNINDEX,14.805094093812453,0.14877372150500148,0.16456252640347097,2.5252259102244854,6.376765897669081,0.1045405001602238,0.07814233130502707,-0.1254851550806082,-0.3079419874850229,0.06955500148643322
2018-10-15,951.64,VNINDEX,14.171626638745284,0.09566327289527582,-0.30751618248340085,-1.9191730309777573,3.6832251228323516,0.16456252640347097,0.1045405001602238,0.07814233130502707,-0.1254851550806082,-0.3079419874850229
2018-10-16,963.37,VNINDEX,12.42489330663342,-0.05514800026258291,-0.1406963445436813,1.2250741984111693,1.500806791612769,-0.30751618248340085,0.16456252640347097,0.1045405001602238,0.07814233130502707,-0.1254851550806082
2018-10-17,971.6,VNINDEX,13.082355668757941,0.020614412629208753,0.020376561753967612,0.8506643130262571,0.723629773456434,-0.1406963445436813,-0.30751618248340085,0.16456252640347097,0.1045405001602238,0.07814233130502707
2018-10-18,963.47,VNINDEX,14.096391948242552,0.08445278966458146,0.016639734010402807,-0.8402846239924205,0.7060782493180836,0.020376561753967612,-0.1406963445436813,-0.30751618248340085,0.16456252640347097,0.1045405001602238
2018-10-19,958.36,VNINDEX,12.637311607837368,-0.044459113257294625,0.0202026963454989,-0.5317860624933979,0.28279641626223206,0.016639734010402807,0.020376561753967612,-0.1406963445436813,-0.30751618248340085,0.16456252640347097
2018-10-22,953.51,VNINDEX,13.20669871855815,0.028222526807730575,-0.3599257566125308,-0.5073577600701339,0.25741189670338355,0.0202026963454989,0.016639734010402807,0.020376561753967612,-0.1406963445436813,-0.30751618248340085
2018-10-23,939.68,VNINDEX,12.327744815974748,-0.05400504394910903,-0.1842243534722683,-1.4610520888248653,2.1346732062595017,-0.3599257566125308,0.0202026963454989,0.016639734010402807,0.020376561753967612,-0.1406963445436813
2018-10-24,922.73,VNINDEX,13.343877297534718,0.03198538216486782,0.002067621674496839,-1.8202724441989813,3.3133917711101333,-0.1842243534722683,-0.3599257566125308,0.0202026963454989,0.016639734010402807,0.020376561753967612
2018-10-25,910.17,VNINDEX,15.163734022900005,0.1847084442224467,0.054229594146068885,-1.3705272081921158,1.8783448283948752,0.002067621674496839,-0.1842243534722683,-0.3599257566125308,0.0202026963454989,0.016639734010402807
2018-10-26,900.82,VNINDEX,13.555242465976338,0.035882696213397305,0.08419217420023767,-1.0325935624665439,1.0662494652473482,0.054229594146068885,0.002067621674496839,-0.1842243534722683,-0.3599257566125308,0.0202026963454989
2018-10-29,888.82,VNINDEX,13.771893425128205,0.0566000687155474,-0.3378149284115968,-1.3410719303159448,1.7984739222813344,0.08419217420023767,0.054229594146068885,0.002067621674496839,-0.1842243534722683,-0.3599257566125308
2018-10-30,888.69,VNINDEX,14.655672813844669,0.13742877958291488,-0.127119350726353,-0.014627203248569677,0.0002139550748749673,-0.3378149284115968,0.08419217420023767,0.054229594146068885,0.002067621674496839,-0.1842243534722683
2018-10-31,914.76,VNINDEX,15.416192475871153,0.19173423973325943,0.1285876960105743,2.8913267498194837,8.3597703742217,-0.127119350726353,-0.3378149284115968,0.08419217420023767,0.054229594146068885,0.002067621674496839
2018-11-01,907.96,VNINDEX,13.671570441008598,0.05022166090637492,0.12646156007418347,-0.7461411020681338,0.5567265441954492,0.1285876960105743,-0.127119350726353,-0.3378149284115968,0.08419217420023767,0.054229594146068885
2018-11-02,924.86,VNINDEX,14.53829673777473,0.11201379035063519,0.1179898969967569,1.8442049938800862,3.4010920594522487,0.12646156007418347,0.1285876960105743,-0.127119350726353,-0.3378149284115968,0.08419217420023767
2018-11-05,925.53,VNINDEX,13.458099007042318,0.03274120094432789,-0.3746341418004228,0.072417169275695,0.005244246405904663,0.1179898969967569,0.12646156007418347,0.1285876960105743,-0.127119350726353,-0.3378149284115968
2018-11-06,922.05,VNINDEX,12.015018625825135,-0.08392569351119983,-0.21117448410203887,-0.3767094377931239,0.14191000052241148,-0.3746341418004228,0.1179898969967569,0.12646156007418347,0.1285876960105743,-0.127119350726353
2018-11-07,922.16,VNINDEX,13.399927471939213,0.03199839597165405,-0.006395365531738889,0.011929227162900548,0.00014230646070408426,-0.21117448410203887,-0.3746341418004228,0.1179898969967569,0.12646156007418347,0.1285876960105743
2018-11-08,926.28,VNINDEX,12.834752892267755,-0.013516952266336077,-0.02181474993529356,0.4457820457005662,0.19872163226898168,-0.006395365531738889,-0.21117448410203887,-0.3746341418004228,0.1179898969967569,0.12646156007418347
2018-11-09,914.29,VNINDEX,12.391805033422543,-0.05643842907423524,-0.012652328456305359,-1.3028756968299142,1.6974850813900346,-0.02181474993529356,-0.006395365531738889,-0.21117448410203887,-0.3746341418004228,0.1179898969967569
2018-11-12,918.12,VNINDEX,12.31762347568214,-0.060857339348170905,-0.38709891015016296,0.4180293250297176,0.1747485165848013,-0.012652328456305359,-0.02181474993529356,-0.006395365531738889,-0.21117448410203887,-0.3746341418004228
2018-11-13,907.99,VNINDEX,14.040331710388756,0.09300867902288187,-0.17407548934589334,-1.1094735706972418,1.2309316040756877,-0.38709891015016296,-0.012652328456305359,-0.02181474993529356,-0.006395365531738889,-0.21117448410203887
2018-11-14,900.93,VNINDEX,13.253690748881667,0.01960591500712719,0.01725241822727977,-0.7805802188527883,0.6093054780642668,-0.17407548934589334,-0.38709891015016296,-0.012652328456305359,-0.02181474993529356,-0.006395365531738889
2018-11-15,897.15,VNINDEX,13.89303682284423,0.07810907668413952,0.0635745569047163,-0.4204490977584781,0.17677744380591828,0.01725241822727977,-0.17407548934589334,-0.38709891015016296,-0.012652328456305359,-0.02181474993529356
2018-11-16,898.19,VNINDEX,10.335509941172706,-0.22108008450645175,-0.04112169760506129,0.11585550551187844,0.013422498157412895,0.0635745569047163,0.01725241822727977,-0.17407548934589334,-0.38709891015016296,-0.012652328456305359
2018-11-19,916.06,VNINDEX,12.819796002392785,-0.01040148461083909,-0.3901070216389657,1.9700237498567512,3.8809935749996556,-0.04112169760506129,0.0635745569047163,0.01725241822727977,-0.17407548934589334,-0.38709891015016296
2018-11-20,919.02,VNINDEX,11.443935236910388,-0.10912704532121664,-0.2472649812361029,0.3226020192155535,0.10407206280195233,-0.3901070216389657,-0.04112169760506129,0.0635745569047163,0.01725241822727977,-0.17407548934589334
2018-11-21,922.56,VNINDEX,13.596340782230515,0.034726726093137275,-0.028267267946305782,0.384452954551961,0.14780407426373218,-0.2472649812361029,-0.3901070216389657,-0.04112169760506129,0.0635745569047163,0.01725241822727977
2018-11-22,924.42,VNINDEX,38.066340614396,2.527954538735222,0.8178514065023812,0.20140993717011857,0.04056596279087111,-0.028267267946305782,-0.2472649812361029,-0.3901070216389657,-0.04112169760506129,0.0635745569047163
2018-11-23,917.97,VNINDEX,12.384843091416926,-0.042916005603020724,0.8399217530751132,-0.7001803473804419,0.49025251885779625,0.8178514065023812,-0.028267267946305782,-0.2472649812361029,-0.3901070216389657,-0.04112169760506129
2018-11-26,921.03,VNINDEX,11.049032541151023,-0.15387356097296048,-0.45623564923688154,0.33278986667769167,0.1107490953633558,0.8399217530751132,0.8178514065023812,-0.028267267946305782,-0.2472649812361029,-0.3901070216389657
2018-11-27,923.12,VNINDEX,12.580188173771948,-0.03412589369066639,-0.25825244155893573,0.2266627871701337,0.05137601908773332,-0.45623564923688154,0.8399217530751132,0.8178514065023812,-0.028267267946305782,-0.2472649812361029
2018-11-28,930.2,VNINDEX,11.638242281677028,-0.11998186111325097,-0.10266043859229225,0.7640379903584427,0.5837540507109678,-0.25825244155893573,-0.45623564923688154,0.8399217530751132,0.8178514065023812,-0.028267267946305782
2018-11-29,926.79,VNINDEX,12.744561311890052,-0.02161196784153345,-0.0585732408818166,-0.36726141044012894,0.13488094359847286,-0.10266043859229225,-0.25825244155893573,-0.45623564923688154,0.8399217530751132,0.8178514065023812
2018-11-30,926.54,VNINDEX,12.392848102735574,-0.04107795295238989,-0.060890593969057744,-0.02697846595224594,0.0007278376251364933,-0.0585732408818166,-0.10266043859229225,-0.25825244155893573,-0.45623564923688154,0.8399217530751132
2018-12-03,951.59,VNINDEX,13.726567482650761,0.04344310175640237,-0.3937744510690367,2.6677051730447654,7.116650890289802,-0.060890593969057744,-0.0585732408818166,-0.10266043859229225,-0.25825244155893573,-0.45623564923688154
2018-12-04,958.84,VNINDEX,15.018550432604787,0.17910753621467856,-0.13659877217639294,0.7589950748688602,0.5760735236751867,-0.3937744510690367,-0.060890593969057744,-0.0585732408818166,-0.10266043859229225,-0.25825244155893573
2018-12-05,957.14,VNINDEX,11.884791925404889,-0.09264206917446492,0.04330285626553905,-0.1774549260547479,0.03149025078109605,-0.13659877217639294,-0.3937744510690367,-0.060890593969057744,-0.0585732408818166,-0.10266043859229225
2018-12-06,954.82,VNINDEX,11.566151894287337,-0.0979642707260391,-0.00383293456194142,-0.24268302042275114,0.05889504840150945,0.04330285626553905,-0.13659877217639294,-0.3937744510690367,-0.060890593969057744,-0.0585732408818166
2018-12-07,958.59,VNINDEX,12.359764861249348,-0.04665283334658553,-0.07908639108236278,0.3940613750859294,0.15528436733461357,-0.00383293456194142,0.04330285626553905,-0.13659877217639294,-0.3937744510690367,-0.060890593969057744
2018-12-10,955.89,VNINDEX,12.027236168193106,-0.05492134903353381,-0.4192049778831042,-0.2820611121626128,0.07955847099441005,-0.07908639108236278,-0.00383293456194142,0.04330285626553905,-0.13659877217639294,-0.3937744510690367
2018-12-11,954.58,VNINDEX,10.393661349377211,-0.20319947320360462,-0.2787005313815835,-0.13713905010923588,0.01880711906486351,-0.4192049778831042,-0.07908639108236278,-0.00383293456194142,0.04330285626553905,-0.13659877217639294
2018-12-12,961.28,VNINDEX,11.214433653408213,-0.11314580425435217,-0.12375554216382978,0.6994276527085391,0.48919904137337683,-0.2787005313815835,-0.4192049778831042,-0.07908639108236278,-0.00383293456194142,0.04330285626553905
2018-12-13,960.25,VNINDEX,11.55709375020636,-0.10659389633342872,-0.1409797245971281,-0.107206246964634,0.011493179388242097,-0.12375554216382978,-0.2787005313815835,-0.4192049778831042,-0.07908639108236278,-0.00383293456194142
2018-12-14,952.04,VNINDEX,11.32275661712182,-0.10064489221200548,-0.10679486426659505,-0.8586616510607514,0.7372998310023756,-0.1409797245971281,-0.12375554216382978,-0.2787005313815835,-0.4192049778831042,-0.07908639108236278
2018-12-17,933.65,VNINDEX,10.411762542365222,-0.17308686724119537,-0.48694789597432114,-1.9505415050317731,3.8046121628516145,-0.10679486426659505,-0.1409797245971281,-0.12375554216382978,-0.2787005313815835,-0.4192049778831042
2018-12-18,927.25,VNINDEX,11.829769725139474,-0.06444125211177582,-0.29479584621931987,-0.6878419295388724,0.47312652003175903,-0.48694789597432114,-0.10679486426659505,-0.1409797245971281,-0.12375554216382978,-0.2787005313815835
2018-12-19,919.24,VNINDEX,10.712281253596164,-0.18073946532185722,-0.1394225282249424,-0.8675974680994977,0.7527253666526589,-0.29479584621931987,-0.48694789597432114,-0.10679486426659505,-0.1409797245971281,-0.12375554216382978
2018-12-20,918.24,VNINDEX,11.532010488314132,-0.10604627249445021,-0.11707566330936067,-0.10884473286527464,0.011847175872512997,-0.1394225282249424,-0.29479584621931987,-0.48694789597432114,-0.10679486426659505,-0.1409797245971281
2018-12-21,912.26,VNINDEX,11.450887115466706,-0.11408056562734455,-0.1336221011478836,-0.6533757196204841,0.4268998309895855,-0.11707566330936067,-0.1394225282249424,-0.29479584621931987,-0.48694789597432114,-0.10679486426659505
2018-12-24,908.56,VNINDEX,10.346649192155098,-0.17744505507282787,-0.515355093816898,-0.40641085804568433,0.1651697855374294,-0.1336221011478836,-0.11707566330936067,-0.1394225282249424,-0.29479584621931987,-0.48694789597432114
2018-12-25,897.94,VNINDEX,9.477826693313604,-0.26138923359569244,-0.3710603241368243,-1.1757677658188552,1.3824298391386625,-0.515355093816898,-0.1336221011478836,-0.11707566330936067,-0.1394225282249424,-0.29479584621931987
2018-12-26,891.75,VNINDEX,10.387757571858572,-0.1871699283581747,-0.20866807234223128,-0.6917426686201437,0.4785079195897179,-0.3710603241368243,-0.515355093816898,-0.1336221011478836,-0.11707566330936067,-0.1394225282249424
2018-12-27,900.81,VNINDEX,10.045097475060427,-0.19372183627909806,-0.21409366607765462,1.0108534328145775,1.0218246626330156,-0.20866807234223128,-0.3710603241368243,-0.515355093816898,-0.1336221011478836,-0.11707566330936067
2018-12-28,892.54,VNINDEX,11.248570027656768,-0.10077935090339774,-0.1605570385135564,-0.9223027990475141,0.8506424531308792,-0.21409366607765462,-0.20866807234223128,-0.3710603241368243,-0.515355093816898,-0.1336221011478836
2019-01-02,891.75,VNINDEX,10.837667372709403,-0.15777087502148995,-0.4707726927913064,-0.08855063376707217,0.007841214740550143,-0.1605570385135564,-0.21409366607765462,-0.20866807234223128,-0.3710603241368243,-0.515355093816898
2019-01-03,878.22,VNINDEX,10.468885976430647,-0.18342008680782365,-0.325836322209064,-1.5288692515090354,2.337441188209798,-0.4707726927913064,-0.1605570385135564,-0.21409366607765462,-0.20866807234223128,-0.3710603241368243
2019-01-04,880.9,VNINDEX,11.289678407360242,-0.11050422418874445,-0.15056506200601893,0.3046980391839489,0.09284089508254326,-0.325836322209064,-0.4707726927913064,-0.1605570385135564,-0.21409366607765462,-0.20866807234223128
2019-01-07,889.64,VNINDEX,9.782537808695269,-0.2247377335191459,-0.4844118579148139,0.9872774398493298,0.974716743235447,-0.15056506200601893,-0.325836322209064,-0.4707726927913064,-0.1605570385135564,-0.21409366607765462
2019-01-08,887.44,VNINDEX,9.274456472741335,-0.2548795918285044,-0.3772214958376068,-0.24759730838389743,0.0613044271189508,-0.4844118579148139,-0.15056506200601893,-0.325836322209064,-0.4707726927913064,-0.1605570385135564
2019-01-09,896.99,VNINDEX,10.33864418083645,-0.1792831077234588,-0.21963347769036928,1.0703800294231511,1.1457134073879058,-0.3772214958376068,-0.4844118579148139,-0.15056506200601893,-0.325836322209064,-0.4707726927913064
2019-01-10,898.3,VNINDEX,10.148154774962386,-0.2151787890205452,-0.21644716285750237,0.14593745105250824,0.02129773961970324,-0.21963347769036928,-0.3772214958376068,-0.4844118579148139,-0.15056506200601893,-0.325836322209064
2019-01-11,902.71,VNINDEX,9.945842718877095,-0.20616202587914179,-0.20020797420771486,0.48972618850678507,0.23983173970938318,-0.21644716285750237,-0.21963347769036928,-0.3772214958376068,-0.4844118579148139,-0.15056506200601893
2019-01-14,901.8,VNINDEX,11.986122756764981,-0.04091202416564378,-0.4439570208529281,-0.100858413324493,0.010172419538334266,-0.20020797420771486,-0.21644716285750237,-0.21963347769036928,-0.3772214958376068,-0.4844118579148139
2019-01-15,909.68,VNINDEX,10.484890967343297,-0.17545952992401853,-0.29672787593314087,0.8700123329483528,0.7569214594822354,-0.4439570208529281,-0.20020797420771486,-0.21644716285750237,-0.21963347769036928,-0.3772214958376068
2019-01-16,908.7,VNINDEX,9.617106506090185,-0.23975878074249432,-0.1520434449440518,-0.10778826151660137,0.011618309320771248,-0.29672787593314087,-0.4439570208529281,-0.20020797420771486,-0.21644716285750237,-0.21963347769036928
2019-01-17,901.89,VNINDEX,9.772421500127308,-0.235874480500751,-0.2170309303890875,-0.7522445294844456,0.565871832139275,-0.1520434449440518,-0.29672787593314087,-0.4439570208529281,-0.20020797420771486,-0.21644716285750237
2019-01-18,902.3,VNINDEX,9.892536923704249,-0.2425793034016343,-0.23940418821495946,0.045449759399806826,0.002065680629500329,-0.2170309303890875,-0.1520434449440518,-0.29672787593314087,-0.4439570208529281,-0.20020797420771486
2019-01-21,911.05,VNINDEX,12.316155323864468,-0.12442789489091227,-0.46095060905336,0.9650721495432592,0.9313642538240468,-0.23940418821495946,-0.2170309303890875,-0.1520434449440518,-0.29672787593314087,-0.4439570208529281
2019-01-22,906.55,VNINDEX,12.031676825618725,-0.13880590100424853,-0.29630969287061176,-0.4951594624069967,0.245182893211186,-0.46095060905336,-0.23940418821495946,-0.2170309303890875,-0.1520434449440518,-0.29672787593314087
2019-01-23,908.02,VNINDEX,10.996769815291207,-0.17493036237360762,-0.1460547194229224,0.1620218918615331,0.026251093442390325,-0.29630969287061176,-0.46095060905336,-0.23940418821495946,-0.2170309303890875,-0.1520434449440518
2019-01-24,908.79,VNINDEX,9.908551978066196,-0.2431876496829159,-0.18564130435359028,0.08476395947878822,0.007184928826521651,-0.1460547194229224,-0.29630969287061176,-0.46095060905336,-0.23940418821495946,-0.2170309303890875
2019-01-25,908.88,VNINDEX,9.907503877028516,-0.25426367422221796,-0.22412722875958008,0.009902787642822675,9.806520309884147e-05,-0.18564130435359028,-0.1460547194229224,-0.29630969287061176,-0.46095060905336,-0.23940418821495946
2019-01-28,912.18,VNINDEX,9.207236857006551,-0.2728209255736545,-0.5242655757027328,0.3624266759150395,0.1313530954148251,-0.22412722875958008,-0.18564130435359028,-0.1460547194229224,-0.29630969287061176,-0.46095060905336
2019-01-29,915.93,VNINDEX,8.98470727895929,-0.29893101114309123,-0.4136861166988983,0.4102603519259969,0.16831355636244283,-0.5242655757027328,-0.22412722875958008,-0.18564130435359028,-0.1460547194229224,-0.29630969287061176
2019-01-30,915.84,VNINDEX,10.295459725956212,-0.20884808984688957,-0.26020000885454464,-0.009826561202812027,9.656130507261055e-05,-0.4136861166988983,-0.5242655757027328,-0.22412722875958008,-0.18564130435359028,-0.1460547194229224
2019-01-31,910.65,VNINDEX,8.641009144572761,-0.32512784676840334,-0.27763564925279427,-0.5683046683478672,0.3229701960659793,-0.26020000885454464,-0.4136861166988983,-0.5242655757027328,-0.22412722875958008,-0.18564130435359028
2019-02-01,908.67,VNINDEX,7.501591777699563,-0.41621926568668666,-0.31673173410065947,-0.21766382843362939,0.04737754220838445,-0.27763564925279427,-0.26020000885454464,-0.4136861166988983,-0.5242655757027328,-0.22412722875958008
2019-02-11,926.1,VNINDEX,11.083153820225633,-0.12865375287437603,-0.4796455821206586,1.9000228216006922,3.610086722603456,-0.31673173410065947,-0.27763564925279427,-0.26020000885454464,-0.4136861166988983,-0.5242655757027328
2019-02-12,937.54,VNINDEX,11.42686201806146,-0.11102582041415053,-0.30126608126943133,1.2277203424812861,1.5072972393423665,-0.4796455821206586,-0.31673173410065947,-0.27763564925279427,-0.26020000885454464,-0.4136861166988983
2019-02-13,945.25,VNINDEX,11.256590134149366,-0.11179465300039679,-0.11715807542964068,0.8190019170006169,0.6707641400506853,-0.30126608126943133,-0.4796455821206586,-0.31673173410065947,-0.27763564925279427,-0.26020000885454464
2019-02-14,952.34,VNINDEX,11.403890053418543,-0.10117950224419783,-0.10799999188624798,0.7472671117136429,0.5584081362488501,-0.11715807542964068,-0.30126608126943133,-0.4796455821206586,-0.31673173410065947,-0.27763564925279427
2019-02-15,950.89,VNINDEX,11.42686201806146,-0.11102582041415053,-0.10799999188624793,-0.15237257510060576,0.02321740164278974,-0.10799999188624798,-0.11715807542964068,-0.30126608126943133,-0.4796455821206586,-0.31673173410065947
2019-02-18,961.3,VNINDEX,11.419895044331192,-0.09321894536039269,-0.45065461674649665,1.0888146934597942,1.1855174366939456,-0.10799999188624793,-0.10799999188624798,-0.11715807542964068,-0.30126608126943133,-0.4796455821206586
2019-02-19,964.35,VNINDEX,10.879798694827311,-0.134997465854818,-0.29441486078149515,0.31677641840349324,0.10034729925654501,-0.45065461674649665,-0.10799999188624793,-0.10799999188624798,-0.11715807542964068,-0.30126608126943133
2019-02-20,970.58,VNINDEX,11.075143777182333,-0.12620735394246368,-0.11814125505255771,0.6439531692169236,0.41467568414451983,-0.29441486078149515,-0.45065461674649665,-0.10799999188624793,-0.10799999188624798,-0.11715807542964068
2019-02-21,987.57,VNINDEX,11.321698452634841,-0.10315201358622092,-0.12145227779450042,1.735354939095272,3.0114567646423556,-0.11814125505255771,-0.29441486078149515,-0.45065461674649665,-0.10799999188624793,-0.10799999188624798
2019-02-22,988.91,VNINDEX,11.166393522047013,-0.11560521699305089,-0.11498819484057805,0.1355946131819329,0.018385899123958008,-0.12145227779450042,-0.11814125505255771,-0.29441486078149515,-0.45065461674649665,-0.10799999188624793
2019-02-25,994.43,VNINDEX,12.182536067056283,-0.03818369404416057,-0.4392080968011546,0.5566382216779537,0.30984610983279476,-0.11498819484057805,-0.12145227779450042,-0.11814125505255771,-0.29441486078149515,-0.45065461674649665
2019-02-26,987.06,VNINDEX,9.493836715950904,-0.25771312829443066,-0.33194399847485817,-0.7438880828142039,0.5533694797529919,-0.4392080968011546,-0.11498819484057805,-0.12145227779450042,-0.11814125505255771,-0.29441486078149515
2019-02-27,990.27,VNINDEX,11.222453759900809,-0.12416110635135129,-0.1400193095633137,0.32468053586567774,0.10541745037002365,-0.33194399847485817,-0.4392080968011546,-0.11498819484057805,-0.12145227779450042,-0.11814125505255771
2019-02-28,965.47,VNINDEX,11.65150289335803,-0.07561704051373959,-0.15249709171984005,-2.536260381564388,6.432616723093135,-0.1400193095633137,-0.33194399847485817,-0.4392080968011546,-0.11498819484057805,-0.12145227779450042
2019-03-01,979.63,VNINDEX,12.347957306212068,-0.01459374365572555,-0.07145729684027169,1.4559919951481755,2.1199126899355645,-0.15249709171984005,-0.1400193095633137,-0.33194399847485817,-0.4392080968011546,-0.11498819484057805
2019-03-04,993.99,VNINDEX,12.429085710784141,-0.010843902105374559,-0.40693068743474614,1.4552196889916669,2.117664343229004,-0.07145729684027169,-0.15249709171984005,-0.1400193095633137,-0.33194399847485817,-0.4392080968011546
2019-03-05,992.45,VNINDEX,12.716738702490826,0.01105546813060812,-0.1998183128986994,-0.1550512785208496,0.024040898970950075,-0.40693068743474614,-0.07145729684027169,-0.15249709171984005,-0.1400193095633137,-0.33194399847485817
2019-03-06,994.49,VNINDEX,13.069505044407633,0.037313026198223354,0.012508197407819444,0.2053409480712259,0.042164904954789896,-0.1998183128986994,-0.40693068743474614,-0.07145729684027169,-0.15249709171984005,-0.1400193095633137
2019-03-07,994.03,VNINDEX,10.715440651883153,-0.16036474645158094,-0.037332084040916036,-0.04626556516457352,0.002140502519997399,0.012508197407819444,-0.1998183128986994,-0.40693068743474614,-0.07145729684027169,-0.15249709171984005
2019-03-08,985.25,VNINDEX,10.145405364006086,-0.17449007372229558,-0.09918059799188395,-0.8871971212540232,0.7871187319614259,-0.037332084040916036,0.012508197407819444,-0.1998183128986994,-0.40693068743474614,-0.07145729684027169
2019-03-11,984.6,VNINDEX,11.43697832662942,-0.09988907343254541,-0.45715629225690163,-0.06599487510128033,0.00435532353963359,-0.09918059799188395,-0.037332084040916036,0.012508197407819444,-0.1998183128986994,-0.40693068743474614
2019-03-12,1001.32,VNINDEX,11.6504396971464,-0.07383971030541177,-0.2729210547330335,1.683894122393472,2.8354994154312814,-0.45715629225690163,-0.09918059799188395,-0.037332084040916036,0.012508197407819444,-0.1998183128986994
2019-03-13,1005.41,VNINDEX,11.919966337241826,-0.060630688119121784,-0.07811982395235918,0.40762889510096756,0.1661613161212356,-0.2729210547330335,-0.45715629225690163,-0.09918059799188395,-0.037332084040916036,0.012508197407819444
2019-03-14,1009.56,VNINDEX,12.583342540334288,-0.009466723237846711,-0.0479790405541263,0.4119173851677934,0.16967593220347227,-0.07811982395235918,-0.2729210547330335,-0.45715629225690163,-0.09918059799188395,-0.037332084040916036
2019-03-15,1004.12,VNINDEX,11.31159220751618,-0.12285766373291271,-0.0643183583632933,-0.5403056328872008,0.2919301769296386,-0.0479790405541263,-0.07811982395235918,-0.2729210547330335,-0.45715629225690163,-0.09918059799188395
2019-03-18,1011.86,VNINDEX,12.831993417862156,0.03574066619700017,-0.38096121265289096,0.7678685334762251,0.5896220847029287,-0.0643183583632933,-0.0479790405541263,-0.07811982395235918,-0.2729210547330335,-0.45715629225690163
2019-03-19,1006.59,VNINDEX,11.502081613390246,-0.08696198243582624,-0.22090655475964,-0.52218404964438,0.27267618170300434,-0.38096121265289096,-0.0643183583632933,-0.0479790405541263,-0.07811982395235918,-0.2729210547330335
2019-03-20,1002.3,VNINDEX,12.33678283315713,-0.028237612011546134,-0.026486309416790282,-0.42710218293484203,0.18241627466770727,-0.22090655475964,-0.38096121265289096,-0.0643183583632933,-0.0479790405541263,-0.07811982395235918
2019-03-21,981.78,VNINDEX,11.486071590752946,-0.09063808773708798,-0.06861256072815299,-2.06853873619614,4.2788525031439235,-0.026486309416790282,-0.22090655475964,-0.38096121265289096,-0.0643183583632933,-0.0479790405541263
2019-03-22,988.71,VNINDEX,9.595192705934245,-0.22740534119832612,-0.11542701364898629,0.7033812474572946,0.4947451792745799,-0.06861256072815299,-0.026486309416790282,-0.22090655475964,-0.38096121265289096,-0.0643183583632933
2019-03-25,970.07,VNINDEX,11.586384511423255,-0.07569077676282884,-0.4617418409319911,-1.9032829301314538,3.6224859121297723,-0.11542701364898629,-0.06861256072815299,-0.026486309416790282,-0.22090655475964,-0.38096121265289096
2019-03-26,969.79,VNINDEX,10.54411563520873,-0.167925151994586,-0.3045883036575665,-0.02886806284418089,0.0008333650523755772,-0.4617418409319911,-0.11542701364898629,-0.06861256072815299,-0.026486309416790282,-0.22090655475964
2019-03-27,975.91,VNINDEX,10.773607155261608,-0.15533748989636376,-0.13298447288459242,0.6290815832771958,0.3957436384185434,-0.3045883036575665,-0.4617418409319911,-0.11542701364898629,-0.06861256072815299,-0.026486309416790282
2019-03-28,982.98,VNINDEX,16.07140133217458,-0.03901121578335822,-0.1269908626262426,0.7218405013779319,0.5210537094295441,-0.13298447288459242,-0.3045883036575665,-0.4617418409319911,-0.11542701364898629,-0.06861256072815299
2019-03-29,980.76,VNINDEX,15.319403719718842,-0.08586188650329764,-0.10196512830395862,-0.22609927441884112,0.05112088189272642,-0.1269908626262426,-0.13298447288459242,-0.3045883036575665,-0.4617418409319911,-0.11542701364898629
2019-04-01,988.53,VNINDEX,15.96835709230229,-0.014343240280736302,-0.5536124219746498,0.7891209847768073,0.622711928615118,-0.10196512830395862,-0.1269908626262426,-0.13298447288459242,-0.3045883036575665,-0.4617418409319911
2019-04-02,985.81,VNINDEX,15.223338816933811,-0.11138405678284953,-0.3022596875617607,-0.2755352898534451,0.07591969595462202,-0.5536124219746498,-0.10196512830395862,-0.1269908626262426,-0.13298447288459242,-0.3045883036575665
2019-04-03,984.46,VNINDEX,16.22492135320586,-0.02885948055199522,-0.05152892587185981,-0.13703707728031927,0.018779160549532197,-0.3022596875617607,-0.5536124219746498,-0.10196512830395862,-0.1269908626262426,-0.13298447288459242
2019-04-04,986.91,VNINDEX,15.199948817731402,-0.11053251956839044,-0.08359201896774453,0.24855823730358792,0.061781197331466725,-0.05152892587185981,-0.3022596875617607,-0.5536124219746498,-0.10196512830395862,-0.1269908626262426
2019-04-05,989.26,VNINDEX,13.817994827435342,-0.20371867907033156,-0.11437022639690521,0.23783390171194396,0.05656496480352662,-0.08359201896774453,-0.05152892587185981,-0.3022596875617607,-0.5536124219746498,-0.10196512830395862
2019-04-08,997.56,VNINDEX,15.607748047749995,-0.07549394032191319,-0.5086605837434302,0.8355108448372561,0.6980783718406655,-0.11437022639690521,-0.08359201896774453,-0.05152892587185981,-0.3022596875617607,-0.5536124219746498
2019-04-09,988.48,VNINDEX,15.465068041224905,-0.05783581422787245,-0.2770035802081275,-0.9143887600780106,0.8361068045570017,-0.5086605837434302,-0.11437022639690521,-0.08359201896774453,-0.05152892587185981,-0.3022596875617607
2019-04-10,981.91,VNINDEX,14.146248723133816,-0.18452034106069118,-0.10595003187015839,-0.6668755270341994,0.4447229685571412,-0.2770035802081275,-0.5086605837434302,-0.11437022639690521,-0.08359201896774453,-0.05152892587185981
2019-04-11,985.95,VNINDEX,14.4816743302815,-0.16060783614900653,-0.1343213304791895,0.4105988917820079,0.16859144993261305,-0.10595003187015839,-0.2770035802081275,-0.5086605837434302,-0.11437022639690521,-0.08359201896774453
2019-04-12,982.9,VNINDEX,12.650752472497274,-0.2921426383584674,-0.21242360518938777,-0.3098257805111358,0.0959920142693345,-0.1343213304791895,-0.10595003187015839,-0.2770035802081275,-0.5086605837434302,-0.11437022639690521
2019-04-16,977.17,VNINDEX,15.622666552374655,-0.04899743093893142,-0.5521807381121072,-0.584674661931842,0.3418444603051138,-0.21242360518938777,-0.1343213304791895,-0.10595003187015839,-0.2770035802081275,-0.5086605837434302
2019-04-17,972.1,VNINDEX,14.060408039802448,-0.1727589404614609,-0.3268511102633442,-0.5201959126241966,0.2706037875109208,-0.5521807381121072,-0.21242360518938777,-0.1343213304791895,-0.10595003187015839,-0.2770035802081275
2019-04-18,962.3,VNINDEX,12.819915699555514,-0.30462478282250094,-0.1754603847409639,-1.013242746466822,1.0266608632676288,-0.3268511102633442,-0.5521807381121072,-0.21242360518938777,-0.1343213304791895,-0.10595003187015839
2019-04-19,966.21,VNINDEX,13.843629165227723,-0.2174314154388923,-0.23160504624095082,0.4054949528445059,0.16442615678236805,-0.1754603847409639,-0.3268511102633442,-0.5521807381121072,-0.21242360518938777,-0.1343213304791895
2019-04-22,965.86,VNINDEX,13.77934432957027,-0.21806939926580082,-0.6324914997624052,-0.03623057175242695,0.0013126543295077576,-0.23160504624095082,-0.1754603847409639,-0.3268511102633442,-0.5521807381121072,-0.21242360518938777
2019-04-23,968.0,VNINDEX,13.65077465825536,-0.219345366919618,-0.43616671882103947,0.22131911033010662,0.048982148597309906,-0.6324914997624052,-0.23160504624095082,-0.1754603847409639,-0.3268511102633442,-0.5521807381121072
2019-04-24,976.92,VNINDEX,15.024530954988201,-0.09699061840056133,-0.17813512819532618,0.9172678097309511,0.8413802347686163,-0.43616671882103947,-0.6324914997624052,-0.23160504624095082,-0.1754603847409639,-0.3268511102633442
2019-04-25,974.13,VNINDEX,14.105997161428489,-0.18205648091589385,-0.1661308220786905,-0.286000041183698,0.08179602355707695,-0.17813512819532618,-0.43616671882103947,-0.6324914997624052,-0.23160504624095082,-0.1754603847409639
2019-04-26,979.64,VNINDEX,13.342133552352545,-0.22283425704207707,-0.16729378545284354,0.5640392275377448,0.3181402502013759,-0.1661308220786905,-0.17813512819532618,-0.43616671882103947,-0.6324914997624052,-0.23160504624095082
2019-05-02,978.5,VNINDEX,13.7097219339921,-0.21187370278307402,-0.6622695593749091,-0.11643704012961978,0.013557584314146687,-0.16729378545284354,-0.1661308220786905,-0.17813512819532618,-0.43616671882103947,-0.6324914997624052
2019-05-03,974.14,VNINDEX,12.811211117289526,-0.30563916377700656,-0.4666067992653648,-0.4465756356468076,0.19942979835335023,-0.6622695593749091,-0.16729378545284354,-0.1661308220786905,-0.17813512819532618,-0.43616671882103947
2019-05-06,957.97,VNINDEX,13.090139395281495,-0.28712418534356476,-0.6574059304568177,-1.673856823921815,2.801796666989626,-0.4666067992653648,-0.6622695593749091,-0.16729378545284354,-0.1661308220786905,-0.17813512819532618
2019-05-07,957.56,VNINDEX,13.372462175315922,-0.24733405490643837,-0.484724933938747,-0.04280799635204809,0.0018325245516769629,-0.6574059304568177,-0.4666067992653648,-0.6622695593749091,-0.16729378545284354,-0.1661308220786905
2019-05-08,951.22,VNINDEX,12.982783577602499,-0.28950528545046733,-0.27465450856682294,-0.6643011049067149,0.44129595798028226,-0.484724933938747,-0.6574059304568177,-0.4666067992653648,-0.6622695593749091,-0.16729378545284354
2019-05-09,947.01,VNINDEX,13.851717952441177,-0.2069433249310082,-0.24792755509597075,-0.4435718435440795,0.19675598038509337,-0.27465450856682294,-0.484724933938747,-0.6574059304568177,-0.4666067992653648,-0.6622695593749091
2019-05-10,952.55,VNINDEX,14.054495398155488,-0.18299343573071858,-0.22648068203739755,0.5832946269027586,0.34023262177362834,-0.24792755509597075,-0.27465450856682294,-0.484724933938747,-0.6574059304568177,-0.4666067992653648
2019-05-13,958.54,VNINDEX,13.966177288545907,-0.18673326352933317,-0.629495526281285,0.6268694426222752,0.39296529809356195,-0.22648068203739755,-0.24792755509597075,-0.27465450856682294,-0.484724933938747,-0.6574059304568177
2019-05-14,965.34,VNINDEX,15.72686095569943,-0.039529055283767045,-0.356837395622942,0.7069077403332055,0.49971855334299864,-0.629495526281285,-0.22648068203739755,-0.24792755509597075,-0.27465450856682294,-0.484724933938747
2019-05-15,975.64,VNINDEX,13.987692422893536,-0.17259076282320032,-0.13295102721209964,1.0613295020276938,1.1264203118743525,-0.356837395622942,-0.629495526281285,-0.22648068203739755,-0.24792755509597075,-0.27465450856682294
2019-05-16,975.69,VNINDEX,13.19898737045098,-0.2619009860519292,-0.1580069347196316,0.005124709814436586,2.6262650682182665e-05,-0.13295102721209964,-0.356837395622942,-0.629495526281285,-0.22648068203739755,-0.24792755509597075
2019-05-17,976.48,VNINDEX,13.277615629006853,-0.25183466842093205,-0.22877547243201998,0.08093557867650393,0.006550567895700557,-0.1580069347196316,-0.13295102721209964,-0.356837395622942,-0.629495526281285,-0.22648068203739755
2019-05-20,987.13,VNINDEX,14.209849570715264,-0.16129385328767598,-0.6098736374286863,1.084747422337058,1.1766769702668916,-0.22877547243201998,-0.1580069347196316,-0.13295102721209964,-0.356837395622942,-0.629495526281285
2019-05-21,986.29,VNINDEX,12.736251161790639,-0.2926097869846443,-0.43682337757209666,-0.08513140139773329,0.007247355503941985,-0.6098736374286863,-0.22877547243201998,-0.1580069347196316,-0.13295102721209964,-0.356837395622942
2019-05-22,983.78,VNINDEX,13.83985195582097,-0.20087043033725202,-0.21825802353652357,-0.2548134186213114,0.06492987830947969,-0.43682337757209666,-0.6098736374286863,-0.22877547243201998,-0.1580069347196316,-0.13295102721209964
2019-05-23,982.71,VNINDEX,14.715314767359141,-0.11754768410191357,-0.20367596714126943,-0.10882334571706646,0.011842520573056167,-0.21825802353652357,-0.43682337757209666,-0.6098736374286863,-0.22877547243201998,-0.1580069347196316
2019-05-24,970.03,VNINDEX,12.769290298720469,-0.27324592889921434,-0.19722134777945943,-1.2987062507969886,1.6866379258591708,-0.20367596714126943,-0.21825802353652357,-0.43682337757209666,-0.6098736374286863,-0.22877547243201998
2019-05-27,975.14,VNINDEX,13.765233994360093,-0.19913530551794292,-0.628445567186796,0.5254051579192124,0.2760505799681125,-0.19722134777945943,-0.20367596714126943,-0.21825802353652357,-0.43682337757209666,-0.6098736374286863
2019-05-28,972.0,VNINDEX,13.760881703227097,-0.19964249599519582,-0.42627479232291665,-0.3225245972977352,0.10402211586206625,-0.628445567186796,-0.19722134777945943,-0.20367596714126943,-0.21825802353652357,-0.43682337757209666
2019-05-29,971.54,VNINDEX,11.905351489764504,-0.3513473177552557,-0.2500417064227976,-0.047336304741805224,0.0022407257466090518,-0.42627479232291665,-0.628445567186796,-0.19722134777945943,-0.20367596714126943,-0.21825802353652357
2019-05-30,969.34,VNINDEX,12.41608605330562,-0.3013200344864005,-0.2841032827456168,-0.22670138722789235,0.051393518971050794,-0.2500417064227976,-0.42627479232291665,-0.628445567186796,-0.19722134777945943,-0.20367596714126943
2019-05-31,959.88,VNINDEX,12.43145545831805,-0.3257744566014718,-0.3261472696143755,-0.9807150892011177,0.9618020861867563,-0.2841032827456168,-0.2500417064227976,-0.42627479232291665,-0.628445567186796,-0.19722134777945943
2019-06-03,946.47,VNINDEX,12.705347457101018,-0.2851781646991762,-0.6848482594539518,-1.406900222275086,1.9793682354376863,-0.3261472696143755,-0.2841032827456168,-0.2500417064227976,-0.42627479232291665,-0.628445567186796
2019-06-04,951.16,VNINDEX,12.050440729544325,-0.3403894210587235,-0.5051591914933712,0.49430179217165443,0.24433426174410944,-0.6848482594539518,-0.3261472696143755,-0.2841032827456168,-0.2500417064227976,-0.42627479232291665
2019-06-05,951.41,VNINDEX,11.02553638709334,-0.43517725446784694,-0.3535816134085817,0.026280242139719336,0.0006906511269222799,-0.5051591914933712,-0.6848482594539518,-0.3261472696143755,-0.2841032827456168,-0.2500417064227976
2019-06-06,948.21,VNINDEX,11.43360941812646,-0.39831813280169487,-0.3912949361094213,-0.33690980584381475,0.11350821727371695,-0.3535816134085817,-0.5051591914933712,-0.6848482594539518,-0.3261472696143755,-0.2841032827456168
2019-06-07,958.28,VNINDEX,10.659480876270562,-0.4498375946743886,-0.42777766064797623,1.0564014130132813,1.1159839454164573,-0.3912949361094213,-0.3535816134085817,-0.5051591914933712,-0.6848482594539518,-0.3261472696143755
2019-06-10,962.9,VNINDEX,11.404813665979859,-0.37751812088487213,-0.7388751792546615,0.48095534054498196,0.23131803959873956,-0.42777766064797623,-0.3912949361094213,-0.3535816134085817,-0.5051591914933712,-0.6848482594539518
2019-06-11,962.07,VNINDEX,10.652309164821354,-0.4545517615764329,-0.5892533787255022,-0.08623511550161139,0.007436495145576257,-0.7388751792546615,-0.42777766064797623,-0.3912949361094213,-0.3535816134085817,-0.5051591914933712
2019-06-12,954.17,VNINDEX,11.813598164786173,-0.3498204124252832,-0.39396343162886227,-0.824536045315717,0.6798596900248821,-0.5892533787255022,-0.7388751792546615,-0.42777766064797623,-0.3912949361094213,-0.3535816134085817
2019-06-13,950.08,VNINDEX,12.25012495392789,-0.3224670507029003,-0.3756130749015382,-0.4295661062669892,0.18452703965338227,-0.39396343162886227,-0.5892533787255022,-0.7388751792546615,-0.42777766064797623,-0.3912949361094213
2019-06-14,953.61,VNINDEX,11.038894541204035,-0.4184080498768701,-0.363565171001684,0.3708591257887731,0.13753649118081304,-0.3756130749015382,-0.39396343162886227,-0.5892533787255022,-0.7388751792546615,-0.42777766064797623
2019-06-17,946.95,VNINDEX,12.531872652236075,-0.2997450958446671,-0.7169567220413691,-0.7008489351538357,0.49118922990626546,-0.363565171001684,-0.3756130749015382,-0.39396343162886227,-0.5892533787255022,-0.7388751792546615
2019-06-18,944.01,VNINDEX,11.45798468611659,-0.4065105408030421,-0.5538989315330313,-0.3109534172012471,0.09669202766913283,-0.7169567220413691,-0.363565171001684,-0.3756130749015382,-0.39396343162886227,-0.5892533787255022
2019-06-19,949.69,VNINDEX,13.038254924644201,-0.25022500305306467,-0.3188268799002574,0.5998856242798599,0.35986276221763724,-0.5538989315330313,-0.7169567220413691,-0.363565171001684,-0.3756130749015382,-0.39396343162886227
2019-06-20,959.18,VNINDEX,11.698728641619965,-0.3456214274611767,-0.334118990439094,0.9943137234470791,0.9886597806351946,-0.3188268799002574,-0.5538989315330313,-0.7169567220413691,-0.363565171001684,-0.3756130749015382
2019-06-21,959.2,VNINDEX,11.623603791456317,-0.37406927261348905,-0.3233052343759096,0.002085092630336611,4.347611277084047e-06,-0.334118990439094,-0.3188268799002574,-0.5538989315330313,-0.7169567220413691,-0.363565171001684
2019-06-24,962.85,VNINDEX,12.776804004207682,-0.27982601397022333,-0.6888416824911926,0.37980327125923596,0.14425052485921677,-0.3233052343759096,-0.334118990439094,-0.3188268799002574,-0.5538989315330313,-0.7169567220413691
2019-06-25,960.13,VNINDEX,13.991879819361765,-0.2135607942906221,-0.48726085814246084,-0.28289444653573836,0.08002926788076173,-0.6888416824911926,-0.3233052343759096,-0.334118990439094,-0.3188268799002574,-0.5538989315330313
2019-06-26,959.13,VNINDEX,10.914102079295878,-0.4362450026323275,-0.3098772702977238,-0.10420683914553058,0.010859065324702485,-0.48726085814246084,-0.6888416824911926,-0.3233052343759096,-0.334118990439094,-0.3188268799002574
2019-06-27,943.11,VNINDEX,12.33470656745701,-0.3287081229349172,-0.3261713066192884,-1.6843698746014462,2.8371018744648913,-0.3098772702977238,-0.48726085814246084,-0.6888416824911926,-0.3233052343759096,-0.334118990439094
2019-06-28,949.94,VNINDEX,11.787388745267549,-0.35317585163561543,-0.37270965906761955,0.7215899882236327,0.5206921111045825,-0.3261713066192884,-0.3098772702977238,-0.48726085814246084,-0.6888416824911926,-0.3233052343759096
2019-07-01,965.61,VNINDEX,12.440803315333754,-0.32080669446080107,-0.6854132871100295,1.6361201279568278,2.6768890731054666,-0.37270965906761955,-0.3261713066192884,-0.3098772702977238,-0.48726085814246084,-0.6888416824911926
2019-07-02,961.98,VNINDEX,13.21958542903436,-0.25353240895163626,-0.47669981146374596,-0.37663655560732484,0.1418550950197495,-0.6854132871100295,-0.37270965906761955,-0.3261713066192884,-0.3098772702977238,-0.48726085814246084
2019-07-03,960.39,VNINDEX,12.041092872528617,-0.34535718319939424,-0.30656542887060995,-0.1654208464108109,0.02736405642726909,-0.47669981146374596,-0.6854132871100295,-0.37270965906761955,-0.3261713066192884,-0.3098772702977238
2019-07-04,973.04,VNINDEX,12.132846197506945,-0.34688408852936686,-0.31525789356013195,1.3085739345488,1.7123657421805274,-0.30656542887060995,-0.47669981146374596,-0.6854132871100295,-0.37270965906761955,-0.3261713066192884
2019-07-05,975.34,VNINDEX,11.897837784277291,-0.3447672326842466,-0.34566950147100206,0.23609368484117793,0.05574022802188545,-0.31525789356013195,-0.30656542887060995,-0.47669981146374596,-0.6854132871100295,-0.37270965906761955
2019-07-08,966.35,VNINDEX,10.479751435720656,-0.4633447691160839,-0.7675285456357742,-0.9260040727115981,0.8574835426784667,-0.34566950147100206,-0.31525789356013195,-0.30656542887060995,-0.47669981146374596,-0.6854132871100295
2019-07-09,969.05,VNINDEX,12.278168524975007,-0.30756376428088833,-0.5774626197386598,0.27901227152799146,0.07784784766320964,-0.7675285456357742,-0.34566950147100206,-0.31525789356013195,-0.30656542887060995,-0.47669981146374596
2019-07-10,973.65,VNINDEX,11.650730286739188,-0.3649399097973167,-0.3786161477314291,0.473568600083059,0.22426721898462829,-0.5774626197386598,-0.7675285456357742,-0.34566950147100206,-0.31525789356013195,-0.30656542887060995
2019-07-11,978.63,VNINDEX,11.956443065976023,-0.32600131657464937,-0.3328349968842843,0.5101738276788951,0.2602773344485349,-0.3786161477314291,-0.5774626197386598,-0.7675285456357742,-0.34566950147100206,-0.31525789356013195
2019-07-12,975.4,VNINDEX,12.423599758792832,-0.3079001195574094,-0.3329471153097913,-0.33059911484239,0.10929577473457179,-0.3328349968842843,-0.3786161477314291,-0.5774626197386598,-0.7675285456357742,-0.34566950147100206
2019-07-15,972.53,VNINDEX,12.196447045088393,-0.32365760075635164,-0.7058457729563395,-0.29467199301019564,0.08683158346460079,-0.3329471153097913,-0.3328349968842843,-0.3786161477314291,-0.5774626197386598,-0.7675285456357742
2019-07-16,982.11,VNINDEX,12.261306962472089,-0.30595144135055,-0.5279968144514969,0.9802395028538213,0.9608694829551068,-0.7058457729563395,-0.3329471153097913,-0.3328349968842843,-0.3786161477314291,-0.5774626197386598
2019-07-17,982.57,VNINDEX,11.970211407148199,-0.333641158349454,-0.32108340015211806,0.04682696504322947,0.0021927646551598346,-0.5279968144514969,-0.7058457729563395,-0.3329471153097913,-0.3328349968842843,-0.3786161477314291
2019-07-18,976.05,VNINDEX,10.984806445303057,-0.39518955356454005,-0.34492738442151416,-0.6657773415717951,0.44325946855040677,-0.32108340015211806,-0.5279968144514969,-0.7058457729563395,-0.3329471153097913,-0.3328349968842843
2019-07-19,982.34,VNINDEX,11.99016619098186,-0.32922596243532604,-0.3526855581164396,0.6423666000059767,0.4126348488032384,-0.34492738442151416,-0.32108340015211806,-0.5279968144514969,-0.7058457729563395,-0.3329471153097913
2019-07-22,982.04,VNINDEX,12.554578663362477,-0.2780081291130196,-0.6736856866847112,-0.030543988671476868,0.0009329352439633072,-0.3526855581164396,-0.34492738442151416,-0.32108340015211806,-0.5279968144514969,-0.7058457729563395
2019-07-23,989.46,VNINDEX,11.959262486292237,-0.3217943401498579,-0.49757718063963413,0.7527299046286018,0.5666023093221839,-0.6736856866847112,-0.3526855581164396,-0.34492738442151416,-0.32108340015211806,-0.5279968144514969
2019-07-24,988.41,VNINDEX,10.582002781167176,-0.42576756114759934,-0.3418566768034918,-0.10617483440668037,0.011273095461285998,-0.49757718063963413,-0.6736856866847112,-0.3526855581164396,-0.34492738442151416,-0.32108340015211806
2019-07-25,994.95,VNINDEX,11.227561651708166,-0.3755240669287227,-0.37436198940872617,0.6594893215007684,0.43492616517354393,-0.3418566768034918,-0.49757718063963413,-0.6736856866847112,-0.3526855581164396,-0.34492738442151416
2019-07-26,993.35,VNINDEX,10.841386462386964,-0.4360768249940669,-0.4124561510234625,-0.1609415425602152,0.02590218012166156,-0.37436198940872617,-0.3418566768034918,-0.49757718063963413,-0.6736856866847112,-0.3526855581164396
2019-07-29,997.94,VNINDEX,10.935891014658031,-0.4202819595065199,-0.711712213511316,0.46100850496163776,0.2125288416469644,-0.4124561510234625,-0.37436198940872617,-0.3418566768034918,-0.49757718063963413,-0.6736856866847112
2019-07-30,986.02,VNINDEX,11.541198323493694,-0.36757460514284573,-0.5711637165855755,-1.2016515891111401,1.4439665416133283,-0.711712213511316,-0.4124561510234625,-0.37436198940872617,-0.3418566768034918,-0.49757718063963413
2019-07-31,991.66,VNINDEX,10.671237966541005,-0.416253809743145,-0.40137012479750306,0.5703668227369781,0.32531831247907544,-0.5711637165855755,-0.711712213511316,-0.4124561510234625,-0.37436198940872617,-0.3418566768034918
2019-08-01,997.39,VNINDEX,11.950831705040779,-0.3209881786846887,-0.36827219785689264,0.5761560394037103,0.33195578174136975,-0.40137012479750306,-0.5711637165855755,-0.711712213511316,-0.4124561510234625,-0.37436198940872617
2019-08-02,991.1,VNINDEX,11.182314524120128,-0.3775207784473431,-0.3715875889583918,-0.6326429581321757,0.4002371124742299,-0.36827219785689264,-0.40137012479750306,-0.5711637165855755,-0.711712213511316,-0.4124561510234625
2019-08-05,973.15,VNINDEX,13.525531295959434,-0.1862313881770223,-0.6586097870958961,-1.8277204724078802,3.3405621252588844,-0.3715875889583918,-0.36827219785689264,-0.40137012479750306,-0.5711637165855755,-0.711712213511316
2019-08-06,964.61,VNINDEX,12.55050017324401,-0.2766947771705976,-0.4601913014601662,-0.8814358115950334,0.7769290899621951,-0.6586097870958961,-0.3715875889583918,-0.36827219785689264,-0.40137012479750306,-0.5711637165855755
2019-08-07,965.93,VNINDEX,13.320167517617149,-0.18602582625015696,-0.21631733053259175,0.13674932461426567,0.018700377782457808,-0.4601913014601662,-0.6586097870958961,-0.3715875889583918,-0.36827219785689264,-0.40137012479750306
2019-08-08,975.24,VNINDEX,12.488117682138528,-0.27889970817855453,-0.24720677053310247,0.9592226734337443,0.9201081372293798,-0.21631733053259175,-0.4601913014601662,-0.6586097870958961,-0.3715875889583918,-0.36827219785689264
2019-08-09,974.34,VNINDEX,12.445388694154985,-0.2919370764316019,-0.2522875369534373,-0.09232758480625394,0.008524382916156014,-0.24720677053310247,-0.21631733053259175,-0.4601913014601662,-0.6586097870958961,-0.3715875889583918
2019-08-12,975.31,VNINDEX,12.09935616018935,-0.31529701511674374,-0.6886770545273174,0.09950504757623235,0.009901254493148264,-0.2522875369534373,-0.24720677053310247,-0.21631733053259175,-0.4601913014601662,-0.6586097870958961
2019-08-13,966.83,VNINDEX,12.833575134377924,-0.2726079450723058,-0.5026285886723566,-0.8732690630181706,0.7625988564246337,-0.6886770545273174,-0.2522875369534373,-0.24720677053310247,-0.21631733053259175,-0.4601913014601662
2019-08-14,968.91,VNINDEX,12.565185590180434,-0.27856069533956235,-0.28882188517620344,0.21490497696231656,0.04618414912317381,-0.5026285886723566,-0.6886770545273174,-0.2522875369534373,-0.24720677053310247,-0.21631733053259175
2019-08-15,979.38,VNINDEX,13.34305062811679,-0.21706033343623718,-0.2560763246160346,1.0747990073743647,1.1551929062529198,-0.28882188517620344,-0.5026285886723566,-0.6886770545273174,-0.2522875369534373,-0.24720677053310247
2019-08-16,980.0,VNINDEX,13.265339445325168,-0.22135272746139437,-0.23899125207906413,0.06328532706190015,0.004005032621331672,-0.2560763246160346,-0.28882188517620344,-0.5026285886723566,-0.6886770545273174,-0.2522875369534373
2019-08-19,981.03,VNINDEX,13.718152715243557,-0.21267986424824317,-0.6541581334453853,0.10504684729103972,0.011034840125787019,-0.23899125207906413,-0.2560763246160346,-0.28882188517620344,-0.5026285886723566,-0.6886770545273174
2019-08-20,984.67,VNINDEX,13.44380981607282,-0.2023252246524857,-0.4284316555788051,0.370351952030963,0.13716056837314472,-0.6541581334453853,-0.23899125207906413,-0.2560763246160346,-0.28882188517620344,-0.5026285886723566
2019-08-21,994.38,VNINDEX,13.299062570331003,-0.22457737332207106,-0.21319415407426612,0.9812867705669982,0.9629237260898086,-0.4284316555788051,-0.6541581334453853,-0.23899125207906413,-0.2560763246160346,-0.28882188517620344
2019-08-22,997.26,VNINDEX,11.79857075381175,-0.336660242283265,-0.2545209467526068,0.28920909475661016,0.08364190048993791,-0.21319415407426612,-0.4284316555788051,-0.6541581334453853,-0.23899125207906413,-0.2560763246160346
2019-08-23,992.45,VNINDEX,11.779299958054095,-0.3636639421434997,-0.3083005192496114,-0.4834884852487063,0.2337611153680885,-0.2545209467526068,-0.21319415407426612,-0.4284316555788051,-0.6541581334453853,-0.23899125207906413
2019-08-26,982.88,VNINDEX,14.114592837344711,-0.14138542043638835,-0.6487570228524495,-0.968959604296945,0.9388827147592923,-0.3083005192496114,-0.2545209467526068,-0.21319415407426612,-0.4284316555788051,-0.6541581334453853
2019-08-27,976.79,VNINDEX,13.46193044837799,-0.20945787595003748,-0.3994428197753281,-0.6215352181763547,0.3863060274335289,-0.6487570228524495,-0.3083005192496114,-0.2545209467526068,-0.21319415407426612,-0.4284316555788051
2019-08-28,977.26,VNINDEX,13.296886424764503,-0.2248309685606975,-0.19189142164904058,0.04810521829673025,0.0023141120273760707,-0.3994428197753281,-0.6487570228524495,-0.3083005192496114,-0.2545209467526068,-0.21319415407426612
2019-08-29,978.59,VNINDEX,12.5181043110639,-0.2921052540698625,-0.242131366193532,0.1360022706244515,0.018496617615006542,-0.19189142164904058,-0.3994428197753281,-0.6487570228524495,-0.3083005192496114,-0.2545209467526068
2019-08-30,984.06,VNINDEX,11.83263587285559,-0.351179140116995,-0.28937178758251786,0.5574110680007041,0.31070709872968555,-0.242131366193532,-0.19189142164904058,-0.3994428197753281,-0.6487570228524495,-0.3083005192496114
2019-09-03,979.36,VNINDEX,14.412586303103282,-0.11080207895511497,-0.6516737859700603,-0.478757370031284,0.22920861935927178,-0.28937178758251786,-0.242131366193532,-0.19189142164904058,-0.3994428197753281,-0.6487570228524495
2019-09-04,977.63,VNINDEX,11.753665620261714,-0.3499512057749388,-0.4663629609379802,-0.17680217585687485,0.0312590093877253,-0.6516737859700603,-0.28937178758251786,-0.242131366193532,-0.19189142164904058,-0.3994428197753281
2019-09-05,976.79,VNINDEX,9.837285786510412,-0.5075607444904944,-0.3227713430735155,-0.08595901103372716,0.007388951577896428,-0.4663629609379802,-0.6516737859700603,-0.28937178758251786,-0.242131366193532,-0.19189142164904058
2019-09-06,974.08,VNINDEX,11.621769639927825,-0.3856171198251686,-0.41437635669686673,-0.277824944064202,0.07718669954427697,-0.3227713430735155,-0.4663629609379802,-0.6516737859700603,-0.28937178758251786,-0.242131366193532
2019-09-09,974.12,VNINDEX,11.701246781224464,-0.3566620841956037,-0.6951441353186624,0.004106354584295874,1.6862147971967743e-05,-0.41437635669686673,-0.3227713430735155,-0.4663629609379802,-0.6516737859700603,-0.28937178758251786
2019-09-10,970.26,VNINDEX,11.87128637072066,-0.33682841992152573,-0.5145207763634853,-0.3970422521147145,0.1576425499643245,-0.6951441353186624,-0.41437635669686673,-0.3227713430735155,-0.4663629609379802,-0.6516737859700603
2019-09-11,969.31,VNINDEX,11.3664644488265,-0.37662120792112325,-0.3567039040127504,-0.09795986491536375,0.009596135134236313,-0.5145207763634853,-0.6951441353186624,-0.41437635669686673,-0.3227713430735155,-0.4663629609379802
2019-09-12,976.07,VNINDEX,12.196105051050388,-0.3123633487832984,-0.3419376588753152,0.6949826983963749,0.48300095107030666,-0.3567039040127504,-0.5145207763634853,-0.6951441353186624,-0.41437635669686673,-0.3227713430735155
2019-09-13,987.22,VNINDEX,10.246344086331254,-0.4780424936112304,-0.38900901677188354,1.135860711247534,1.290179555355754,-0.3419376588753152,-0.3567039040127504,-0.5145207763634853,-0.6951441353186624,-0.41437635669686673
2019-09-16,989.86,VNINDEX,12.378927712931038,-0.2928286554971368,-0.6885088768890567,0.2670606722105888,0.07132140264157157,-0.38900901677188354,-0.3419376588753152,-0.3567039040127504,-0.5145207763634853,-0.6951441353186624
2019-09-17,996.74,VNINDEX,12.636642137287097,-0.27320854461060945,-0.49341469410997557,0.6926434617869162,0.47975496515616317,-0.6885088768890567,-0.38900901677188354,-0.3419376588753152,-0.3567039040127504,-0.5145207763634853
2019-09-18,995.15,VNINDEX,12.689402970362346,-0.27779191816299803,-0.28127637275691425,-0.15964740399386085,0.025487293601979016,-0.49341469410997557,-0.6885088768890567,-0.38900901677188354,-0.3419376588753152,-0.3567039040127504
2019-09-19,997.1,VNINDEX,12.518446305101904,-0.3033995060429158,-0.2847999896055072,0.19575862695178506,0.03832144002604815,-0.28127637275691425,-0.49341469410997557,-0.6885088768890567,-0.38900901677188354,-0.3419376588753152
2019-09-20,990.36,VNINDEX,11.514988903975071,-0.37093004435317817,-0.3173738228530301,-0.6782552442154048,0.4600301763056985,-0.2847999896055072,-0.28127637275691425,-0.49341469410997557,-0.6885088768890567,-0.38900901677188354
2019-09-23,987.54,VNINDEX,12.313725801509337,-0.29924056292988516,-0.6930922504414453,-0.28515111085615497,0.08131115602249918,-0.3173738228530301,-0.2847999896055072,-0.28127637275691425,-0.49341469410997557,-0.6885088768890567
2019-09-24,988.13,VNINDEX,11.414804797745282,-0.36859697755803644,-0.5345252758382948,0.05972657554542669,0.003567263826383561,-0.6930922504414453,-0.3173738228530301,-0.2847999896055072,-0.28127637275691425,-0.49341469410997557
2019-09-25,987.3,VNINDEX,12.01923574414299,-0.34820543193247383,-0.338680990806798,-0.08403234220819278,0.007061434536994818,-0.5345252758382948,-0.6930922504414453,-0.3173738228530301,-0.2847999896055072,-0.28127637275691425
2019-09-26,990.75,VNINDEX,10.817928270161081,-0.4221104933868798,-0.3796376342924628,0.3488287453140398,0.12168149355736724,-0.338680990806798,-0.5345252758382948,-0.6930922504414453,-0.3173738228530301,-0.2847999896055072
2019-09-27,997.84,VNINDEX,11.061025470604193,-0.4137392587241157,-0.39468506134782255,0.7130710746909413,0.508470357560894,-0.3796376342924628,-0.338680990806798,-0.5345252758382948,-0.6930922504414453,-0.3173738228530301
2019-09-30,996.56,VNINDEX,11.66408844084988,-0.3481707052063399,-0.7043500039800508,-0.12835942396165295,0.016476141719767367,-0.39468506134782255,-0.3796376342924628,-0.338680990806798,-0.5345252758382948,-0.6930922504414453
2019-10-01,999.59,VNINDEX,13.086937267600987,-0.25349502466303125,-0.49400819429950865,0.30358463313191764,0.09216362947384102,-0.7043500039800508,-0.39468506134782255,-0.3796376342924628,-0.338680990806798,-0.5345252758382948
2019-10-02,991.19,VNINDEX,11.34712546004537,-0.3905101133886297,-0.33072528108599974,-0.8438953426390943,0.7121593493279543,-0.49400819429950865,-0.7043500039800508,-0.39468506134782255,-0.3796376342924628,-0.338680990806798
2019-10-03,992.45,VNINDEX,12.232921397386969,-0.3095604757995088,-0.317855204617056,0.12703919758211668,0.01613895772230808,-0.33072528108599974,-0.49400819429950865,-0.7043500039800508,-0.39468506134782255,-0.3796376342924628
2019-10-04,987.59,VNINDEX,11.889982084752072,-0.32689289564018437,-0.3423211616094404,-0.4909001595731695,0.2409829666689633,-0.317855204617056,-0.33072528108599974,-0.49400819429950865,-0.7043500039800508,-0.39468506134782255
2019-10-07,983.09,VNINDEX,11.507133204449852,-0.3530557073091158,-0.7183519074694639,-0.45669594469084035,0.2085711858970591,-0.3423211616094404,-0.317855204617056,-0.33072528108599974,-0.49400819429950865,-0.7043500039800508
2019-10-08,988.22,VNINDEX,12.305295020257878,-0.29843440146471606,-0.5425121219127765,0.520467260895399,0.2708861696639593,-0.7183519074694639,-0.3423211616094404,-0.317855204617056,-0.33072528108599974,-0.49400819429950865
2019-10-09,987.83,VNINDEX,12.035755312607904,-0.33852350288975885,-0.3300045372211964,-0.039472685920269146,0.0015580929337602142,-0.5425121219127765,-0.7183519074694639,-0.3423211616094404,-0.317855204617056,-0.33072528108599974
2019-10-10,987.38,VNINDEX,10.461288809377484,-0.4449178658454788,-0.3606252567333174,-0.04556477617930454,0.002076148828270118,-0.3300045372211964,-0.5425121219127765,-0.7183519074694639,-0.3423211616094404,-0.317855204617056
2019-10-11,991.84,VNINDEX,10.538424910442869,-0.45769364739921475,-0.41371167204481685,0.4506833549704526,0.20311548644742297,-0.3606252567333174,-0.3300045372211964,-0.5425121219127765,-0.7183519074694639,-0.3423211616094404
2019-10-14,993.57,VNINDEX,11.855341883981987,-0.3294421733853475,-0.720022953432784,0.17427135330650678,0.03037050458328131,-0.41371167204481685,-0.3606252567333174,-0.3300045372211964,-0.5425121219127765,-0.7183519074694639
2019-10-15,993.05,VNINDEX,9.690937476928339,-0.512998312819813,-0.5935199577796753,-0.052350224187389514,0.0027405459724699423,-0.720022953432784,-0.41371167204481685,-0.3606252567333174,-0.3300045372211964,-0.5425121219127765
2019-10-16,994.46,VNINDEX,11.381765660815455,-0.38796083564346634,-0.4101337739495417,0.14188610236396765,0.020131666044038307,-0.5935199577796753,-0.720022953432784,-0.41371167204481685,-0.3606252567333174,-0.3300045372211964
2019-10-17,989.82,VNINDEX,11.389512453990903,-0.366178493162529,-0.4223792138752689,-0.4676767852552217,0.21872157546665877,-0.4101337739495417,-0.5935199577796753,-0.720022953432784,-0.41371167204481685,-0.3606252567333174
2019-10-18,989.2,VNINDEX,11.402637520413364,-0.3777717161234985,-0.3773036816431641,-0.0626572768626871,0.003925934343847424,-0.4223792138752689,-0.4101337739495417,-0.5935199577796753,-0.720022953432784,-0.41371167204481685
2019-10-21,983.56,VNINDEX,13.035435504327987,-0.2544319794778561,-0.6764316146015902,-0.5717893069925623,0.3269430115910346,-0.3773036816431641,-0.4223792138752689,-0.4101337739495417,-0.5935199577796753,-0.720022953432784
2019-10-22,987.19,VNINDEX,13.098461270183188,-0.2482736672837342,-0.44873246222130253,0.36838808628392067,0.13570978211592938,-0.6764316146015902,-0.3773036816431641,-0.4223792138752689,-0.4101337739495417,-0.5935199577796753
2019-10-23,987.79,VNINDEX,11.514988903975071,-0.37093004435317817,-0.29121189703825556,0.06076011083239475,0.003691791068364894,-0.44873246222130253,-0.6764316146015902,-0.3773036816431641,-0.4223792138752689,-0.4101337739495417
2019-10-24,993.6,VNINDEX,11.293789545243877,-0.4029949154151342,-0.34073287568401495,0.58645866307156,0.3439337634916816,-0.29121189703825556,-0.44873246222130253,-0.6764316146015902,-0.3773036816431641,-0.4223792138752689
2019-10-25,996.57,VNINDEX,12.260389886707841,-0.31172536495638986,-0.36188344157490016,0.29846718670220107,0.08908266153792656,-0.34073287568401495,-0.29121189703825556,-0.44873246222130253,-0.6764316146015902,-0.3773036816431641
2019-10-28,996.48,VNINDEX,8.202862563345212,-0.3478032500555608,-0.58943491508453,-0.00903138406574977,8.156589814307885e-05,-0.36188344157490016,-0.34073287568401495,-0.29121189703825556,-0.44873246222130253,-0.6764316146015902
2019-10-29,995.87,VNINDEX,9.038005362924423,-0.2624717792803436,-0.4356419447797395,-0.061234222808305754,0.0037496300429372327,-0.58943491508453,-0.36188344157490016,-0.34073287568401495,-0.29121189703825556,-0.44873246222130253
2019-10-30,1000.89,VNINDEX,8.623852001632617,-0.3139105141971806,-0.3080618478443612,0.5028156189474203,0.2528235466574774,-0.4356419447797395,-0.58943491508453,-0.36188344157490016,-0.34073287568401495,-0.29121189703825556
2019-10-31,998.82,VNINDEX,9.901047452779288,-0.20341525659627802,-0.259932516691267,-0.20703009329953317,0.04286145953161341,-0.3080618478443612,-0.4356419447797395,-0.58943491508453,-0.36188344157490016,-0.34073287568401495
2019-11-01,1015.59,VNINDEX,7.868200083198642,-0.3635734039730609,-0.29363305825550606,1.6650421151853771,2.772365245340995,-0.259932516691267,-0.3080618478443612,-0.4356419447797395,-0.58943491508453,-0.36188344157490016
2019-11-04,1022.43,VNINDEX,8.65120776585655,-0.3033376704795484,-0.5812825536275766,0.6712422529957294,0.45056616220678275,-0.29363305825550606,-0.259932516691267,-0.3080618478443612,-0.4356419447797395,-0.58943491508453
2019-11-05,1024.34,VNINDEX,10.661565163743163,-0.13327536368428455,-0.38969885718361774,0.1866355823490253,0.0348328405987598,-0.5812825536275766,-0.29363305825550606,-0.259932516691267,-0.3080618478443612,-0.4356419447797395
2019-11-06,1024.91,VNINDEX,8.296200414247826,-0.3259548465091777,-0.25418929355766984,0.0556301100109743,0.003094709139833103,-0.38969885718361774,-0.5812825536275766,-0.29363305825550606,-0.259932516691267,-0.3080618478443612
2019-11-07,1024.03,VNINDEX,8.538387666081146,-0.30643083276972094,-0.255220347654394,-0.08589807940779191,0.0073784800459473256,-0.25418929355766984,-0.38969885718361774,-0.5812825536275766,-0.29363305825550606,-0.259932516691267
2019-11-08,1022.49,VNINDEX,8.152760331898746,-0.34000124537492193,-0.32412897488460646,-0.1504994127275452,0.022650073231335992,-0.255220347654394,-0.25418929355766984,-0.38969885718361774,-0.5812825536275766,-0.29363305825550606
2019-11-11,1016.75,VNINDEX,8.522172680692833,-0.3081182661396564,-0.606180875917788,-0.5629563130698607,0.316919810425211,-0.32412897488460646,-0.255220347654394,-0.25418929355766984,-0.38969885718361774,-0.5812825536275766
2019-11-12,1018.33,VNINDEX,8.46447470406913,-0.3255641280397443,-0.46138466258248545,0.15527648224726104,0.024110785939083973,-0.606180875917788,-0.32412897488460646,-0.255220347654394,-0.25418929355766984,-0.38969885718361774
2019-11-13,1012.77,VNINDEX,8.889515806367731,-0.27220877837352886,-0.3019637241843095,-0.5474879511681445,0.29974305667429263,-0.46138466258248545,-0.606180875917788,-0.32412897488460646,-0.255220347654394,-0.25418929355766984
2019-11-14,1012.3,VNINDEX,7.373822016383738,-0.38971666752597234,-0.32916319131308147,-0.046418149341909194,0.0021546445883277848,-0.3019637241843095,-0.46138466258248545,-0.606180875917788,-0.32412897488460646,-0.255220347654394
2019-11-15,1010.03,VNINDEX,7.692306505982414,-0.37128838630005645,-0.3444046107331854,-0.22449362402283785,0.05039738722690728,-0.32916319131308147,-0.3019637241843095,-0.46138466258248545,-0.606180875917788,-0.32412897488460646
2019-11-18,1002.91,VNINDEX,7.704832128044046,-0.3795598130571066,-0.6374753000896846,-0.7074259236169205,0.500451437405253,-0.3444046107331854,-0.32916319131308147,-0.3019637241843095,-0.46138466258248545,-0.606180875917788
2019-11-19,1008.35,VNINDEX,7.88306918805825,-0.3479705089978604,-0.5001338413284184,0.5409557457542438,0.29263311886453003,-0.6374753000896846,-0.3444046107331854,-0.32916319131308147,-0.3019637241843095,-0.46138466258248545
2019-11-20,1000.56,VNINDEX,7.322147902279805,-0.4032972362101142,-0.3769425194216933,-0.7755488345199778,0.6014759947252959,-0.5001338413284184,-0.6374753000896846,-0.3444046107331854,-0.32916319131308147,-0.3019637241843095
2019-11-21,987.89,VNINDEX,7.92211283176233,-0.3563479696752816,-0.3692052382944183,-1.2743766723488033,1.624035903026809,-0.3769425194216933,-0.5001338413284184,-0.6374753000896846,-0.3444046107331854,-0.32916319131308147
2019-11-22,977.78,VNINDEX,8.322963564533865,-0.319734229873643,-0.35979314525301254,-1.0286659662394466,1.0581536700993344,-0.3692052382944183,-0.3769425194216933,-0.5001338413284184,-0.6374753000896846,-0.3444046107331854
2019-11-25,976.35,VNINDEX,7.492704483359096,-0.39457091896212876,-0.6123162919431404,-0.14635671682624557,0.021420288560157832,-0.35979314525301254,-0.3692052382944183,-0.3769425194216933,-0.5001338413284184,-0.6374753000896846
2019-11-26,976.79,VNINDEX,8.059256725192963,-0.3470454674620144,-0.4860359175120341,0.045055654734762605,0.002030012023578136,-0.6123162919431404,-0.35979314525301254,-0.3692052382944183,-0.3769425194216933,-0.5001338413284184
2019-11-27,978.17,VNINDEX,8.073821941243843,-0.35360165081348505,-0.36507267907920904,0.14117938261790408,0.019931618076372556,-0.4860359175120341,-0.6123162919431404,-0.35979314525301254,-0.3692052382944183,-0.3769425194216933
2019-11-28,970.39,VNINDEX,7.640727311326461,-0.38358851798340565,-0.361411878752968,-0.7985426512143731,0.6376703658084799,-0.36507267907920904,-0.4860359175120341,-0.6123162919431404,-0.35979314525301254,-0.3692052382944183
2019-11-29,970.75,VNINDEX,8.13947852603835,-0.36080470841048473,-0.36599829240245807,0.03709160638875334,0.0013757872644982077,-0.361411878752968,-0.36507267907920904,-0.4860359175120341,-0.6123162919431404,-0.35979314525301254
2019-12-02,959.31,VNINDEX,8.59715643194715,-0.30240966244790146,-0.5852331103378898,-1.1854692574511918,1.4053373603618802,-0.36599829240245807,-0.361411878752968,-0.36507267907920904,-0.4860359175120341,-0.6123162919431404
2019-12-03,953.43,VNINDEX,8.049641500607018,-0.34139424156024145,-0.47070185356232475,-0.6148267430568298,0.37801192397786904,-0.5852331103378898,-0.36599829240245807,-0.361411878752968,-0.36507267907920904,-0.4860359175120341
2019-12-04,965.9,VNINDEX,33.0032153649844,2.1612381440579442,0.505811413349934,1.2994300578553848,1.6885184752580487,-0.47070185356232475,-0.5852331103378898,-0.36599829240245807,-0.361411878752968,-0.36507267907920904
2019-12-05,963.27,VNINDEX,7.0057030066703785,-0.42001027403045055,0.4666112094890843,-0.2726562852746579,0.07434144989977563,0.505811413349934,-0.47070185356232475,-0.5852331103378898,-0.36599829240245807,-0.361411878752968
2019-12-06,963.56,VNINDEX,6.877876350809316,-0.44535013407278384,0.43195924531823693,0.030101254619212047,0.0009060855296506346,0.4666112094890843,0.505811413349934,-0.47070185356232475,-0.5852331103378898,-0.36599829240245807
2019-12-09,966.06,VNINDEX,8.983049042203454,-0.27090630822287787,-0.5949939820493597,0.2591185206206413,0.0671424077286297,0.43195924531823693,0.4666112094890843,0.505811413349934,-0.47070185356232475,-0.5852331103378898
2019-12-10,960.3,VNINDEX,7.008518484698088,-0.4239109118865204,-0.4928240222226443,-0.5980208440975113,0.35762892997509993,-0.5949939820493597,0.43195924531823693,0.4666112094890843,0.505811413349934,-0.47070185356232475
2019-12-11,961.78,VNINDEX,7.964554698854428,-0.35439862527910176,-0.3497386151294996,0.15399986394913034,0.023715958096350655,-0.4928240222226443,-0.5949939820493597,0.43195924531823693,0.4666112094890843,0.505811413349934
2019-12-12,968.17,VNINDEX,8.090724738300349,-0.348056458832083,-0.37545533199923464,0.6621957408511444,0.438503199201396,-0.3497386151294996,-0.4928240222226443,-0.5949939820493597,0.43195924531823693,0.4666112094890843
2019-12-13,966.18,VNINDEX,8.04915367469469,-0.35434124748911977,-0.3522654438667678,-0.20575394339702424,0.04233468522342586,-0.37545533199923464,-0.3497386151294996,-0.4928240222226443,-0.5949939820493597,0.43195924531823693
2019-12-16,961.47,VNINDEX,8.087909260272639,-0.3441558209760134,-0.598811499390571,-0.48867889639441153,0.23880706378126,-0.3522654438667678,-0.37545533199923464,-0.3497386151294996,-0.4928240222226443,-0.5949939820493597
2019-12-17,954.03,VNINDEX,8.064111797209923,-0.3492308619125047,-0.47573420547540635,-0.7768245799280525,0.6034564279803953,-0.598811499390571,-0.3522654438667678,-0.37545533199923464,-0.3497386151294996,-0.4928240222226443
2019-12-18,951.13,VNINDEX,7.526987974494194,-0.3994825481882671,-0.3642897436922613,-0.3044366079285815,0.09268164824706086,-0.47573420547540635,-0.598811499390571,-0.3522654438667678,-0.37545533199923464,-0.3497386151294996
2019-12-19,952.26,VNINDEX,7.440742311129033,-0.389588600455743,-0.3794340035188378,0.11873553320730819,0.014098126846023785,-0.3642897436922613,-0.47573420547540635,-0.598811499390571,-0.3522654438667678,-0.37545533199923464
2019-12-20,956.41,VNINDEX,8.423391466375799,-0.31890191076790275,-0.36932435313730394,0.43485846581875115,0.18910188529423796,-0.3794340035188378,-0.3642897436922613,-0.47573420547540635,-0.598811499390571,-0.3522654438667678
2019-12-23,959.43,VNINDEX,8.05644124716525,-0.3431448296059447,-0.6045267977777089,0.3152666716836466,0.09939307427448421,-0.36932435313730394,-0.3794340035188378,-0.3642897436922613,-0.47573420547540635,-0.598811499390571
2019-12-24,958.88,VNINDEX,7.748835692103307,-0.35989321206640473,-0.48776076283286085,-0.05734214126710117,0.0032881211650961865,-0.6045267977777089,-0.36932435313730394,-0.3794340035188378,-0.3642897436922613,-0.47573420547540635
2019-12-25,960.92,VNINDEX,7.510478083902039,-0.39336117124158354,-0.36546640430464394,0.2125222177119268,0.045165693021195615,-0.48776076283286085,-0.6045267977777089,-0.36932435313730394,-0.3794340035188378,-0.3642897436922613
2019-12-26,958.59,VNINDEX,6.9766575651263505,-0.43456648944453746,-0.39594029091750815,-0.24277040957005575,0.05893747176281262,-0.36546640430464394,-0.48776076283286085,-0.6045267977777089,-0.36932435313730394,-0.3794340035188378
2019-12-27,963.51,VNINDEX,8.058480841154502,-0.3414295862003651,-0.38978574896216156,0.5119411836460108,0.2620837755128786,-0.39594029091750815,-0.36546640430464394,-0.48776076283286085,-0.6045267977777089,-0.36932435313730394
2019-12-30,965.03,VNINDEX,8.845129264734362,-0.2745929291744956,-0.5621971099010291,0.1576322310909085,0.024847920278697574,-0.38978574896216156,-0.39594029091750815,-0.36546640430464394,-0.48776076283286085,-0.6045267977777089
2019-12-31,960.99,VNINDEX,7.30728469921255,-0.40712718478593674,-0.46655912064446525,-0.4195185849774781,0.17599584314150554,-0.5621971099010291,-0.38978574896216156,-0.39594029091750815,-0.36546640430464394,-0.48776076283286085
2020-01-02,966.67,VNINDEX,8.504016102575779,-0.29204556367046663,-0.4624899842267174,0.5893172487484237,0.34729481967241155,-0.46655912064446525,-0.5621971099010291,-0.38978574896216156,-0.39594029091750815,-0.36546640430464394
2020-01-03,965.14,VNINDEX,8.562097056773593,-0.29188215196011363,-0.4240749732847763,-0.1584007039934007,0.025090783025604947,-0.4624899842267174,-0.46655912064446525,-0.5621971099010291,-0.38978574896216156,-0.39594029091750815
2020-01-06,955.79,VNINDEX,8.083447094720029,-0.3303038575974374,-0.5869337428773975,-0.9734944886953286,0.9476915195201793,-0.4240749732847763,-0.4624899842267174,-0.46655912064446525,-0.5621971099010291,-0.38978574896216156
2020-01-07,958.88,VNINDEX,8.733429521891345,-0.28877171597377754,-0.44746644708708394,0.3227713060389927,0.10418131600211707,-0.5869337428773975,-0.4240749732847763,-0.4624899842267174,-0.46655912064446525,-0.5621971099010291
2020-01-08,948.98,VNINDEX,7.404419226004685,-0.38639221463518425,-0.3351559294021327,-1.0378213137619656,1.0770730792986123,-0.44746644708708394,-0.5869337428773975,-0.4240749732847763,-0.4624899842267174,-0.46655912064446525
2020-01-09,960.15,VNINDEX,8.554033600264571,-0.2974626885816394,-0.3242088730635333,1.1701798683866507,1.3693209243773992,-0.3351559294021327,-0.44746644708708394,-0.5869337428773975,-0.4240749732847763,-0.4624899842267174
2020-01-10,968.54,VNINDEX,7.686675549926994,-0.36348711058791683,-0.3491140046015797,0.8700260718964834,0.7569453657796249,-0.3242088730635333,-0.3351559294021327,-0.44746644708708394,-0.5869337428773975,-0.4240749732847763
2020-01-13,965.84,VNINDEX,6.708488560232836,-0.448025763654333,-0.6529396886415844,-0.2791593950954787,0.07792996787007359,-0.3491140046015797,-0.3242088730635333,-0.3351559294021327,-0.44746644708708394,-0.5869337428773975
2020-01-14,967.0,VNINDEX,7.464539774191748,-0.3845135595192517,-0.5250271913197571,0.12003064291622602,0.01440735523888256,-0.6529396886415844,-0.3491140046015797,-0.3242088730635333,-0.3351559294021327,-0.44746644708708394
2020-01-15,967.56,VNINDEX,7.80283745832262,-0.3631602871672108,-0.39856653678026477,0.05789430316365736,0.0033517503388054664,-0.5250271913197571,-0.6529396886415844,-0.3491140046015797,-0.3242088730635333,-0.3351559294021327
2020-01-16,974.31,VNINDEX,7.227445875941271,-0.4106503940272015,-0.38610808023788756,0.695208967281593,0.48331550818873903,-0.39856653678026477,-0.5250271913197571,-0.6529396886415844,-0.3491140046015797,-0.3242088730635333
2020-01-17,978.96,VNINDEX,7.4137364635742555,-0.4024295724642503,-0.3920800845528871,0.47612555196658884,0.2266955412354889,-0.38610808023788756,-0.39856653678026477,-0.5250271913197571,-0.6529396886415844,-0.3491140046015797
2020-01-20,978.63,VNINDEX,7.276209592569515,-0.3944496244877824,-0.6311662986513289,-0.03371492530365616,0.0011366961882311145,-0.3920800845528871,-0.38610808023788756,-0.39856653678026477,-0.5250271913197571,-0.6529396886415844
2020-01-21,986.37,VNINDEX,8.339483384016262,-0.296906587702506,-0.4879499951685906,0.7877903337950625,0.620613610020936,-0.6311662986513289,-0.3920800845528871,-0.38610808023788756,-0.39856653678026477,-0.5250271913197571
2020-01-22,991.46,VNINDEX,6.000032272399357,-0.5013878859164316,-0.3975813660355729,0.5147066468951141,0.26492293235801173,-0.4879499951685906,-0.6311662986513289,-0.3920800845528871,-0.38610808023788756,-0.39856653678026477
2020-01-30,959.58,VNINDEX,8.38221330923449,-0.3135201304968537,-0.5840513628741821,-3.2682915500443435,10.681729656091257,-0.3975813660355729,-0.4879499951685906,-0.6311662986513289,-0.3920800845528871,-0.38610808023788756
2020-01-31,936.62,VNINDEX,9.245875149167677,-0.2682086454914703,-0.4313544567012516,-2.4218038376369773,5.865133827993191,-0.5840513628741821,-0.3975813660355729,-0.4879499951685906,-0.6311662986513289,-0.3920800845528871
2020-02-03,928.14,VNINDEX,8.947406921669588,-0.274606240664761,-0.5400653393254624,-0.9095066877836079,0.8272024151231092,-0.4313544567012516,-0.5840513628741821,-0.3975813660355729,-0.4879499951685906,-0.6311662986513289
2020-02-04,929.09,VNINDEX,9.572816001739728,-0.2325332587159431,-0.3917099224208681,0.10230290086364212,0.010465883525116187,-0.5400653393254624,-0.4313544567012516,-0.5840513628741821,-0.3975813660355729,-0.4879499951685906
2020-02-05,925.91,VNINDEX,9.989017763490848,-0.1791425644096038,-0.22876068793010224,-0.34285747871779576,0.11755125071272378,-0.3917099224208681,-0.5400653393254624,-0.4313544567012516,-0.5840513628741821,-0.3975813660355729
2020-02-06,938.54,VNINDEX,10.08983857179713,-0.16664367637577787,-0.19277316650044116,1.3548438624267851,1.8356018915555294,-0.22876068793010224,-0.3917099224208681,-0.5400653393254624,-0.4313544567012516,-0.5840513628741821
2020-02-07,940.75,VNINDEX,8.768881803529254,-0.2876326575334796,-0.21113963277295333,0.23519531511918224,0.05531683625401143,-0.19277316650044116,-0.22876068793010224,-0.3917099224208681,-0.5400653393254624,-0.4313544567012516
2020-02-10,930.73,VNINDEX,9.169244710388458,-0.2639659236607193,-0.5550888764650957,-1.070820499886545,1.14665654297727,-0.21113963277295333,-0.19277316650044116,-0.22876068793010224,-0.3917099224208681,-0.5400653393254624
2020-02-11,934.67,VNINDEX,9.33620992940158,-0.24572308729501466,-0.41455611873459597,0.4224301339139264,0.1784472180385378,-0.5550888764650957,-0.21113963277295333,-0.19277316650044116,-0.22876068793010224,-0.3917099224208681
2020-02-12,937.68,VNINDEX,10.455917987521241,-0.13806531327687915,-0.2159181080775373,0.3215213601104295,0.10337598500726047,-0.41455611873459597,-0.5550888764650957,-0.21113963277295333,-0.19277316650044116,-0.22876068793010224
2020-02-13,938.24,VNINDEX,8.789470882099906,-0.29032354766900414,-0.22470398274696557,0.05970404032525485,0.0035645724311596572,-0.2159181080775373,-0.41455611873459597,-0.5550888764650957,-0.21113963277295333,-0.19277316650044116
2020-02-14,937.45,VNINDEX,9.26364874971062,-0.2669988977709251,-0.23179591957226903,-0.08423567292174416,0.0070956485925790635,-0.22470398274696557,-0.2159181080775373,-0.41455611873459597,-0.5550888764650957,-0.21113963277295333
2020-02-17,934.77,VNINDEX,9.653142650923336,-0.2160630435458,-0.536098449352567,-0.28629133654172556,0.08196272937884756,-0.23179591957226903,-0.22470398274696557,-0.2159181080775373,-0.41455611873459597,-0.5550888764650957
2020-02-18,927.93,VNINDEX,9.74172589529412,-0.21385561594545147,-0.38466576147029946,-0.7344210816888357,0.5393743252289994,-0.536098449352567,-0.23179591957226903,-0.22470398274696557,-0.2159181080775373,-0.41455611873459597
2020-02-19,928.76,VNINDEX,8.971682281754392,-0.285533212917212,-0.23848395746948742,0.08940642275108002,0.00799350842914484,-0.38466576147029946,-0.536098449352567,-0.23179591957226903,-0.22470398274696557,-0.2159181080775373
2020-02-20,938.13,VNINDEX,9.234613237056836,-0.2526060940671912,-0.25066497430995116,1.0038169019504697,1.007648372641439,-0.23848395746948742,-0.38466576147029946,-0.536098449352567,-0.23179591957226903,-0.22470398274696557
2020-02-21,933.09,VNINDEX,8.108403419395314,-0.34812714811233036,-0.2954221516989108,-0.538687293607596,0.2901840002942764,-0.25066497430995116,-0.23848395746948742,-0.38466576147029946,-0.536098449352567,-0.23179591957226903
2020-02-24,903.34,VNINDEX,10.466404015593621,-0.14805198343950898,-0.5226885588615641,-3.2402653965388697,10.499319840007198,-0.2954221516989108,-0.25066497430995116,-0.23848395746948742,-0.38466576147029946,-0.536098449352567
2020-02-25,909.67,VNINDEX,9.87488552019423,-0.20670316354255092,-0.35916531903697735,0.6982891127224274,0.487607684946675,-0.5226885588615641,-0.2954221516989108,-0.25066497430995116,-0.23848395746948742,-0.38466576147029946
2020-02-26,895.97,VNINDEX,8.761594231058691,-0.2988290754166546,-0.21786140746623772,-1.517496610789538,2.3027959637577347,-0.35916531903697735,-0.5226885588615641,-0.2954221516989108,-0.25066497430995116,-0.23848395746948742
2020-02-27,898.44,VNINDEX,9.62245052185441,-0.22066793343738078,-0.24206672413219504,0.27529957590603693,0.0757898564940438,-0.21786140746623772,-0.35916531903697735,-0.5226885588615641,-0.2954221516989108,-0.25066497430995116
2020-02-28,882.19,VNINDEX,9.324460191378408,-0.24306754179961376,-0.254188183551216,-1.8252473722118159,3.3315279697661393,-0.24206672413219504,-0.21786140746623772,-0.35916531903697735,-0.5226885588615641,-0.2954221516989108
2020-03-02,884.43,VNINDEX,10.292161153000182,-0.14854221857056793,-0.4896091601599949,0.25359174020788017,0.06430877070166098,-0.254188183551216,-0.24206672413219504,-0.21786140746623772,-0.35916531903697735,-0.5226885588615641
2020-03-03,890.61,VNINDEX,9.37127923346538,-0.22730157866498168,-0.3480418479660107,0.6963251499367523,0.4848687144344406,-0.4896091601599949,-0.254188183551216,-0.24206672413219504,-0.21786140746623772,-0.35916531903697735
2020-03-04,889.37,VNINDEX,10.46038015307385,-0.15191727665545507,-0.17592035796366784,-0.13932743071181256,0.019412132948754927,-0.3480418479660107,-0.4896091601599949,-0.254188183551216,-0.24206672413219504,-0.21786140746623772
2020-03-05,893.31,VNINDEX,9.729295192680466,-0.20430375218760866,-0.19450753583601477,0.44203181898856503,0.19539212899833952,-0.17592035796366784,-0.3480418479660107,-0.4896091601599949,-0.254188183551216,-0.24206672413219504
2020-03-06,891.44,VNINDEX,8.63260871358506,-0.3012706040076034,-0.21916387761688863,-0.20955323538914003,0.04391255846205633,-0.19450753583601477,-0.17592035796366784,-0.3480418479660107,-0.4896091601599949,-0.254188183551216
2020-03-09,835.49,VNINDEX,11.728792003751359,-0.04017341992103854,-0.47963710086343714,-6.481975365588736,42.01600464009923,-0.21916387761688863,-0.19450753583601477,-0.17592035796366784,-0.3480418479660107,-0.4896091601599949
2020-03-10,837.5,VNINDEX,11.185644318515857,-0.09429039941274703,-0.28162305104639496,0.24028846163103157,0.05773854479300773,-0.47963710086343714,-0.21916387761688863,-0.19450753583601477,-0.17592035796366784,-0.3480418479660107
2020-03-11,811.35,VNINDEX,10.841715678329566,-0.10784239605264824,-0.08076873846214419,-3.172173671367578,10.062685801317658,-0.28162305104639496,-0.47963710086343714,-0.21916387761688863,-0.19450753583601477,-0.17592035796366784
2020-03-12,769.25,VNINDEX,12.09691101346472,-0.009879813416560218,-0.0706708696273181,-5.328351278339446,28.39132734538161,-0.08076873846214419,-0.28162305104639496,-0.47963710086343714,-0.21916387761688863,-0.19450753583601477
2020-03-13,761.78,VNINDEX,11.511809287049447,-0.052999131375570385,-0.0569071136149259,-0.9758214112151011,0.9522274265858315,-0.0706708696273181,-0.08076873846214419,-0.28162305104639496,-0.47963710086343714,-0.21916387761688863
2020-03-16,747.86,VNINDEX,10.98964358684895,-0.09814043207471779,-0.43535676921477084,-1.8442005408623654,3.4010756349170412,-0.0569071136149259,-0.0706708696273181,-0.08076873846214419,-0.28162305104639496,-0.47963710086343714
2020-03-17,745.78,VNINDEX,12.179958221228059,0.001409326896720492,-0.23766284812305188,-0.27851441372102714,0.07757027865036747,-0.43535676921477084,-0.0569071136149259,-0.0706708696273181,-0.08076873846214419,-0.28162305104639496
2020-03-18,747.66,VNINDEX,11.200995347495443,-0.07751344490804635,-0.058081516695347474,0.25176786386648947,0.06338705727589518,-0.23766284812305188,-0.43535676921477084,-0.0569071136149259,-0.0706708696273181,-0.08076873846214419
2020-03-19,725.94,VNINDEX,11.239656013625412,-0.06860845539573249,-0.04823752446901905,-2.948096240138959,8.691271441121467,-0.058081516695347474,-0.23766284812305188,-0.43535676921477084,-0.0569071136149259,-0.0706708696273181
2020-03-20,709.73,VNINDEX,11.560275016661318,-0.04718449376344444,-0.064435464689074,-2.2582750761639763,5.099806319623413,-0.04823752446901905,-0.058081516695347474,-0.23766284812305188,-0.43535676921477084,-0.0569071136149259
2020-03-23,666.59,VNINDEX,12.322255173692023,0.018912566586790414,-0.4223332595659167,-6.270945175883598,39.324753398937766,-0.064435464689074,-0.04823752446901905,-0.058081516695347474,-0.23766284812305188,-0.43535676921477084
2020-03-24,659.21,VNINDEX,12.93474572523618,0.05759040636457291,-0.20373200438574846,-1.113301587785287,1.2394404253652411,-0.4223332595659167,-0.064435464689074,-0.04823752446901905,-0.058081516695347474,-0.23766284812305188
2020-03-25,690.25,VNINDEX,12.452504401116446,0.02868521984496819,0.03506273093211093,4.6011702427150905,21.170767602446844,-0.20373200438574846,-0.4223332595659167,-0.064435464689074,-0.04823752446901905,-0.058081516695347474
2020-03-26,694.21,VNINDEX,11.550171966163045,-0.05448027379054962,0.0105984508063309,0.5720657584255002,0.32725923196294276,0.03506273093211093,-0.20373200438574846,-0.4223332595659167,-0.064435464689074,-0.04823752446901905
2020-03-27,696.06,VNINDEX,11.907412041339672,-0.025866566051527318,-0.017220539999035833,0.26613551208514596,0.07082811079282288,0.0105984508063309,0.03506273093211093,-0.20373200438574846,-0.4223332595659167,-0.064435464689074
2020-03-30,662.26,VNINDEX,11.838069175031016,-0.010427426337601214,-0.37984241751084524,-4.977763543944564,24.77812989942355,-0.017220539999035833,0.0105984508063309,0.03506273093211093,-0.20373200438574846,-0.4223332595659167
2020-03-31,662.53,VNINDEX,11.180406268924788,-0.07482255477252181,-0.2212633222331562,0.04076117780754718,0.0016614736162584764,-0.37984241751084524,-0.017220539999035833,0.0105984508063309,0.03506273093211093,-0.20373200438574846
2020-04-01,680.23,VNINDEX,11.469462339405329,-0.05366803877095769,-0.0463060066270265,2.636513642160784,6.951204185299923,-0.2212633222331562,-0.37984241751084524,-0.017220539999035833,0.0105984508063309,0.03506273093211093
2020-04-03,701.8,VNINDEX,12.39121506242657,0.020755877062599293,-0.1250698038848621,3.1217486873506552,9.745314866975539,-0.0463060066270265,-0.2212633222331562,-0.37984241751084524,-0.017220539999035833,0.0105984508063309
2020-04-06,736.75,VNINDEX,14.156050475700587,0.17213118715488498,-0.24602925484216875,4.860015846868941,23.61975403181723,-0.1250698038848621,-0.0463060066270265,-0.2212633222331562,-0.37984241751084524,-0.017220539999035833
2020-04-07,746.69,VNINDEX,15.101217684210436,0.2689125941146684,0.0036322456187954932,1.3401484074900734,1.7959977540981797,-0.24602925484216875,-0.1250698038848621,-0.0463060066270265,-0.2212633222331562,-0.37984241751084524
2020-04-08,748.02,VNINDEX,14.570500701588587,0.205243750865117,0.21542917737822384,0.17796098922337472,0.03167011368536209,0.0036322456187954932,-0.24602925484216875,-0.1250698038848621,-0.0463060066270265,-0.2212633222331562
2020-04-09,760.33,VNINDEX,14.187125582343622,0.15945362685673065,0.21120332394550567,1.6322833979643074,2.6643490912699055,0.21542917737822384,0.0036322456187954932,-0.24602925484216875,-0.1250698038848621,-0.0463060066270265
2020-04-10,757.94,VNINDEX,13.341227414063136,0.08640287045407191,0.15036674939197356,-0.31483227280086984,0.09911935999696132,0.21120332394550567,0.21542917737822384,0.0036322456187954932,-0.24602925484216875,-0.1250698038848621
2020-04-13,765.79,VNINDEX,13.787931465987228,0.14183758065040666,-0.2965730695864169,1.0303753881612316,1.0616734405284087,0.15036674939197356,0.21120332394550567,0.21542917737822384,0.0036322456187954932,-0.24602925484216875
2020-04-14,767.41,VNINDEX,13.547246205670579,0.12521726526017596,-0.07629417317275382,0.21132280235767043,0.04465732679629904,-0.2965730695864169,0.15036674939197356,0.21120332394550567,0.21542917737822384,0.0036322456187954932
2020-04-15,777.22,VNINDEX,14.123413672090388,0.16709149085851724,0.14471544558970034,1.2702241832380616,1.6134694756828007,-0.07629417317275382,-0.2965730695864169,0.15036674939197356,0.21120332394550567,0.21542917737822384
2020-04-16,780.7,VNINDEX,13.684783005565562,0.14618633640152878,0.1461650308400744,0.44675025521028366,0.19958579053045358,0.14471544558970034,-0.07629417317275382,-0.2965730695864169,0.15036674939197356,0.21120332394550567
2020-04-17,789.6,VNINDEX,15.097616393254022,0.2494800941145668,0.18758597379153802,1.133553499302658,1.2849435357813008,0.1461650308400744,0.14471544558970034,-0.07629417317275382,-0.2965730695864169,0.15036674939197356
2020-04-20,794.97,VNINDEX,17.461640851972103,0.4534205520033343,-0.16556482504482567,0.6777889973988315,0.45939792499491316,0.18758597379153802,0.1461650308400744,0.14471544558970034,-0.07629417317275382,-0.2965730695864169
2020-04-21,766.84,VNINDEX,15.407261542305218,0.26794371998060645,0.0784447998264623,-3.6026203441411595,12.978873344019766,-0.16556482504482567,0.18758597379153802,0.1461650308400744,0.14471544558970034,-0.07629417317275382
2020-04-22,768.92,VNINDEX,15.038654706679528,0.2247031075472499,0.315355793177064,0.2708758232810716,0.07337371163819835,0.0784447998264623,-0.16556482504482567,0.18758597379153802,0.1461650308400744,0.14471544558970034
2020-04-23,773.91,VNINDEX,14.575450693053526,0.20433879341541936,0.2323285403144256,0.646865487436497,0.4184349588364568,0.315355793177064,0.0784447998264623,-0.16556482504482567,0.18758597379153802,0.1461650308400744
2020-04-24,776.66,VNINDEX,13.512176901606779,0.10679575663014304,0.1786125525309378,0.3547086404784769,0.12581821963008938,0.2323285403144256,0.315355793177064,0.0784447998264623,-0.16556482504482567,0.18758597379153802
2020-04-27,770.77,VNINDEX,14.29804944114818,0.1792482949176619,-0.32468411095976907,-0.7612658982996248,0.5795257679139346,0.1786125525309378,0.2323285403144256,0.315355793177064,0.0784447998264623,-0.16556482504482567
2020-04-28,767.21,VNINDEX,13.976261647609464,0.15177364561893752,-0.08242063697076248,-0.4629457285687079,0.2143187476000118,-0.32468411095976907,0.1786125525309378,0.2323285403144256,0.315355793177064,0.0784447998264623
2020-04-29,769.11,VNINDEX,12.196085134246102,0.012570400139771787,0.11453078022545743,0.24734442937300447,0.0611792667418572,-0.08242063697076248,-0.32468411095976907,0.1786125525309378,0.2323285403144256,0.315355793177064
2020-05-04,762.47,VNINDEX,13.7996812040104,0.1391820351550059,-0.37760538180960124,-0.8670838743590035,0.7518344451734201,0.11453078022545743,-0.08242063697076248,-0.32468411095976907,0.1786125525309378,0.2323285403144256
2020-05-05,764.16,VNINDEX,12.218320900341656,-7.181551825882759e-05,-0.16159502785206598,0.22140278788619533,0.0490191944837796,-0.37760538180960124,0.11453078022545743,-0.08242063697076248,-0.32468411095976907,0.1786125525309378
2020-05-06,782.59,VNINDEX,13.225936309153948,0.08174060277250919,0.07361694080308587,2.3831740450791252,5.6795185291388,-0.16159502785206598,-0.37760538180960124,0.11453078022545743,-0.08242063697076248,-0.32468411095976907
2020-05-07,796.54,VNINDEX,12.344490939787576,0.006270350928759882,0.029313046061003822,1.7668416025453122,3.121729248484887,0.07361694080308587,-0.16159502785206598,-0.37760538180960124,0.11453078022545743,-0.08242063697076248
2020-05-08,813.73,VNINDEX,13.72547333679454,0.12785755020160153,0.07195616796762391,2.1351267847408444,4.558766386917776,0.029313046061003822,0.07361694080308587,-0.16159502785206598,-0.37760538180960124,0.11453078022545743
2020-05-11,828.33,VNINDEX,12.537974180443145,0.024407153374093493,-0.3748342004785823,1.7783010061872457,3.1623544686065705,0.07195616796762391,0.029313046061003822,0.07361694080308587,-0.16159502785206598,-0.37760538180960124
2020-05-12,835.32,VNINDEX,14.817399663320964,0.22829023347287897,-0.10391658725910469,0.8403259258922137,0.7061476617266061,-0.3748342004785823,0.07195616796762391,0.029313046061003822,0.07361694080308587,-0.16159502785206598
2020-05-13,834.21,VNINDEX,14.071834477434434,0.15479135917516795,0.13582958200738052,-0.1329715744614788,0.017681439614764604,-0.10391658725910469,-0.3748342004785823,0.07195616796762391,0.029313046061003822,0.07361694080308587
2020-05-14,832.4,VNINDEX,14.17751035775768,0.16510485275850365,0.18272881513551728,-0.2172074704481382,0.047179085218478835,0.13582958200738052,-0.10391658725910469,-0.3748342004785823,0.07195616796762391,0.029313046061003822
2020-05-15,827.03,VNINDEX,13.315007379437063,0.09689503630173596,0.1389304160784696,-0.647212445845106,0.41888395005680423,0.18272881513551728,0.13582958200738052,-0.10391658725910469,-0.3748342004785823,0.07195616796762391
2020-05-18,837.01,VNINDEX,11.758613329333846,-0.03123308576860101,-0.43309334110074726,1.1995047788379243,1.4388117144550177,0.1389304160784696,0.18272881513551728,0.13582958200738052,-0.10391658725910469,-0.3748342004785823
2020-05-19,845.92,VNINDEX,12.044948841234657,-0.004897494910174521,-0.22536336612760596,1.0588774637732425,1.1212214832868546,-0.43309334110074726,0.1389304160784696,0.18272881513551728,0.13582958200738052,-0.10391658725910469
2020-05-20,852.91,VNINDEX,12.77234752011389,0.05572506273890568,0.006531494020043799,0.8229239473141196,0.6772038230630518,-0.22536336612760596,-0.43309334110074726,0.1389304160784696,0.18272881513551728,0.13582958200738052
2020-05-21,862.73,VNINDEX,13.279948004263503,0.10742254678952362,0.052750038206085315,1.1447748062664542,1.3105093570623978,0.006531494020043799,-0.22536336612760596,-0.43309334110074726,0.1389304160784696,0.18272881513551728
2020-05-22,852.74,VNINDEX,11.586410060729657,-0.03000807749408041,0.044379844011450065,-1.1647085559293806,1.3565460202551032,0.052750038206085315,0.006531494020043799,-0.22536336612760596,-0.43309334110074726,0.1389304160784696
2020-05-25,859.04,VNINDEX,11.956175757967916,-0.009665796512108221,-0.37897410407707766,0.7360792210607395,0.541812619677385,0.044379844011450065,0.052750038206085315,0.006531494020043799,-0.22536336612760596,-0.43309334110074726
2020-05-26,869.13,VNINDEX,12.902989654002662,0.07716428492516908,-0.1762360495255692,1.16772246407866,1.3635757531139376,-0.37897410407707766,0.044379844011450065,0.052750038206085315,0.006531494020043799,-0.22536336612760596
2020-05-27,857.48,VNINDEX,12.001731090104096,-0.0012309580447050772,0.02208917678945238,-1.3494856162110933,1.8211114283606342,-0.1762360495255692,-0.37897410407707766,0.044379844011450065,0.052750038206085315,0.006531494020043799
2020-05-28,861.39,VNINDEX,11.98443538658324,-0.01844271895419272,0.019163535975424167,0.4549508391099572,0.20698026600685418,0.02208917678945238,-0.1762360495255692,-0.37897410407707766,0.044379844011450065,0.052750038206085315
2020-05-29,864.47,VNINDEX,11.69858770059476,-0.03183130388374095,-0.017168326960879166,0.3569238837212337,0.12739465877064873,0.019163535975424167,0.02208917678945238,-0.1762360495255692,-0.37897410407707766,0.044379844011450065
2020-06-01,878.67,VNINDEX,12.612574954123353,0.04739820725558341,-0.36589612385810577,1.6292798192552689,2.6545527294324818,-0.017168326960879166,0.019163535975424167,0.02208917678945238,-0.1762360495255692,-0.37897410407707766
2020-06-02,874.8,VNINDEX,12.989628223832174,0.0789369061207306,-0.16448184501870305,-0.4414111771186761,0.19484382728529526,-0.36589612385810577,-0.017168326960879166,0.019163535975424167,0.02208917678945238,-0.1762360495255692
2020-06-03,881.17,VNINDEX,13.64126726741863,0.13946674133970519,0.08860061823867352,0.7255281061255257,0.526391032778092,-0.16448184501870305,-0.36589612385810577,-0.017168326960879166,0.019163535975424167,0.02208917678945238
2020-06-04,883.9,VNINDEX,14.265029659963872,0.19149104881102913,0.13663156542382202,0.3093364203034291,0.09568902092613975,0.08860061823867352,-0.16448184501870305,-0.36589612385810577,-0.017168326960879166,0.019163535975424167
2020-06-05,886.22,VNINDEX,13.8900159842443,0.16166759335146152,0.16420846116739904,0.26212927128411484,0.06871175486394107,0.13663156542382202,0.08860061823867352,-0.16448184501870305,-0.36589612385810577,-0.017168326960879166
2020-06-08,899.92,VNINDEX,15.19960599206312,0.26802966981482923,-0.261975575985687,1.5340643704827006,2.3533534927844846,0.16420846116739904,0.13663156542382202,0.08860061823867352,-0.16448184501870305,-0.36589612385810577
2020-06-09,899.43,VNINDEX,15.024577316540977,0.2442062968275988,-0.01333459090953823,-0.054464113386781504,0.0029663396470081924,-0.261975575985687,0.16420846116739904,0.13663156542382202,0.08860061823867352,-0.16448184501870305
2020-06-10,900.0,VNINDEX,15.147643819833055,0.27301198832121487,0.26174931832121473,0.06335339736081447,0.004013652957157253,-0.01333459090953823,-0.261975575985687,0.16420846116739904,0.13663156542382202,0.08860061823867352
2020-06-11,867.37,VNINDEX,16.689079747421037,0.3960297248149367,0.3044160033212506,-3.692911864059595,13.637598035712113,0.26174931832121473,-0.01333459090953823,-0.261975575985687,0.16420846116739904,0.13663156542382202
2020-06-12,863.52,VNINDEX,16.341847803294705,0.373431360102227,0.34749102441279334,-0.44485858133822354,0.19789915739025685,0.3044160033212506,0.26174931832121473,-0.01333459090953823,-0.261975575985687,0.16420846116739904
2020-06-15,832.47,VNINDEX,14.283877131561647,0.1974710471972181,-0.3160094349625371,-3.6619873701083336,13.410151498832949,0.34749102441279334,0.3044160033212506,0.26174931832121473,-0.01333459090953823,-0.261975575985687
2020-06-16,856.13,VNINDEX,12.638019104710969,0.042521922669568724,-0.12459586536443294,2.802504860041809,7.854033490557961,-0.3160094349625371,0.34749102441279334,0.3044160033212506,0.26174931832121473,-0.01333459090953823
2020-06-17,854.44,VNINDEX,12.822663004819054,0.06069406975502603,0.10022901320727143,-0.19759501801933352,0.03904379114606074,-0.12459586536443294,-0.3160094349625371,0.34749102441279334,0.3044160033212506,0.26174931832121473
2020-06-18,855.27,VNINDEX,12.97835638283109,0.06559043842718909,0.05626881028392838,0.09709249699692993,0.009426952973098847,0.10022901320727143,-0.12459586536443294,-0.3160094349625371,0.34749102441279334,0.3044160033212506
2020-06-19,868.56,VNINDEX,12.02232016867475,-0.003921848180229615,0.040787553333995585,1.5419459364153394,2.3775972708277777,0.05626881028392838,0.10022901320727143,-0.12459586536443294,-0.3160094349625371,0.34749102441279334
2020-06-22,871.28,VNINDEX,13.65012671065973,0.1349151786267874,-0.3693588683497398,0.312672684383437,0.0977642075595444,0.040787553333995585,0.05626881028392838,0.10022901320727143,-0.12459586536443294,-0.3160094349625371
2020-06-23,868.2,VNINDEX,11.611812709162777,-0.03636902960851526,-0.1786940645362734,-0.35412919019377725,0.12540748334730045,-0.3693588683497398,0.040787553333995585,0.05626881028392838,0.10022901320727143,-0.12459586536443294
2020-06-24,859.71,VNINDEX,12.882606581439097,0.05761932810199588,0.052055159040089755,-0.9826979788106701,0.9656953175585763,-0.1786940645362734,-0.3693588683497398,0.040787553333995585,0.05626881028392838,0.10022901320727143
2020-06-25,854.59,VNINDEX,11.816334896585367,-0.020391297937563446,0.00028633351863946443,-0.5973301316686539,0.3568032861992914,0.052055159040089755,-0.1786940645362734,-0.3693588683497398,0.040787553333995585,0.05626881028392838
2020-06-26,851.98,VNINDEX,11.012945742774843,-0.09598446618413978,-0.01958547867323529,-0.30587693853108183,0.09356070152514721,0.00028633351863946443,0.052055159040089755,-0.1786940645362734,-0.3693588683497398,0.040787553333995585
2020-06-29,829.36,VNINDEX,11.952148143069985,-0.011250363119783169,-0.40909414483116524,-2.6908733360532504,7.240799310682349,-0.01958547867323529,0.00028633351863946443,0.052055159040089755,-0.1786940645362734,-0.3693588683497398
2020-06-30,825.11,VNINDEX,10.019295957522829,-0.16606891529132936,-0.2698987459074655,-0.5137608234941227,0.26395018375735907,-0.40909414483116524,-0.01958547867323529,0.00028633351863946443,0.052055159040089755,-0.1786940645362734
2020-07-01,843.49,VNINDEX,11.02949852494006,-0.07911834928085634,-0.08547920923065583,2.2031335771279714,4.853797558668691,-0.2698987459074655,-0.40909414483116524,-0.01958547867323529,0.00028633351863946443,0.052055159040089755
2020-07-02,842.38,VNINDEX,26.463979830424297,1.4608801902085649,0.4052309752121268,-0.13168277036761156,0.017340352011689115,-0.08547920923065583,-0.2698987459074655,-0.40909414483116524,-0.01958547867323529,0.00028633351863946443
2020-07-03,847.61,VNINDEX,10.608732371191945,-0.11316489776266418,0.4228656477216818,0.6189405494961872,0.3830874038106421,0.4052309752121268,-0.08547920923065583,-0.2698987459074655,-0.40909414483116524,-0.01958547867323529
2020-07-06,861.16,VNINDEX,10.457988075021738,-0.13346223549747438,-0.47638997080041384,1.5859693250647233,2.515298700046254,0.4228656477216818,0.4052309752121268,-0.08547920923065583,-0.2698987459074655,-0.40909414483116524
2020-07-07,863.42,VNINDEX,9.797534397142233,-0.18975977106994646,-0.32525295594315506,0.26209294943842143,0.06869271414533093,-0.47638997080041384,0.4228656477216818,0.4052309752121268,-0.08547920923065583,-0.2698987459074655
2020-07-08,864.5,VNINDEX,10.7031760961199,-0.10676626453673943,-0.1433294237013863,0.12500580358327354,0.015626450929499963,-0.32525295594315506,-0.47638997080041384,0.4228656477216818,0.4052309752121268,-0.08547920923065583
2020-07-09,876.46,VNINDEX,12.079448881434324,0.004864804335218714,-0.09722041042382196,1.373976214410633,1.8878106377661734,-0.1433294237013863,-0.32525295594315506,-0.47638997080041384,0.4228656477216818,0.4052309752121268
2020-07-10,871.21,VNINDEX,11.581478375716259,-0.027867253264848457,-0.043256237822122595,-0.6008017294007928,0.36096271805098346,-0.09722041042382196,-0.1433294237013863,-0.32525295594315506,-0.47638997080041384,0.4228656477216818
2020-07-13,868.72,VNINDEX,11.123942249868016,-0.07271971605493172,-0.47336819820803855,-0.28621860647984426,0.08192109069526395,-0.043256237822122595,-0.09722041042382196,-0.1433294237013863,-0.32525295594315506,-0.47638997080041384
2020-07-14,868.11,VNINDEX,9.642190551515492,-0.20199349608833683,-0.317164137546517,-0.07024291670244599,0.0049340673468667665,-0.47336819820803855,-0.043256237822122595,-0.09722041042382196,-0.1433294237013863,-0.32525295594315506
2020-07-15,869.91,VNINDEX,10.015382998859085,-0.16715829537052754,-0.14729050250459821,0.20713232800048578,0.04290380130290083,-0.317164137546517,-0.47336819820803855,-0.043256237822122595,-0.09722041042382196,-0.1433294237013863
2020-07-16,876.83,VNINDEX,10.765680852210012,-0.09639851385571088,-0.155183435104858,0.7923372915262026,0.6277983835430785,-0.14729050250459821,-0.317164137546517,-0.47336819820803855,-0.043256237822122595,-0.09722041042382196
2020-07-17,872.02,VNINDEX,10.176244438540897,-0.14930253138437607,-0.1376197802035377,-0.550077151111209,0.3025848721746239,-0.155183435104858,-0.14729050250459821,-0.317164137546517,-0.47336819820803855,-0.043256237822122595
2020-07-20,861.4,VNINDEX,10.489240453066794,-0.12827836015696015,-0.4555164535478331,-1.2253386805765,1.5014548821169582,-0.1376197802035377,-0.155183435104858,-0.14729050250459821,-0.317164137546517,-0.47336819820803855
2020-07-21,861.69,VNINDEX,10.504858093545172,-0.12627495003554823,-0.29115657620738455,0.03366045914469522,0.0011330265098316958,-0.4555164535478331,-0.1376197802035377,-0.155183435104858,-0.14729050250459821,-0.317164137546517
2020-07-22,855.08,VNINDEX,10.444644563639175,-0.14126303462363202,-0.1319387816053797,-0.7700545400377214,0.5929839946327068,-0.29115657620738455,-0.4555164535478331,-0.1376197802035377,-0.155183435104858,-0.14729050250459821
2020-07-23,856.75,VNINDEX,10.897349686225134,-0.11118560359692807,-0.12624119608536905,0.19511289436380883,0.03806904154702282,-0.1319387816053797,-0.29115657620738455,-0.4555164535478331,-0.1376197802035377,-0.155183435104858
2020-07-24,829.16,VNINDEX,10.482118223620395,-0.1384330580132842,-0.13029389874461428,-3.27330206234077,10.714506391324338,-0.12624119608536905,-0.1319387816053797,-0.29115657620738455,-0.4555164535478331,-0.1376197802035377
2020-07-27,785.17,VNINDEX,11.0513374473546,-0.07946883788961101,-0.4894667787411879,-5.451288528519017,29.71654662116303,-0.13029389874461428,-0.12624119608536905,-0.1319387816053797,-0.29115657620738455,-0.4555164535478331
2020-07-28,813.36,VNINDEX,11.786687153931638,-0.02104251438951485,-0.2710717111908053,3.527356112078543,12.442241141417854,-0.4894667787411879,-0.13029389874461428,-0.12624119608536905,-0.1319387816053797,-0.29115657620738455
2020-07-29,790.84,VNINDEX,10.94448535273092,-0.0788055634598217,-0.05977230524631544,-2.8078144260225835,7.88382185098053,-0.2710717111908053,-0.4894667787411879,-0.13029389874461428,-0.12624119608536905,-0.1319387816053797
2020-07-30,801.13,VNINDEX,10.668027856499402,-0.11186246485876145,-0.0705701809026989,1.2927559321514543,1.6712179001127756,-0.05977230524631544,-0.2710717111908053,-0.4894667787411879,-0.13029389874461428,-0.12624119608536905
2020-07-31,798.39,VNINDEX,11.32290487843447,-0.14238705978213773,-0.11101836270023982,-0.3426031159479446,0.11737689505724079,-0.0705701809026989,-0.05977230524631544,-0.2710717111908053,-0.4894667787411879,-0.13029389874461428
2020-08-03,814.65,VNINDEX,9.771113022359458,-0.18016861464708145,-0.5232171988122184,2.0161373280249104,4.064809725455425,-0.11101836270023982,-0.0705701809026989,-0.05977230524631544,-0.2710717111908053,-0.4894667787411879
2020-08-04,827.57,VNINDEX,10.375249031908414,-0.13894683868118546,-0.3536024285230208,1.5735122669555506,2.475940854259596,-0.5232171988122184,-0.11101836270023982,-0.0705701809026989,-0.05977230524631544,-0.2710717111908053
2020-08-05,837.8,VNINDEX,10.608732371191945,-0.11316489776266418,-0.1440934503636432,1.2285712694414939,1.5093873640970836,-0.3536024285230208,-0.5232171988122184,-0.11101836270023982,-0.0705701809026989,-0.05977230524631544
2020-08-06,840.04,VNINDEX,10.716502510414163,-0.10014252050827235,-0.11741808565070683,0.2670101238293057,0.07129440622734118,-0.1440934503636432,-0.3536024285230208,-0.5232171988122184,-0.11101836270023982,-0.0705701809026989
2020-08-07,841.46,VNINDEX,10.319866505264702,-0.1391598915058899,-0.11748910325894169,0.16889685846679459,0.028526148799952442,-0.11741808565070683,-0.1440934503636432,-0.3536024285230208,-0.5232171988122184,-0.11101836270023982
2020-08-10,843.2,VNINDEX,10.199001405553973,-0.13596736830894965,-0.4796459825717657,0.206569945120257,0.04267114222698599,-0.11748910325894169,-0.11741808565070683,-0.1440934503636432,-0.3536024285230208,-0.5232171988122184
2020-08-11,843.08,VNINDEX,9.689060570038924,-0.19480621062641068,-0.3476797322004678,-0.014232511825147526,0.00020256439285296418,-0.4796459825717657,-0.11748910325894169,-0.11741808565070683,-0.1440934503636432,-0.3536024285230208
2020-08-12,846.92,VNINDEX,9.67021656168959,-0.20705199362263887,-0.17927519085266594,0.4544386518888968,0.20651448833059793,-0.3476797322004678,-0.4796459825717657,-0.11748910325894169,-0.11741808565070683,-0.1440934503636432
2020-08-13,855.05,VNINDEX,12.408980581037138,0.041578037368227544,-0.12009338896027352,0.9553707571327169,0.9127332835843408,-0.17927519085266594,-0.3476797322004678,-0.4796459825717657,-0.11748910325894169,-0.11741808565070683
2020-08-14,850.74,VNINDEX,11.808508979257876,-0.022570058095959855,-0.06268133811678991,-0.5053387781541132,0.25536728070629205,-0.12009338896027352,-0.17927519085266594,-0.3476797322004678,-0.4796459825717657,-0.11748910325894169
2020-08-17,850.15,VNINDEX,10.076283119557868,-0.16132320357806193,-0.435047855590389,-0.06937544740268461,0.00481295270232266,-0.06268133811678991,-0.12009338896027352,-0.17927519085266594,-0.3476797322004678,-0.4796459825717657
2020-08-18,846.43,VNINDEX,10.200374587139553,-0.1542733539001859,-0.30838231009585676,-0.43852997931874504,0.19230854276129897,-0.435047855590389,-0.06268133811678991,-0.12009338896027352,-0.17927519085266594,-0.3476797322004678
2020-08-19,851.21,VNINDEX,10.280118716187669,-0.136192479111492,-0.15059634552991275,0.563136192836467,0.3171223716823505,-0.30838231009585676,-0.435047855590389,-0.06268133811678991,-0.12009338896027352,-0.17927519085266594
2020-08-20,848.21,VNINDEX,9.794308029271274,-0.20000214394476282,-0.16348932565214638,-0.35306199954322565,0.12465277552146066,-0.15059634552991275,-0.30838231009585676,-0.435047855590389,-0.06268133811678991,-0.12009338896027352
2020-08-21,854.78,VNINDEX,9.994230667237332,-0.17596079955739108,-0.17071847420454808,0.7715879242117009,0.5953479247893214,-0.16348932565214638,-0.15059634552991275,-0.30838231009585676,-0.435047855590389,-0.06268133811678991
2020-08-24,868.68,VNINDEX,11.19816878486106,-0.06026088023399892,-0.4655422638900676,1.6130692207693489,2.6019923109934346,-0.17071847420454808,-0.16348932565214638,-0.15059634552991275,-0.30838231009585676,-0.435047855590389
2020-08-25,874.12,VNINDEX,12.049114547987806,0.013366580678885465,-0.23887455012450656,0.6242847908901277,0.3897315001367304,-0.4655422638900676,-0.17071847420454808,-0.16348932565214638,-0.15059634552991275,-0.30838231009585676
2020-08-26,873.47,VNINDEX,11.447956355415757,-0.04162852198968392,-0.029507607181598616,-0.07438816083562064,0.005533598472506164,-0.23887455012450656,-0.4655422638900676,-0.17071847420454808,-0.16348932565214638,-0.15059634552991275
2020-08-27,874.71,VNINDEX,11.384765008532856,-0.04284327987509434,-0.0237017403952971,0.1418618458003321,0.0201247832938772,-0.029507607181598616,-0.23887455012450656,-0.4655422638900676,-0.17071847420454808,-0.16348932565214638
2020-08-28,878.98,VNINDEX,10.597928636887548,-0.10157033121838724,-0.06201404436105468,0.48697414461668626,0.23714381752515326,-0.0237017403952971,-0.029507607181598616,-0.23887455012450656,-0.4655422638900676,-0.17071847420454808
2020-08-31,881.65,VNINDEX,9.871074341342487,-0.16814794245339562,-0.5048104609885145,0.30330075561669595,0.09199134835765872,-0.06201404436105468,-0.0237017403952971,-0.029507607181598616,-0.23887455012450656,-0.4655422638900676
2020-09-01,891.73,VNINDEX,9.89680912533247,-0.1685861060806425,-0.34184062108205615,1.1368244323076406,1.2923697898915893,-0.5048104609885145,-0.06201404436105468,-0.0237017403952971,-0.029507607181598616,-0.23887455012450656
2020-09-03,903.97,VNINDEX,12.017862169942752,0.008182705338371177,-0.25768218791740133,1.3632777823797477,1.8585263119302429,-0.34184062108205615,-0.5048104609885145,-0.06201404436105468,-0.0237017403952971,-0.029507607181598616
2020-09-04,901.54,VNINDEX,10.826580972908797,-0.09056342206324527,-0.23167462657826893,-0.2691761848153927,0.07245581847177043,-0.25768218791740133,-0.34184062108205615,-0.5048104609885145,-0.06201404436105468,-0.0237017403952971
2020-09-07,888.25,VNINDEX,11.322260252442746,-0.05321103055612286,-0.4403737661473729,-1.4851177251515988,2.2055746575594597,-0.23167462657826893,-0.25768218791740133,-0.34184062108205615,-0.5048104609885145,-0.06201404436105468
2020-09-08,890.14,VNINDEX,10.390883769475092,-0.1357663734620831,-0.27946980570060065,0.21255188249576398,0.04517830275249306,-0.4403737661473729,-0.23167462657826893,-0.25768218791740133,-0.34184062108205615,-0.5048104609885145
2020-09-09,889.32,VNINDEX,9.13387144848007,-0.2551226244195445,-0.14803334281258296,-0.09216279748262524,0.008493981239823393,-0.27946980570060065,-0.4403737661473729,-0.23167462657826893,-0.25768218791740133,-0.34184062108205615
2020-09-10,888.82,VNINDEX,11.89216606696974,-0.0033998032280677937,-0.13142960036989793,-0.056238542879443854,0.003162773705203045,-0.14803334281258296,-0.27946980570060065,-0.4403737661473729,-0.23167462657826893,-0.25768218791740133
2020-09-11,888.97,VNINDEX,9.822582590339426,-0.18104494190157522,-0.14652245651639528,0.016874884025224798,0.0002847617108647871,-0.13142960036989793,-0.14803334281258296,-0.27946980570060065,-0.4403737661473729,-0.23167462657826893
2020-09-14,894.57,VNINDEX,10.95135903128327,-0.09266656518098733,-0.48001714791672373,0.6279666733150143,0.39434214279432594,-0.14652245651639528,-0.13142960036989793,-0.14803334281258296,-0.27946980570060065,-0.4403737661473729
2020-09-15,896.26,VNINDEX,10.88127690875972,-0.08119737644292263,-0.2872957400185715,0.1887393556824582,0.03562254438342947,-0.48001714791672373,-0.14652245651639528,-0.13142960036989793,-0.14803334281258296,-0.27946980570060065
2020-09-16,897.47,VNINDEX,10.90769828354249,-0.09078853286578764,-0.08821749149656531,0.13491441672222293,0.018201899839497625,-0.2872957400185715,-0.48001714791672373,-0.14652245651639528,-0.13142960036989793,-0.14803334281258296
2020-09-17,894.04,VNINDEX,10.670319082683518,-0.11648279876581666,-0.09615623602484179,-0.3829176718028059,0.14662594337888138,-0.08821749149656531,-0.2872957400185715,-0.48001714791672373,-0.14652245651639528,-0.13142960036989793
2020-09-18,900.95,VNINDEX,10.925624247293285,-0.09222840155374044,-0.09983324439511437,0.7699245270928868,0.5927837774192054,-0.09615623602484179,-0.08821749149656531,-0.2872957400185715,-0.48001714791672373,-0.14652245651639528
2020-09-21,907.94,VNINDEX,12.336358681435419,0.033651860435857744,-0.430527254679664,0.7728534949983048,0.5973025247310948,-0.09983324439511437,-0.09615623602484179,-0.08821749149656531,-0.2872957400185715,-0.48001714791672373
2020-09-22,906.19,VNINDEX,10.595405956897684,-0.11978864179113125,-0.25294451485602587,-0.19293000422467593,0.03722198653013347,-0.430527254679664,-0.09983324439511437,-0.09615623602484179,-0.08821749149656531,-0.2872957400185715
2020-09-23,912.5,VNINDEX,10.385366175420021,-0.14138841242984418,-0.07584173126170538,0.6939088376087059,0.4815094749114654,-0.25294451485602587,-0.430527254679664,-0.09983324439511437,-0.09615623602484179,-0.08821749149656531
2020-09-24,908.58,VNINDEX,11.817939531976695,-0.015858639049000534,-0.09234523108999149,-0.4305144260027435,0.1853426709964717,-0.07584173126170538,-0.25294451485602587,-0.430527254679664,-0.09983324439511437,-0.09615623602484179
2020-09-25,908.27,VNINDEX,10.467401530652255,-0.1279278715482055,-0.09505830767568291,-0.03412499689114617,0.0011645154128207356,-0.09234523108999149,-0.07584173126170538,-0.25294451485602587,-0.430527254679664,-0.09983324439511437
2020-09-28,912.5,VNINDEX,11.943635634949706,-0.004276130482561535,-0.47020840972513955,0.46463942289388427,0.21588979330716182,-0.09505830767568291,-0.09234523108999149,-0.07584173126170538,-0.25294451485602587,-0.430527254679664
2020-09-29,903.98,VNINDEX,11.482203647526019,-0.049040918254152494,-0.25423832900156307,-0.9380849203012276,0.8800033176965605,-0.47020840972513955,-0.09505830767568291,-0.09234523108999149,-0.07584173126170538,-0.25294451485602587
2020-09-30,905.21,VNINDEX,11.284803689549829,-0.05486395206878017,-0.03606033360183086,0.13597247270958412,0.0184885133347586,-0.25423832900156307,-0.47020840972513955,-0.09505830767568291,-0.09234523108999149,-0.07584173126170538
2020-10-01,914.09,VNINDEX,11.808508979257876,-0.022570058095959855,-0.042158309472963645,0.9762073897072676,0.9529808677190771,-0.03606033360183086,-0.25423832900156307,-0.47020840972513955,-0.09505830767568291,-0.09234523108999149
2020-10-02,909.91,VNINDEX,11.196564149469733,-0.06479353912256189,-0.047409183095766805,-0.45833413568444525,0.21007017993360746,-0.042158309472963645,-0.03606033360183086,-0.25423832900156307,-0.47020840972513955,-0.09505830767568291
2020-10-05,914.68,VNINDEX,11.179324776511727,-0.07250666323022717,-0.4668023240854261,0.5228583809935716,0.2733808865752189,-0.047409183095766805,-0.042158309472963645,-0.03606033360183086,-0.25423832900156307,-0.47020840972513955
2020-10-06,915.67,VNINDEX,12.72495441253994,0.04882888189297027,-0.23543471053461426,0.10817604245548904,0.011702056161331766,-0.4668023240854261,-0.047409183095766805,-0.042158309472963645,-0.03606033360183086,-0.25423832900156307
2020-10-07,919.72,VNINDEX,12.282366433465587,0.01630987711760759,-0.002455968073215936,0.44132381383513175,0.19476670865798604,-0.23543471053461426,-0.4668023240854261,-0.047409183095766805,-0.042158309472963645,-0.03606033360183086
2020-10-08,918.84,VNINDEX,12.616497682524935,0.04495949743419661,0.03669941881492533,-0.09572709807678488,0.009163677306202392,-0.002455968073215936,-0.23543471053461426,-0.4668023240854261,-0.047409183095766805,-0.042158309472963645
2020-10-09,924.0,VNINDEX,10.416618553465076,-0.13620453708932995,-0.024978387512508082,0.5600066728651718,0.31360747365351954,0.03669941881492533,-0.002455968073215936,-0.23543471053461426,-0.4668023240854261,-0.047409183095766805
2020-10-12,925.83,VNINDEX,10.609418961984733,-0.12231789055828231,-0.4610634555814133,0.19785608374739957,0.039147029875858,-0.024978387512508082,0.03669941881492533,-0.002455968073215936,-0.23543471053461426,-0.4668023240854261
2020-10-13,929.86,VNINDEX,11.013863787373381,-0.0822988144999588,-0.30030153035111073,0.4343404701808013,0.18865164403687953,-0.4610634555814133,-0.024978387512508082,0.03669941881492533,-0.002455968073215936,-0.23543471053461426
2020-10-14,940.18,VNINDEX,11.888939699098783,-0.013642176102884124,-0.07275296038704118,1.103730911303803,1.2182219245675234,-0.30030153035111073,-0.4610634555814133,-0.024978387512508082,0.03669941881492533,-0.002455968073215936
2020-10-15,942.76,VNINDEX,12.248805732148114,0.014569280586458011,-0.02712390333879447,0.2740397054183114,0.0750977601457549,-0.07275296038704118,-0.30030153035111073,-0.4610634555814133,-0.024978387512508082,0.03669941881492533
2020-10-16,943.3,VNINDEX,11.65799613689342,-0.020028751350970986,-0.0063672156224652,0.05726223076203843,0.0032789630718449403,-0.02712390333879447,-0.07275296038704118,-0.30030153035111073,-0.4610634555814133,-0.024978387512508082
2020-10-19,943.69,VNINDEX,10.241057517903425,-0.14237805951271226,-0.4835858750207055,0.041335672743695026,0.001708637841173852,-0.0063672156224652,-0.02712390333879447,-0.07275296038704118,-0.30030153035111073,-0.4610634555814133
2020-10-20,944.42,VNINDEX,11.217699384003183,-0.05716809003338885,-0.2999343843320987,0.07732600710489067,0.005979311374785602,-0.4835858750207055,-0.0063672156224652,-0.02712390333879447,-0.07275296038704118,-0.30030153035111073
2020-10-21,939.03,VNINDEX,10.470379347629159,-0.14170119825087887,-0.11374911593232614,-0.5723554874595949,0.3275908040251104,-0.2999343843320987,-0.4835858750207055,-0.0063672156224652,-0.02712390333879447,-0.07275296038704118
2020-10-22,949.9,VNINDEX,11.324568575715164,-0.05665430936548757,-0.08517453254991789,1.1509288316439432,1.3246371755092923,-0.11374911593232614,-0.2999343843320987,-0.4835858750207055,-0.0063672156224652,-0.02712390333879447
2020-10-23,961.26,VNINDEX,11.035702709787921,-0.08264930310871335,-0.09366827024169275,1.1888207990541233,1.4132948922636843,-0.08517453254991789,-0.11374911593232614,-0.2999343843320987,-0.4835858750207055,-0.0063672156224652
2020-10-26,950.8,VNINDEX,11.433711896522958,-0.061937917702332035,-0.4521395929142835,-1.0941188400639146,1.1970960361828058,-0.09366827024169275,-0.08517453254991789,-0.11374911593232614,-0.2999343843320987,-0.4835858750207055
2020-10-27,946.47,VNINDEX,10.091917857124546,-0.15814273835895956,-0.28741658888076904,-0.4564461060058831,0.20834304768793385,-0.4521395929142835,-0.09366827024169275,-0.08517453254991789,-0.11374911593232614,-0.2999343843320987
2020-10-28,921.05,VNINDEX,10.180157397204642,-0.14821315130517787,-0.12276460245548929,-2.7224950827753833,7.411979475736142,-0.28741658888076904,-0.4521395929142835,-0.09366827024169275,-0.08517453254991789,-0.11374911593232614
2020-10-29,919.08,VNINDEX,11.74371299698365,-0.02831747486993319,-0.11155778817802298,-0.21411538887236037,0.045845399751962106,-0.12276460245548929,-0.28741658888076904,-0.4521395929142835,-0.09366827024169275,-0.08517453254991789
2020-10-30,925.47,VNINDEX,9.404124759863729,-0.21853476919274767,-0.13168846512261903,0.692854686781607,0.48004761699523874,-0.11155778817802298,-0.12276460245548929,-0.28741658888076904,-0.4521395929142835,-0.09366827024169275
2020-11-02,933.68,VNINDEX,10.911611242206236,-0.08969915278658941,-0.5066134563695334,0.8832050526779491,0.7800511650758589,-0.13168846512261903,-0.11155778817802298,-0.12276460245548929,-0.28741658888076904,-0.4521395929142835
2020-11-03,935.41,VNINDEX,10.458906119620277,-0.11977658381329336,-0.30731813569687666,0.18511687441846106,0.034268257194460285,-0.5066134563695334,-0.13168846512261903,-0.11155778817802298,-0.12276460245548929,-0.28741658888076904
2020-11-04,939.76,VNINDEX,10.423054192118686,-0.11689684643738765,-0.10879086101242294,0.46395876673477593,0.21525773723005423,-0.30731813569687666,-0.5066134563695334,-0.13168846512261903,-0.11155778817802298,-0.12276460245548929
2020-11-05,937.75,VNINDEX,9.542229232532463,-0.2140141682820227,-0.1502291995109007,-0.21411345536338452,0.04584457176764806,-0.10879086101242294,-0.30731813569687666,-0.5066134563695334,-0.13168846512261903,-0.11155778817802298
2020-11-06,938.29,VNINDEX,9.308059302456144,-0.2306431164049258,-0.18718471037477818,0.05756807050099062,0.0033140827412070266,-0.1502291995109007,-0.10879086101242294,-0.30731813569687666,-0.5066134563695334,-0.13168846512261903
2020-11-09,951.99,VNINDEX,12.052109462053012,0.0007703090739026031,-0.462574341877601,1.4495460867508663,2.10118385761475,-0.18718471037477818,-0.1502291995109007,-0.10879086101242294,-0.30731813569687666,-0.5066134563695334
2020-11-10,951.9,VNINDEX,12.415201862973301,0.03922413863806115,-0.22265855994863212,-0.009454327725557309,8.938431274224163e-05,-0.462574341877601,-0.18718471037477818,-0.1502291995109007,-0.10879086101242294,-0.30731813569687666
2020-11-11,952.22,VNINDEX,11.44635172002443,-0.046161180878246805,-0.0020555777220938043,0.03361132733364481,0.0011297213251294188,-0.22265855994863212,-0.462574341877601,-0.18718471037477818,-0.1502291995109007,-0.10879086101242294
2020-11-12,959.28,VNINDEX,11.794495974170827,-0.020040809328808862,-0.008992617189664293,0.7386902540581805,0.5456632914405392,-0.0020555777220938043,-0.22265855994863212,-0.462574341877601,-0.18718471037477818,-0.1502291995109007
2020-11-13,966.29,VNINDEX,11.265273090407707,-0.05795674226939029,-0.041386244158814756,0.7280993127561023,0.5301286092359084,-0.008992617189664293,-0.0020555777220938043,-0.22265855994863212,-0.462574341877601,-0.18718471037477818
2020-11-16,950.79,VNINDEX,11.676625788525305,-0.029444557736851396,-0.4434413506677649,-1.6170778226990798,2.614940684665197,-0.041386244158814756,-0.008992617189664293,-0.0020555777220938043,-0.22265855994863212,-0.462574341877601
2020-11-17,968.9,VNINDEX,11.878153061882688,-0.0008705544609167726,-0.2382691456005719,1.8868189419210448,3.5600857195920512,-0.4434413506677649,-0.041386244158814756,-0.008992617189664293,-0.0020555777220938043,-0.22265855994863212
2020-11-18,973.53,VNINDEX,12.711876549139731,0.06622083744199284,0.011968575081408778,0.47672335874590327,0.22726516077397518,-0.2382691456005719,-0.4434413506677649,-0.041386244158814756,-0.008992617189664293,-0.0020555777220938043
2020-11-19,983.26,VNINDEX,12.62753287063508,0.05620357536971887,0.04051795278359885,0.9944940635203504,0.9890184423772188,0.011968575081408778,-0.2382691456005719,-0.4434413506677649,-0.041386244158814756,-0.008992617189664293
2020-11-20,990.0,VNINDEX,11.76417873781261,-0.010361977887451579,0.037354144974753895,0.683136151501463,0.4666750014882298,0.04051795278359885,0.011968575081408778,-0.2382691456005719,-0.4434413506677649,-0.041386244158814756
2020-11-23,994.19,VNINDEX,13.313017644623478,0.12003888501287172,-0.3790716541089122,0.4223392142988823,0.17837041193459724,0.037354144974753895,0.04051795278359885,0.011968575081408778,-0.2382691456005719,-0.4434413506677649
2020-11-24,995.76,VNINDEX,11.697761023058755,-0.021819108647678387,-0.185657237156738,0.15779294210976844,0.024898612579656733,-0.3790716541089122,0.037354144974753895,0.04051795278359885,0.011968575081408778,-0.2382691456005719
2020-11-25,999.94,VNINDEX,12.225610725236297,0.03440280988413938,0.04420752874977801,0.41890124893428793,0.17547825635870626,-0.185657237156738,-0.3790716541089122,0.037354144974753895,0.04051795278359885,0.011968575081408778
2020-11-26,1005.97,VNINDEX,12.226297316029086,0.025249817088521226,0.0126111727749946,0.6012251959403703,0.3614717362335366,0.04420752874977801,-0.185657237156738,-0.3790716541089122,0.037354144974753895,0.04051795278359885
2020-11-27,1010.22,VNINDEX,10.092604447917335,-0.1672957311545777,-0.035881034727305194,0.42158787562946043,0.17773633687776139,0.0126111727749946,0.04420752874977801,-0.185657237156738,-0.3790716541089122,0.037354144974753895
2020-11-30,1003.08,VNINDEX,10.787519774624553,-0.09674900246446548,-0.4807897228489413,-0.7092862398698215,0.50308697006867,-0.035881034727305194,0.0126111727749946,0.04420752874977801,-0.185657237156738,-0.3790716541089122
2020-12-01,1008.87,VNINDEX,11.573669555477071,-0.028868958325554445,-0.27767937791548836,0.5755626117826618,0.331272320082079,-0.4807897228489413,-0.035881034727305194,0.0126111727749946,0.04420752874977801,-0.185657237156738
2020-12-02,1014.32,VNINDEX,11.945257367429335,0.0014335835036919098,-0.04139479242877547,0.5387544602800859,0.2902563684716866,-0.27767937791548836,-0.4807897228489413,-0.035881034727305194,0.0126111727749946,0.04420752874977801
2020-12-03,1019.8,VNINDEX,12.163105969146187,0.024035059203110803,-0.0011334385395833924,0.5388092401362768,0.29031539725623207,-0.04139479242877547,-0.27767937791548836,-0.4807897228489413,-0.035881034727305194,0.0126111727749946
2020-12-04,1021.49,VNINDEX,11.784395927747521,-0.016422180482459636,0.0030154874081148864,0.16558160634956484,0.027417268361302254,-0.0011334385395833924,-0.04139479242877547,-0.27767937791548836,-0.4807897228489413,-0.035881034727305194
2020-12-07,1029.98,VNINDEX,11.976509745474392,0.00661745884420617,-0.4172379035322542,0.8277038874880744,0.6850937253628709,0.0030154874081148864,-0.0011334385395833924,-0.04139479242877547,-0.27767937791548836,-0.4807897228489413
2020-12-08,1029.26,VNINDEX,13.063230074068784,0.10140652676855674,-0.17970129650207478,-0.06992871441310618,0.004890025099469763,-0.4172379035322542,0.0030154874081148864,-0.0011334385395833924,-0.04139479242877547,-0.27767937791548836
2020-12-09,1039.13,VNINDEX,12.898455675723225,0.08246138270320699,0.06349512277199046,0.9543727165022341,0.9108272820038537,-0.17970129650207478,-0.4172379035322542,0.0030154874081148864,-0.0011334385395833924,-0.04139479242877547
2020-12-10,1030.91,VNINDEX,13.069434258916644,0.09787557294069976,0.09391449413748834,-0.7941917263124129,0.6307404981430905,0.06349512277199046,-0.17970129650207478,-0.4172379035322542,0.0030154874081148864,-0.0011334385395833924
2020-12-11,1045.96,VNINDEX,11.867117873772544,-0.01211463239643909,0.05607410774915647,1.449321665868476,2.1005332911557746,0.09391449413748834,0.06349512277199046,-0.17970129650207478,-0.4172379035322542,0.0030154874081148864
2020-12-14,1064.09,VNINDEX,13.469983222729848,0.13798232401751548,-0.3933592006091507,1.718484981463796,2.953190631516623,0.05607410774915647,0.09391449413748834,0.06349512277199046,-0.17970129650207478,-0.4172379035322542
2020-12-15,1055.27,VNINDEX,13.353469121581602,0.10909553492054622,-0.12967701634931522,-0.8323315452742888,0.6927758012586854,-0.3933592006091507,0.05607410774915647,0.09391449413748834,0.06349512277199046,-0.17970129650207478
2020-12-16,1066.99,VNINDEX,13.346578345940953,0.12177948154402135,0.12295244682736159,1.104494184882874,1.2199074044400842,-0.12967701634931522,-0.3933592006091507,0.05607410774915647,0.09391449413748834,0.06349512277199046
2020-12-17,1051.77,VNINDEX,12.878942173669405,0.08054564760028735,0.10380688802161883,-1.436714097093984,2.0641473967885817,0.12295244682736159,-0.12967701634931522,-0.3933592006091507,0.05607410774915647,0.09391449413748834
2020-12-18,1067.46,VNINDEX,13.074951852971719,0.10349761190846093,0.10194091368425703,1.4807535459071355,2.192631063716555,0.10380688802161883,0.12295244682736159,-0.12967701634931522,-0.3933592006091507,0.05607410774915647
2020-12-21,1081.08,VNINDEX,14.388719882196028,0.2047609300993905,-0.37595767755403,1.2678546776609658,1.6074554836667916,0.10194091368425703,0.10380688802161883,0.12295244682736159,-0.12967701634931522,-0.3933592006091507
2020-12-22,1083.45,VNINDEX,14.31634653348836,0.2208504527445104,-0.0985313915976852,0.21898527136167928,0.04795454907334831,-0.37595767755403,0.10194091368425703,0.10380688802161883,0.12295244682736159,-0.12967701634931522
2020-12-23,1078.9,VNINDEX,12.94604647921605,0.082849785564896,0.1694870561362661,-0.4208390607671089,0.1771055150673424,-0.0985313915976852,-0.37595767755403,0.10194091368425703,0.10380688802161883,0.12295244682736159
2020-12-24,1067.52,VNINDEX,13.309825470929127,0.11215062233343634,0.13861695354761483,-1.0603802267021933,1.124406225180995,0.1694870561362661,-0.0985313915976852,-0.37595767755403,0.10194091368425703,0.10380688802161883
2020-12-25,1084.42,VNINDEX,13.221800287566477,0.12388262466176336,0.10629434418669914,1.5707080542987972,2.4671237918391133,0.13861695354761483,0.1694870561362661,-0.0985313915976852,-0.37595767755403,0.10194091368425703
2020-12-28,1091.33,VNINDEX,14.202123658524233,0.18734332974048584,-0.3314683414570128,0.635185405729938,0.4034604996523059,0.10629434418669914,0.13861695354761483,0.1694870561362661,-0.0985313915976852,-0.37595767755403
2020-12-29,1099.49,VNINDEX,13.205247505401262,0.10701650775847996,-0.103961564095014,0.7449300019694379,0.5549207078341868,-0.3314683414570128,0.10629434418669914,0.13861695354761483,0.1694870561362661,-0.0985313915976852
2020-12-30,1097.54,VNINDEX,13.246617026957924,0.10975880935033544,0.1347062156164343,-0.17751241558359784,0.031510657686323953,-0.103961564095014,-0.3314683414570128,0.10629434418669914,0.13861695354761483,0.1694870561362661
2020-12-31,1103.87,VNINDEX,13.464465628674775,0.13236028504975428,0.11637853405285711,0.5750875525931682,0.33072569314760003,0.1347062156164343,-0.103961564095014,-0.3314683414570128,0.10629434418669914,0.13861695354761483
2021-01-04,1120.47,VNINDEX,15.40674836694075,0.29389025626825993,-0.32369223839300454,1.4926052840494686,2.2278705339723945,0.11637853405285711,0.1347062156164343,-0.103961564095014,-0.3314683414570128,0.10629434418669914
2021-01-05,1132.55,VNINDEX,15.76753244458862,0.33578736464178316,0.007402091754262291,1.072348737213221,1.1499318142027897,-0.32369223839300454,0.11637853405285711,0.1347062156164343,-0.103961564095014,-0.3314683414570128
2021-01-06,1143.21,VNINDEX,15.239682742411077,0.27956544610996537,0.30308102234000345,0.9368367460209911,0.8776630886951989,0.007402091754262291,-0.32369223839300454,0.11637853405285711,0.1347062156164343,-0.103961564095014
2021-01-07,1156.49,VNINDEX,15.486492495988866,0.3119711310569538,0.30910798060290123,1.1549460901848507,1.3339004712332734,0.30308102234000345,0.007402091754262291,-0.32369223839300454,0.11637853405285711,0.1347062156164343
2021-01-08,1167.69,VNINDEX,16.236790349339795,0.3827309125717704,0.3247558299128971,0.963788234651089,0.9288877612518626,0.30910798060290123,0.30308102234000345,0.007402091754262291,-0.32369223839300454,0.11637853405285711
2021-01-11,1184.89,VNINDEX,17.961224485888916,0.521659408090857,-0.1455716724341943,1.4622505054772879,2.1381765407685838,0.3247558299128971,0.30910798060290123,0.30308102234000345,0.007402091754262291,-0.32369223839300454
2021-01-12,1192.28,VNINDEX,15.708254056369462,0.3356619868355709,0.12071881685291905,0.6217497113307089,0.3865727035398198,-0.1455716724341943,0.3247558299128971,0.30910798060290123,0.30308102234000345,0.007402091754262291
2021-01-13,1186.05,VNINDEX,16.141411482724997,0.36146957256397405,0.4062636558301346,-0.5238982184580749,0.27446934330354483,0.12071881685291905,-0.1455716724341943,0.3247558299128971,0.30910798060290123,0.30308102234000345
2021-01-14,1187.4,VNINDEX,15.990667186554793,0.3411722348291639,0.3461012647429036,0.11375846515293114,0.012940988393950649,0.4062636558301346,0.12071881685291905,-0.1455716724341943,0.3247558299128971,0.30910798060290123
2021-01-15,1194.2,VNINDEX,15.71835410279277,0.3320433579892217,0.3448950551274538,0.5710462276317032,0.32609379409239897,0.3461012647429036,0.4062636558301346,0.12071881685291905,-0.1455716724341943,0.3247558299128971
2021-01-18,1191.94,VNINDEX,16.16968604379315,0.3804267746071618,-0.20822604863052036,-0.18942733249441415,0.03588271429594933,0.3448950551274538,0.3461012647429036,0.4062636558301346,0.12071881685291905,-0.1455716724341943
2021-01-19,1131.0,VNINDEX,17.604353366904792,0.4808516797965321,0.11123594169634485,-5.248003467182747,27.541540391562137,-0.20822604863052036,0.3448950551274538,0.3461012647429036,0.4062636558301346,0.12071881685291905
2021-01-20,1134.68,VNINDEX,41.42088099011003,2.8898390372803533,1.2503724972280164,0.32484757213096566,0.10552594511938293,0.11123594169634485,-0.20822604863052036,0.3448950551274538,0.3461012647429036,0.4062636558301346
2021-01-21,1164.21,VNINDEX,16.16876799919461,0.3667411229229808,1.2458106133332894,2.5692072552732332,6.600825920548621,1.2503724972280164,0.11123594169634485,-0.20822604863052036,0.3448950551274538,0.3461012647429036
2021-01-22,1166.78,VNINDEX,15.246804971857475,0.2897201439662894,1.182100101389875,0.22050725583139755,0.04862344987429341,1.2458106133332894,1.2503724972280164,0.11123594169634485,-0.20822604863052036,0.3448950551274538
2021-01-25,1166.05,VNINDEX,15.87207621593988,0.33856736902135853,-0.2481117082307397,-0.06258493107750475,0.00391687359797602,1.182100101389875,1.2458106133332894,1.2503724972280164,0.11123594169634485,-0.20822604863052036
2021-01-26,1136.12,VNINDEX,14.142845270305077,0.1872179519342736,-0.018371810512367137,-2.600302013264513,6.76157056018748,-0.2481117082307397,1.182100101389875,1.2458106133332894,1.2503724972280164,0.11123594169634485
2021-01-27,1097.17,VNINDEX,15.13743019724393,0.2721651078233347,0.2659834762596561,-3.488481114133667,12.16950048366727,-0.018371810512367137,-0.2481117082307397,1.182100101389875,1.2458106133332894,1.2503724972280164
2021-01-28,1023.94,VNINDEX,16.285067743625408,0.37396632263784124,0.2777831274651504,-6.907620623094714,47.71522267260341,0.2659834762596561,-0.018371810512367137,-0.2481117082307397,1.182100101389875,1.2458106133332894
2021-01-29,1056.61,VNINDEX,15.108717596277042,0.2863765981532549,0.31083600953814416,3.1407738872172084,9.864460610625494,0.2777831274651504,0.2659834762596561,-0.018371810512367137,-0.2481117082307397,1.182100101389875
2021-02-01,1035.51,VNINDEX,13.742544857385923,0.17112690043494752,-0.36718490799139925,-2.0171611045486713,4.0689389217040155,0.31083600953814416,0.2777831274651504,0.2659834762596561,-0.018371810512367137,-0.2481117082307397
2021-02-02,1075.53,VNINDEX,12.944673297630471,0.10115577115613233,-0.1372949364046651,3.7919504362086,14.37888811066259,-0.36718490799139925,0.31083600953814416,0.2777831274651504,0.2659834762596561,-0.018371810512367137
2021-02-03,1111.29,VNINDEX,12.435460227258842,0.057054388563814035,0.10977902005163181,3.2707939359310614,10.698092971323405,-0.1372949364046651,-0.36718490799139925,0.31083600953814416,0.2777831274651504,0.2659834762596561
2021-02-04,1112.19,VNINDEX,11.567566648440588,-0.023624115878757845,0.04486201461372999,0.08095418435531915,0.006553579964635,0.10977902005163181,-0.1372949364046651,-0.36718490799139925,0.31083600953814416,0.2777831274651504
2021-02-05,1126.91,VNINDEX,12.583190705824135,0.05517203315176389,0.029534101945607183,1.3148329296377947,1.728785632859906,0.04486201461372999,0.10977902005163181,-0.1372949364046651,-0.36718490799139925,0.31083600953814416
2021-02-08,1083.18,VNINDEX,10.58996659958094,-0.1011137263712211,-0.47225828137361775,-3.9578214644163756,15.664350744194984,0.029534101945607183,0.04486201461372999,0.10977902005163181,-0.1372949364046651,-0.36718490799139925
2021-02-09,1114.93,VNINDEX,10.185356756895242,-0.12457249960107983,-0.2923324387621235,2.8890463477775485,8.346588799606792,-0.47225828137361775,0.029534101945607183,0.04486201461372999,0.10977902005163181,-0.1372949364046651
2021-02-17,1155.78,VNINDEX,14.46632014810154,0.21705595294522603,-0.3648509022545637,3.598381804772441,12.948351612917369,-0.2923324387621235,-0.47225828137361775,0.029534101945607183,0.04486201461372999,0.10977902005163181
2021-02-18,1174.38,VNINDEX,14.520222241171066,0.22447715282951444,-0.06661488756914122,1.5964908040365953,2.5487828873734144,-0.3648509022545637,-0.2923324387621235,-0.47225828137361775,0.029534101945607183,0.04486201461372999
2021-02-19,1173.5,VNINDEX,12.087554530394398,0.010150395133814993,0.15056116696951904,-0.07496124514094009,0.005619188273080114,-0.06661488756914122,-0.3648509022545637,-0.2923324387621235,-0.47225828137361775,0.029534101945607183
2021-02-22,1175.04,VNINDEX,13.321257555525655,0.11779966690892404,-0.3612536215123603,0.1311453260938094,0.017199096556251608,0.15056116696951904,-0.06661488756914122,-0.3648509022545637,-0.2923324387621235,-0.47225828137361775
2021-02-23,1177.64,VNINDEX,13.465229475847556,0.13199338097555222,-0.11164693541965548,0.22102462370211157,0.04885188428266002,-0.3612536215123603,0.15056116696951904,-0.06661488756914122,-0.3648509022545637,-0.2923324387621235
2021-02-24,1162.01,VNINDEX,13.278338365623831,0.09816996399730615,0.11598767062726131,-1.336117156223169,1.7852090551538884,-0.11164693541965548,-0.3612536215123603,0.15056116696951904,-0.06661488756914122,-0.3648509022545637
2021-02-25,1165.43,VNINDEX,13.048027217654283,0.10275469908300311,0.11097268135195432,0.2938853385268377,0.08636859220103399,0.11598767062726131,-0.11164693541965548,-0.3612536215123603,0.15056116696951904,-0.06661488756914122
2021-02-26,1168.47,VNINDEX,12.645358344590576,0.06724959425130217,0.08939141911053758,0.2605083096307269,0.06786457938665869,0.11097268135195432,0.11598767062726131,-0.11164693541965548,-0.3612536215123603,0.15056116696951904
2021-03-01,1186.17,VNINDEX,13.668206746898436,0.1499133097331726,-0.3477583518797185,1.503442853171181,2.260340412751501,0.08939141911053758,0.11097268135195432,0.11598767062726131,-0.11164693541965548,-0.3612536215123603
2021-03-02,1186.61,VNINDEX,14.657746204417451,0.2299847678040569,-0.0698411224397196,0.03708729886826778,0.0013754677373442167,-0.3477583518797185,0.08939141911053758,0.11097268135195432,0.11598767062726131,-0.11164693541965548
2021-03-03,1186.95,VNINDEX,34.527888778901996,2.203337398788164,0.861078492108465,0.028648949453616703,0.0008207623047958848,-0.0698411224397196,-0.3477583518797185,0.08939141911053758,0.11097268135195432,0.11598767062726131
2021-03-04,1168.52,VNINDEX,14.825596942058088,0.24934217702752706,0.8942214478732499,-1.5649000930242556,2.448912301147324,0.861078492108465,-0.0698411224397196,-0.3477583518797185,0.08939141911053758,0.11097268135195432
2021-03-05,1168.69,VNINDEX,14.63715305613677,0.22515582533075468,0.892611800382149,0.01454725936478633,0.00021162275502636357,0.8942214478732499,0.861078492108465,-0.0698411224397196,-0.3477583518797185,0.08939141911053758
2021-03-08,1168.27,VNINDEX,16.462621847101257,0.39569461471860656,-0.21881850900466715,-0.035944132935265785,0.0012919806924680585,0.892611800382149,0.8942214478732499,0.861078492108465,-0.0698411224397196,-0.3477583518797185
2021-03-09,1161.97,VNINDEX,15.404854987664685,0.29245023013572996,0.05416166367837141,-0.5407181534725051,0.29237612149471554,-0.21881850900466715,0.892611800382149,0.8942214478732499,0.861078492108465,-0.0698411224397196
2021-03-10,1170.08,VNINDEX,14.059324405227176,0.1804273006660843,0.2895240485068075,0.6955282000001254,0.48375947699541444,0.05416166367837141,-0.21881850900466715,0.892611800382149,0.8942214478732499,0.861078492108465
2021-03-11,1181.73,VNINDEX,14.781901364307467,0.23453100675664587,0.23580284585282055,0.9907343954180631,0.9815546422643949,0.2895240485068075,0.05416166367837141,-0.21881850900466715,0.892611800382149,0.8942214478732499
2021-03-12,1181.56,VNINDEX,14.460828696517689,0.22316020445889076,0.2127061706272075,-0.014386723617772984,0.00020697781645418698,0.23580284585282055,0.2895240485068075,0.05416166367837141,-0.21881850900466715,0.892611800382149
2021-03-15,1184.56,VNINDEX,14.026583772005596,0.195034660181217,-0.2893564984011628,0.253579835981964,0.06430273321663976,0.2127061706272075,0.23580284585282055,0.2895240485068075,0.05416166367837141,-0.21881850900466715
2021-03-16,1179.9,VNINDEX,14.160945447214518,0.1921909287472134,-0.05840489292095177,-0.3941708494589741,0.15537065856320925,-0.2893564984011628,0.2127061706272075,0.23580284585282055,0.2895240485068075,0.05416166367837141
2021-03-17,1186.09,VNINDEX,14.988429117320209,0.2583930156024439,0.2152062015102919,0.5232493901487661,0.2737899242910557,-0.05840489292095177,-0.2893564984011628,0.2127061706272075,0.23580284585282055,0.2895240485068075
2021-03-18,1200.94,VNINDEX,15.302457557828543,0.2855051346953377,0.2453630263483321,1.2442400456634795,1.5481332912326575,0.2152062015102919,-0.05840489292095177,-0.2893564984011628,0.2127061706272075,0.23580284585282055
2021-03-19,1194.05,VNINDEX,16.029929698286757,0.3579320051594589,0.3006100518190806,-0.5753693341324704,0.3310498706600423,0.2453630263483321,0.2152062015102919,-0.05840489292095177,-0.2893564984011628,0.2127061706272075
2021-03-22,1194.43,VNINDEX,14.718180949843433,0.23209051093858152,-0.2676328366670052,0.031819400054112885,0.0010124742198036791,0.3006100518190806,0.2453630263483321,0.2152062015102919,-0.05840489292095177,-0.2893564984011628
2021-03-23,1183.45,VNINDEX,14.300590497725764,0.20526109536640097,-0.022004887020694225,-0.923518263239228,0.8528859825364001,-0.2676328366670052,0.3006100518190806,0.2453630263483321,0.2152062015102919,-0.05840489292095177
2021-03-24,1161.81,VNINDEX,14.727138188108205,0.2459298953549439,0.2277605005533093,-1.845476763598294,3.4057844849812335,-0.022004887020694225,-0.2676328366670052,0.3006100518190806,0.2453630263483321,0.2152062015102919
2021-03-25,1163.1,VNINDEX,15.043760605086737,0.26419374393026496,0.2384615782172037,0.1109720490155789,0.012314795662716047,0.2277605005533093,-0.022004887020694225,-0.2676328366670052,0.3006100518190806,0.2453630263483321
2021-03-26,1162.21,VNINDEX,15.055311819821707,0.2691848578290543,0.2597694990380881,-0.07654893699846996,0.005859739755595722,0.2384615782172037,0.2277605005533093,-0.022004887020694225,-0.2676328366670052,0.3006100518190806
2021-03-29,1175.68,VNINDEX,13.842978330819925,0.16154599588651047,-0.3153311902698624,1.1523338611697864,1.3278733275984687,0.2597694990380881,0.2384615782172037,0.2277605005533093,-0.022004887020694225,-0.2676328366670052
2021-03-30,1186.36,VNINDEX,14.941363175250595,0.2572486484898726,-0.050909230462505145,0.9043092226965539,0.8177751702540456,-0.3153311902698624,0.2597694990380881,0.2384615782172037,0.2277605005533093,-0.022004887020694225
2021-03-31,1191.44,VNINDEX,15.40148462334569,0.3061170332940396,0.24163722589014133,0.42728637639404693,0.18257364745195515,-0.050909230462505145,-0.3153311902698624,0.2597694990380881,0.2384615782172037,0.2277605005533093
2021-04-01,1216.1,VNINDEX,16.74874809912366,0.42811178072869893,0.33049248750420424,2.048635740934153,4.196908399032827,0.24163722589014133,-0.050909230462505145,-0.3153311902698624,0.2597694990380881,0.2384615782172037
2021-04-02,1224.45,VNINDEX,14.784202569215195,0.26170244164777845,0.3319770852235061,0.6842746578520903,0.46823180737859527,0.33049248750420424,0.24163722589014133,-0.050909230462505145,-0.3153311902698624,0.2597694990380881
2021-04-05,1236.05,VNINDEX,16.43770182900992,0.3897421247978636,-0.22510533737614818,0.9429047708391461,0.8890694068712227,0.3319770852235061,0.33049248750420424,0.24163722589014133,-0.050909230462505145,-0.3153311902698624
2021-04-06,1239.96,VNINDEX,14.61029206842344,0.2312496670118542,0.012943125137376915,0.3158309740397695,0.09974920416290955,-0.22510533737614818,0.3319770852235061,0.33049248750420424,0.24163722589014133,-0.050909230462505145
2021-04-07,1242.38,VNINDEX,15.494063731787321,0.31804283280065593,0.3130115415367918,0.19497738155607386,0.03801617931846281,0.012943125137376915,-0.22510533737614818,0.3319770852235061,0.33049248750420424,0.24163722589014133
2021-04-08,1234.89,VNINDEX,15.843995093554698,0.3388989387869632,0.29606381286649164,-0.6046997560521419,0.3656617949695199,0.3130115415367918,0.012943125137376915,-0.22510533737614818,0.3319770852235061,0.33049248750420424
2021-04-09,1231.66,VNINDEX,16.340019462908835,0.38151131048454356,0.3461510273573881,-0.26190442896513344,0.06859392991155262,0.29606381286649164,0.3130115415367918,0.012943125137376915,-0.22510533737614818,0.3319770852235061
2021-04-12,1252.45,VNINDEX,16.594389545839984,0.4016991538021758,-0.19262064868027456,1.673878002285662,2.801867566535839,0.3461510273573881,0.29606381286649164,0.3130115415367918,0.012943125137376915,-0.22510533737614818
2021-04-13,1248.33,VNINDEX,15.58213585277543,0.3092362016133443,0.05916318740972612,-0.32949749498327496,0.10856859920025332,-0.19262064868027456,0.3461510273573881,0.29606381286649164,0.3130115415367918,0.012943125137376915
2021-04-14,1255.87,VNINDEX,16.44280508666937,0.3860471396045673,0.36566083167336283,0.6021901433930527,0.3626329687997453,0.05916318740972612,-0.19262064868027456,0.3461510273573881,0.29606381286649164,0.3130115415367918
2021-04-15,1247.25,VNINDEX,15.653345425087583,0.32115159128739534,0.33881164416843623,-0.6887431745459569,0.47436716048364247,0.36566083167336283,0.05916318740972612,-0.19262064868027456,0.3461510273573881,0.29606381286649164
2021-04-16,1238.71,VNINDEX,16.392756974205167,0.3961603093299375,0.3677863467406338,-0.6870612233841957,0.4720531246781877,0.33881164416843623,0.36566083167336283,0.05916318740972612,-0.19262064868027456,0.3461510273573881
2021-04-19,1260.58,VNINDEX,16.29334171476362,0.37795767705160377,-0.22671845481143743,1.750141698495558,3.0629959648129166,0.3677863467406338,0.33881164416843623,0.36566083167336283,0.05916318740972612,-0.19262064868027456
2021-04-20,1268.28,VNINDEX,14.332734860741413,0.21508115173849252,-0.0065999166552965505,0.6089719316996034,0.3708468135979464,-0.22671845481143743,0.3677863467406338,0.33881164416843623,0.36566083167336283,0.05916318740972612
2021-04-22,1227.82,VNINDEX,15.179078785787324,0.2761403631020118,0.01854538885162521,-3.242141265059828,10.511479982603742,-0.0065999166552965505,-0.22671845481143743,0.3677863467406338,0.33881164416843623,0.36566083167336283
2021-04-23,1248.53,VNINDEX,14.07914116565906,0.19007477578012338,0.01020993019883551,1.672662010708351,2.7977982020669034,0.01854538885162521,-0.0065999166552965505,-0.22671845481143743,0.3677863467406338,0.33881164416843623
2021-04-26,1215.77,VNINDEX,13.845572307290123,0.15269772536893758,-0.3378707728218455,-2.6589238366593073,7.069875969155051,0.01020993019883551,0.01854538885162521,-0.0065999166552965505,-0.22671845481143743,0.3677863467406338
2021-04-27,1219.75,VNINDEX,30.74148793499407,1.8899643553199028,0.4798777161574601,0.32682987967980587,0.10681777025151638,-0.3378707728218455,0.01020993019883551,0.01854538885162521,-0.0065999166552965505,-0.22671845481143743
2021-04-28,1229.55,VNINDEX,13.506803966333317,0.13924199960178826,0.7273013600968766,0.8002329071202794,0.6403727056381737,0.4798777161574601,-0.3378707728218455,0.01020993019883551,0.01854538885162521,-0.0065999166552965505
2021-04-29,1239.39,VNINDEX,12.934258690726042,0.11042737299030889,0.7132112426373337,0.7971074308104606,0.6353802562532533,0.7273013600968766,0.4798777161574601,-0.3378707728218455,0.01020993019883551,0.01854538885162521
2021-05-04,1242.2,VNINDEX,13.761827056112672,0.16262790400368987,-0.35462309258996005,0.22646780499486222,0.05128766669919094,0.7132112426373337,0.7273013600968766,0.4798777161574601,-0.3378707728218455,0.01020993019883551
2021-05-05,1256.43,VNINDEX,13.37148578563273,0.12729538043004132,-0.08401200886221465,1.1390365000160831,1.2974041483688885,-0.35462309258996005,0.7132112426373337,0.7273013600968766,0.4798777161574601,-0.3378707728218455
2021-05-06,1250.57,VNINDEX,13.45857344249051,0.14532543145032245,0.14508290529468504,-0.46749187654212204,0.21854865463287468,-0.08401200886221465,-0.35462309258996005,0.7132112426373337,0.7273013600968766,0.4798777161574601
2021-05-07,1241.81,VNINDEX,12.122861181447508,0.028321797914452662,0.10031420326493923,-0.7029454635031611,0.494132324659674,0.14508290529468504,-0.08401200886221465,-0.35462309258996005,0.7132112426373337,0.7273013600968766
2021-05-10,1259.58,VNINDEX,13.026269487600407,0.1051535555708063,-0.36432220263402426,1.4208339319375283,2.018769062145057,0.10031420326493923,0.14508290529468504,-0.08401200886221465,-0.35462309258996005,0.7132112426373337
2021-05-11,1256.04,VNINDEX,12.575189973051025,0.05612299934115195,-0.14649482091482988,-0.2814417389493224,0.07920945242281853,-0.36432220263402426,0.10031420326493923,0.14508290529468504,-0.08401200886221465,-0.35462309258996005
2021-05-12,1269.09,VNINDEX,13.205756135256953,0.11550052285121631,0.09225902592105859,1.0336193530565279,1.0683689670129952,-0.14649482091482988,-0.36432220263402426,0.10031420326493923,0.14508290529468504,-0.08401200886221465
2021-05-13,1261.99,VNINDEX,14.099734313939742,0.1949037182534257,0.12217574681526508,-0.5610268045863519,0.3147510754643727,0.09225902592105859,-0.14649482091482988,-0.36432220263402426,0.10031420326493923,0.14508290529468504
2021-05-14,1266.36,VNINDEX,13.663756496087188,0.1568063560107383,0.15573686570512724,0.34568033315044583,0.11949489272700321,0.12217574681526508,0.09225902592105859,-0.14649482091482988,-0.36432220263402426,0.10031420326493923
2021-05-17,1258.7,VNINDEX,12.943688818196152,0.1078559352444532,-0.35007443142556705,-0.6067201173539801,0.3681093008020274,0.15573686570512724,0.12217574681526508,0.09225902592105859,-0.14649482091482988,-0.36432220263402426
2021-05-18,1252.68,VNINDEX,12.034608942816535,0.017519545855277013,-0.15538737224124938,-0.4794186089251953,0.22984220258376933,-0.35007443142556705,0.15573686570512724,0.12217574681526508,0.09225902592105859,-0.14649482091482988
2021-05-19,1262.49,VNINDEX,14.17565894998695,0.20553338905454885,0.11030295671809348,0.7800705117858562,0.6085100033578476,-0.15538737224124938,-0.35007443142556705,0.15573686570512724,0.12217574681526508,0.09225902592105859
2021-05-20,1278.22,VNINDEX,14.600085553104535,0.23863963739844682,0.153897524102758,1.238252377130099,1.5332689494683411,0.11030295671809348,-0.15538737224124938,-0.35007443142556705,0.15573686570512724,0.12217574681526508
2021-05-21,1283.93,VNINDEX,14.899968802407702,0.269608913110124,0.2379273131877069,0.44572015324700603,0.19866645501053454,0.153897524102758,0.11030295671809348,-0.15538737224124938,-0.35007443142556705,0.15573686570512724
2021-05-24,1297.98,VNINDEX,13.43577451166403,0.14693549317422466,-0.2714812646851906,1.088352319499557,1.1845107713600658,0.2379273131877069,0.153897524102758,0.11030295671809348,-0.15538737224124938,-0.35007443142556705
2021-05-25,1308.58,VNINDEX,15.09572172853427,0.2836612754163955,-0.0062125687951136155,0.8133369984917646,0.6615170731155926,-0.2714812646851906,0.2379273131877069,0.153897524102758,0.11030295671809348,-0.15538737224124938
2021-05-26,1316.7,VNINDEX,13.801195764052634,0.1763155268271303,0.20230409847258402,0.6186026552547518,0.38266924508822925,-0.0062125687951136155,-0.2714812646851906,0.2379273131877069,0.153897524102758,0.11030295671809348
2021-05-27,1303.57,VNINDEX,14.678131276416602,0.25683185984421497,0.23893622069591405,-1.0021951857930596,1.0043951904267852,0.20230409847258402,-0.0062125687951136155,-0.2714812646851906,0.2379273131877069,0.153897524102758
2021-05-28,1320.46,VNINDEX,13.03704431448658,0.11496320211033262,0.18270352959389305,1.2873506217792339,1.6572716233953801,0.23893622069591405,0.20230409847258402,-0.0062125687951136155,-0.2714812646851906,0.2379273131877069
2021-05-31,1328.05,VNINDEX,15.102557879534185,0.2899381081881128,-0.263290627736946,0.5731540207862934,0.3285055315434949,0.18270352959389305,0.23893622069591405,0.20230409847258402,-0.0062125687951136155,-0.2714812646851906
2021-06-01,1337.78,VNINDEX,16.335872710741043,0.3999966462835904,0.04813713339527431,0.7299822724758502,0.5328741181290064,-0.263290627736946,0.18270352959389305,0.23893622069591405,0.20230409847258402,-0.0062125687951136155
2021-06-02,1340.78,VNINDEX,16.63104089630916,0.4322516408681956,0.3740621317799667,0.224001049400554,0.05017647013254943,0.04813713339527431,-0.263290627736946,0.18270352959389305,0.23893622069591405,0.20230409847258402
2021-06-03,1364.28,VNINDEX,16.243293602299413,0.3880708467769741,0.4067730446429204,1.7375282780228902,3.01900451692919,0.3740621317799667,0.04813713339527431,-0.263290627736946,0.18270352959389305,0.23893622069591405
2021-06-04,1374.05,VNINDEX,16.1958394663054,0.3893357459847712,0.4032194112099806,0.7135766293067602,0.5091916058927975,0.4067730446429204,0.3740621317799667,0.04813713339527431,-0.263290627736946,0.18270352959389305
2021-06-07,1358.78,VNINDEX,15.804721807976664,0.35882175505185965,-0.15692360489057622,-1.1175344913568792,1.2488833393722787,0.4032194112099806,0.4067730446429204,0.3740621317799667,0.04813713339527431,-0.263290627736946
2021-06-08,1319.88,VNINDEX,15.0831293130267,0.27788136675370534,0.07773339561549636,-2.904641495148869,8.436942215340656,-0.15692360489057622,0.4032194112099806,0.4067730446429204,0.3740621317799667,0.04813713339527431
2021-06-09,1332.9,VNINDEX,14.452174956896375,0.22091310956400947,0.28587207712319196,0.9816196252946885,0.9635770887636846,0.07773339561549636,-0.15692360489057622,0.4032194112099806,0.4067730446429204,0.3740621317799667
2021-06-10,1323.58,VNINDEX,14.374309351227174,0.22232977036472862,0.2403747488941483,-0.7016832981905519,0.4923594509595709,0.28587207712319196,0.07773339561549636,-0.15692360489057622,0.4032194112099806,0.4067730446429204
2021-06-11,1351.74,VNINDEX,13.150604765133291,0.12930867776988272,0.19085051923287408,2.105246478903944,4.4320627369374535,0.2403747488941483,0.28587207712319196,0.07773339561549636,-0.15692360489057622,0.4032194112099806
2021-06-14,1361.72,VNINDEX,11.926331867472145,0.019087968248918064,-0.38780033356382765,0.7355955128511874,0.5411007585268014,0.19085051923287408,0.2403747488941483,0.28587207712319196,0.07773339561549636,-0.15692360489057622
2021-06-15,1367.36,VNINDEX,11.694676020086535,0.01129161904923301,-0.19405529270151878,0.41332669100418806,0.17083895349647155,-0.38780033356382765,0.19085051923287408,0.2403747488941483,0.28587207712319196,0.07773339561549636
2021-06-16,1356.52,VNINDEX,12.319002301498475,0.03996489390035582,0.023448160399502677,-0.7959276639339932,0.6335008462154236,-0.19405529270151878,-0.38780033356382765,0.19085051923287408,0.2403747488941483,0.28587207712319196
2021-06-17,1359.92,VNINDEX,12.248361040753588,0.045249121152423744,0.03216854470067129,0.2503277654194252,0.06266399013988277,0.023448160399502677,-0.19405529270151878,-0.38780033356382765,0.19085051923287408,0.2403747488941483
2021-06-18,1377.77,VNINDEX,13.304395006849703,0.13852168777028687,0.07457856760768924,1.3040375609170112,1.7005139602823875,0.03216854470067129,0.023448160399502677,-0.19405529270151878,-0.38780033356382765,0.19085051923287408
2021-06-21,1372.63,VNINDEX,12.711464659243278,0.08285996911864946,-0.34765475527263323,-0.37376425129457086,0.1396997155457911,0.07457856760768924,0.03216854470067129,0.023448160399502677,-0.19405529270151878,-0.38780033356382765
2021-06-22,1379.97,VNINDEX,12.937240861120637,0.09916983615236757,-0.1147224564296963,0.5333152217778487,0.284425125779956,-0.34765475527263323,0.07457856760768924,0.03216854470067129,0.023448160399502677,-0.19405529270151878
2021-06-23,1376.87,VNINDEX,11.859449164970648,0.008296126022307615,0.06344197709777533,-0.224895264621469,0.05057788004916056,-0.1147224564296963,-0.34765475527263323,0.07457856760768924,0.03216854470067129,0.023448160399502677
2021-06-24,1379.72,VNINDEX,13.18555118090067,0.10826231405754566,0.07190942541074075,0.2067772875527583,0.04275684664767609,0.06344197709777533,-0.1147224564296963,-0.34765475527263323,0.07457856760768924,0.03216854470067129
2021-06-25,1390.12,VNINDEX,12.807414132003903,0.08111896546695593,0.06589246851560354,0.7509494319858411,0.5639250493998573,0.07190942541074075,0.06344197709777533,-0.1147224564296963,-0.34765475527263323,0.07457856760768924
2021-06-28,1405.81,VNINDEX,11.84924264965174,0.015686096408900257,-0.396132322272429,1.1223574770211626,1.2596863062253096,0.06589246851560354,0.07190942541074075,0.06344197709777533,-0.1147224564296963,-0.34765475527263323
2021-06-29,1410.04,VNINDEX,11.56899604313759,-0.025244587435225313,-0.21371234093384278,0.3004423660253513,0.09026561530291116,-0.396132322272429,0.06589246851560354,0.07190942541074075,0.06344197709777533,-0.1147224564296963
2021-06-30,1408.55,VNINDEX,13.68070374004408,0.12208277930752609,0.037508096093734095,-0.10572663202488106,0.011178120719324605,-0.21371234093384278,-0.396132322272429,0.06589246851560354,0.07190942541074075,0.06344197709777533
2021-07-01,1417.08,VNINDEX,14.023894373173471,0.170272491610453,0.08903689449425173,0.6037609957285787,0.3645273399631648,0.037508096093734095,-0.21371234093384278,-0.396132322272429,0.06589246851560354,0.07190942541074075
2021-07-02,1420.27,VNINDEX,13.425472573983196,0.12071502447248031,0.13769009846348684,0.22485779647068307,0.05056102863365113,0.08903689449425173,0.037508096093734095,-0.21371234093384278,-0.396132322272429,0.06589246851560354
2021-07-05,1411.13,VNINDEX,14.163066534479377,0.1997534803918585,-0.30867573823856026,-0.6456192518251778,0.4168242183273023,0.13769009846348684,0.08903689449425173,0.037508096093734095,-0.21371234093384278,-0.396132322272429
2021-07-06,1354.79,VNINDEX,12.001035185103882,0.00931996103965288,-0.12106229421062205,-4.074434109454123,16.601013312283214,-0.30867573823856026,0.13769009846348684,0.08903689449425173,0.037508096093734095,-0.21371234093384278
2021-07-07,1388.55,VNINDEX,11.969847327579897,0.014290255273311708,0.07445456556827476,2.4613576428225588,6.058281445881023,-0.12106229421062205,-0.30867573823856026,0.13769009846348684,0.08903689449425173,0.037508096093734095
2021-07-08,1374.68,VNINDEX,12.8720910519596,0.09834981189077069,0.04065334273457891,-1.0039060438579568,1.0078273448945338,0.07445456556827476,-0.12106229421062205,-0.30867573823856026,0.13769009846348684,0.08903689449425173
2021-07-09,1347.14,VNINDEX,13.492270581203751,0.14550842254094012,0.0860494965683413,-2.023715006358353,4.095422426959989,0.04065334273457891,0.07445456556827476,-0.12106229421062205,-0.30867573823856026,0.13769009846348684
2021-07-12,1296.3,VNINDEX,13.371401090351789,0.14129693627189083,-0.3635796966579725,-3.846977407316964,14.799235172407151,0.0860494965683413,0.04065334273457891,0.07445456556827476,-0.12106229421062205,-0.30867573823856026
2021-07-13,1297.54,VNINDEX,12.477422911669,0.06189374086968155,-0.1521170758286058,0.09561114752351874,0.009141491530764063,-0.3635796966579725,0.0860494965683413,0.04065334273457891,0.07445456556827476,-0.12106229421062205
2021-07-14,1279.91,VNINDEX,12.4397870970695,0.058177936011254705,0.08712287105094277,-1.3680401139609204,1.871533753406208,-0.1521170758286058,-0.3635796966579725,0.0860494965683413,0.04065334273457891,0.07445456556827476
2021-07-15,1293.92,VNINDEX,12.572984190505228,0.06256200353835656,0.060877893473097966,1.0886607405888866,1.185182208099543,0.08712287105094277,-0.1521170758286058,-0.3635796966579725,0.0860494965683413,0.04065334273457891
2021-07-16,1299.31,VNINDEX,12.439010709220703,0.0629964686519916,0.061245469400534686,0.41569839634965955,0.17280515672767865,0.060877893473097966,0.08712287105094277,-0.1521170758286058,-0.3635796966579725,0.0860494965683413
2021-07-19,1243.51,VNINDEX,13.885121132872952,0.1859942314388654,-0.3446710465576928,-4.389532828243385,19.26799845022637,0.061245469400534686,0.060877893473097966,0.08712287105094277,-0.1521170758286058,-0.3635796966579725
2021-07-20,1273.29,VNINDEX,13.634036718979857,0.16614114080477282,-0.10029516407480973,2.3666075911242124,5.6008314903667475,-0.3446710465576928,0.061245469400534686,0.060877893473097966,0.08712287105094277,-0.1521170758286058
2021-07-21,1270.79,VNINDEX,14.487481607949487,0.23908451234464712,0.19707329486276218,-0.19653476342775658,0.03862591323560425,-0.10029516407480973,-0.3446710465576928,0.061245469400534686,0.060877893473097966,0.08712287105094277
2021-07-22,1293.67,VNINDEX,12.078304520567153,0.03233071612615804,0.14585212309185977,1.7844386047438983,3.1842211341003503,0.19707329486276218,-0.10029516407480973,-0.3446710465576928,0.061245469400534686,0.060877893473097966
2021-07-23,1268.83,VNINDEX,12.969773418060687,0.10658062620409078,0.12599861822496575,-1.9387924363520401,3.7589161112558798,0.14585212309185977,0.19707329486276218,-0.10029516407480973,-0.3446710465576928,0.061245469400534686
2021-07-26,1272.71,VNINDEX,11.845692167689881,0.009744016320722693,-0.42442551589878097,0.3053269288903338,0.09322453350560296,0.12599861822496575,0.14585212309185977,0.19707329486276218,-0.10029516407480973,-0.3446710465576928
2021-07-27,1276.93,VNINDEX,12.199562205343515,0.03413293607483897,-0.21279766793254007,0.3310274276786539,0.10957915787554644,-0.42442551589878097,0.12599861822496575,0.14585212309185977,0.19707329486276218,-0.10029516407480973
2021-07-28,1277.07,VNINDEX,11.789668987355496,-0.005239735208210916,0.01287907239578398,0.010963194999216816,0.0001201916445908526,-0.21279766793254007,-0.42442551589878097,0.12599861822496575,0.14585212309185977,0.19707329486276218
2021-07-29,1293.6,VNINDEX,13.124908359193157,0.1281747204898768,0.05235597378550197,1.2860637757757254,1.6539600353625152,0.01287907239578398,-0.21279766793254007,-0.42442551589878097,0.12599861822496575,0.14585212309185977
2021-07-30,1310.05,VNINDEX,12.406478152280656,0.05558567860026836,0.059506887960645155,1.2636275142854263,1.5967544948591652,0.05235597378550197,0.01287907239578398,-0.21279766793254007,-0.42442551589878097,0.12599861822496575
2021-08-02,1314.22,VNINDEX,31.704888793766333,1.999294600463265,0.29332352867363576,0.31780293260254905,0.10099870397078033,0.059506887960645155,0.05235597378550197,0.01287907239578398,-0.21279766793254007,-0.42442551589878097
2021-08-03,1332.44,VNINDEX,12.546123202791899,0.06865584521945589,0.49057508571543207,1.3768514151836628,1.8957198194932552,0.29332352867363576,0.059506887960645155,0.05235597378550197,0.01287907239578398,-0.21279766793254007
2021-08-04,1334.74,VNINDEX,13.639792983487515,0.16564421669574597,0.7445315541261557,0.17246684289090458,0.029744811896755964,0.49057508571543207,0.29332352867363576,0.059506887960645155,0.05235597378550197,0.01287907239578398
2021-08-05,1345.55,VNINDEX,13.102970511496414,0.11096469373119264,0.11508825188213187,0.8066335070714892,0.6506576147304501,0.7445315541261557,0.49057508571543207,0.29332352867363576,0.059506887960645155,0.05235597378550197
2021-08-06,1341.45,VNINDEX,13.375424461518989,0.13082819419785044,0.13581236820826337,-0.3051732922937382,0.09313073832939936,0.11508825188213187,0.7445315541261557,0.49057508571543207,0.29332352867363576,0.059506887960645155
2021-08-09,1359.86,VNINDEX,14.40549720875116,0.2173594761310698,-0.3208253397004526,1.3630634794520713,1.8579420490159873,0.13581236820826337,0.11508825188213187,0.7445315541261557,0.49057508571543207,0.29332352867363576
2021-08-10,1362.43,VNINDEX,14.831533324208612,0.2684541361649875,-0.04324938859956878,0.188811681599019,0.035649851108249336,-0.3208253397004526,0.13581236820826337,0.11508825188213187,0.7445315541261557,0.49057508571543207
2021-08-11,1357.79,VNINDEX,15.287716096417448,0.3137897072013454,0.26653443983246794,-0.34114920852970887,0.11638278248044678,-0.04324938859956878,-0.3208253397004526,0.13581236820826337,0.11508825188213187,0.7445315541261557
2021-08-12,1353.05,VNINDEX,13.542498811310828,0.15500413606205748,0.24574932647613054,-0.3497074582537975,0.12229530635833152,0.26653443983246794,-0.04324938859956878,-0.3208253397004526,0.13581236820826337,0.11508825188213187
2021-08-13,1357.05,VNINDEX,12.89307239416468,0.10076948804370445,0.18985444376903615,0.29519227368846374,0.08713847844536488,0.24574932647613054,0.26653443983246794,-0.04324938859956878,-0.3208253397004526,0.13581236820826337
2021-08-16,1370.96,VNINDEX,14.445907117463726,0.2318358937184112,-0.28583368023311767,1.0197998212733461,1.0399916754691487,0.18985444376903615,0.24574932647613054,0.26653443983246794,-0.04324938859956878,-0.3208253397004526
2021-08-17,1363.09,VNINDEX,14.337630042119336,0.2334043161120522,-0.03958174872697842,-0.5757043021619465,0.33143544352777377,-0.28583368023311767,0.18985444376903615,0.24574932647613054,0.26653443983246794,-0.04324938859956878
2021-08-18,1360.94,VNINDEX,14.61596363765016,0.2447542987446768,0.23666483619171377,-0.15785438827381132,0.024918007897299182,-0.03958174872697842,-0.28583368023311767,0.18985444376903615,0.24574932647613054,0.26653443983246794
2021-08-19,1374.85,VNINDEX,14.06209849934024,0.19118791339499872,0.22311550941724292,1.016899679249847,1.0340849576584419,0.23666483619171377,-0.03958174872697842,-0.28583368023311767,0.18985444376903615,0.24574932647613054
2021-08-20,1329.43,VNINDEX,13.972028672087864,0.18441539921265915,0.2067858704507786,-3.359435531648876,11.285807091304966,0.22311550941724292,0.23666483619171377,-0.03958174872697842,-0.28583368023311767,0.18985444376903615
2021-08-23,1298.86,VNINDEX,14.556873591640242,0.2550296398955342,-0.3059809319528731,-2.326332227351314,5.411821632013326,0.2067858704507786,0.22311550941724292,0.23666483619171377,-0.03958174872697842,-0.28583368023311767
2021-08-24,1298.74,VNINDEX,8.803316255911774,-0.2535239950071009,-0.20443591169142872,-0.009239297819929531,8.536462420535458e-05,-0.3059809319528731,0.2067858704507786,0.22311550941724292,0.23666483619171377,-0.03958174872697842
2021-08-25,1309.55,VNINDEX,12.02085194553577,0.018967436153692036,0.006824360347375491,0.828900305870887,0.6870757170728501,-0.20443591169142872,-0.3059809319528731,0.2067858704507786,0.22311550941724292,0.23666483619171377
2021-08-26,1301.12,VNINDEX,12.711076465318879,0.08526923543901785,-0.04976244113812994,-0.6458134731315275,0.41707504207820617,0.006824360347375491,-0.20443591169142872,-0.3059809319528731,0.2067858704507786,0.22311550941724292
2021-08-27,1313.2,VNINDEX,12.42274443075068,0.05929107362613001,0.05450924840628038,0.9241474627510562,0.8540485329092148,-0.04976244113812994,0.006824360347375491,-0.20443591169142872,-0.3059809319528731,0.2067858704507786
2021-08-30,1328.14,VNINDEX,15.028062638183977,0.27768796583052213,-0.2726890510397719,1.1312560539213072,1.2797402595336076,0.05450924840628038,-0.04976244113812994,0.006824360347375491,-0.20443591169142872,-0.3059809319528731
2021-08-31,1331.47,VNINDEX,14.140920610501103,0.20456160320003014,-0.025829439662362258,0.2504127853412198,0.06270656306234783,-0.2726890510397719,0.05450924840628038,-0.04976244113812994,0.006824360347375491,-0.20443591169142872
2021-09-01,1334.65,VNINDEX,12.502607742684146,0.07345355819506222,0.18523437574187188,0.23854901564814354,0.05690563286669823,-0.025829439662362258,-0.2726890510397719,0.05450924840628038,-0.04976244113812994,0.006824360347375491
2021-09-06,1346.39,VNINDEX,14.268238058428581,0.21745918856116517,-0.3462072792070197,0.8757851459160427,0.7669996218071843,0.18523437574187188,-0.025829439662362258,-0.2726890510397719,0.05450924840628038,-0.04976244113812994
2021-09-07,1341.9,VNINDEX,10.83621256873839,-0.07195832313919442,-0.1683737141860978,-0.33404165287926485,0.11158382585831127,-0.3462072792070197,0.18523437574187188,-0.025829439662362258,-0.2726890510397719,0.05450924840628038
2021-09-08,1333.61,VNINDEX,12.431398170371994,0.061538168521011294,0.06901301131432777,-0.6196969198141664,0.3840242724271654,-0.1683737141860978,-0.3462072792070197,0.18523437574187188,-0.025829439662362258,-0.2726890510397719
2021-09-09,1343.98,VNINDEX,13.478002008997997,0.1573821728847301,0.04898733942218281,0.7745810111220998,0.5999757427909345,0.06901301131432777,-0.1683737141860978,-0.3462072792070197,0.18523437574187188,-0.025829439662362258
2021-09-10,1345.31,VNINDEX,11.936330306509522,0.03371614742918133,0.0842121629449746,0.09891087301349152,0.009783360800291047,0.04898733942218281,0.06901301131432777,-0.1683737141860978,-0.3462072792070197,0.18523437574187188
2021-09-13,1341.43,VNINDEX,12.431398170371994,0.061538168521011294,-0.363580110890774,-0.2888260640971675,0.0834204953018611,0.0842121629449746,0.04898733942218281,0.06901301131432777,-0.1683737141860978,-0.3462072792070197
2021-09-14,1339.7,VNINDEX,10.979796295135893,-0.05535534275219775,-0.16989259711448257,-0.12905008262143558,0.016653923824599348,-0.363580110890774,0.0842121629449746,0.04898733942218281,0.06901301131432777,-0.1683737141860978
2021-09-15,1345.83,VNINDEX,12.362962692172903,0.06038339157587477,0.022188739114896522,0.456521479660917,0.20841186139179305,-0.16989259711448257,-0.363580110890774,0.0842121629449746,0.04898733942218281,0.06901301131432777
2021-09-16,1345.87,VNINDEX,13.36145938795669,0.15429423406312126,0.053107427628933085,0.002972099416933294,8.833374944135227e-06,0.022188739114896522,-0.16989259711448257,-0.363580110890774,0.0842121629449746,0.04898733942218281
2021-09-17,1352.64,VNINDEX,11.810807643016894,0.007790418167380575,0.07415601460212598,0.5017594304706593,0.2517625260662404,0.053107427628933085,0.022188739114896522,-0.16989259711448257,-0.363580110890774,0.0842121629449746
2021-09-20,1350.48,VNINDEX,12.322389548350937,0.0600645861706057,-0.34001826951192426,-0.159815358529187,0.02554094882181258,0.07415601460212598,0.053107427628933085,0.022188739114896522,-0.16989259711448257,-0.363580110890774
2021-09-21,1339.84,VNINDEX,13.524453254737812,0.15102706932460605,-0.12221578092903052,-0.7909880962354852,0.6256621683862371,-0.34001826951192426,0.07415601460212598,0.053107427628933085,0.022188739114896522,-0.16989259711448257
2021-09-22,1350.68,VNINDEX,13.489902898009195,0.15747564162560646,0.12285576570693985,0.8057965489273237,0.6493080782631847,-0.12221578092903052,-0.34001826951192426,0.07415601460212598,0.053107427628933085,0.022188739114896522
2021-09-23,1352.76,VNINDEX,13.513457264906249,0.15745722151164457,0.1553199774872861,0.15387805243884875,0.023678455022373087,0.12285576570693985,-0.12221578092903052,-0.34001826951192426,0.07415601460212598,0.053107427628933085
2021-09-24,1351.17,VNINDEX,11.337264458653422,-0.02344031046073372,0.09716418422550618,-0.11760660840071784,0.013831314339519795,0.1553199774872861,0.12285576570693985,-0.12221578092903052,-0.34001826951192426,0.07415601460212598
2021-09-27,1324.99,VNINDEX,11.974590850696453,0.02933836465332157,-0.3855938846200392,-1.9565971538401807,3.828272422415496,0.09716418422550618,0.1553199774872861,0.12285576570693985,-0.12221578092903052,-0.34001826951192426
2021-09-28,1339.31,VNINDEX,11.269590883283437,-0.04131531944916239,-0.2152225348338308,1.0749643730193421,1.1555484032608674,-0.3855938846200392,0.09716418422550618,0.1553199774872861,0.12285576570693985,-0.12221578092903052
2021-09-29,1339.21,VNINDEX,11.710210940932468,-0.008363902312365862,-0.006780285702735173,-0.007466810032881046,5.575325206713305e-05,-0.2152225348338308,-0.3855938846200392,0.09716418422550618,0.1553199774872861,0.12285576570693985
2021-09-30,1342.06,VNINDEX,10.887109361546749,-0.06983021953828505,-0.03983648043327065,0.2125859069267943,0.04519276782388765,-0.006780285702735173,-0.2152225348338308,-0.3855938846200392,0.09716418422550618,0.1553199774872861
2021-10-01,1334.89,VNINDEX,10.926609032891236,-0.06865542429096774,-0.048949848713872424,-0.5356855485378744,0.2869590069123234,-0.03983648043327065,-0.006780285702735173,-0.2152225348338308,-0.3855938846200392,0.09716418422550618
2021-10-04,1339.54,VNINDEX,12.640023522191646,0.0770102345832159,-0.4071760376667851,0.3477379991785495,0.12092171607270087,-0.048949848713872424,-0.03983648043327065,-0.006780285702735173,-0.2152225348338308,-0.3855938846200392
2021-10-05,1354.63,VNINDEX,12.237275905872927,0.04996149648605494,-0.17514069859519898,1.1202082867187784,1.2548666056334208,-0.4071760376667851,-0.048949848713872424,-0.03983648043327065,-0.006780285702735173,-0.2152225348338308
2021-10-06,1362.82,VNINDEX,12.317572701088656,0.05667846949512692,0.06121673352146631,0.6027728052109377,0.363335054701863,-0.17514069859519898,-0.4071760376667851,-0.048949848713872424,-0.03983648043327065,-0.006780285702735173
2021-10-07,1365.99,VNINDEX,11.80765183805546,0.010579927162219865,0.03907329771446766,0.23233581128549458,0.05397992920568895,0.06121673352146631,-0.17514069859519898,-0.4071760376667851,-0.048949848713872424,-0.03983648043327065
2021-10-08,1372.73,VNINDEX,11.651875094886286,0.0005320978195546555,0.02259683149230088,0.49220172979157656,0.24226254280982015,0.03907329771446766,0.06121673352146631,-0.17514069859519898,-0.4071760376667851,-0.048949848713872424
2021-10-11,1394.09,VNINDEX,13.297880943523886,0.13679724945098745,-0.3534491061071549,1.5440414889097849,2.384064119474745,0.02259683149230088,0.03907329771446766,0.06121673352146631,-0.17514069859519898,-0.4071760376667851
2021-10-12,1394.8,VNINDEX,11.405135344157248,-0.018897818651899462,-0.15822965369134873,0.0509163154759685,0.002592471181648349,-0.3534491061071549,0.02259683149230088,0.03907329771446766,0.06121673352146631,-0.17514069859519898
2021-10-13,1391.91,VNINDEX,11.123315367285237,-0.048828166313708954,0.023023754828460058,-0.20741311697805445,0.043020201094552096,-0.15822965369134873,-0.3534491061071549,0.02259683149230088,0.03907329771446766,0.06121673352146631
2021-10-14,1391.85,VNINDEX,11.682006006413388,0.003409161461592314,-0.02143894116800496,-0.004310716441757583,1.8582276241239155e-05,0.023023754828460058,-0.15822965369134873,-0.3534491061071549,0.02259683149230088,0.03907329771446766
2021-10-15,1392.7,VNINDEX,12.19485155198751,0.04914720251661853,0.0012427325548343415,0.06105115917483568,0.003727244036591123,-0.02143894116800496,0.023023754828460058,-0.15822965369134873,-0.3534491061071549,0.02259683149230088
2021-10-18,1395.53,VNINDEX,12.220033148898743,0.04440089861033841,-0.38209836562037114,0.20299623573445236,0.04120747172235735,0.0012427325548343415,-0.02143894116800496,0.023023754828460058,-0.15822965369134873,-0.3534491061071549
2021-10-19,1395.33,VNINDEX,12.588230408488844,0.07789820900849975,-0.15759580883483032,-0.01433249968413676,0.00020542054719578033,-0.38209836562037114,0.0012427325548343415,-0.02143894116800496,0.023023754828460058,-0.15822965369134873
2021-10-20,1393.8,VNINDEX,12.078442012809237,0.036036917548431635,0.05277867505575695,-0.10971164151310055,0.012036644283499088,-0.15759580883483032,-0.38209836562037114,0.0012427325548343415,-0.02143894116800496,0.023023754828460058
2021-10-21,1384.77,VNINDEX,11.727321230553063,-0.007040555309488383,0.035631523749148075,-0.6499769155244832,0.4224699907147212,0.05277867505575695,-0.15759580883483032,-0.38209836562037114,0.0012427325548343415,-0.02143894116800496
2021-10-22,1389.24,VNINDEX,11.916054912723347,0.012190094987130806,0.013728819075358445,0.32227741564639234,0.10386273263571753,0.035631523749148075,0.05277867505575695,-0.15759580883483032,-0.38209836562037114,0.0012427325548343415
2021-10-25,1385.4,VNINDEX,12.954800438064767,0.11612340319897932,-0.3537435822747126,-0.2767928417132625,0.0766142772237032,0.013728819075358445,0.035631523749148075,0.05277867505575695,-0.15759580883483032,-0.38209836562037114
2021-10-26,1391.63,VNINDEX,11.060261329043692,-0.04998454144706452,-0.17892343536485567,0.44868153758558726,0.20131512217016675,-0.3537435822747126,0.013728819075358445,0.035631523749148075,0.05277867505575695,-0.15759580883483032
2021-10-27,1423.02,VNINDEX,11.884792828309752,0.020086409166130914,0.028741756972682275,2.2305651840497474,4.975421040294883,-0.17892343536485567,-0.3537435822747126,0.013728819075358445,0.035631523749148075,0.05277867505575695
2021-10-28,1438.01,VNINDEX,13.430004664729084,0.15352975749741168,0.04121054173882646,1.0478839554874961,1.0980607841681207,0.028741756972682275,-0.17892343536485567,-0.3537435822747126,0.013728819075358445,0.035631523749148075
2021-10-29,1444.27,VNINDEX,12.520325710698348,0.06245220773702942,0.07868945813352443,0.43437902237612736,0.18868513508044016,0.04121054173882646,0.028741756972682275,-0.17892343536485567,-0.3537435822747126,0.013728819075358445
2021-11-01,1438.97,VNINDEX,12.38049427197661,0.053597593755643325,-0.39059782446595326,-0.3676423724425009,0.13516091401515057,0.07868945813352443,0.04121054173882646,0.028741756972682275,-0.17892343536485567,-0.3537435822747126
2021-11-02,1452.46,VNINDEX,13.022406388861416,0.11219139326213587,-0.1661785945451157,0.9331090761465475,0.8706925479870633,-0.39059782446595326,0.07868945813352443,0.04121054173882646,0.028741756972682275,-0.17892343536485567
2021-11-03,1444.3,VNINDEX,13.92736715069679,0.1932165677572422,0.11966851825834088,-0.5633895513413734,0.31740778656063395,-0.1661785945451157,-0.39059782446595326,0.07868945813352443,0.04121054173882646,0.028741756972682275
2021-11-04,1448.34,VNINDEX,12.133390931473476,0.032359434128308606,0.11258913171589602,0.27932979056126533,0.07802513189500036,0.11966851825834088,-0.1661785945451157,-0.39059782446595326,0.07868945813352443,0.04121054173882646
2021-11-05,1456.51,VNINDEX,13.121705638419094,0.12397833122744512,0.11651811103766577,0.5625090137302231,0.31641639052774834,0.11258913171589602,0.11966851825834088,-0.1661785945451157,-0.39059782446595326,0.07868945813352443
2021-11-08,1467.57,VNINDEX,14.32227458214538,0.2239059490466024,-0.29686624349440716,0.7564808584956256,0.5722632892702788,0.11651811103766577,0.11258913171589602,0.11966851825834088,-0.1661785945451157,-0.39059782446595326
2021-11-09,1461.5,VNINDEX,13.436448742005545,0.15218799038057226,-0.06145092778532957,-0.41446661836916193,0.17178257774236852,-0.29686624349440716,0.11651811103766577,0.11258913171589602,0.11966851825834088,-0.1661785945451157
2021-11-10,1465.02,VNINDEX,15.68018265627477,0.3467232804685404,0.2409390732985721,0.24055886838140586,0.05786856915694255,-0.06145092778532957,-0.29686624349440716,0.11651811103766577,0.11258913171589602,0.11966851825834088
2021-11-11,1462.35,VNINDEX,12.666899973690393,0.08934306580988993,0.19608477888633466,-0.1824163491724631,0.03327572444540998,0.2409390732985721,-0.06145092778532957,-0.29686624349440716,0.11651811103766577,0.11258913171589602
2021-11-12,1473.37,VNINDEX,14.11141645295838,0.2132983522512215,0.2164548995098844,0.7507563228398791,0.5636350562840569,0.19608477888633466,0.2409390732985721,-0.06145092778532957,-0.29686624349440716,0.11651811103766577
2021-11-15,1476.57,VNINDEX,14.051749342098782,0.2069234604060685,-0.2883095332436079,0.21695365025526966,0.04706888635908587,0.2164548995098844,0.19608477888633466,0.2409390732985721,-0.06145092778532957,-0.29686624349440716
2021-11-16,1466.45,VNINDEX,12.33491411312976,0.055572808781046173,-0.07838692978908399,-0.6877316421574369,0.4729748116245648,-0.2883095332436079,0.2164548995098844,0.19608477888633466,0.2409390732985721,-0.06145092778532957
2021-11-17,1475.85,VNINDEX,13.522958492077226,0.15999220398976327,0.14082949105895967,0.6389580927116817,0.40826744424175,-0.07838692978908399,-0.2883095332436079,0.2164548995098844,0.19608477888633466,0.2409390732985721
2021-11-18,1469.83,VNINDEX,14.627913860621623,0.2622923783401281,0.15928579703697962,-0.4087347153149768,0.16706406750361513,0.14082949105895967,-0.07838692978908399,-0.2883095332436079,0.2164548995098844,0.19608477888633466
2021-11-19,1452.35,VNINDEX,15.571745769320215,0.33420960318099324,0.25216472850362853,-1.1963813657157032,1.4313283722317711,0.15928579703697962,0.14082949105895967,-0.07838692978908399,-0.2883095332436079,0.2164548995098844
2021-11-22,1447.25,VNINDEX,13.486845748114678,0.15359889203064836,-0.32214318171565615,-0.3517730210463336,0.12374425833606428,0.25216472850362853,0.15928579703697962,0.14082949105895967,-0.07838692978908399,-0.2883095332436079
2021-11-23,1463.63,VNINDEX,14.206031322607366,0.22593642441389084,-0.07416809903020691,1.1254447379531207,1.2666258581863685,-0.32214318171565615,0.25216472850362853,0.15928579703697962,0.14082949105895967,-0.07838692978908399
2021-11-24,1488.87,VNINDEX,13.329540429998248,0.14161268789050424,0.17371600144501484,1.7097791616498756,2.9233447816121516,-0.07416809903020691,-0.32214318171565615,0.25216472850362853,0.15928579703697962,0.14082949105895967
2021-11-25,1500.81,VNINDEX,14.416658329373858,0.23897302892623015,0.20217404707687553,0.7987519387624206,0.6380046596767257,0.17371600144501484,-0.07416809903020691,-0.32214318171565615,0.25216472850362853,0.15928579703697962
2021-11-26,1493.03,VNINDEX,13.508772884997557,0.15830835570900476,0.17963135750858014,-0.5197350234523864,0.27012449460305266,0.20217404707687553,0.17371600144501484,-0.07416809903020691,-0.32214318171565615,0.25216472850362853
2021-11-29,1484.84,VNINDEX,13.35944021910484,0.1469187592495001,-0.3414137816631124,-0.550058978400178,0.30256487971864754,0.17963135750858014,0.20217404707687553,0.17371600144501484,-0.07416809903020691,-0.32214318171565615
2021-11-30,1478.44,VNINDEX,11.971533700801938,0.0254616150583635,-0.1410825023847399,-0.4319544525780893,0.1865846491020368,-0.3414137816631124,0.17963135750858014,0.20217404707687553,0.17371600144501484,-0.07416809903020691
2021-12-01,1485.19,VNINDEX,13.312199017957143,0.14271834860458488,0.10503290763748327,0.4555232381876962,0.20750142052900458,-0.1410825023847399,-0.3414137816631124,0.17963135750858014,0.20217404707687553,0.17371600144501484
2021-12-02,1482.05,VNINDEX,12.012595759380355,0.039478294565796046,0.0692194194095819,-0.21164457017933447,0.04479342408639523,0.10503290763748327,-0.1410825023847399,-0.3414137816631124,0.17963135750858014,0.20217404707687553
2021-12-03,1443.32,VNINDEX,33.66765990893607,2.207601688002552,0.7965994437243115,-2.6480249068077377,7.012035907074128,0.0692194194095819,0.10503290763748327,-0.1410825023847399,-0.3414137816631124,0.17963135750858014
2021-12-06,1413.58,VNINDEX,11.699479885808081,0.006540751620350532,-0.42988729321997904,-2.082052177897949,4.334941271489592,0.7965994437243115,0.0692194194095819,0.10503290763748327,-0.1410825023847399,-0.3414137816631124
2021-12-07,1446.77,VNINDEX,36.05883140916335,2.448142604990391,0.5939072194216755,2.3207991815382347,5.38610884102854,-0.42988729321997904,0.7965994437243115,0.0692194194095819,0.10503290763748327,-0.1410825023847399
2021-12-08,1452.87,VNINDEX,12.251427700665925,0.040741835304177215,0.8318083973049735,0.4207425058786779,0.1770242562530693,0.5939072194216755,-0.42988729321997904,0.7965994437243115,0.0692194194095819,0.10503290763748327
2021-12-09,1467.98,VNINDEX,12.652680554324057,0.07675570806649537,0.8552133827870216,1.0346395597794698,1.070479018660655,0.8318083973049735,0.5939072194216755,-0.42988729321997904,0.7965994437243115,0.0692194194095819
2021-12-10,1463.54,VNINDEX,31.638368269133405,1.9910439304911234,0.7028471579539324,-0.302914760603479,0.09175735219146298,0.8552133827870216,0.8318083973049735,0.5939072194216755,-0.42988729321997904,0.7965994437243115
2021-12-13,1476.21,VNINDEX,13.392230878465693,0.14096081986797895,-0.36975126325439095,0.861983396543439,0.7430153759165636,0.7028471579539324,0.8552133827870216,0.8318083973049735,0.5939072194216755,-0.42988729321997904
2021-12-14,1476.02,VNINDEX,12.43876527524254,0.06227136167615632,-0.14663042323652664,-0.012871625873484796,0.00016567875262696324,-0.36975126325439095,0.7028471579539324,0.8552133827870216,0.8318083973049735,0.5939072194216755
2021-12-15,1475.5,VNINDEX,11.455301227845872,-0.015057909284865112,0.06272475741975717,-0.03523608211227592,0.001241581482623051,-0.14663042323652664,-0.36975126325439095,0.7028471579539324,0.8552133827870216,0.8318083973049735
2021-12-16,1476.61,VNINDEX,12.097311999797599,0.036869631631829936,0.028027694674374187,0.07520045339161933,0.005655108190305112,0.06272475741975717,-0.14663042323652664,-0.36975126325439095,0.7028471579539324,0.8552133827870216
2021-12-17,1479.79,VNINDEX,12.331758308168324,0.05836231777588541,0.026724680040950494,0.21512658817517993,0.04627944893989347,0.028027694674374187,0.06272475741975717,-0.14663042323652664,-0.36975126325439095,0.7028471579539324
2021-12-20,1477.33,VNINDEX,13.598570907384259,0.16756031119619536,-0.3399226625712465,-0.16637813598869572,0.027681684135072927,0.026724680040950494,0.028027694674374187,0.06272475741975717,-0.14663042323652664,-0.36975126325439095
2021-12-21,1478.74,VNINDEX,12.512617993181808,0.07033010180206758,-0.12779790834162236,0.09539693626551128,0.00910057544884602,-0.3399226625712465,0.026724680040950494,0.028027694674374187,0.06272475741975717,-0.14663042323652664
2021-12-22,1477.67,VNINDEX,12.674773970847191,0.0966059320803268,0.11149878169286365,-0.07238509183229988,0.0052396015195704864,-0.12779790834162236,-0.3399226625712465,0.026724680040950494,0.028027694674374187,0.06272475741975717
2021-12-23,1456.96,VNINDEX,11.941667723982013,0.031059053162003747,0.06599836234813311,-1.4114449736689674,1.992176913695392,0.11149878169286365,-0.12779790834162236,-0.3399226625712465,0.026724680040950494,0.028027694674374187
2021-12-24,1477.03,VNINDEX,11.449088272989922,-0.016145149884984056,0.037173278452449166,1.3681241620800308,1.8717637228671866,0.06599836234813311,0.11149878169286365,-0.12779790834162236,-0.3399226625712465,0.026724680040950494
2021-12-27,1488.88,VNINDEX,10.81325664360748,-0.07788895966419654,-0.46910531823732105,0.7990844668490668,0.6385359851594573,0.037173278452449166,0.06599836234813311,0.11149878169286365,-0.12779790834162236,-0.3399226625712465
2021-12-28,1494.39,VNINDEX,11.540282402970293,-0.009192070473153319,-0.2606861139506376,0.36939373676584086,0.13645173276183134,-0.46910531823732105,0.037173278452449166,0.06599836234813311,0.11149878169286365,-0.12779790834162236
2021-12-29,1485.82,VNINDEX,12.031200811661538,0.03183650690351644,-0.01841484107794411,-0.575128841437707,0.3307731842534792,-0.2606861139506376,-0.46910531823732105,0.037173278452449166,0.06599836234813311,0.11149878169286365
2021-12-30,1485.97,VNINDEX,12.059704493174465,0.0394414543378723,0.02069529692274555,0.010094925962290745,0.00010190753018413172,-0.01841484107794411,-0.2606861139506376,-0.46910531823732105,0.037173278452449166,0.06599836234813311
2021-12-31,1498.28,VNINDEX,9.00688832695893,-0.23001706503073155,-0.052913034596447195,0.8250025849804455,0.6806292652244172,0.02069529692274555,-0.01841484107794411,-0.2606861139506376,-0.46910531823732105,0.037173278452449166
2022-01-04,1525.58,VNINDEX,14.570774030242186,0.2428452325985773,-0.2605236880037265,1.8056882105636078,3.2605099137684044,-0.052913034596447195,0.02069529692274555,-0.01841484107794411,-0.2606861139506376,-0.46910531823732105
2022-01-05,1522.5,VNINDEX,14.830269468170552,0.25535436396351363,0.013675074041009705,-0.2020945020001246,0.04084218773867837,-0.2605236880037265,-0.052913034596447195,0.02069529692274555,-0.01841484107794411,-0.2606861139506376
2022-01-06,1528.57,VNINDEX,15.562278354435907,0.3425781301655108,0.2802592422425343,0.39789372307561865,0.1583194148629771,0.013675074041009705,-0.2605236880037265,-0.052913034596447195,0.02069529692274555,-0.01841484107794411
2022-01-07,1528.48,VNINDEX,13.600099482331517,0.16949868599367435,0.2558103933742334,-0.005888029310998587,3.466888916717849e-05,0.2802592422425343,0.013675074041009705,-0.2605236880037265,-0.052913034596447195,0.02069529692274555
2022-01-10,1503.71,VNINDEX,16.135253255710644,0.3898330476317733,-0.18244088084935411,-1.6338389752851357,2.6694297971607823,0.2558103933742334,0.2802592422425343,0.013675074041009705,-0.2605236880037265,-0.052913034596447195
2022-01-11,1492.31,VNINDEX,16.92191231364639,0.4540013192053331,0.11206157976065342,-0.7610132788407247,0.5791412105719106,-0.18244088084935411,0.2558103933742334,0.2802592422425343,0.013675074041009705,-0.2605236880037265
2022-01-12,1510.51,VNINDEX,18.190253487809585,0.5651376874231222,0.4696573514200765,1.2122087148768768,1.469449968423449,0.11206157976065342,-0.18244088084935411,0.2558103933742334,0.2802592422425343,0.013675074041009705
2022-01-13,1496.05,VNINDEX,15.109198574788303,0.2965487223658403,0.43856257633143225,-0.9619040693410703,0.9252594386149106,0.4696573514200765,0.11206157976065342,-0.18244088084935411,0.2558103933742334,0.2802592422425343
2022-01-14,1496.02,VNINDEX,14.446558118480452,0.24427910028522604,0.3686551700247299,-0.002005300678190074,4.021230809949571e-06,0.43856257633143225,0.4696573514200765,0.11206157976065342,-0.18244088084935411,0.2558103933742334
2022-01-17,1452.84,VNINDEX,14.61977492875765,0.24655501032401325,-0.27955243845839184,-2.928798692136654,8.577861779061374,0.3686551700247299,0.43856257633143225,0.4696573514200765,0.11206157976065342,-0.18244088084935411
2022-01-18,1438.94,VNINDEX,13.639500498609088,0.17733973983078893,-0.05527681742254845,-0.9613530111527605,0.9241996120524797,-0.27955243845839184,0.3686551700247299,0.43856257633143225,0.4696573514200765,0.11206157976065342
2022-01-19,1442.79,VNINDEX,12.684373853085088,0.09247465596864823,0.17212313537448393,0.26720076416800076,0.07139624837196355,-0.05527681742254845,-0.27955243845839184,0.3686551700247299,0.43856257633143225,0.4696573514200765
2022-01-20,1465.3,VNINDEX,13.513623544546506,0.17259798184711966,0.14747079254885276,1.5481260606177893,2.396694299563955,0.17212313537448393,-0.05527681742254845,-0.27955243845839184,0.3686551700247299,0.43856257633143225
2022-01-21,1472.89,VNINDEX,12.837028603579494,0.1162155037687887,0.12709604719485262,0.5166457501292725,0.26692283112663867,0.14747079254885276,0.17212313537448393,-0.05527681742254845,-0.27955243845839184,0.3686551700247299
2022-01-24,1439.71,VNINDEX,11.386299169455556,-0.008827023272661633,-0.41184563050214384,-2.2784752745580015,5.19144957677216,0.12709604719485262,0.14747079254885276,0.17212313537448393,-0.05527681742254845,-0.27955243845839184
2022-01-25,1479.58,VNINDEX,11.33739692600701,-0.019203059587894755,-0.21532164814537713,2.7316559300447194,7.461944120148481,-0.41184563050214384,0.12709604719485262,0.14747079254885276,0.17212313537448393,-0.05527681742254845
2022-01-26,1481.58,VNINDEX,12.61514067227426,0.10113454969781002,0.024368155612418313,0.13508221805779136,0.018247205635412694,-0.21532164814537713,-0.41184563050214384,0.12709604719485262,0.14747079254885276,0.17212313537448393
2022-01-27,1470.76,VNINDEX,10.999231922877094,-0.0431570477542213,0.012924814118565109,-0.7329811907184457,0.5372614259470304,0.024368155612418313,-0.21532164814537713,-0.41184563050214384,0.12709604719485262,0.14747079254885276
2022-01-28,1478.96,VNINDEX,11.630114237643665,0.01096339447667341,0.02298029880675448,0.5559864070657273,0.3091208848418566,0.012924814118565109,0.024368155612418313,-0.21532164814537713,-0.41184563050214384,0.12709604719485262
2022-02-07,1497.66,VNINDEX,13.61112928444975,0.17397204326927204,-0.37605056238820433,1.256475197915702,1.5787299229773026,0.02298029880675448,0.012924814118565109,0.024368155612418313,-0.21532164814537713,-0.41184563050214384
2022-02-08,1500.99,VNINDEX,12.85423754826701,0.11087259218186907,-0.12797835745454034,0.22210003627390038,0.04932842611286786,-0.37605056238820433,0.02298029880675448,0.012924814118565109,0.024368155612418313,-0.21532164814537713
2022-02-09,1505.38,VNINDEX,12.991144304447822,0.12008770744113592,0.13497744763075945,0.29204676205790814,0.08529131122850842,-0.12797835745454034,-0.37605056238820433,0.02298029880675448,0.012924814118565109,0.024368155612418313
2022-02-10,1506.79,VNINDEX,11.645828419670591,0.014585617554911001,0.08184863905930576,0.09362022083651875,0.008764745749478539,0.13497744763075945,-0.12797835745454034,-0.37605056238820433,0.02298029880675448,0.012924814118565109
2022-02-11,1501.71,VNINDEX,13.379573846333283,0.14121534638469946,0.09196289046024927,-0.33771014313026126,0.11404814077306155,0.08184863905930576,0.13497744763075945,-0.12797835745454034,-0.37605056238820433,0.02298029880675448
2022-02-14,1471.96,VNINDEX,13.327913199984069,0.14634057168282233,-0.3174168132308749,-2.0009612777166987,4.003846034921644,0.09196289046024927,0.08184863905930576,0.13497744763075945,-0.12797835745454034,-0.37605056238820433
2022-02-15,1492.75,VNINDEX,12.067279743337416,0.027326309399995113,-0.13023728387906314,1.4025210420541163,1.9670652734045644,-0.3174168132308749,0.09196289046024927,0.08184863905930576,0.13497744763075945,-0.12797835745454034
2022-02-16,1492.1,VNINDEX,12.968986045144435,0.11780725147973786,0.09715804418751889,-0.04355327807259152,0.001896888030868481,-0.13023728387906314,-0.3174168132308749,0.09196289046024927,0.08184863905930576,0.13497744763075945
2022-02-17,1507.99,VNINDEX,12.665238931389547,0.08316744013957203,0.07610033367310212,1.0593114599803606,1.122140769245723,0.09715804418751889,-0.13023728387906314,-0.3174168132308749,0.09196289046024927,0.08184863905930576
2022-02-18,1504.84,VNINDEX,12.295546909138857,0.058635264406567744,0.08653665200862626,-0.20910580071145732,0.0437252358911797,0.07610033367310212,0.09715804418751889,-0.13023728387906314,-0.3174168132308749,0.09196289046024927
2022-02-21,1510.84,VNINDEX,12.605439353176358,0.07255529742158015,-0.36927944739682855,0.39792072879372886,0.15834090640373233,0.08653665200862626,0.07610033367310212,0.09715804418751889,-0.13023728387906314,-0.3174168132308749
2022-02-22,1503.47,VNINDEX,10.721930046273517,-0.08907928994886613,-0.20060422596735317,-0.4890017739459658,0.2391227349223014,-0.36927944739682855,0.08653665200862626,0.07610033367310212,0.09715804418751889,-0.13023728387906314
2022-02-23,1512.3,VNINDEX,11.889477208218445,0.019235274968770782,0.0009037608138286746,0.5855900969152394,0.34291576160519954,-0.20060422596735317,-0.36927944739682855,0.08653665200862626,0.07610033367310212,0.09715804418751889
2022-02-24,1494.85,VNINDEX,12.80569889459256,0.10230479902251655,0.010820261347474186,-1.1605803413906122,1.3469467288223498,0.0009037608138286746,-0.20060422596735317,-0.36927944739682855,0.08653665200862626,0.07610033367310212
2022-02-25,1498.89,VNINDEX,11.305836094599568,-0.03068475661720871,0.030285105791359956,0.2698966812363049,0.07284421854237157,0.010820261347474186,0.0009037608138286746,-0.20060422596735317,-0.36927944739682855,0.08653665200862626
2022-02-28,1490.13,VNINDEX,12.243621328082465,0.05528598795901271,-0.4058223874219261,-0.5861469699412748,0.3435682703713377,0.030285105791359956,0.010820261347474186,0.0009037608138286746,-0.20060422596735317,-0.36927944739682855
2022-03-01,1498.78,VNINDEX,11.375004432630144,-0.021774882293937092,-0.2145441944038643,0.5788079366220902,0.33501862749672157,-0.4058223874219261,0.030285105791359956,0.010820261347474186,0.0009037608138286746,-0.20060422596735317
2022-03-02,1485.52,VNINDEX,12.22790714605554,0.05166376488077523,0.028391623515284098,-0.8886564529619879,0.7897102913909818,-0.2145441944038643,-0.4058223874219261,0.030285105791359956,0.010820261347474186,0.0009037608138286746
2022-03-03,1505.0,VNINDEX,14.764490839315009,0.28060275990615047,0.10349721416432994,1.3028018890635917,1.6972927621476632,0.028391623515284098,-0.2145441944038643,-0.4058223874219261,0.030285105791359956,0.010820261347474186
2022-03-04,1505.33,VNINDEX,12.562916344224021,0.0784072620419409,0.13689126227628928,0.02192450670338173,0.00048068399418663046,0.10349721416432994,0.028391623515284098,-0.2145441944038643,-0.4058223874219261,0.030285105791359956
2022-03-07,1499.05,VNINDEX,14.123974830023872,0.2197100843242981,-0.2577730103001425,-0.4180569133316584,0.17477158278439375,0.13689126227628928,0.10349721416432994,0.028391623515284098,-0.2145441944038643,-0.4058223874219261
2022-03-08,1473.71,VNINDEX,12.794437970053819,0.10026044946387713,-0.059964433423913915,-1.704854327891588,2.9065282793306784,-0.2577730103001425,0.13689126227628928,0.10349721416432994,0.028391623515284098,-0.2145441944038643
2022-03-09,1473.74,VNINDEX,13.483591288086325,0.1630546596152848,0.16100839780115386,0.002035657941670496,4.143903255486161e-06,-0.059964433423913915,-0.2577730103001425,0.13689126227628928,0.10349721416432994,0.028391623515284098
2022-03-10,1479.08,VNINDEX,12.951610820816663,0.10800940273118242,0.12377483727011532,0.36168854325197136,0.13081860231973316,0.16100839780115386,-0.059964433423913915,-0.2577730103001425,0.13689126227628928,0.10349721416432994
2022-03-11,1466.54,VNINDEX,11.748018539482528,0.015108544779703054,0.09539086904205718,-0.8514387977388268,0.7249480262949388,0.12377483727011532,0.16100839780115386,-0.059964433423913915,-0.2577730103001425,0.13689126227628928
2022-03-14,1446.25,VNINDEX,12.045253951387618,0.029283104311435937,-0.38698788146369034,-1.3931885364439272,1.9409742980787716,0.09539086904205718,0.12377483727011532,0.16100839780115386,-0.059964433423913915,-0.2577730103001425
2022-03-15,1452.74,VNINDEX,11.363842163158324,-0.030485490442373753,-0.20732733901441253,0.4477428926820768,0.20047369794731373,-0.38698788146369034,0.09539086904205718,0.12377483727011532,0.16100839780115386,-0.059964433423913915
2022-03-16,1459.33,VNINDEX,12.337838795670685,0.05521230750316519,0.01800330712407619,0.45259978293699443,0.20484656351461447,-0.20732733901441253,-0.38698788146369034,0.09539086904205718,0.12377483727011532,0.16100839780115386
2022-03-17,1461.34,VNINDEX,11.985355718107511,0.02533722018324136,0.016688012414678044,0.1376396729054221,0.018944679557511585,0.01800330712407619,-0.20732733901441253,-0.38698788146369034,0.09539086904205718,0.12377483727011532
2022-03-18,1469.1,VNINDEX,11.713169435760063,0.0021791058723893975,0.02757621118626577,0.5296145383250093,0.2804915592052127,0.016688012414678044,0.01800330712407619,-0.20732733901441253,-0.38698788146369034,0.09539086904205718
2022-03-21,1494.95,VNINDEX,12.94044855134484,0.09929879458274576,-0.33731009631845676,1.744279307306166,3.042510301896478,0.02757621118626577,0.016688012414678044,0.01800330712407619,-0.20732733901441253,-0.38698788146369034
2022-03-22,1503.78,VNINDEX,11.864261799020545,0.013078069412414739,-0.14407048365850372,0.5889176765132832,0.3468240297098041,-0.33731009631845676,0.02757621118626577,0.016688012414678044,0.01800330712407619,-0.20732733901441253
2022-03-23,1502.34,VNINDEX,11.502409961639984,-0.015094749512788885,0.03242737149412439,-0.09580456602811503,0.009178514871835453,-0.14407048365850372,-0.33731009631845676,0.02757621118626577,0.016688012414678044,0.01800330712407619
2022-03-24,1498.26,VNINDEX,11.839212669462903,0.02206162419153379,0.006681648030386983,-0.2719457784744908,0.07395450643009682,0.03242737149412439,-0.14407048365850372,-0.33731009631845676,0.02757621118626577,0.016688012414678044
2022-03-25,1498.5,VNINDEX,11.187700670340199,-0.0324008992032801,-0.008478008174844676,0.016017298716817906,0.00025655385818377656,0.006681648030386983,0.03242737149412439,-0.14407048365850372,-0.33731009631845676,0.02757621118626577
2022-03-28,1483.18,VNINDEX,13.041310188136446,0.1239276168081703,-0.3493734872853169,-1.0276176394186436,1.0559980128443454,-0.008478008174844676,0.006681648030386983,0.03242737149412439,-0.14407048365850372,-0.33731009631845676
2022-03-29,1497.76,VNINDEX,11.607691043633105,0.00020843676959750312,-0.1499225270867041,0.9782227260903045,0.9569197018395469,-0.3493734872853169,-0.008478008174844676,0.006681648030386983,0.03242737149412439,-0.14407048365850372
2022-03-30,1490.51,VNINDEX,15.137338666527134,0.3023454266443155,0.14216049340736156,-0.4852315369814052,0.2354496444813368,-0.1499225270867041,-0.3493734872853169,-0.008478008174844676,0.006681648030386983,0.03242737149412439
2022-03-31,1492.15,VNINDEX,11.826389357690232,0.0071753903727792,0.1032430845955645,0.10996896496908279,0.012093173256371357,0.14216049340736156,-0.1499225270867041,-0.3493734872853169,-0.008478008174844676,0.006681648030386983
2022-04-01,1516.44,VNINDEX,13.006759831407829,0.13037618910917073,0.14663233537542222,1.6147449655278288,2.607401303697469,0.1032430845955645,0.14216049340736156,-0.1499225270867041,-0.3493734872853169,-0.008478008174844676
2022-04-04,1524.7,VNINDEX,12.52989456244266,0.08679420914042033,-0.3550205214486501,0.5432186819271748,0.2950865363946971,0.14663233537542222,0.1032430845955645,0.14216049340736156,-0.1499225270867041,-0.3493734872853169
2022-04-05,1520.03,VNINDEX,11.472543984820058,-0.009497311409148612,-0.16615562850854299,-0.3067597890203018,0.09410156815978009,-0.3550205214486501,0.14663233537542222,0.1032430845955645,0.14216049340736156,-0.1499225270867041
2022-04-06,1522.9,VNINDEX,12.970613275158614,0.11307936768741969,0.06345875513956423,0.18863403699867334,0.03558279991441687,-0.16615562850854299,-0.3550205214486501,0.14663233537542222,0.1032430845955645,0.14216049340736156
2022-04-07,1502.35,VNINDEX,10.435591969133071,-0.10301774307784037,0.0001881044001441068,-1.3585863042638149,1.845756746133211,0.06345875513956423,-0.16615562850854299,-0.3550205214486501,0.14663233537542222,0.1032430845955645
2022-04-08,1482.0,VNINDEX,11.710013630798628,0.004968614867228549,0.005010079825603059,-1.3638021958974895,1.8599564295348143,0.0001881044001441068,0.06345875513956423,-0.16615562850854299,-0.3550205214486501,0.14663233537542222
2022-04-12,1455.25,VNINDEX,11.356134445641782,-0.022607596377335393,-0.4574554521710636,-1.8214819704187324,3.317796568560508,0.005010079825603059,0.0001881044001441068,0.06345875513956423,-0.16615562850854299,-0.3550205214486501
2022-04-13,1477.2,VNINDEX,11.458358377740389,-0.011181159689907044,-0.22272772635285304,1.4970696826563212,2.2412176347286983,-0.4574554521710636,0.005010079825603059,0.0001881044001441068,0.06345875513956423,-0.16615562850854299
2022-04-14,1472.12,VNINDEX,10.810002183579122,-0.06843319207956008,-0.03407398271560044,-0.3444865273172693,0.11867096750311174,-0.22272772635285304,-0.4574554521710636,0.005010079825603059,0.0001881044001441068,0.06345875513956423
2022-04-15,1458.56,VNINDEX,10.646351443253153,-0.08574388769266203,-0.055119413154042646,-0.9253891087970787,0.8563450026802516,-0.03407398271560044,-0.22272772635285304,-0.4574554521710636,0.005010079825603059,0.0001881044001441068
2022-04-18,1432.6,VNINDEX,10.887241828900336,-0.06559296866544609,-0.4451855366317994,-1.7958672436913976,3.2251391569637375,-0.055119413154042646,-0.03407398271560044,-0.22272772635285304,-0.4574554521710636,0.005010079825603059
2022-04-19,1406.45,VNINDEX,10.597581667158197,-0.09188267313505627,-0.26248398928603567,-1.8422176118019755,3.3937657292333743,-0.4451855366317994,-0.055119413154042646,-0.03407398271560044,-0.22272772635285304,-0.4574554521710636
2022-04-20,1384.72,VNINDEX,13.782487742292261,0.18340484481733563,0.008643067672278154,-1.5570845944187717,2.4245124341762705,-0.26248398928603567,-0.4451855366317994,-0.055119413154042646,-0.03407398271560044,-0.22272772635285304
2022-04-21,1370.21,VNINDEX,13.35452471677564,0.15019890116381848,0.0805736909486997,-1.0533940371334731,1.109638997468357,0.008643067672278154,-0.26248398928603567,-0.4451855366317994,-0.055119413154042646,-0.03407398271560044
2022-04-22,1379.23,VNINDEX,12.35999705497407,0.05749276346456331,0.13036550314857284,0.6561359666193561,0.4305144066915168,0.0805736909486997,0.008643067672278154,-0.26248398928603567,-0.4451855366317994,-0.055119413154042646
2022-04-25,1310.92,VNINDEX,28.37499391073412,1.6545324587985313,0.11786268984485801,-5.0796191631746295,25.802530842890924,0.13036550314857284,0.0805736909486997,0.008643067672278154,-0.26248398928603567,-0.4451855366317994
2022-04-26,1341.34,VNINDEX,29.2422252204888,1.7621624743151902,0.911783611197379,2.293993349678462,5.262405488369011,0.11786268984485801,0.13036550314857284,0.0805736909486997,0.008643067672278154,-0.26248398928603567
2022-04-27,1353.77,VNINDEX,12.397737028950793,0.05915819163135991,1.1586177082483609,0.9224178704575299,0.8508547277394044,0.911783611197379,0.11786268984485801,0.13036550314857284,0.0805736909486997,0.008643067672278154
2022-04-28,1350.99,VNINDEX,11.189195433000787,-0.04136603386843718,0.5933182106927047,-0.2055635974311758,0.04225639258884651,1.1586177082483609,0.911783611197379,0.11786268984485801,0.13036550314857284,0.0805736909486997
2022-04-29,1366.8,VNINDEX,10.925015615163726,-0.05302403103601333,-0.011743957757696433,1.163458423283261,1.3536355027087716,0.5933182106927047,1.1586177082483609,0.911783611197379,0.11786268984485801,0.13036550314857284
2022-05-04,1348.68,VNINDEX,9.973338240986328,-0.14029166136931348,-0.4953328651535846,-1.3345904922960652,1.7811317821270536,-0.011743957757696433,0.5933182106927047,1.1586177082483609,0.911783611197379,0.11786268984485801
2022-05-05,1360.68,VNINDEX,9.046643144572723,-0.21813245784372723,-0.33619730691342453,0.88582384535726,0.7846838850035229,-0.4953328651535846,-0.011743957757696433,0.5933182106927047,1.1586177082483609,0.911783611197379
2022-05-06,1329.26,VNINDEX,8.847547680218966,-0.23316808500889186,-0.1971974014073104,-2.3362178376290985,5.457913784856381,-0.33619730691342453,-0.4953328651535846,-0.011743957757696433,0.5933182106927047,1.1586177082483609
2022-05-09,1269.62,VNINDEX,26.421082072001926,1.4879211837895738,0.031974790635640016,-4.5904753314267,21.07246376843707,-0.1971974014073104,-0.33619730691342453,-0.4953328651535846,-0.011743957757696433,0.5933182106927047
2022-05-10,1293.56,VNINDEX,24.411803295987898,1.2945519865473627,0.689924685734454,1.8680464244135073,3.4895974437640893,0.031974790635640016,-0.1971974014073104,-0.33619730691342453,-0.4953328651535846,-0.011743957757696433
2022-05-11,1301.53,VNINDEX,10.545560967974343,-0.09965540708503498,0.8942725877506343,0.6142388170185644,0.37728932433236545,0.689924685734454,0.031974790635640016,-0.1971974014073104,-0.33619730691342453,-0.4953328651535846
2022-05-12,1238.84,VNINDEX,8.704087723031337,-0.25009899284825865,0.3149325288713568,-4.936503760551491,24.369069377939013,0.8942725877506343,0.689924685734454,0.031974790635640016,-0.1971974014073104,-0.33619730691342453
2022-05-13,1182.77,VNINDEX,9.768335112073038,-0.15635679549012205,-0.16870373180780482,-4.63163127774672,21.452008293001718,0.3149325288713568,0.8942725877506343,0.689924685734454,0.031974790635640016,-0.1971974014073104
2022-05-16,1171.95,VNINDEX,10.215179127510805,-0.12947477833111865,-0.5189227617574905,-0.9190117001666385,0.8445825050431754,-0.16870373180780482,0.3149325288713568,0.8942725877506343,0.689924685734454,0.031974790635640016
2022-05-17,1228.37,VNINDEX,10.362119985521087,-0.11484136529446923,-0.33229443177782353,4.701905914520819,22.10791922900586,-0.5189227617574905,-0.16870373180780482,0.3149325288713568,0.8942725877506343,0.689924685734454
2022-05-18,1240.76,VNINDEX,10.250347862883796,-0.12609583927265727,-0.12347066096608128,1.0036007820346209,1.0072145297005026,-0.33229443177782353,-0.5189227617574905,-0.16870373180780482,0.3149325288713568,0.8942725877506343
2022-05-19,1241.64,VNINDEX,9.176834146015608,-0.20950210940684616,-0.1501464379913238,0.07089913284422383,0.0050266870380628985,-0.12347066096608128,-0.33229443177782353,-0.5189227617574905,-0.16870373180780482,0.3149325288713568
2022-05-20,1240.71,VNINDEX,9.023863385890092,-0.23423296877601374,-0.1899436391518386,-0.07492900223669509,0.005614355376186658,-0.1501464379913238,-0.12347066096608128,-0.33229443177782353,-0.5189227617574905,-0.16870373180780482
2022-05-23,1218.81,VNINDEX,9.820489718416509,-0.15595458136160692,-0.5468969626774618,-1.7808823512999574,3.1715419491716648,-0.1899436391518386,-0.1501464379913238,-0.12347066096608128,-0.33229443177782353,-0.5189227617574905
2022-05-24,1233.38,VNINDEX,9.421818300194523,-0.19518192491597008,-0.3761624301301031,1.1883395216718025,1.4121508187671683,-0.5468969626774618,-0.1899436391518386,-0.1501464379913238,-0.12347066096608128,-0.33229443177782353
2022-05-25,1268.43,VNINDEX,9.901311129211582,-0.1443112954477196,-0.1651492672417651,2.802154714312455,7.852071042943518,-0.3761624301301031,-0.5468969626774618,-0.1899436391518386,-0.1501464379913238,-0.12347066096608128
2022-05-26,1268.57,VNINDEX,26.48317868025304,1.5094103533256285,0.38997237765397996,0.011036657480653935,0.00012180780834527447,-0.1651492672417651,-0.3761624301301031,-0.5468969626774618,-0.1899436391518386,-0.1501464379913238
2022-05-27,1285.45,VNINDEX,9.833143789008833,-0.14465132837912498,0.40681590983292837,1.3218569773906574,1.747305868676365,0.38997237765397996,-0.1651492672417651,-0.3761624301301031,-0.5468969626774618,-0.1899436391518386
2022-05-30,1293.92,VNINDEX,9.349196922057917,-0.19030991931182167,-0.5439787257337615,0.6567518769463326,0.43132302787253085,0.40681590983292837,0.38997237765397996,-0.1651492672417651,-0.3761624301301031,-0.5468969626774618
2022-05-31,1292.68,VNINDEX,9.46782922757538,-0.1868294282133845,-0.36533927498428953,-0.09587876710674896,0.009192737981910207,-0.5439787257337615,0.40681590983292837,0.38997237765397996,-0.1651492672417651,-0.3761624301301031
2022-06-01,1299.52,VNINDEX,8.873327850209773,-0.2285211581033569,-0.2018868352095206,0.527738282148846,0.27850769444541496,-0.36533927498428953,-0.5439787257337615,0.40681590983292837,0.38997237765397996,-0.1651492672417651
2022-06-02,1288.62,VNINDEX,8.216423940854687,-0.2844802994485235,-0.23327696192175457,-0.8423087193674749,0.7094839787224755,-0.2018868352095206,-0.36533927498428953,-0.5439787257337615,0.40681590983292837,0.38997237765397996
2022-06-03,1287.98,VNINDEX,8.271342944103257,-0.2865518798170454,-0.2665177791229749,-0.0496778710829766,0.002467890875336843,-0.23327696192175457,-0.2018868352095206,-0.36533927498428953,-0.5439787257337615,0.40681590983292837
2022-06-06,1290.01,VNINDEX,9.307281780652136,-0.20396260439712094,-0.5501197719502522,0.15748706702276438,0.02480217627943268,-0.2665177791229749,-0.23327696192175457,-0.2018868352095206,-0.36533927498428953,-0.5439787257337615
2022-06-07,1291.35,VNINDEX,8.405271479562439,-0.28330986961003773,-0.40733452443808343,0.10382125084169905,0.010778852126334995,-0.5501197719502522,-0.2665177791229749,-0.23327696192175457,-0.2018868352095206,-0.36533927498428953
2022-06-08,1307.91,VNINDEX,9.086265917879569,-0.21996555732081965,-0.235746010442659,1.2742260538287742,1.62365203625605,-0.40733452443808343,-0.5501197719502522,-0.2665177791229749,-0.23327696192175457,-0.2018868352095206
2022-06-09,1307.8,VNINDEX,8.913894681128943,-0.2662734156993069,-0.25651628087672096,-0.008410718318539526,7.074018263381634e-05,-0.235746010442659,-0.40733452443808343,-0.5501197719502522,-0.2665177791229749,-0.23327696192175457
2022-06-10,1284.08,VNINDEX,8.611340903643747,-0.29409595423121254,-0.2601116424171126,-1.8303827522213285,3.3503010196293252,-0.25651628087672096,-0.235746010442659,-0.40733452443808343,-0.5501197719502522,-0.2665177791229749
2022-06-13,1227.04,VNINDEX,8.649999000547709,-0.2658988416920057,-0.56347415681408,-4.543774358841319,20.64588542406384,-0.2601116424171126,-0.25651628087672096,-0.235746010442659,-0.40733452443808343,-0.5501197719502522
2022-06-14,1230.31,VNINDEX,8.959914069218117,-0.23080525071325836,-0.4076559135923261,0.26614051153790835,0.07083077188165952,-0.56347415681408,-0.2601116424171126,-0.25651628087672096,-0.235746010442659,-0.40733452443808343
2022-06-15,1213.93,VNINDEX,9.765806729571024,-0.16286279052279934,-0.2198556276426874,-1.3403139800951929,1.796441565238617,-0.4076559135923261,-0.56347415681408,-0.2601116424171126,-0.25651628087672096,-0.235746010442659
2022-06-16,1236.63,VNINDEX,9.820489718416509,-0.15595458136160692,-0.18320754086588778,1.8526907567149724,3.432463040017097,-0.2198556276426874,-0.4076559135923261,-0.56347415681408,-0.2601116424171126,-0.25651628087672096
2022-06-17,1217.3,VNINDEX,9.833974069773772,-0.16252275759139398,-0.16044670982526632,-1.5754646482575327,2.4820888579092313,-0.18320754086588778,-0.2198556276426874,-0.4076559135923261,-0.56347415681408,-0.2601116424171126
2022-06-20,1180.4,VNINDEX,9.860234729279057,-0.14871974146182504,-0.5080038533131026,-3.078192734676622,9.475270511815939,-0.16044670982526632,-0.18320754086588778,-0.2198556276426874,-0.4076559135923261,-0.56347415681408
2022-06-21,1172.47,VNINDEX,9.626206543955389,-0.17611409721516535,-0.34637585679874267,-0.6740729429630908,0.4543743324349223,-0.5080038533131026,-0.16044670982526632,-0.18320754086588778,-0.2198556276426874,-0.4076559135923261
2022-06-22,1169.27,VNINDEX,8.696747050636688,-0.251481099192542,-0.1921049792898437,-0.2733012197620607,0.07469355672343019,-0.34637585679874267,-0.5080038533131026,-0.16044670982526632,-0.18320754086588778,-0.2198556276426874
2022-06-23,1188.88,VNINDEX,10.050299880209403,-0.13232797660242707,-0.1866410576700444,1.663206500878098,2.766255864563167,-0.1921049792898437,-0.34637585679874267,-0.5080038533131026,-0.16044670982526632,-0.18320754086588778
2022-06-24,1185.48,VNINDEX,7.733071340265632,-0.3390305300637748,-0.2409465352862476,-0.28639316059311654,0.08202104243451463,-0.1866410576700444,-0.1921049792898437,-0.34637585679874267,-0.5080038533131026,-0.16044670982526632
2022-06-27,1202.82,VNINDEX,8.944023572914539,-0.22167513013927434,-0.5777762769268449,1.4521044000056933,2.1086071885158946,-0.2409465352862476,-0.1866410576700444,-0.1921049792898437,-0.34637585679874267,-0.5080038533131026
2022-06-28,1218.1,VNINDEX,9.702093427302128,-0.1684148619897584,-0.3741026420320738,1.2623467861473296,1.593519408496492,-0.5777762769268449,-0.2409465352862476,-0.1866410576700444,-0.1921049792898437,-0.34637585679874267
2022-06-29,1218.09,VNINDEX,8.85200171815282,-0.23838012354444565,-0.20949003855782575,-0.0008209540306808992,6.739655204912147e-07,-0.3741026420320738,-0.5777762769268449,-0.2409465352862476,-0.1866410576700444,-0.1921049792898437
2022-06-30,1197.6,VNINDEX,8.752024305844035,-0.25346452971390404,-0.2200865050827023,-1.6964504060187764,2.8779439800812714,-0.20949003855782575,-0.3741026420320738,-0.5777762769268449,-0.2409465352862476,-0.1866410576700444
2022-07-01,1198.9,VNINDEX,7.4943531026050305,-0.35223305775184693,-0.2813592370033985,0.1084915608189449,0.01177041876893082,-0.2200865050827023,-0.20949003855782575,-0.3741026420320738,-0.5777762769268449,-0.2409465352862476
2022-07-04,1195.53,VNINDEX,8.06562331127241,-0.30279331363217366,-0.5937996783377194,-0.28148680271945464,0.07923482010522118,-0.2813592370033985,-0.2200865050827023,-0.20949003855782575,-0.3741026420320738,-0.5777762769268449
2022-07-05,1181.29,VNINDEX,8.698558929221145,-0.24515140385418444,-0.4338263983175917,-1.198254001791784,1.4358126528100246,-0.5937996783377194,-0.2813592370033985,-0.2200865050827023,-0.20949003855782575,-0.3741026420320738
2022-07-06,1149.61,VNINDEX,9.027845395017785,-0.2214854282521387,-0.2564767152461652,-2.7184307263712895,7.389865614079536,-0.4338263983175917,-0.5937996783377194,-0.2813592370033985,-0.2200865050827023,-0.20949003855782575
2022-07-07,1166.48,VNINDEX,7.835813149479516,-0.3264199183913534,-0.26435225016589176,1.4567912603247133,2.1222407761584665,-0.2564767152461652,-0.4338263983175917,-0.5937996783377194,-0.2813592370033985,-0.2200865050827023
2022-07-08,1171.31,VNINDEX,7.654061808055018,-0.3443441206393044,-0.2974164890942651,0.41321135537656867,0.17074362421214093,-0.26435225016589176,-0.2564767152461652,-0.4338263983175917,-0.5937996783377194,-0.2813592370033985
2022-07-11,1155.29,VNINDEX,8.385879463645642,-0.2777712003358946,-0.6010804397665132,-1.3771385870692503,1.896510687995091,-0.2974164890942651,-0.26435225016589176,-0.2564767152461652,-0.4338263983175917,-0.5937996783377194
2022-07-12,1174.82,VNINDEX,9.307168003804753,-0.18591487549053237,-0.4118739057745513,1.6763549662779775,2.8101659729648394,-0.6010804397665132,-0.2974164890942651,-0.26435225016589176,-0.2564767152461652,-0.4338263983175917
2022-07-13,1173.92,VNINDEX,8.90463681401077,-0.22882182019189634,-0.23083596533944067,-0.07663683881987095,0.005873205064302878,-0.4118739057745513,-0.6010804397665132,-0.2974164890942651,-0.26435225016589176,-0.2564767152461652
2022-07-14,1182.17,VNINDEX,8.756242329374807,-0.2496967787197435,-0.22147782480072364,0.7003156685748266,0.4904420356514064,-0.23083596533944067,-0.4118739057745513,-0.6010804397665132,-0.2974164890942651,-0.26435225016589176
2022-07-15,1179.25,VNINDEX,7.509527094991052,-0.36153947802015074,-0.28001935897726316,-0.2473089487061454,0.061161716110138854,-0.22147782480072364,-0.23083596533944067,-0.4118739057745513,-0.6010804397665132,-0.2974164890942651
2022-07-18,1176.49,VNINDEX,8.54535215469255,-0.26090247369363756,-0.5756854956241054,-0.23432138205826303,0.05490651008969447,-0.28001935897726316,-0.22147782480072364,-0.23083596533944067,-0.4118739057745513,-0.6010804397665132
2022-07-19,1178.33,VNINDEX,7.7376476157551854,-0.33517462922245433,-0.43949048275122327,0.1562752460459743,0.024421952526729802,-0.5756854956241054,-0.28001935897726316,-0.22147782480072364,-0.23083596533944067,-0.4118739057745513
2022-07-20,1194.14,VNINDEX,7.560114297861463,-0.34933108047624456,-0.3151360611307784,1.3328079206034973,1.7763769532234184,-0.43949048275122327,-0.5756854956241054,-0.28001935897726316,-0.22147782480072364,-0.23083596533944067
2022-07-21,1198.47,VNINDEX,9.110714698800397,-0.21249223652960825,-0.2989993154094353,0.36194822617565514,0.13100651843170322,-0.3151360611307784,-0.43949048275122327,-0.5756854956241054,-0.28001935897726316,-0.22147782480072364
2022-07-22,1194.76,VNINDEX,8.161740952009202,-0.29138850860971593,-0.28440394187185586,-0.3100414896927186,0.09612572533088014,-0.2989993154094353,-0.3151360611307784,-0.43949048275122327,-0.5756854956241054,-0.28001935897726316
2022-07-25,1188.5,VNINDEX,7.912416536743814,-0.31854438347162684,-0.6204326698877592,-0.5253320574863907,0.2759737706228845,-0.28440394187185586,-0.2989993154094353,-0.3151360611307784,-0.43949048275122327,-0.5756854956241054
2022-07-26,1185.07,VNINDEX,8.794554332402239,-0.242814538208601,-0.4480240251242612,-0.28901632457252213,0.08353043586940946,-0.6204326698877592,-0.28440394187185586,-0.2989993154094353,-0.3151360611307784,-0.43949048275122327
2022-07-27,1191.04,VNINDEX,7.282245315700173,-0.37866008774665316,-0.3133396698089599,0.5025030459307807,0.25250931116971226,-0.4480240251242612,-0.6204326698877592,-0.28440394187185586,-0.2989993154094353,-0.3151360611307784
2022-07-28,1208.12,VNINDEX,8.556072109144717,-0.26499685542638757,-0.29549049379388015,1.4238557295605971,2.02736513860254,-0.3133396698089599,-0.4480240251242612,-0.6204326698877592,-0.28440394187185586,-0.2989993154094353
2022-07-29,1206.33,VNINDEX,7.596972674263214,-0.34869038545629993,-0.3307824428764464,-0.14827396118746333,0.021985167566221382,-0.29549049379388015,-0.3133396698089599,-0.4480240251242612,-0.6204326698877592,-0.28440394187185586
2022-08-01,1231.35,VNINDEX,34.454954146786605,2.3308813518781557,0.26569803767446776,2.052843576482227,4.214166749504341,-0.3307824428764464,-0.29549049379388015,-0.3133396698089599,-0.4480240251242612,-0.6204326698877592
2022-08-02,1241.62,VNINDEX,8.429362008524485,-0.2759246986659861,0.42340243198752336,0.8305850084255788,0.6898714562213188,0.26569803767446776,-0.3307824428764464,-0.29549049379388015,-0.3133396698089599,-0.4480240251242612
2022-08-03,1249.76,VNINDEX,9.688609075944866,-0.16184668575997135,0.6310366558173999,0.6534554315346626,0.4270040010021521,0.42340243198752336,0.26569803767446776,-0.3307824428764464,-0.29549049379388015,-0.3133396698089599
2022-08-04,1254.15,VNINDEX,7.912416536743814,-0.31854438347162684,-0.252105255965861,0.3506519402189432,0.1229567831793093,0.6310366558173999,0.42340243198752336,0.26569803767446776,-0.3307824428764464,-0.29549049379388015
2022-08-05,1252.74,VNINDEX,8.475014683946563,-0.26766035181056036,-0.24935047368071933,-0.11248998948375191,0.012653997734054616,-0.252105255965861,0.6310366558173999,0.42340243198752336,0.26569803767446776,-0.3307824428764464
2022-08-08,1256.75,VNINDEX,8.0435806752979,-0.3128285787675821,-0.6043208400511976,0.319587120334541,0.1021359274837244,-0.24935047368071933,-0.252105255965861,0.6310366558173999,0.42340243198752336,0.26569803767446776
2022-08-09,1258.85,VNINDEX,8.815021104195372,-0.24808875794126461,-0.4424630188620914,0.16695821973392078,0.027875047136720173,-0.6043208400511976,-0.24935047368071933,-0.252105255965861,0.6310366558173999,0.42340243198752336
2022-08-10,1256.5,VNINDEX,8.149086881416878,-0.30269176159219785,-0.28786969943368107,-0.18685277863769748,0.03491396088462837,-0.4424630188620914,-0.6043208400511976,-0.24935047368071933,-0.252105255965861,0.6310366558173999
2022-08-11,1252.07,VNINDEX,7.533853638356179,-0.3631340966058136,-0.3046382053797582,-0.35318963434082096,0.12474291780580281,-0.28786969943368107,-0.4424630188620914,-0.6043208400511976,-0.24935047368071933,-0.252105255965861
2022-08-12,1262.33,VNINDEX,6.5672997542326454,-0.4301620040734206,-0.3653292874238102,0.8161037977338002,0.6660254086755314,-0.3046382053797582,-0.28786969943368107,-0.4424630188620914,-0.6043208400511976,-0.24935047368071933
2022-08-15,1274.2,VNINDEX,8.043702912853599,-0.30376063939070774,-0.6033962997678659,0.9359311064811427,0.8759670360790162,-0.3653292874238102,-0.3046382053797582,-0.28786969943368107,-0.4424630188620914,-0.6043208400511976
2022-08-16,1274.69,VNINDEX,7.890137886366223,-0.3195998590773208,-0.4681258271783152,0.03844810925824173,0.0014782571055336933,-0.6033962997678659,-0.3653292874238102,-0.3046382053797582,-0.28786969943368107,-0.4424630188620914
2022-08-17,1275.28,VNINDEX,8.052374974318226,-0.3052049269321009,-0.3095218084667094,0.04627505504209142,0.002141380719148591,-0.4681258271783152,-0.6033962997678659,-0.3653292874238102,-0.3046382053797582,-0.28786969943368107
2022-08-18,1273.66,VNINDEX,7.476292475758214,-0.3495207823633803,-0.32477518945760026,-0.1271116792175986,0.016157378993517692,-0.3095218084667094,-0.4681258271783152,-0.6033962997678659,-0.3653292874238102,-0.3046382053797582
2022-08-19,1269.18,VNINDEX,7.5551797704131305,-0.3532751311647249,-0.33600028015340155,-0.3523622906101206,0.12415918384401108,-0.32477518945760026,-0.3095218084667094,-0.4681258271783152,-0.6033962997678659,-0.3653292874238102
2022-08-22,1260.43,VNINDEX,7.1720490572442595,-0.3746050768567692,-0.6350794851172247,-0.6918090059627331,0.4785997007311449,-0.33600028015340155,-0.32477518945760026,-0.3095218084667094,-0.4681258271783152,-0.6033962997678659
2022-08-23,1270.81,VNINDEX,7.5336176239530985,-0.35415430707609913,-0.5027272494713741,0.8201559855774084,0.6726558406784502,-0.6350794851172247,-0.33600028015340155,-0.32477518945760026,-0.3095218084667094,-0.4681258271783152
2022-08-24,1277.16,VNINDEX,8.463578225576839,-0.2637422697721301,-0.33083388456833235,0.4984370417692645,0.24843948460769552,-0.5027272494713741,-0.6350794851172247,-0.33600028015340155,-0.32477518945760026,-0.3095218084667094
2022-08-25,1288.88,VNINDEX,8.645329567001337,-0.24581806752417915,-0.28790488145746906,0.9134761341778054,0.8344386477124279,-0.33083388456833235,-0.5027272494713741,-0.6350794851172247,-0.33600028015340155,-0.32477518945760026
2022-08-26,1282.57,VNINDEX,7.000781655868848,-0.3876438713077557,-0.29906806953468784,-0.4907746730603462,0.24085977971748973,-0.28790488145746906,-0.33083388456833235,-0.5027272494713741,-0.6350794851172247,-0.33600028015340155
2022-08-29,1270.8,VNINDEX,8.352522606857105,-0.27482044405599837,-0.6121302835332636,-0.9219254056766664,0.8499464536320859,-0.29906806953468784,-0.28790488145746906,-0.33083388456833235,-0.5027272494713741,-0.6350794851172247
2022-08-30,1279.39,VNINDEX,7.8706236328937305,-0.3231291291800518,-0.46244415173278963,0.6736778426303008,0.4538418356510164,-0.6121302835332636,-0.29906806953468784,-0.28790488145746906,-0.33083388456833235,-0.5027272494713741
2022-08-31,1280.51,VNINDEX,7.1869870352272,-0.37493170759535854,-0.3242937602771358,0.08750342368560145,0.007656849156701877,-0.46244415173278963,-0.6121302835332636,-0.29906806953468784,-0.28790488145746906,-0.33083388456833235
2022-09-05,1277.35,VNINDEX,7.4459360302778554,-0.3580236101102356,-0.6582878946583186,-0.24708167043018997,0.061049351862573015,-0.3242937602771358,-0.46244415173278963,-0.6121302835332636,-0.29906806953468784,-0.28790488145746906
2022-09-06,1277.4,VNINDEX,8.131026254570063,-0.29997948620373116,-0.48370165008871735,0.0039142773270620405,1.532156699315195e-05,-0.6582878946583186,-0.3242937602771358,-0.46244415173278963,-0.6121302835332636,-0.29906806953468784
2022-09-07,1243.17,VNINDEX,7.176503095178114,-0.379817115392323,-0.3459400705687628,-2.7162193079400976,7.377847328826583,-0.48370165008871735,-0.6582878946583186,-0.3242937602771358,-0.46244415173278963,-0.6121302835332636
2022-09-08,1234.6,VNINDEX,6.93308634447226,-0.40594348329858987,-0.3619133616315476,-0.6917538088292496,0.47852333202977404,-0.3459400705687628,-0.48370165008871735,-0.6582878946583186,-0.3242937602771358,-0.46244415173278963
2022-09-09,1248.78,VNINDEX,7.842079065997828,-0.3253022615885496,-0.3703542867598204,1.1420043738419698,1.3041739898741895,-0.3619133616315476,-0.3459400705687628,-0.48370165008871735,-0.6582878946583186,-0.3242937602771358
2022-09-12,1249.62,VNINDEX,7.651655663108701,-0.34178217629510743,-0.6359746421181696,0.06724303807647322,0.004521626169754028,-0.3703542867598204,-0.3619133616315476,-0.3459400705687628,-0.48370165008871735,-0.6582878946583186
2022-09-13,1248.4,VNINDEX,6.861295247100596,-0.41894290690671043,-0.5215009657697854,-0.09767736823553257,0.009540868265419826,-0.6359746421181696,-0.3703542867598204,-0.3619133616315476,-0.3459400705687628,-0.48370165008871735
2022-09-14,1240.77,VNINDEX,7.595519047637536,-0.35493193094749764,-0.3718856713831047,-0.6130576776296617,0.3758397161006742,-0.5215009657697854,-0.6359746421181696,-0.3703542867598204,-0.3619133616315476,-0.3459400705687628
2022-09-15,1245.66,VNINDEX,6.689791831322103,-0.4230019118279825,-0.39895891656072974,0.3933355296185023,0.1547128388602677,-0.3718856713831047,-0.5215009657697854,-0.6359746421181696,-0.3703542867598204,-0.3619133616315476
2022-09-16,1234.03,VNINDEX,7.210955326633549,-0.3766144760281813,-0.38484943960122003,-0.9380273563547527,0.8798953212698861,-0.39895891656072974,-0.3718856713831047,-0.5215009657697854,-0.6359746421181696,-0.3703542867598204
2022-09-19,1205.43,VNINDEX,7.209501700007872,-0.382856021519379,-0.6603256243468486,-2.3448886609740693,5.498502832364764,-0.38484943960122003,-0.39895891656072974,-0.3718856713831047,-0.5215009657697854,-0.6359746421181696
2022-09-20,1218.93,VNINDEX,6.935850741377355,-0.40841727779562703,-0.5271695176010223,1.1137074971089553,1.2403443891166936,-0.6603256243468486,-0.38484943960122003,-0.39895891656072974,-0.3718856713831047,-0.5215009657697854
2022-09-21,1210.55,VNINDEX,7.623469348171578,-0.34386715885644537,-0.3783801527238167,-0.6898622943472986,0.4759099851621189,-0.5271695176010223,-0.6603256243468486,-0.38484943960122003,-0.39895891656072974,-0.3718856713831047
2022-09-22,1214.7,VNINDEX,7.35222453448738,-0.3719903594768902,-0.3747582653763204,0.3422330935383977,0.11712349031286168,-0.3783801527238167,-0.5271695176010223,-0.6603256243468486,-0.38484943960122003,-0.39895891656072974
2022-09-23,1203.28,VNINDEX,7.266232581840895,-0.3785979065495434,-0.3648184749609592,-0.944597135926737,0.8922637492009945,-0.3747582653763204,-0.3783801527238167,-0.5271695176010223,-0.6603256243468486,-0.38484943960122003
2022-09-26,1174.35,VNINDEX,6.642685529274346,-0.4375078041746061,-0.6596057142749546,-2.433635832492504,5.922583365191483,-0.3648184749609592,-0.3747582653763204,-0.3783801527238167,-0.5271695176010223,-0.6603256243468486
2022-09-27,1166.54,VNINDEX,6.449261715077044,-0.4425341348544123,-0.5527528322867696,-0.6672700535513119,0.4452493243663706,-0.6596057142749546,-0.3648184749609592,-0.3747582653763204,-0.3783801527238167,-0.5271695176010223
2022-09-28,1143.62,VNINDEX,6.86358761519953,-0.40345712234431874,-0.4278330204577786,-1.9843432558898477,3.9376181571955216,-0.5527528322867696,-0.6596057142749546,-0.3648184749609592,-0.3747582653763204,-0.3783801527238167
2022-09-29,1126.07,VNINDEX,7.928071018644313,-0.3186947145158965,-0.38822865723820876,-1.5464975197571356,2.391654578614972,-0.4278330204577786,-0.5527528322867696,-0.6596057142749546,-0.3648184749609592,-0.3747582653763204
2022-09-30,1132.11,VNINDEX,7.2997116761851295,-0.37248072345256533,-0.3648775201042597,0.5349453456950302,0.2861665228807753,-0.38822865723820876,-0.4278330204577786,-0.5527528322867696,-0.6596057142749546,-0.3648184749609592
2022-10-03,1086.44,VNINDEX,8.257593498844033,-0.30400852844356524,-0.6318582019759202,-4.117685220911394,16.955331578512116,-0.3648775201042597,-0.38822865723820876,-0.4278330204577786,-0.5527528322867696,-0.6596057142749546
2022-10-04,1078.14,VNINDEX,8.456094696835928,-0.28008126159584606,-0.4646366798631947,-0.766896181146886,0.5881297526576773,-0.6318582019759202,-0.3648775201042597,-0.38822865723820876,-0.4278330204577786,-0.5527528322867696
2022-10-05,1104.26,VNINDEX,7.281887063741395,-0.37874823759381304,-0.3209460092110743,2.393809318952159,5.7303230555022,-0.4646366798631947,-0.6318582019759202,-0.3648775201042597,-0.38822865723820876,-0.4278330204577786
2022-10-06,1074.52,VNINDEX,7.963475768420385,-0.3242955649871496,-0.3277083547256024,-2.7301377138083933,7.453651936358921,-0.3209460092110743,-0.4646366798631947,-0.6318582019759202,-0.3648775201042597,-0.38822865723820876
2022-10-07,1035.91,VNINDEX,8.57449098795031,-0.2676209809676944,-0.32355492784955187,-3.659378275894115,13.391049366085785,-0.3277083547256024,-0.3209460092110743,-0.4646366798631947,-0.6318582019759202,-0.3648775201042597
2022-10-10,1042.48,VNINDEX,9.21886306426877,-0.21389715322813546,-0.5050756288089229,0.6322222377736505,0.39970495793552224,-0.32355492784955187,-0.3277083547256024,-0.3209460092110743,-0.4646366798631947,-0.6318582019759202
2022-10-11,1006.2,VNINDEX,9.347743295432238,-0.19655146480301944,-0.3803735708056581,-3.5421630779432305,12.54691927074426,-0.5050756288089229,-0.32355492784955187,-0.3277083547256024,-0.3209460092110743,-0.4646366798631947
2022-10-12,1034.81,VNINDEX,8.059357394754096,-0.3039109704349775,-0.23811986282204367,2.803697591109357,7.860720182392412,-0.3803735708056581,-0.5050756288089229,-0.32355492784955187,-0.3277083547256024,-0.3209460092110743
2022-10-13,1050.99,VNINDEX,7.726447171788542,-0.34023633671373843,-0.2802329239839113,1.5514742115514746,2.4070722291092697,-0.23811986282204367,-0.3803735708056581,-0.5050756288089229,-0.32355492784955187,-0.3277083547256024
2022-10-14,1061.85,VNINDEX,7.562162190849001,-0.35198117466760137,-0.33204282727210527,1.028009280448136,1.0568030806874944,-0.2802329239839113,-0.23811986282204367,-0.3803735708056581,-0.5050756288089229,-0.32355492784955187
2022-10-17,1051.58,VNINDEX,7.89290228327132,-0.3220736535743579,-0.6248542395161533,-0.971887485170393,0.9445652838308309,-0.33204282727210527,-0.2802329239839113,-0.23811986282204367,-0.3803735708056581,-0.5050756288089229
2022-10-18,1063.66,VNINDEX,7.575052275844403,-0.349657711214834,-0.49462502593071067,1.1421995926185295,1.304619909377935,-0.6248542395161533,-0.33204282727210527,-0.2802329239839113,-0.23811986282204367,-0.3803735708056581
2022-10-19,1060.07,VNINDEX,6.541397346686143,-0.4438768703558296,-0.37186941171500665,-0.3380847301222812,0.1143012847418557,-0.49462502593071067,-0.6248542395161533,-0.33204282727210527,-0.2802329239839113,-0.23811986282204367
2022-10-20,1058.45,VNINDEX,7.612032889801854,-0.339949076818015,-0.3778278861295591,-0.15293698579774198,0.023389721624898732,-0.37186941171500665,-0.49462502593071067,-0.6248542395161533,-0.33204282727210527,-0.2802329239839113
2022-10-21,1019.82,VNINDEX,25.211310145009197,1.4171915864704265,0.21112187976552776,-3.7179432686273985,13.823102148731785,-0.3778278861295591,-0.37186941171500665,-0.49462502593071067,-0.6248542395161533,-0.33204282727210527
2022-10-24,986.15,VNINDEX,7.937101332067719,-0.32005085221012985,-0.6280403406336698,-3.3572947267802746,11.27142788246664,0.21112187976552776,-0.3778278861295591,-0.37186941171500665,-0.49462502593071067,-0.6248542395161533
2022-10-25,997.7,VNINDEX,7.827018850459188,-0.3340435702268345,-0.4879377066490537,1.1644157069949188,1.3558639386964766,-0.6280403406336698,0.21112187976552776,-0.3778278861295591,-0.37186941171500665,-0.49462502593071067
2022-10-26,993.36,VNINDEX,8.992554422089095,-0.2339323066874743,-0.29600890970814575,-0.4359493810874788,0.19005186287055584,-0.4879377066490537,-0.6280403406336698,0.21112187976552776,-0.3778278861295591,-0.37186941171500665
2022-10-27,1028.01,VNINDEX,8.21630170329899,-0.2935482388253977,-0.2871747052465683,3.4287037485669907,11.756009395437333,-0.29600890970814575,-0.4879377066490537,-0.6280403406336698,0.21112187976552776,-0.3778278861295591
2022-10-28,1027.36,VNINDEX,8.07393712077826,-0.3043257510207267,-0.27726876551119906,-0.0632489548518375,0.004000430289849778,-0.2871747052465683,-0.29600890970814575,-0.4879377066490537,-0.6280403406336698,0.21112187976552776
2022-10-31,1027.94,VNINDEX,8.093809626209532,-0.3007083310708357,-0.5894576023398018,0.056439450727031965,0.003185411598369069,-0.27726876551119906,-0.2871747052465683,-0.29600890970814575,-0.4879377066490537,-0.6280403406336698
2022-11-01,1033.75,VNINDEX,7.806910330624835,-0.328681200647011,-0.4616150861695052,0.5636167784892596,0.31766387299461113,-0.5894576023398018,-0.27726876551119906,-0.2871747052465683,-0.29600890970814575,-0.4879377066490537
2022-11-02,1023.19,VNINDEX,7.402567262246395,-0.3779178406867326,-0.3357691241348593,-1.0267769381386394,1.0542708806933592,-0.4616150861695052,-0.5894576023398018,-0.27726876551119906,-0.2871747052465683,-0.29600890970814575
2022-11-03,1019.81,VNINDEX,7.6212992176283425,-0.3502850040419627,-0.3522946817919016,-0.3308862539253212,0.10948571303673216,-0.3357691241348593,-0.4616150861695052,-0.5894576023398018,-0.27726876551119906,-0.2871747052465683
2022-11-04,997.15,VNINDEX,7.914228415328271,-0.31221468813326925,-0.34680584428732103,-2.2470404418030934,5.049190747098641,-0.3522946817919016,-0.3357691241348593,-0.4616150861695052,-0.5894576023398018,-0.27726876551119906
2022-11-07,975.19,VNINDEX,8.484403249328752,-0.26892833965763385,-0.5949716343076911,-2.226888619155334,4.95903292212355,-0.34680584428732103,-0.3522946817919016,-0.3357691241348593,-0.4616150861695052,-0.5894576023398018
2022-11-08,981.65,VNINDEX,7.395471064963143,-0.36116406827726744,-0.46002807103525695,0.660250553708076,0.43593079367182086,-0.5949716343076911,-0.34680584428732103,-0.3522946817919016,-0.3357691241348593,-0.4616150861695052
2022-11-09,985.59,VNINDEX,8.391428876246396,-0.27682984322741044,-0.30230741705410347,0.4005617279129104,0.16044969786857646,-0.46002807103525695,-0.5949716343076911,-0.34680584428732103,-0.3522946817919016,-0.3357691241348593
2022-11-10,947.24,VNINDEX,8.909090851944626,-0.23403385872745017,-0.2906759234107089,-3.9687953656066153,15.751336654060546,-0.30230741705410347,-0.46002807103525695,-0.5949716343076911,-0.34680584428732103,-0.3522946817919016
2022-11-11,954.53,VNINDEX,9.44555057719779,-0.1878849038190784,-0.23291620192464585,0.7666579772165383,0.5877644540297541,-0.2906759234107089,-0.30230741705410347,-0.46002807103525695,-0.5949716343076911,-0.34680584428732103
2022-11-14,941.04,VNINDEX,8.475731187864122,-0.26748405211624066,-0.5842324401899593,-1.4233426087800674,2.0259041819688477,-0.23291620192464585,-0.2906759234107089,-0.30230741705410347,-0.46002807103525695,-0.5949716343076911
2022-11-15,911.9,VNINDEX,8.775398330888525,-0.24625565846417222,-0.42084190303377295,-3.1455311712566045,9.894366349346946,-0.5842324401899593,-0.23291620192464585,-0.2906759234107089,-0.30230741705410347,-0.46002807103525695
2022-11-16,942.9,VNINDEX,10.466315421360648,-0.09598920813085018,-0.20324297290375387,3.3429897532011745,11.17558049000805,-0.42084190303377295,-0.5842324401899593,-0.23291620192464585,-0.2906759234107089,-0.30230741705410347
2022-11-17,969.26,VNINDEX,9.97093209604001,-0.13772971702511652,-0.1599915278733791,2.757266128179439,7.602516501605635,-0.20324297290375387,-0.42084190303377295,-0.5842324401899593,-0.23291620192464585,-0.2906759234107089
2022-11-18,969.33,VNINDEX,9.771836631686256,-0.1527653441902811,-0.1288280897820821,0.007221743641557603,5.215358122437767e-05,-0.1599915278733791,-0.20324297290375387,-0.42084190303377295,-0.5842324401899593,-0.23291620192464585
2022-11-21,960.65,VNINDEX,7.476528490161295,-0.35850057189309464,-0.5907974803659373,-0.8994972512131266,0.8090953049399706,-0.1288280897820821,-0.1599915278733791,-0.20324297290375387,-0.42084190303377295,-0.5842324401899593
2022-11-22,952.12,VNINDEX,7.5459134425866425,-0.34293920394077715,-0.48606762043816,-0.8919061409863668,0.7954965643291928,-0.5907974803659373,-0.1288280897820821,-0.1599915278733791,-0.20324297290375387,-0.42084190303377295
2022-11-23,946.0,VNINDEX,6.910571679691589,-0.39801916937456944,-0.36648631506947993,-0.6448508215968447,0.41583258211412566,-0.48606762043816,-0.5907974803659373,-0.1288280897820821,-0.1599915278733791,-0.20324297290375387
2022-11-24,947.71,VNINDEX,6.515882270597295,-0.42449897240505774,-0.38848578190680094,0.1805979231004184,0.032615609828184636,-0.36648631506947993,-0.48606762043816,-0.5907974803659373,-0.1288280897820821,-0.1599915278733791
2022-11-25,971.46,VNINDEX,6.7963934121079825,-0.4067116990085604,-0.40974328026272877,2.475154624383381,6.126390414606435,-0.38848578190680094,-0.36648631506947993,-0.48606762043816,-0.5907974803659373,-0.1288280897820821
2022-11-28,1005.69,VNINDEX,8.725792725837628,-0.23426293145745178,-0.5779908946987617,3.4629057551224967,11.99171626886051,-0.40974328026272877,-0.38848578190680094,-0.36648631506947993,-0.48606762043816,-0.5907974803659373
2022-11-29,1032.16,VNINDEX,7.964335128684205,-0.3091623798133972,-0.43318703464144287,2.5979820705990497,6.749510839154126,-0.5779908946987617,-0.40974328026272877,-0.38848578190680094,-0.36648631506947993,-0.48606762043816
2022-11-30,1048.42,VNINDEX,7.381864476050181,-0.36366383142435466,-0.3023630475650674,1.563057517164887,2.4431488019656613,-0.43318703464144287,-0.5779908946987617,-0.40974328026272877,-0.38848578190680094,-0.36648631506947993
2022-12-01,1036.28,VNINDEX,9.068563542991534,-0.21716513208519309,-0.29666378110764785,-1.1646891382312075,1.3565007887137526,-0.3023630475650674,-0.43318703464144287,-0.5779908946987617,-0.40974328026272877,-0.38848578190680094
2022-12-02,1080.01,VNINDEX,8.321213643056108,-0.27451978196745896,-0.2851162484923351,4.133292276138943,17.084105039989844,-0.29666378110764785,-0.3023630475650674,-0.43318703464144287,-0.5779908946987617,-0.40974328026272877
2022-12-05,1093.67,VNINDEX,8.722527220627494,-0.24683417228700716,-0.5790909604896715,1.2568712804954318,1.5797254157342264,-0.2851162484923351,-0.29666378110764785,-0.3023630475650674,-0.43318703464144287,-0.5779908946987617
2022-12-06,1048.69,VNINDEX,8.707703019491936,-0.2645552704550064,-0.425794733612194,-4.1997246960240915,17.637687522394646,-0.5790909604896715,-0.2851162484923351,-0.29666378110764785,-0.3023630475650674,-0.43318703464144287
2022-12-07,1041.02,VNINDEX,9.481899384586185,-0.22940491240918898,-0.24693145171706699,-0.7340764453086848,0.5388682275570345,-0.425794733612194,-0.5790909604896715,-0.2851162484923351,-0.29666378110764785,-0.3023630475650674
2022-12-08,1050.53,VNINDEX,8.81754102598907,-0.2686984311920502,-0.254219538018748,0.9093796980608443,0.8269714352452323,-0.24693145171706699,-0.425794733612194,-0.5790909604896715,-0.2851162484923351,-0.29666378110764785
2022-12-09,1051.81,VNINDEX,8.13512204054514,-0.3052796745864448,-0.26779433939589414,0.1217690914088294,0.01482771162253185,-0.254219538018748,-0.24693145171706699,-0.425794733612194,-0.5790909604896715,-0.2851162484923351
2022-12-12,1032.07,VNINDEX,8.696388798677908,-0.2515692490397018,-0.5875848534413162,-1.8945995422422595,3.589507425464579,-0.26779433939589414,-0.254219538018748,-0.24693145171706699,-0.425794733612194,-0.5790909604896715
2022-12-13,1047.45,VNINDEX,7.758174165903135,-0.32956186093690765,-0.45736506944392497,1.479214476159536,2.1880754664799307,-0.5875848534413162,-0.26779433939589414,-0.254219538018748,-0.24693145171706699,-0.425794733612194
2022-12-14,1050.43,VNINDEX,7.1685854909081215,-0.38501854571972444,-0.3220498852321108,0.2840965168950333,0.08071083091188994,-0.45736506944392497,-0.5875848534413162,-0.26779433939589414,-0.254219538018748,-0.24693145171706699
2022-12-15,1055.32,VNINDEX,8.019840331189018,-0.3125788180626689,-0.3423864082397665,0.4644434325143632,0.21570770200572384,-0.3220498852321108,-0.45736506944392497,-0.5875848534413162,-0.26779433939589414,-0.254219538018748
2022-12-16,1052.48,VNINDEX,8.713574334308433,-0.2451582557399906,-0.3142518731741275,-0.2694754453555723,0.07261701564958402,-0.3423864082397665,-0.3220498852321108,-0.45736506944392497,-0.5875848534413162,-0.26779433939589414
2022-12-19,1038.4,VNINDEX,7.905365382749175,-0.31331359463825764,-0.6305502487213718,-1.346821705086648,1.813928705292506,-0.3142518731741275,-0.3423864082397665,-0.3220498852321108,-0.45736506944392497,-0.5875848534413162
2022-12-20,1023.13,VNINDEX,7.216314129841058,-0.37327265090106754,-0.5012811357728073,-1.4814510847974203,2.1946973166474533,-0.6305502487213718,-0.3142518731741275,-0.3423864082397665,-0.3220498852321108,-0.45736506944392497
2022-12-21,1018.88,VNINDEX,7.332058141206068,-0.36853800737380144,-0.35170808430437506,-0.4162571325942675,0.1732700004356016,-0.5012811357728073,-0.6305502487213718,-0.3142518731741275,-0.3423864082397665,-0.3220498852321108
2022-12-22,1022.61,VNINDEX,6.914994768762037,-0.4033174609912429,-0.38170937308870345,0.3654197816895378,0.13353161685002948,-0.35170808430437506,-0.5012811357728073,-0.6305502487213718,-0.3142518731741275,-0.3423864082397665
2022-12-23,1020.34,VNINDEX,7.15495173612123,-0.3866260845871493,-0.3861605176507308,-0.22222775243669568,0.049385173953065305,-0.38170937308870345,-0.35170808430437506,-0.5012811357728073,-0.6305502487213718,-0.3142518731741275
2022-12-26,985.21,VNINDEX,7.305848494065333,-0.3684288774453628,-0.6451957392612863,-3.5036367650262576,12.27547058124366,-0.3861605176507308,-0.38170937308870345,-0.35170808430437506,-0.5012811357728073,-0.6305502487213718
2022-12-27,1004.57,VNINDEX,7.506144360494149,-0.34537360752180335,-0.4929536358921669,1.9460051819979256,3.7869361683627796,-0.6451957392612863,-0.3861605176507308,-0.38170937308870345,-0.35170808430437506,-0.5012811357728073
2022-12-28,1015.66,VNINDEX,6.907503033246102,-0.4050269851240723,-0.372943156697079,1.0979058224624818,1.2053971949970186,-0.4929536358921669,-0.6451957392612863,-0.3861605176507308,-0.38170937308870345,-0.35170808430437506
2022-12-29,1009.29,VNINDEX,6.668924681626756,-0.4270934952999953,-0.3924980293152898,-0.6291534123978495,0.3958340163318585,-0.372943156697079,-0.4929536358921669,-0.6451957392612863,-0.3861605176507308,-0.38170937308870345
2022-12-30,1007.09,VNINDEX,5.986489602798779,-0.480804932634812,-0.43764180435295935,-0.2182129234545081,0.04761687996256301,-0.3924980293152898,-0.372943156697079,-0.4929536358921669,-0.6451957392612863,-0.3861605176507308
2023-01-03,1043.9,VNINDEX,6.770232124951652,-0.4021909926630313,-0.6739512502439434,3.5898715309997895,12.887177609082773,-0.43764180435295935,-0.3924980293152898,-0.372943156697079,-0.4929536358921669,-0.6451957392612863
2023-01-04,1046.35,VNINDEX,6.942473478827941,-0.39942672396800405,-0.5274983435294333,0.23442182724255917,0.054953593087740255,-0.6739512502439434,-0.43764180435295935,-0.3924980293152898,-0.372943156697079,-0.4929536358921669
2023-01-05,1055.82,VNINDEX,6.52209806677522,-0.42761715668174094,-0.40974495777092496,0.9009798505046536,0.8117646910153878,-0.5274983435294333,-0.6739512502439434,-0.43764180435295935,-0.3924980293152898,-0.372943156697079
2023-01-06,1051.44,VNINDEX,5.916147305008489,-0.481117755958387,-0.43605387886937685,-0.41570630179722806,0.17281172935392805,-0.40974495777092496,-0.5274983435294333,-0.6739512502439434,-0.43764180435295935,-0.3924980293152898
2023-01-09,1054.21,VNINDEX,6.624682478162523,-0.4181404478285021,-0.6531429865905001,0.2631018068422908,0.0692225607636781,-0.43605387886937685,-0.40974495777092496,-0.5274983435294333,-0.6739512502439434,-0.43764180435295935
2023-01-10,1053.35,VNINDEX,6.419221801575985,-0.43558116726992513,-0.5418480578181555,-0.08161096696963657,0.006660349929719112,-0.6531429865905001,-0.43605387886937685,-0.40974495777092496,-0.5274983435294333,-0.6739512502439434
2023-01-11,1055.76,VNINDEX,6.349572764224238,-0.44829438784711617,-0.4340053343151806,0.2285325136094723,0.052227109776663644,-0.5418480578181555,-0.6531429865905001,-0.43605387886937685,-0.40974495777092496,-0.5274983435294333
2023-01-12,1056.39,VNINDEX,5.905132329391743,-0.4769139184759007,-0.4535964911976469,0.0596548558277754,0.003558701823832669,-0.4340053343151806,-0.5418480578181555,-0.6531429865905001,-0.43605387886937685,-0.40974495777092496
2023-01-13,1060.17,VNINDEX,5.270535442311382,-0.5282544617155673,-0.4844875893461943,0.3571837338677847,0.12758021973973244,-0.4535964911976469,-0.4340053343151806,-0.5418480578181555,-0.6531429865905001,-0.43605387886937685
2023-01-16,1066.68,VNINDEX,6.130660633848061,-0.4594803436975118,-0.7147940580209691,0.6121748436054156,0.37475803914331507,-0.4844875893461943,-0.4535964911976469,-0.4340053343151806,-0.5418480578181555,-0.6531429865905001
2023-01-17,1088.29,VNINDEX,6.189696102209674,-0.4534509846263958,-0.5793841668970628,2.0056635975378816,4.022686466488597,-0.7147940580209691,-0.4844875893461943,-0.4535964911976469,-0.4340053343151806,-0.5418480578181555
2023-01-18,1098.28,VNINDEX,7.130485306714846,-0.3761674835136357,-0.42969960394584733,0.913766265068557,0.8349687871773404,-0.5793841668970628,-0.7147940580209691,-0.4844875893461943,-0.4535964911976469,-0.4340053343151806
2023-01-19,1108.08,VNINDEX,5.440624266689469,-0.5055263044416511,-0.4450482575272271,0.8883468199194876,0.7891600724610666,-0.42969960394584733,-0.5793841668970628,-0.7147940580209691,-0.4844875893461943,-0.4535964911976469
2023-01-27,1117.1,VNINDEX,7.153966621870755,-0.3727129890684788,-0.6544470435946137,0.8107253709959392,0.6572756271765033,-0.4450482575272271,-0.42969960394584733,-0.5793841668970628,-0.7147940580209691,-0.4844875893461943
2023-01-30,1102.57,VNINDEX,7.418754620630837,-0.3507556088209944,-0.616906171407017,-1.3092223207845244,1.7140630852404162,-0.6544470435946137,-0.4450482575272271,-0.42969960394584733,-0.5793841668970628,-0.7147940580209691
2023-01-31,1111.18,VNINDEX,8.606408820387273,-0.2520458106412021,-0.46255238879401195,0.7778695349085447,0.6050810133388357,-0.616906171407017,-0.6544470435946137,-0.4450482575272271,-0.42969960394584733,-0.5793841668970628
2023-02-01,1075.97,VNINDEX,8.032014816916252,-0.3034077878699711,-0.3020697357773887,-3.219993342588876,10.368357126316683,-0.46255238879401195,-0.616906171407017,-0.6544470435946137,-0.4450482575272271,-0.42969960394584733
2023-02-02,1077.59,VNINDEX,7.510725463028006,-0.34796276147383065,-0.3011387866616675,0.15044858797242164,0.022634777622895494,-0.3020697357773887,-0.46255238879401195,-0.616906171407017,-0.6544470435946137,-0.4450482575272271
2023-02-03,1077.15,VNINDEX,6.5117763515970175,-0.4358137164528706,-0.362394755265557,-0.04084019474419579,0.0016679215067438376,-0.3011387866616675,-0.3020697357773887,-0.46255238879401195,-0.616906171407017,-0.6544470435946137
2023-02-06,1089.29,VNINDEX,6.6907355272308875,-0.4167511688179544,-0.6606122906410449,1.120744361435231,1.2560679236888639,-0.362394755265557,-0.3011387866616675,-0.3020697357773887,-0.46255238879401195,-0.616906171407017
2023-02-07,1065.84,VNINDEX,6.869512401867505,-0.40555092364149037,-0.5342113446367296,-2.176288718683224,4.736232587067869,-0.6606122906410449,-0.362394755265557,-0.3011387866616675,-0.3020697357773887,-0.46255238879401195
2023-02-08,1072.22,VNINDEX,6.863954090220412,-0.40847433490619517,-0.4102588091218795,0.5968044803848023,0.35617558780737385,-0.5342113446367296,-0.6606122906410449,-0.362394755265557,-0.3011387866616675,-0.3020697357773887
2023-02-09,1064.03,VNINDEX,7.558855508587554,-0.3471045656437351,-0.38704327473047306,-0.7667679462978293,0.5879330834697908,-0.4102588091218795,-0.5342113446367296,-0.6606122906410449,-0.362394755265557,-0.3011387866616675
2023-02-10,1055.3,VNINDEX,29.399901744915486,1.8586970933088633,0.36770606425297825,-0.8238499315781725,0.6787287097613596,-0.38704327473047306,-0.4102588091218795,-0.5342113446367296,-0.6606122906410449,-0.362394755265557
2023-02-13,1043.7,VNINDEX,7.2803242022259,-0.3612944840351376,-0.6463549430217908,-1.1052994851038405,1.2216869517708149,0.36770606425297825,-0.38704327473047306,-0.4102588091218795,-0.5342113446367296,-0.6606122906410449
2023-02-14,1038.64,VNINDEX,7.734794498424665,-0.32296569537016884,-0.49766693780888815,-0.4859926774007952,0.2361888824871934,-0.6463549430217908,0.36770606425297825,-0.38704327473047306,-0.4102588091218795,-0.5342113446367296
2023-02-15,1048.2,VNINDEX,7.679472476298353,-0.3464717743335509,-0.343577317912952,0.9162242316067856,0.8394668425834446,-0.49766693780888815,-0.6463549430217908,0.36770606425297825,-0.38704327473047306,-0.4102588091218795
2023-02-16,1058.29,VNINDEX,7.969193154136764,-0.3091977302307799,-0.32621173331149944,0.9579990570462059,0.9177621933014197,-0.343577317912952,-0.49766693780888815,-0.6463549430217908,0.36770606425297825,-0.38704327473047306
2023-02-17,1059.31,VNINDEX,7.041745850606554,-0.3833609942110606,-0.3463434995917967,0.09633548157200339,0.009280525009709805,-0.32621173331149944,-0.343577317912952,-0.49766693780888815,-0.6463549430217908,0.36770606425297825
2023-02-20,1086.69,VNINDEX,7.548424240594672,-0.3459261246913579,-0.6292873314687603,2.551862610050503,6.512002780573765,-0.3463434995917967,-0.32621173331149944,-0.343577317912952,-0.49766693780888815,-0.6463549430217908
2023-02-21,1082.23,VNINDEX,7.8028905241765525,-0.33216530421500323,-0.4874672677732267,-0.4112651721900918,0.16913904185654585,-0.6292873314687603,-0.3463434995917967,-0.32621173331149944,-0.343577317912952,-0.49766693780888815
2023-02-22,1054.28,VNINDEX,7.271461756107358,-0.3770545351315402,-0.35171532134596667,-2.6165657662536517,6.846416409130559,-0.4874672677732267,-0.6292873314687603,-0.3463434995917967,-0.32621173331149944,-0.343577317912952
2023-02-23,1053.66,VNINDEX,7.725056490870327,-0.3341876516714076,-0.3478024970059832,-0.05882520544974433,0.0034604047962046303,-0.35171532134596667,-0.4874672677732267,-0.6292873314687603,-0.3463434995917967,-0.32621173331149944
2023-02-24,1039.56,VNINDEX,7.560708279136585,-0.3461300952221668,-0.3524574273417044,-1.3472270725769167,1.8150207850841686,-0.3478024970059832,-0.35171532134596667,-0.4874672677732267,-0.6292873314687603,-0.3463434995917967
2023-02-27,1021.25,VNINDEX,6.740324841850093,-0.42345646431313183,-0.6744042560809959,-1.77701795158365,3.1577928002505513,-0.3524574273417044,-0.3478024970059832,-0.35171532134596667,-0.4874672677732267,-0.6292873314687603
2023-02-28,1024.68,VNINDEX,6.245828842726448,-0.47114596437553913,-0.5727750640389886,0.3353001533302572,0.11242619282329398,-0.6744042560809959,-0.3524574273417044,-0.3478024970059832,-0.35171532134596667,-0.4874672677732267
2023-03-01,1040.55,VNINDEX,6.710912707915346,-0.4261333142044953,-0.440245247631055,1.536905079190489,2.362077222441523,-0.5727750640389886,-0.6744042560809959,-0.3524574273417044,-0.3478024970059832,-0.35171532134596667
2023-03-02,1037.61,VNINDEX,6.504868323704945,-0.44054863711580916,-0.44594263856528077,-0.28294279183384,0.08005662345072773,-0.440245247631055,-0.5727750640389886,-0.6744042560809959,-0.3524574273417044,-0.3478024970059832
2023-03-03,1024.77,VNINDEX,6.1784988255956765,-0.4571094496023618,-0.44126380030755497,-1.2451794431732965,1.5504718457013609,-0.44594263856528077,-0.440245247631055,-0.5727750640389886,-0.6744042560809959,-0.3524574273417044
2023-03-06,1027.18,VNINDEX,6.047669695521354,-0.4753138014071824,-0.6801380236580344,0.23489861918128785,0.05517736129327569,-0.44126380030755497,-0.44594263856528077,-0.440245247631055,-0.5727750640389886,-0.6744042560809959
2023-03-07,1037.84,VNINDEX,5.949082679044045,-0.48435426768233925,-0.5792508452332074,1.0324446921595314,1.0659420423683896,-0.6801380236580344,-0.44126380030755497,-0.44594263856528077,-0.440245247631055,-0.5727750640389886
2023-03-08,1049.18,VNINDEX,6.448159780701547,-0.43925392157195925,-0.46630733022049314,1.0867276405691888,1.180976964777076,-0.5792508452332074,-0.6801380236580344,-0.44126380030755497,-0.44594263856528077,-0.440245247631055
2023-03-09,1055.95,VNINDEX,5.924040447151036,-0.49029593081411904,-0.47130137335613875,0.6431928991934556,0.4136971055728827,-0.46630733022049314,-0.5792508452332074,-0.6801380236580344,-0.44126380030755497,-0.44594263856528077
2023-03-10,1053.0,VNINDEX,6.414064896555503,-0.44939227752319133,-0.45964737663642274,-0.2797602526407907,0.07826579895763904,-0.47130137335613875,-0.46630733022049314,-0.5792508452332074,-0.6801380236580344,-0.44126380030755497
2023-03-13,1052.8,VNINDEX,6.597422873725978,-0.4407811862987545,-0.6786736098075163,-0.018995156292279533,0.0003608159625681267,-0.45964737663642274,-0.47130137335613875,-0.46630733022049314,-0.5792508452332074,-0.6801380236580344
2023-03-14,1040.13,VNINDEX,6.446598863964448,-0.4417410902585821,-0.5644427086711012,-1.2107576247483298,1.4659340258862175,-0.6786736098075163,-0.45964737663642274,-0.47130137335613875,-0.46630733022049314,-0.5792508452332074
2023-03-15,1062.19,VNINDEX,6.5715050803971735,-0.44218475463537055,-0.4415690103975686,2.098710919751753,4.404587524685249,-0.5644427086711012,-0.6786736098075163,-0.45964737663642274,-0.47130137335613875,-0.46630733022049314
2023-03-16,1047.4,VNINDEX,6.658493413633874,-0.4259150543476181,-0.43661363308052314,-1.4021911675699594,1.966140070411206,-0.4415690103975686,-0.5644427086711012,-0.6786736098075163,-0.45964737663642274,-0.47130137335613875
2023-03-17,1045.14,VNINDEX,6.0579993158367955,-0.4865429023714553,-0.45154757045148086,-0.21600551279619568,0.04665838155834745,-0.43661363308052314,-0.4415690103975686,-0.5644427086711012,-0.6786736098075163,-0.45964737663642274
2023-03-20,1023.1,VNINDEX,5.929497111120688,-0.4974231795613102,-0.7003568325500257,-2.1313613832531133,4.542701346022625,-0.45154757045148086,-0.43661363308052314,-0.4415690103975686,-0.5644427086711012,-0.6786736098075163
2023-03-21,1032.43,VNINDEX,6.081188777180774,-0.48157570966124386,-0.5974622493225047,0.9078013041829955,0.8241032078763476,-0.7003568325500257,-0.45154757045148086,-0.43661363308052314,-0.4415690103975686,-0.5644427086711012
2023-03-22,1040.54,VNINDEX,6.7160775180730665,-0.43174786468663184,-0.4702489179697281,0.7824562224272407,0.6122377400151076,-0.5974622493225047,-0.7003568325500257,-0.45154757045148086,-0.43661363308052314,-0.4415690103975686
2023-03-23,1045.1,VNINDEX,6.210566543332676,-0.4752335272665529,-0.46285236720480905,0.43727654494612017,0.19121077676001624,-0.4702489179697281,-0.5974622493225047,-0.7003568325500257,-0.45154757045148086,-0.43661363308052314
2023-03-24,1046.79,VNINDEX,5.984636832249748,-0.48177940305638023,-0.4629202650031877,0.1615764086708806,0.026106935838979422,-0.46285236720480905,-0.4702489179697281,-0.5974622493225047,-0.7003568325500257,-0.45154757045148086
2023-03-27,1052.25,VNINDEX,6.444563792418165,-0.45057786313860254,-0.6939227520563938,0.5202389963513292,0.2706486133246383,-0.4629202650031877,-0.46285236720480905,-0.4702489179697281,-0.5974622493225047,-0.7003568325500257
2023-03-28,1054.29,VNINDEX,6.280507434496355,-0.46403300495441635,-0.5718369702602332,0.1936825920913069,0.037512946479207575,-0.6939227520563938,-0.4629202650031877,-0.46285236720480905,-0.4702489179697281,-0.5974622493225047
2023-03-29,1056.33,VNINDEX,6.007432792104355,-0.48535017209300996,-0.46665368006200914,0.19330818766589167,0.037368055418671595,-0.5718369702602332,-0.6939227520563938,-0.4629202650031877,-0.46285236720480905,-0.4702489179697281
2023-03-30,1059.44,VNINDEX,6.737012802241404,-0.41686744340942705,-0.4554168734856173,0.29398301704571866,0.08642601431130331,-0.46665368006200914,-0.5718369702602332,-0.6939227520563938,-0.4629202650031877,-0.46285236720480905
2023-03-31,1064.64,VNINDEX,6.259564245190779,-0.45948776549621845,-0.45390179366621797,0.48962472114031064,0.23973236755172694,-0.4554168734856173,-0.46665368006200914,-0.5718369702602332,-0.6939227520563938,-0.4629202650031877
2023-04-03,1079.28,VNINDEX,6.896488057629357,-0.400823147641586,-0.649741539668569,1.3657438300449658,1.8652562093058924,-0.45390179366621797,-0.4554168734856173,-0.46665368006200914,-0.5718369702602332,-0.6939227520563938
2023-04-04,1078.45,VNINDEX,6.988167046214594,-0.3965176020293676,-0.5282618835142734,-0.07693270621785243,0.005918641286002391,-0.649741539668569,-0.45390179366621797,-0.4554168734856173,-0.46665368006200914,-0.5718369702602332
2023-04-05,1080.86,VNINDEX,7.635230272834121,-0.3375187268620577,-0.37828649217766996,0.22321954704894986,0.04982696618473834,-0.5282618835142734,-0.649741539668569,-0.45390179366621797,-0.4554168734856173,-0.46665368006200914
2023-04-06,1070.91,VNINDEX,7.248957650064682,-0.37499646435996525,-0.36967759775046305,-0.9248266235591083,0.8553042836437406,-0.37828649217766996,-0.5282618835142734,-0.649741539668569,-0.45390179366621797,-0.4554168734856173
2023-04-07,1069.71,VNINDEX,7.276728213942517,-0.37261842560178093,-0.3617112056079341,-0.11211706194489474,0.012570235579155363,-0.36967759775046305,-0.37828649217766996,-0.5282618835142734,-0.649741539668569,-0.45390179366621797
2023-04-10,1065.35,VNINDEX,7.113547417456503,-0.3906116622127585,-0.6448661526787408,-0.4084200032457309,0.16680689905124285,-0.3617112056079341,-0.36967759775046305,-0.37828649217766996,-0.5282618835142734,-0.649741539668569
2023-04-11,1069.46,VNINDEX,6.7650752199311714,-0.41600210291629747,-0.5288388695549173,0.3850464517151671,0.1482607699784405,-0.6448661526787408,-0.3617112056079341,-0.36967759775046305,-0.37828649217766996,-0.5282618835142734
2023-04-12,1069.45,VNINDEX,6.7176384348101665,-0.42926069600000893,-0.4119581537096878,-0.0009350557059487238,8.743291732272662e-07,-0.5288388695549173,-0.6448661526787408,-0.3617112056079341,-0.36967759775046305,-0.37828649217766996
2023-04-13,1064.3,VNINDEX,6.7696563224650275,-0.4185912568683247,-0.42128468526154333,-0.4827191564468868,0.23301778400079395,-0.4119581537096878,-0.5288388695549173,-0.6448661526787408,-0.3617112056079341,-0.36967759775046305
2023-04-14,1052.89,VNINDEX,7.063374395213433,-0.38088097018747186,-0.4095776410186014,-1.077854180750469,1.1617696349612645,-0.42128468526154333,-0.4119581537096878,-0.5288388695549173,-0.6448661526787408,-0.3617112056079341
2023-04-17,1053.81,VNINDEX,6.644859658846983,-0.42752259321504305,-0.6681133006042705,0.08734039573586909,0.0076283447272982195,-0.4095776410186014,-0.42128468526154333,-0.4119581537096878,-0.5288388695549173,-0.6448661526787408
2023-04-18,1055.02,VNINDEX,6.077876737572083,-0.47498668875753913,-0.5668334009072087,0.1147555879597569,0.013168844967989504,-0.6681133006042705,-0.4095776410186014,-0.42128468526154333,-0.4119581537096878,-0.5288388695549173
2023-04-19,1048.98,VNINDEX,6.687241186624946,-0.4180244503727018,-0.44017791078176083,-0.574146063883771,0.32964370267322723,-0.5668334009072087,-0.6681133006042705,-0.4095776410186014,-0.42128468526154333,-0.4119581537096878
2023-04-20,1049.25,VNINDEX,6.113139036965856,-0.47089912586652544,-0.45463675499892153,0.025735977608758988,0.0006623405434785439,-0.44017791078176083,-0.5668334009072087,-0.6681133006042705,-0.4095776410186014,-0.42128468526154333
2023-04-21,1042.91,VNINDEX,6.138764976482728,-0.46798285926485483,-0.4523021451680268,-0.6060740485461903,0.3673257523211698,-0.45463675499892153,-0.44017791078176083,-0.5668334009072087,-0.6681133006042705,-0.4095776410186014
2023-04-24,1041.36,VNINDEX,6.303988749652265,-0.46057851050925946,-0.6797113072973313,-0.1487331570033521,0.022121551992183786,-0.4523021451680268,-0.45463675499892153,-0.44017791078176083,-0.5668334009072087,-0.6681133006042705
2023-04-25,1034.85,VNINDEX,6.270287366995593,-0.4621789047136502,-0.5734421275733133,-0.6271062497977504,0.39326224853539854,-0.6797113072973313,-0.4523021451680268,-0.45463675499892153,-0.44017791078176083,-0.5668334009072087
2023-04-26,1040.8,VNINDEX,6.5858241904853685,-0.43355195228615906,-0.4521031225030223,0.5733159538068141,0.328691182889417,-0.5734421275733133,-0.6797113072973313,-0.4523021451680268,-0.45463675499892153,-0.44017791078176083
2023-04-27,1039.63,VNINDEX,6.079729508121115,-0.47401221833597085,-0.4565810251119262,-0.11247675945330968,0.012651021417117688,-0.4521031225030223,-0.5734421275733133,-0.6797113072973313,-0.4523021451680268,-0.45463675499892153
2023-04-28,1049.12,VNINDEX,6.889681677414725,-0.39550740829262876,-0.4343571929715857,0.908683691154691,0.8257060505705139,-0.4565810251119262,-0.4521031225030223,-0.5734421275733133,-0.6797113072973313,-0.4523021451680268
2023-05-04,1040.61,VNINDEX,6.056248192965205,-0.4774667127811278,-0.6814373175534587,-0.8144637864803739,0.663351259487948,-0.4343571929715857,-0.4565810251119262,-0.4521031225030223,-0.5734421275733133,-0.6797113072973313
2023-05-05,1040.31,VNINDEX,5.319650602121404,-0.5413093614041424,-0.6022602122965752,-0.028833400811020045,0.0008313650023289314,-0.6814373175534587,-0.4343571929715857,-0.4565810251119262,-0.4521031225030223,-0.5734421275733133
2023-05-08,1053.44,VNINDEX,6.037631929017843,-0.465597398707964,-0.7000736173981991,1.254225396620032,1.5730813455266768,-0.6022602122965752,-0.6814373175534587,-0.4343571929715857,-0.4565810251119262,-0.4521031225030223
2023-05-09,1053.77,VNINDEX,5.907386506567386,-0.4868271470428938,-0.5922625074293477,0.03132103612812172,0.000981007304139106,-0.7000736173981991,-0.6022602122965752,-0.6814373175534587,-0.4343571929715857,-0.4565810251119262
2023-05-10,1058.26,VNINDEX,6.075732113211121,-0.4744484609140528,-0.47562433555496963,0.4251839949467112,0.18078142955884496,-0.5922625074293477,-0.7000736173981991,-0.6022602122965752,-0.6814373175534587,-0.4343571929715857
2023-05-11,1057.12,VNINDEX,6.58912832495682,-0.42071531245446114,-0.46066364013713534,-0.10778206377684972,0.0116169732719969,-0.47562433555496963,-0.5922625074293477,-0.7000736173981991,-0.6022602122965752,-0.6814373175534587
2023-05-12,1066.9,VNINDEX,7.162253265502675,-0.37335320217736956,-0.4228389918486273,0.9209017915840176,0.8480601097426534,-0.46066364013713534,-0.47562433555496963,-0.5922625074293477,-0.7000736173981991,-0.6022602122965752
2023-05-15,1065.71,VNINDEX,6.340410559156523,-0.44311607994306157,-0.6754323349748745,-0.11160035107295782,0.012454638359607438,-0.4228389918486273,-0.46066364013713534,-0.47562433555496963,-0.5922625074293477,-0.7000736173981991
2023-05-16,1065.91,VNINDEX,6.1079742268081345,-0.46528457538438894,-0.5663945920176672,0.018765070752479775,0.00035212788034557187,-0.6754323349748745,-0.4228389918486273,-0.46066364013713534,-0.47562433555496963,-0.5922625074293477
2023-05-17,1060.44,VNINDEX,6.002267981946634,-0.47973562161087346,-0.4627120923127742,-0.5144978076297402,0.26470799405580914,-0.5663945920176672,-0.6754323349748745,-0.4228389918486273,-0.46066364013713534,-0.47562433555496963
2023-05-18,1068.31,VNINDEX,6.685278863261233,-0.4096239200707633,-0.4515480390220081,0.7394044256596948,0.5467189046851431,-0.4627120923127742,-0.5663945920176672,-0.6754323349748745,-0.4228389918486273,-0.46066364013713534
2023-05-19,1067.07,VNINDEX,5.932902893269579,-0.4745358797177165,-0.4546318071331173,-0.11613859260438622,0.013488172692127594,-0.4515480390220081,-0.4627120923127742,-0.5663945920176672,-0.6754323349748745,-0.4228389918486273
2023-05-22,1070.64,VNINDEX,6.685570717073166,-0.4111366183358178,-0.666169030491266,0.33400258396527177,0.11155772609547841,-0.4546318071331173,-0.4515480390220081,-0.4627120923127742,-0.5663945920176672,-0.6754323349748745
2023-05-23,1065.85,VNINDEX,6.461319380679256,-0.4439959868979319,-0.5576814231492685,-0.4483997608915694,0.20106234556761662,-0.666169030491266,-0.4546318071331173,-0.4515480390220081,-0.4627120923127742,-0.5663945920176672
2023-05-24,1061.79,VNINDEX,6.578806609778617,-0.4289118722255908,-0.4280148258197797,-0.38164397434675307,0.1456521231551851,-0.5576814231492685,-0.666169030491266,-0.4546318071331173,-0.4515480390220081,-0.4627120923127742
2023-05-25,1064.63,VNINDEX,6.055846786338594,-0.4665790137925664,-0.4464956243053625,0.26711578038549044,0.07135084013094956,-0.4280148258197797,-0.5576814231492685,-0.666169030491266,-0.4546318071331173,-0.4515480390220081
2023-05-26,1063.76,VNINDEX,5.936324485692948,-0.490499901344928,-0.4619969291210279,-0.0817519391140361,0.006683379548905065,-0.4464956243053625,-0.4280148258197797,-0.5576814231492685,-0.666169030491266,-0.4546318071331173
2023-05-29,1074.98,VNINDEX,7.494071522444356,-0.3444939777026055,-0.6508399902937287,1.0492255189081412,1.1008741895280583,-0.4619969291210279,-0.4464956243053625,-0.4280148258197797,-0.5576814231492685,-0.666169030491266
2023-05-30,1078.05,VNINDEX,6.931458503211196,-0.39522288648551773,-0.509012781935161,0.2851796845029464,0.08132745245320004,-0.6508399902937287,-0.4619969291210279,-0.4464956243053625,-0.4280148258197797,-0.5576814231492685
2023-05-31,1075.17,VNINDEX,6.743628976321544,-0.41061982448143386,-0.3834455628898519,-0.2675064988652462,0.07155972693514195,-0.509012781935161,-0.6508399902937287,-0.4619969291210279,-0.4464956243053625,-0.4280148258197797
2023-06-01,1078.39,VNINDEX,7.772785129803262,-0.3224417568527508,-0.376094822606567,0.2990399524106781,0.08942489313778063,-0.3834455628898519,-0.509012781935161,-0.6508399902937287,-0.4619969291210279,-0.4464956243053625
2023-06-02,1090.84,VNINDEX,7.410971031302969,-0.3509524346887692,-0.36133800534098415,1.147885351477768,1.3176407801372392,-0.376094822606567,-0.3834455628898519,-0.509012781935161,-0.6508399902937287,-0.4619969291210279
2023-06-05,1097.82,VNINDEX,6.923966767695259,-0.39693241061834716,-0.6285625496810777,0.6378353571736437,0.40683394286082963,-0.36133800534098415,-0.376094822606567,-0.3834455628898519,-0.509012781935161,-0.6508399902937287
2023-06-06,1108.31,VNINDEX,7.371025981697901,-0.36250150363965133,-0.4950945471158313,0.9509937364126494,0.9043890866960916,-0.6285625496810777,-0.36133800534098415,-0.376094822606567,-0.3834455628898519,-0.509012781935161
2023-06-07,1109.54,VNINDEX,6.9963441370318336,-0.3877828144147516,-0.38240557622424953,0.11091824299248382,0.012302856628539685,-0.4950945471158313,-0.6285625496810777,-0.36133800534098415,-0.376094822606567,-0.3834455628898519
2023-06-08,1101.32,VNINDEX,7.876245102626361,-0.31750314279467573,-0.355929153616359,-0.7436054636636822,0.5529490855904797,-0.38240557622424953,-0.4950945471158313,-0.6285625496810777,-0.36133800534098415,-0.376094822606567
2023-06-09,1107.53,VNINDEX,6.642131326862156,-0.42395896884144746,-0.3764149753502911,0.5622850226589979,0.3161644467066298,-0.355929153616359,-0.38240557622424953,-0.4950945471158313,-0.6285625496810777,-0.36133800534098415
2023-06-12,1116.02,VNINDEX,6.970134489891096,-0.3876736844863131,-0.6181208966236496,0.7636474339093985,0.5831574033164091,-0.3764149753502911,-0.355929153616359,-0.38240557622424953,-0.4950945471158313,-0.6285625496810777
2023-06-13,1122.46,VNINDEX,7.2309250937411855,-0.36615254681691056,-0.5042439585623117,0.5753920309973832,0.33107598933529364,-0.6181208966236496,-0.3764149753502911,-0.355929153616359,-0.38240557622424953,-0.4950945471158313
2023-06-14,1117.42,VNINDEX,7.47273483164941,-0.3484866999912487,-0.3674376437648236,-0.4500248679337444,0.2025223817587841,-0.5042439585623117,-0.6181208966236496,-0.3764149753502911,-0.355929153616359,-0.38240557622424953
2023-06-15,1116.97,VNINDEX,5.9910707053326355,-0.4833940865868393,-0.39934444446499906,-0.04027945041682255,0.0016224341258812662,-0.3674376437648236,-0.5042439585623117,-0.6181208966236496,-0.3764149753502911,-0.355929153616359
2023-06-16,1115.22,VNINDEX,6.173735422064567,-0.4623825981087866,-0.43142112822895773,-0.15679672057793825,0.024585211583996045,-0.39934444446499906,-0.3674376437648236,-0.5042439585623117,-0.6181208966236496,-0.3764149753502911
2023-06-19,1105.4,VNINDEX,6.314310464830466,-0.4523819507381297,-0.6781961350993746,-0.8844434449153991,0.7822402072538185,-0.43142112822895773,-0.39934444446499906,-0.3674376437648236,-0.5042439585623117,-0.6181208966236496
2023-06-20,1111.72,VNINDEX,6.816509399962168,-0.40230726725450405,-0.5524715940896479,0.5701105143633782,0.32502599858767567,-0.6781961350993746,-0.43142112822895773,-0.39934444446499906,-0.3674376437648236,-0.5042439585623117
2023-06-21,1118.46,VNINDEX,7.584773301916358,-0.34570099730711906,-0.4001300717665838,0.6044373566412923,0.36534451810351276,-0.5524715940896479,-0.6781961350993746,-0.43142112822895773,-0.39934444446499906,-0.3674376437648236
2023-06-22,1125.3,VNINDEX,6.139822838915775,-0.4646586516015664,-0.40422230538772935,0.6096927646741997,0.37172526729606914,-0.4001300717665838,-0.5524715940896479,-0.6781961350993746,-0.43142112822895773,-0.39934444446499906
2023-06-23,1129.38,VNINDEX,6.856644655701729,-0.4023215565805722,-0.40422706849641876,0.3619142808190399,0.13098194666076288,-0.40422230538772935,-0.4001300717665838,-0.5524715940896479,-0.6781961350993746,-0.43142112822895773
2023-06-26,1132.03,VNINDEX,7.32718518486028,-0.36443615515671957,-0.6297891826694337,0.23436716146054432,0.05492796637107285,-0.40422706849641876,-0.40422230538772935,-0.4001300717665838,-0.5524715940896479,-0.6781961350993746
2023-06-27,1134.33,VNINDEX,6.855083738964629,-0.40480872526719514,-0.5130830206181194,0.20296870661285654,0.04119629586409584,-0.6297891826694337,-0.40422706849641876,-0.40422230538772935,-0.4001300717665838,-0.5524715940896479
2023-06-28,1138.35,VNINDEX,7.364985610104385,-0.3523488583623511,-0.37386457959542146,0.35376772731557277,0.12515160489002544,-0.5130830206181194,-0.6297891826694337,-0.40422706849641876,-0.40422230538772935,-0.4001300717665838
2023-06-29,1125.39,VNINDEX,6.533798397693269,-0.4247957306824406,-0.3939844381039951,-1.145020328784948,1.3110715533307906,-0.37386457959542146,-0.5130830206181194,-0.6297891826694337,-0.40422706849641876,-0.40422230538772935
2023-06-30,1120.18,VNINDEX,6.5435443103848465,-0.43299943511660444,-0.40338134138713155,-0.4640255568484707,0.2153197174085333,-0.3939844381039951,-0.37386457959542146,-0.5130830206181194,-0.6297891826694337,-0.40422706849641876
2023-07-03,1125.5,VNINDEX,6.148693190171558,-0.46832426124056636,-0.6841914990820225,0.47379946850896243,0.22448593635937528,-0.40338134138713155,-0.3939844381039951,-0.37386457959542146,-0.5130830206181194,-0.6297891826694337
2023-07-04,1132.0,VNINDEX,6.03374408692253,-0.4754086420095527,-0.5751925143219725,0.5758598416341376,0.33161455720689403,-0.6841914990820225,-0.40338134138713155,-0.3939844381039951,-0.37386457959542146,-0.5130830206181194
2023-07-05,1134.62,VNINDEX,7.27370802814576,-0.3675421029631307,-0.4370916687377495,0.23118133316375214,0.05344480880336976,-0.5751925143219725,-0.6841914990820225,-0.40338134138713155,-0.3939844381039951,-0.37386457959542146
2023-07-06,1126.22,VNINDEX,7.322312228514491,-0.36033430293963764,-0.40109501597077324,-0.7430900596913448,0.5521828368120864,-0.4370916687377495,-0.5751925143219725,-0.6841914990820225,-0.40338134138713155,-0.3939844381039951
2023-07-07,1138.07,VNINDEX,7.219939017619308,-0.36913535250448737,-0.36567058613575143,1.0466952720223817,1.0955709924740076,-0.40109501597077324,-0.4370916687377495,-0.5751925143219725,-0.6841914990820225,-0.40338134138713155
2023-07-10,1149.02,VNINDEX,8.456781125368337,-0.26624315083131117,-0.5876517517271157,0.9575559919572131,0.9169134777331623,-0.36567058613575143,-0.40109501597077324,-0.4370916687377495,-0.5751925143219725,-0.6841914990820225
2023-07-11,1151.77,VNINDEX,8.02509888388694,-0.288717047797507,-0.44839693406160486,0.23904844071415324,0.057144157007868034,-0.5876517517271157,-0.36567058613575143,-0.40109501597077324,-0.4370916687377495,-0.5751925143219725
2023-07-12,1154.2,VNINDEX,7.494947083880152,-0.34903207249776913,-0.3013307570421953,0.21075737320762866,0.04441867036137967,-0.44839693406160486,-0.5876517517271157,-0.36567058613575143,-0.40109501597077324,-0.4370916687377495
2023-07-13,1165.42,VNINDEX,7.607561356633725,-0.32984610560834615,-0.3225317419678736,0.9674073774468415,0.9358770339385756,-0.3013307570421953,-0.44839693406160486,-0.5876517517271157,-0.36567058613575143,-0.40109501597077324
2023-07-14,1168.4,VNINDEX,6.794589001543357,-0.4032745930130382,-0.36071759037305073,0.2553754462251395,0.06521661853468913,-0.3225317419678736,-0.3013307570421953,-0.44839693406160486,-0.5876517517271157,-0.36567058613575143
2023-07-17,1173.13,VNINDEX,7.75398656485865,-0.3184347452380391,-0.5900543517349467,0.40400989385094055,0.16322399432944826,-0.36071759037305073,-0.3225317419678736,-0.3013307570421953,-0.44839693406160486,-0.5876517517271157
2023-07-18,1174.09,VNINDEX,6.741403698640768,-0.40789323908450403,-0.48883758672757416,0.0817988985717793,0.006691059807556237,-0.5900543517349467,-0.36071759037305073,-0.3225317419678736,-0.3013307570421953,-0.44839693406160486
2023-07-19,1172.98,VNINDEX,7.137896388910969,-0.3722696018273627,-0.3661991953833015,-0.09458602280759683,0.008946515710559228,-0.48883758672757416,-0.5900543517349467,-0.36071759037305073,-0.3225317419678736,-0.3013307570421953
2023-07-20,1172.81,VNINDEX,7.245061902832129,-0.3653820469261512,-0.38184829594600556,-0.014494051070020527,0.00021007751642036318,-0.3661991953833015,-0.48883758672757416,-0.5900543517349467,-0.36071759037305073,-0.3225317419678736
2023-07-21,1185.9,VNINDEX,8.340562959194143,-0.27732739855197486,-0.3383263491018291,1.1099401271712506,1.2319670859049319,-0.38184829594600556,-0.3661991953833015,-0.48883758672757416,-0.5900543517349467,-0.36071759037305073
2023-07-24,1190.72,VNINDEX,32.75700675065541,2.1832207119480427,0.2406791347509258,0.4056186187508077,0.16452646387731307,-0.3383263491018291,-0.38184829594600556,-0.3661991953833015,-0.48883758672757416,-0.5900543517349467
2023-07-25,1195.9,VNINDEX,7.141893783820962,-0.37183335924928085,0.36116223316690854,0.4340873816504113,0.18843185490810982,0.2406791347509258,-0.3383263491018291,-0.38184829594600556,-0.3661991953833015,-0.48883758672757416
2023-07-26,1200.84,VNINDEX,7.285197158571689,-0.3653963362522195,0.48199700548218116,0.4122271915603006,0.16993125746169274,0.36116223316690854,0.2406791347509258,-0.3383263491018291,-0.38184829594600556,-0.3661991953833015
2023-07-27,1197.33,VNINDEX,7.206737649360602,-0.3631664573499357,-0.3667987176171449,-0.2927234104624951,0.0856869950327944,0.48199700548218116,0.36116223316690854,0.2406791347509258,-0.3383263491018291,-0.38184829594600556
2023-07-28,1207.67,VNINDEX,8.43517970811499,-0.2562569435777861,-0.3282732457266466,0.8598805580945887,0.7393945741890614,-0.3667987176171449,0.48199700548218116,0.36116223316690854,0.2406791347509258,-0.3383263491018291
2023-07-31,1222.9,VNINDEX,7.780501287942852,-0.31810523711830796,0.2558130111510999,1.253220382863834,1.5705613280253745,-0.3282732457266466,-0.3667987176171449,0.48199700548218116,0.36116223316690854,0.2406791347509258
2023-08-01,1217.56,VNINDEX,8.746097284850043,-0.23284724912660196,0.4318012076050811,-0.4376231138695099,0.19151398979284603,0.2558130111510999,-0.3282732457266466,-0.3667987176171449,0.48199700548218116,0.36116223316690854
2023-08-02,1220.43,VNINDEX,8.04318375770699,-0.3058915814335647,-0.28561468922615774,0.2354399587978682,0.05543197419874187,0.4318012076050811,0.2558130111510999,-0.3282732457266466,-0.3667987176171449,0.48199700548218116
2023-08-03,1210.95,VNINDEX,6.673451616596081,-0.42882991968761414,-0.3225229167492598,-0.7798080135473551,0.6081005379926719,-0.28561468922615774,0.4318012076050811,0.2558130111510999,-0.3282732457266466,-0.3667987176171449
2023-08-04,1225.98,VNINDEX,7.8099064382287064,-0.3231295923909572,-0.35261703117071164,1.233534864025739,1.5216082607669985,-0.3225229167492598,-0.28561468922615774,0.4318012076050811,0.2558130111510999,-0.3282732457266466
2023-08-07,1241.42,VNINDEX,9.081502692119413,-0.21146560576791448,-0.5754252765581463,1.2515361542979622,1.5663427455149326,-0.35261703117071164,-0.3225229167492598,-0.28561468922615774,0.4318012076050811,0.2558130111510999
2023-08-08,1242.23,VNINDEX,8.654565363659621,-0.24828694493434306,-0.4049836350813312,0.06522658415781957,0.004254507280897118,-0.5754252765581463,-0.35261703117071164,-0.3225229167492598,-0.28561468922615774,0.4318012076050811
2023-08-09,1233.99,VNINDEX,8.4195300883615,-0.26410050799035734,-0.24128435289753777,-0.6655329829166482,0.4429341513499315,-0.4049836350813312,-0.5754252765581463,-0.35261703117071164,-0.3225229167492598,-0.28561468922615774
2023-08-10,1220.61,VNINDEX,8.796545663572136,-0.23730616759378775,-0.24989787350616222,-1.090208793582977,1.18855521360565,-0.24128435289753777,-0.4049836350813312,-0.5754252765581463,-0.35261703117071164,-0.3225229167492598
2023-08-11,1232.21,VNINDEX,7.160829069682199,-0.3703754894442134,-0.2905940550094523,0.9458571344241149,0.8946457187409982,-0.24989787350616222,-0.24128435289753777,-0.4049836350813312,-0.5754252765581463,-0.35261703117071164
2023-08-14,1236.84,VNINDEX,7.415220927138316,-0.35282744958615386,-0.6155391343195201,0.37504347235074303,0.14065760615290254,-0.2905940550094523,-0.24989787350616222,-0.24128435289753777,-0.4049836350813312,-0.5754252765581463
2023-08-15,1234.05,VNINDEX,8.448245021091358,-0.26407681612166195,-0.46291541512252055,-0.225829655365264,0.05099903324239391,-0.6155391343195201,-0.2905940550094523,-0.24989787350616222,-0.24128435289753777,-0.4049836350813312
2023-08-16,1243.26,VNINDEX,10.45361169706456,-0.09474435465179137,-0.2372162067865352,0.743551871399729,0.5528693854620391,-0.46291541512252055,-0.6155391343195201,-0.2905940550094523,-0.24989787350616222,-0.24128435289753777
2023-08-17,1233.48,VNINDEX,9.834031761345374,-0.13732132897720004,-0.16538083325021724,-0.7897519184215276,0.6237080926504832,-0.2372162067865352,-0.46291541512252055,-0.6155391343195201,-0.2905940550094523,-0.24989787350616222
2023-08-18,1177.99,VNINDEX,10.484888058711586,-0.08155119392002899,-0.10453895918300626,-4.602984660167668,21.187467781738864,-0.16538083325021724,-0.2372162067865352,-0.46291541512252055,-0.6155391343195201,-0.2905940550094523
2023-08-21,1179.76,VNINDEX,8.673089109178429,-0.24099360518136032,-0.5126246927875738,0.1501431731531257,0.022542972444489485,-0.10453895918300626,-0.16538083325021724,-0.2372162067865352,-0.46291541512252055,-0.6155391343195201
2023-08-22,1180.49,VNINDEX,9.52610995645896,-0.17174074980285878,-0.3616891408410944,0.061857856013326266,0.0038263943505654047,-0.5126246927875738,-0.10453895918300626,-0.16538083325021724,-0.2372162067865352,-0.46291541512252055
2023-08-23,1172.56,VNINDEX,7.752476572768989,-0.32317697612834795,-0.2453037770375218,-0.6740213783773467,0.45430481850969834,-0.3616891408410944,-0.5126246927875738,-0.10453895918300626,-0.16538083325021724,-0.2372162067865352
2023-08-24,1189.39,VNINDEX,8.524647462319326,-0.24831985415477406,-0.2477458600286597,1.425117791763329,2.030960720400387,-0.2453037770375218,-0.3616891408410944,-0.5126246927875738,-0.10453895918300626,-0.16538083325021724
2023-08-25,1183.37,VNINDEX,8.235463331576508,-0.2762121589418394,-0.2825696630749866,-0.5074270399887418,0.2574822009117362,-0.2477458600286597,-0.2453037770375218,-0.3616891408410944,-0.5126246927875738,-0.10453895918300626
2023-08-28,1201.72,VNINDEX,8.607347658410822,-0.24565529065072794,-0.5452655532292231,1.538756363092557,2.3677711449578327,-0.2825696630749866,-0.2477458600286597,-0.2453037770375218,-0.3616891408410944,-0.5126246927875738
2023-08-29,1204.43,VNINDEX,9.600825751408685,-0.1548147478393891,-0.3804713972769697,0.22525620978629768,0.05074036004728855,-0.5452655532292231,-0.2825696630749866,-0.2477458600286597,-0.2453037770375218,-0.3616891408410944
2023-08-30,1213.16,VNINDEX,34.26275521255162,2.30843140465104,0.6359871220536416,0.7222099649186399,0.521587233427783,-0.3804713972769697,-0.5452655532292231,-0.2825696630749866,-0.2477458600286597,-0.2453037770375218
2023-08-31,1224.05,VNINDEX,8.367843893610605,-0.2500563110500752,0.6345201152538592,0.8936507296382815,0.798611626583033,0.6359871220536416,-0.3804713972769697,-0.5452655532292231,-0.2825696630749866,-0.2477458600286597
2023-09-05,1234.98,VNINDEX,8.217579467071968,-0.2783494520260772,-0.5704136434140487,0.8889742687815418,0.790275250555677,0.6345201152538592,0.6359871220536416,-0.3804713972769697,-0.5452655532292231,-0.2825696630749866
2023-09-06,1245.5,VNINDEX,8.622548447914872,-0.24622796471467112,-0.3995823219383729,0.8482280103271039,0.7194907575034776,-0.5704136434140487,0.6345201152538592,0.6359871220536416,-0.3804713972769697,-0.5452655532292231
2023-09-07,1243.14,VNINDEX,8.773744479316061,-0.23644715649787285,-0.25367485774620646,-0.18966188017888153,0.03597162879298841,-0.3995823219383729,-0.5704136434140487,0.6345201152538592,0.6359871220536416,-0.3804713972769697
2023-09-08,1241.48,VNINDEX,8.778185510136387,-0.23516163725107023,-0.23927891948787086,-0.13362206268904248,0.017854855637274396,-0.25367485774620646,-0.3995823219383729,-0.5704136434140487,0.6345201152538592,0.6359871220536416
2023-09-11,1223.63,VNINDEX,8.561887908981861,-0.24444808426849113,-0.5290081033332579,-1.4482365481084232,2.097389099277001,-0.23927891948787086,-0.25367485774620646,-0.3995823219383729,-0.5704136434140487,0.6345201152538592
2023-09-12,1245.44,VNINDEX,8.404543227482234,-0.2642940576408035,-0.4188253521506521,1.7667030325059268,3.1212396050656377,-0.5290081033332579,-0.23927891948787086,-0.25367485774620646,-0.3995823219383729,-0.5704136434140487
2023-09-13,1238.39,VNINDEX,8.86765326434072,-0.22722454782805823,-0.2453222299124504,-0.5676732250071096,0.32225289038997246,-0.4188253521506521,-0.5290081033332579,-0.23927891948787086,-0.25367485774620646,-0.3995823219383729
2023-09-14,1223.81,VNINDEX,8.371294981390584,-0.27529654675679827,-0.2556050507418861,-1.1843205602589004,1.4026151894519558,-0.2453222299124504,-0.4188253521506521,-0.5290081033332579,-0.23927891948787086,-0.25367485774620646
2023-09-15,1227.36,VNINDEX,7.867642514854674,-0.31415515436745917,-0.272225416317438,0.28965779461152175,0.08390163797921052,-0.2556050507418861,-0.2453222299124504,-0.4188253521506521,-0.5290081033332579,-0.23927891948787086
2023-09-18,1211.81,VNINDEX,7.7963922950028985,-0.3237259583235958,-0.5984865298467034,-1.2750411547317095,1.6257299462595713,-0.272225416317438,-0.2556050507418861,-0.2453222299124504,-0.4188253521506521,-0.5290081033332579
2023-09-19,1211.5,VNINDEX,7.399927855092802,-0.3619480535227073,-0.4858197968056408,-0.025584840708865336,0.0006545840740980129,-0.5984865298467034,-0.272225416317438,-0.2556050507418861,-0.2453222299124504,-0.4188253521506521
2023-09-20,1226.11,VNINDEX,8.280232863449472,-0.2723713181827317,-0.31934844334301105,1.1987294890104705,1.4369523878233037,-0.4858197968056408,-0.5984865298467034,-0.272225416317438,-0.2556050507418861,-0.2453222299124504
2023-09-21,1212.74,VNINDEX,7.072122842575457,-0.3836160339133664,-0.33931180187293464,-1.09642937778869,1.2021573804780938,-0.31934844334301105,-0.4858197968056408,-0.5984865298467034,-0.272225416317438,-0.2556050507418861
2023-09-22,1193.05,VNINDEX,33.58779334419251,2.2647031975950207,0.5362386151663081,-1.6369209000764484,2.67951003310709,-0.33931180187293464,-0.31934844334301105,-0.4858197968056408,-0.5984865298467034,-0.272225416317438
2023-09-25,1153.2,VNINDEX,7.656098641368626,-0.33587577566073284,-0.6124350946597293,-3.397236660378674,11.541216926620844,0.5362386151663081,-0.33931180187293464,-0.31934844334301105,-0.4858197968056408,-0.5984865298467034
2023-09-26,1137.96,VNINDEX,8.823737542106812,-0.22667556563281033,-0.4483516173471472,-1.3303501080610793,1.7698314100181254,-0.6124350946597293,0.5362386151663081,-0.33931180187293464,-0.31934844334301105,-0.4858197968056408
2023-09-27,1153.85,VNINDEX,7.96962798356257,-0.3095007061565713,-0.29068401581670433,1.3866991266951687,1.9229344679771436,-0.4483516173471472,-0.6124350946597293,0.5362386151663081,-0.33931180187293464,-0.31934844334301105
2023-09-28,1152.43,VNINDEX,8.012924797782079,-0.3052570491152711,-0.2804777736348837,-0.12314204514977581,0.015163963283669424,-0.29068401581670433,-0.4483516173471472,-0.6124350946597293,0.5362386151663081,-0.33931180187293464
2023-09-29,1154.15,VNINDEX,7.175339641630254,-0.3659001163668121,-0.32688595721288427,0.14913857909169612,0.022242315773490097,-0.2804777736348837,-0.29068401581670433,-0.4483516173471472,-0.6124350946597293,0.5362386151663081
2023-10-02,1155.25,VNINDEX,7.161825498404446,-0.36649648229945064,-0.6378818116788408,0.09526284603684221,0.009075009835039104,-0.32688595721288427,-0.2804777736348837,-0.29068401581670433,-0.4483516173471472,-0.6124350946597293
2023-10-03,1118.1,VNINDEX,7.451322325995415,-0.3523238710350407,-0.5094499735050201,-3.268595459705343,10.683716279206383,-0.6378818116788408,-0.32688595721288427,-0.2804777736348837,-0.29068401581670433,-0.4483516173471472
2023-10-04,1128.67,VNINDEX,6.427727892155832,-0.4430406973376789,-0.38728701689072287,0.9409132204558597,0.8853176884286172,-0.5094499735050201,-0.6378818116788408,-0.32688595721288427,-0.2804777736348837,-0.29068401581670433
2023-10-05,1113.89,VNINDEX,7.359620327040032,-0.3545546891297192,-0.3833064191674791,-1.3181555013593431,1.7375339257639013,-0.38728701689072287,-0.5094499735050201,-0.6378818116788408,-0.32688595721288427,-0.2804777736348837
2023-10-06,1128.54,VNINDEX,7.944521245013852,-0.3026800158275265,-0.366758467431641,1.3066368566480615,1.7072998751511268,-0.3833064191674791,-0.38728701689072287,-0.5094499735050201,-0.6378818116788408,-0.32688595721288427
2023-10-09,1137.36,VNINDEX,7.188547573689812,-0.3742308047202808,-0.6216401563620058,0.7785025416674409,0.6060662073826656,-0.366758467431641,-0.3833064191674791,-0.38728701689072287,-0.5094499735050201,-0.6378818116788408
2023-10-10,1143.69,VNINDEX,8.112676021738928,-0.2948963295760497,-0.4799996269250548,0.555008986987287,0.30803497563665444,-0.6216401563620058,-0.366758467431641,-0.3833064191674791,-0.38728701689072287,-0.5094499735050201
2023-10-11,1150.81,VNINDEX,7.49545197685411,-0.353639076944678,-0.340922070413669,0.620616504955283,0.3851648462229108,-0.4799996269250548,-0.6216401563620058,-0.366758467431641,-0.3833064191674791,-0.38728701689072287
2023-10-12,1151.61,VNINDEX,7.171802756990711,-0.3729999064693486,-0.3405117709966915,0.06949210241348172,0.004829152297845832,-0.340922070413669,-0.4799996269250548,-0.6216401563620058,-0.366758467431641,-0.3833064191674791
2023-10-13,1154.73,VNINDEX,6.990347765664611,-0.38214618236785336,-0.3695950552606261,0.2705587123539656,0.0732020168306359,-0.3405117709966915,-0.340922070413669,-0.4799996269250548,-0.6216401563620058,-0.366758467431641
2023-10-16,1141.42,VNINDEX,7.833013833651033,-0.3150615492007647,-0.6233077041944091,-1.1593449104464617,1.3440806213781142,-0.3695950552606261,-0.3405117709966915,-0.340922070413669,-0.4799996269250548,-0.6216401563620058
2023-10-17,1121.65,VNINDEX,7.165889008516927,-0.37388260943395885,-0.5016590499950635,-1.7472285830763572,3.052807721519015,-0.6233077041944091,-0.3695950552606261,-0.3405117709966915,-0.340922070413669,-0.4799996269250548
2023-10-18,1103.4,VNINDEX,6.805525967463928,-0.4116011260819573,-0.3668484282388931,-1.6404493620983964,2.6910741096090356,-0.5016590499950635,-0.6233077041944091,-0.3695950552606261,-0.3405117709966915,-0.340922070413669
2023-10-19,1087.85,VNINDEX,6.76597996650875,-0.40951121673511026,-0.3983316507503416,-1.419305057411908,2.014426845995019,-0.3668484282388931,-0.5016590499950635,-0.6233077041944091,-0.3695950552606261,-0.3405117709966915
2023-10-20,1108.03,VNINDEX,7.338505789062199,-0.3548647180303862,-0.39199235361581736,1.8380392488748791,3.37838828040453,-0.3983316507503416,-0.3668484282388931,-0.5016590499950635,-0.6233077041944091,-0.3695950552606261
2023-10-23,1093.53,VNINDEX,6.9983321668063825,-0.39640762082727693,-0.6447937828773083,-1.3172668170216522,1.7351918672263549,-0.39199235361581736,-0.3983316507503416,-0.3668484282388931,-0.5016590499950635,-0.6233077041944091
2023-10-24,1105.9,VNINDEX,6.71767354999624,-0.4204518475967547,-0.5294528366542264,1.1248487498570718,1.2652847100550173,-0.6447937828773083,-0.39199235361581736,-0.3983316507503416,-0.3668484282388931,-0.5016590499950635
2023-10-25,1101.66,VNINDEX,7.077040162326993,-0.386612338093519,-0.40115726883918296,-0.38413499191637085,0.1475596920145903,-0.5294528366542264,-0.6447937828773083,-0.39199235361581736,-0.3983316507503416,-0.3668484282388931
2023-10-26,1055.45,VNINDEX,7.972239749021464,-0.306535331103594,-0.3711998389312887,-4.285091691007114,18.362010800338208,-0.40115726883918296,-0.5294528366542264,-0.6447937828773083,-0.39199235361581736,-0.3983316507503416
2023-10-27,1060.62,VNINDEX,7.385652184769402,-0.3572409644092049,-0.35012954453543876,0.488642652376712,0.23877164172174822,-0.3711998389312887,-0.40115726883918296,-0.5294528366542264,-0.6447937828773083,-0.39199235361581736
2023-10-30,1042.4,VNINDEX,7.269938644210912,-0.36172555483834196,-0.6351042555299325,-1.7327895965211164,3.0025597858118136,-0.35012954453543876,-0.3711998389312887,-0.40115726883918296,-0.5294528366542264,-0.6447937828773083
2023-10-31,1028.19,VNINDEX,28.03449290484293,1.710196872649039,0.18708142111302697,-1.3725771970819363,1.8839681619493045,-0.6351042555299325,-0.35012954453543876,-0.3711998389312887,-0.40115726883918296,-0.5294528366542264
2023-11-01,1039.66,VNINDEX,7.1370104837040085,-0.38334417139835447,0.3217090488041149,1.1093761767680133,1.230715501580414,0.18708142111302697,-0.6351042555299325,-0.35012954453543876,-0.3711998389312887,-0.40115726883918296
2023-11-02,1075.47,VNINDEX,7.2554993818044515,-0.36645633582053977,0.3201321218100489,3.386403870845401,11.467731176476716,0.3217090488041149,0.18708142111302697,-0.6351042555299325,-0.35012954453543876,-0.3711998389312887
2023-11-03,1076.78,VNINDEX,6.363387849500084,-0.4478497911844427,-0.399216766134445,0.12173308507593536,0.014818944002104916,0.3201321218100489,0.3217090488041149,0.18708142111302697,-0.6351042555299325,-0.35012954453543876
2023-11-06,1089.66,VNINDEX,6.85235966632298,-0.4002576789381205,-0.6464589182902183,1.189061479175239,1.4138672012584073,-0.399216766134445,0.3201321218100489,0.3217090488041149,0.18708142111302697,-0.6351042555299325
2023-11-07,1080.29,VNINDEX,6.24881335674703,-0.44896619027840984,-0.5465699576771919,-0.8636197366323449,0.7458390495009208,-0.6464589182902183,-0.399216766134445,0.3201321218100489,0.3217090488041149,0.18708142111302697
2023-11-08,1113.43,VNINDEX,6.4741840703070395,-0.44036889657515293,-0.42986425526389394,3.021581728861407,9.129956144189089,-0.5465699576771919,-0.6464589182902183,-0.399216766134445,0.3201321218100489,0.3217090488041149
2023-11-09,1113.89,VNINDEX,6.7650548473280985,-0.4136456317846695,-0.43432690621274356,0.041305246353490886,0.0017061233763225722,-0.42986425526389394,-0.5465699576771919,-0.6464589182902183,-0.399216766134445,0.3201321218100489
2023-11-10,1101.68,VNINDEX,7.117817493629072,-0.3756407781046994,-0.4098851021548401,-1.1022105925417038,1.2148681903111338,-0.43432690621274356,-0.42986425526389394,-0.5465699576771919,-0.6464589182902183,-0.399216766134445
2023-11-13,1100.07,VNINDEX,6.928384586843103,-0.39317236335254346,-0.6520140305880346,-0.14624732934797652,0.021388281341415512,-0.4098851021548401,-0.43432690621274356,-0.42986425526389394,-0.5465699576771919,-0.6464589182902183
2023-11-14,1109.73,VNINDEX,6.817588366036149,-0.40065325796183304,-0.5295884288104612,0.8742928349309872,0.7643879612116624,-0.6520140305880346,-0.4098851021548401,-0.43432690621274356,-0.42986425526389394,-0.5465699576771919
2023-11-15,1122.5,VNINDEX,6.671452273469688,-0.4139411861683768,-0.4025889358275839,1.1441598141708758,1.309101680363533,-0.5295884288104612,-0.6520140305880346,-0.4098851021548401,-0.43432690621274356,-0.42986425526389394
2023-11-16,1125.53,VNINDEX,5.796228176947613,-0.49707635559280483,-0.437223599907671,0.2695695195224218,0.07266772585554936,-0.4025889358275839,-0.5295884288104612,-0.6520140305880346,-0.4098851021548401,-0.43432690621274356
2023-11-17,1101.19,VNINDEX,7.045258148206899,-0.37537089568294335,-0.4287961458147078,-2.186262258695641,4.779742663796966,-0.437223599907671,-0.4025889358275839,-0.5295884288104612,-0.6520140305880346,-0.4098851021548401
2023-11-20,1103.66,VNINDEX,7.083879029981427,-0.38159522007934954,-0.634817918497961,0.22405161650591865,0.05019912685891524,-0.4287961458147078,-0.437223599907671,-0.4025889358275839,-0.5295884288104612,-0.6520140305880346
2023-11-21,1110.46,VNINDEX,30.35427159447962,1.9634506123977078,0.27514379889697127,0.614241448512096,0.37729255707023795,-0.634817918497961,-0.4287961458147078,-0.437223599907671,-0.4025889358275839,-0.5295884288104612
2023-11-22,1113.82,VNINDEX,6.685037726237091,-0.41360022814053465,0.389418388059275,0.30212046646548707,0.0912767762573235,0.27514379889697127,-0.634817918497961,-0.4287961458147078,-0.437223599907671,-0.4025889358275839
2023-11-23,1088.49,VNINDEX,7.057847172252057,-0.37890894479986403,0.39031381315243696,-2.3004133861634792,5.291901747240125,0.389418388059275,0.27514379889697127,-0.634817918497961,-0.4287961458147078,-0.437223599907671
2023-11-24,1095.61,VNINDEX,5.907714615310564,-0.4946435081248597,-0.4290508936884189,0.6519871088157042,0.4250871900618609,0.39031381315243696,0.389418388059275,0.27514379889697127,-0.634817918497961,-0.4287961458147078
2023-11-27,1088.06,VNINDEX,6.0143047069218465,-0.47926567057146896,-0.6779421408016667,-0.6914991811866035,0.4781711175817431,-0.4290508936884189,0.39031381315243696,0.389418388059275,0.27514379889697127,-0.634817918497961
2023-11-28,1095.43,VNINDEX,6.381343023546219,-0.44596790600500136,-0.5765662140018264,0.6750686276225651,0.4557176520002135,-0.6779421408016667,-0.4290508936884189,0.39031381315243696,0.389418388059275,0.27514379889697127
2023-11-29,1102.8,VNINDEX,6.616164370219554,-0.42938811923459774,-0.45154056527035547,0.6705419919247732,0.44962656293444253,-0.5765662140018264,-0.6779421408016667,-0.4290508936884189,0.39031381315243696,0.389418388059275
2023-11-30,1094.13,VNINDEX,6.045247398720852,-0.4623015022223443,-0.44588584248731394,-0.7892873245719569,0.6229744807299576,-0.45154056527035547,-0.5765662140018264,-0.6779421408016667,-0.4290508936884189,0.39031381315243696
2023-12-01,1102.16,VNINDEX,5.8008327998509985,-0.4863529662503019,-0.45934752923574745,0.7312363832421603,0.5347066481770756,-0.44588584248731394,-0.45154056527035547,-0.5765662140018264,-0.6779421408016667,-0.4290508936884189
2023-12-04,1120.49,VNINDEX,6.654401245604335,-0.42163734220355203,-0.6752655152001543,1.6494198877575719,2.720585966130201,-0.45934752923574745,-0.44588584248731394,-0.45154056527035547,-0.5765662140018264,-0.6779421408016667
2023-12-05,1115.97,VNINDEX,6.42803410332208,-0.43411364305157163,-0.5465699576771919,-0.4042107754413259,0.163386350982878,-0.6752655152001543,-0.45934752923574745,-0.44588584248731394,-0.45154056527035547,-0.5765662140018264
2023-12-06,1126.43,VNINDEX,6.376354394253087,-0.44271619392005235,-0.43282239305839154,0.932935771233317,0.8703691532467039,-0.5465699576771919,-0.6752655152001543,-0.45934752923574745,-0.44588584248731394,-0.45154056527035547
2023-12-07,1121.49,VNINDEX,6.495533509909526,-0.43087640548358225,-0.43590208081840165,-0.43951812808437263,0.193176184914791,-0.43282239305839154,-0.5465699576771919,-0.6752655152001543,-0.45934752923574745,-0.44588584248731394
2023-12-08,1124.44,VNINDEX,5.829547732580858,-0.48632927438160645,-0.4533072912617465,0.26269756372601527,0.06901000998758386,-0.43590208081840165,-0.43282239305839154,-0.5465699576771919,-0.6752655152001543,-0.45934752923574745
2023-12-11,1125.5,VNINDEX,5.941197763026868,-0.4744585568179612,-0.6866366325706554,0.094224741853112,0.008878301977285596,-0.4533072912617465,-0.43590208081840165,-0.43282239305839154,-0.5465699576771919,-0.6752655152001543
2023-12-12,1127.63,VNINDEX,6.219244614378116,-0.45337970510146086,-0.5791122999909386,0.1890703718400668,0.03574760550774113,-0.6866366325706554,-0.4533072912617465,-0.43590208081840165,-0.43282239305839154,-0.5465699576771919
2023-12-13,1114.2,VNINDEX,5.955402123808671,-0.4789102380266672,-0.46891616664869584,-1.1981426478472483,1.4355458045904153,-0.5791122999909386,-0.6866366325706554,-0.4533072912617465,-0.43590208081840165,-0.43282239305839154
2023-12-14,1110.13,VNINDEX,5.980672454440451,-0.4762930582600118,-0.46952766712937943,-0.36595330208922,0.1339218193100039,-0.46891616664869584,-0.5791122999909386,-0.6866366325706554,-0.4533072912617465,-0.43590208081840165
2023-12-15,1102.3,VNINDEX,6.419508589389404,-0.4379617210691592,-0.4643883391186122,-0.7078219596553119,0.501011926570286,-0.46952766712937943,-0.46891616664869584,-0.5791122999909386,-0.6866366325706554,-0.4533072912617465
2023-12-18,1091.88,VNINDEX,5.633439550223514,-0.4994401075479197,-0.6879320473717363,-0.9497924812669941,0.9021057574713134,-0.4643883391186122,-0.46952766712937943,-0.46891616664869584,-0.5791122999909386,-0.6866366325706554
2023-12-19,1096.3,VNINDEX,5.589360235906545,-0.5083289954483721,-0.6036938610129781,0.4039892523894466,0.163207316046184,-0.6879320473717363,-0.4643883391186122,-0.46952766712937943,-0.46891616664869584,-0.5791122999909386
2023-12-20,1100.76,VNINDEX,5.991717451290556,-0.47917288318994344,-0.4956473287287445,0.40599766290701994,0.1648341022859622,-0.6036938610129781,-0.6879320473717363,-0.4643883391186122,-0.46952766712937943,-0.46891616664869584
2023-12-21,1102.43,VNINDEX,6.007843359975258,-0.47561114220432743,-0.4877043402808804,0.15159839322380972,0.022982072828040837,-0.4956473287287445,-0.6036938610129781,-0.6879320473717363,-0.4643883391186122,-0.46952766712937943
2023-12-22,1103.06,VNINDEX,4.901263491877797,-0.5679709003918261,-0.5075849752620317,0.05713016310526359,0.003263855536434021,-0.4877043402808804,-0.4956473287287445,-0.6036938610129781,-0.6879320473717363,-0.4643883391186122
2023-12-25,1117.66,VNINDEX,5.876003910732065,-0.4836574736190805,-0.7007809135773156,1.3149078099839049,1.728982548756669,-0.5075849752620317,-0.4877043402808804,-0.4956473287287445,-0.6036938610129781,-0.6879320473717363
2023-12-26,1122.25,VNINDEX,5.668829758524747,-0.5038371677607552,-0.5939483926075614,0.4098384689347155,0.16796757061875175,-0.7007809135773156,-0.5075849752620317,-0.4877043402808804,-0.4956473287287445,-0.6036938610129781
2023-12-27,1121.99,VNINDEX,6.00608540415542,-0.47418669430294924,-0.48722711189426116,-0.02317042750892946,0.0005368687109465551,-0.5939483926075614,-0.7007809135773156,-0.5075849752620317,-0.4877043402808804,-0.4956473287287445
2023-12-28,1128.93,VNINDEX,5.212252378154444,-0.5448166138454383,-0.5076134919697137,0.6166387069041314,0.3802432948523992,-0.48722711189426116,-0.5939483926075614,-0.7007809135773156,-0.5075849752620317,-0.4877043402808804
2023-12-29,1129.93,VNINDEX,6.762130385021055,-0.40289131331499134,-0.47396487382112573,0.08854024289493212,0.007839374611893577,-0.5076134919697137,-0.48722711189426116,-0.5939483926075614,-0.7007809135773156,-0.5075849752620317
2024-01-02,1131.72,VNINDEX,6.477863574029773,-0.4337799222822093,-0.6952470807287013,0.1582915458850962,0.025056213498693514,-0.47396487382112573,-0.5076134919697137,-0.48722711189426116,-0.5939483926075614,-0.7007809135773156
2024-01-03,1144.17,VNINDEX,6.745008047614107,-0.41033206144537016,-0.557934930146536,1.094088395445672,1.197029417048885,-0.6952470807287013,-0.47396487382112573,-0.5076134919697137,-0.48722711189426116,-0.5939483926075614
2024-01-04,1150.72,VNINDEX,6.989351336942365,-0.3860251895126161,-0.41004572441339804,0.5708350104895462,0.32585260920060033,-0.557934930146536,-0.6952470807287013,-0.47396487382112573,-0.5076134919697137,-0.48722711189426116
2024-01-05,1154.68,VNINDEX,6.637891330529888,-0.41122398176171604,-0.40252707757323364,0.34354158885108044,0.1180208232703248,-0.41004572441339804,-0.557934930146536,-0.6952470807287013,-0.47396487382112573,-0.5076134919697137
2024-01-08,1160.19,VNINDEX,6.138921282120859,-0.4622613557434334,-0.6560536599913553,0.4760535499575911,0.22662698242722468,-0.40252707757323364,-0.41004572441339804,-0.557934930146536,-0.6952470807287013,-0.47396487382112573
2024-01-09,1158.59,VNINDEX,6.922307246286261,-0.4034929364128539,-0.5430799705002043,-0.13800362724652007,0.019045001133196456,-0.6560536599913553,-0.40252707757323364,-0.41004572441339804,-0.557934930146536,-0.6952470807287013
2024-01-10,1161.54,VNINDEX,5.922460088883272,-0.4809856728565546,-0.4489133216709468,0.2542962325145443,0.06466657387109118,-0.5430799705002043,-0.6560536599913553,-0.40252707757323364,-0.41004572441339804,-0.557934930146536
2024-01-11,1162.22,VNINDEX,6.712066012688708,-0.4124074962752575,-0.43229536851488815,0.058525839106444044,0.003425273843113375,-0.4489133216709468,-0.5430799705002043,-0.6560536599913553,-0.40252707757323364,-0.41004572441339804
2024-01-12,1154.7,VNINDEX,5.394013580646793,-0.5267432836608262,-0.47337881759754563,-0.6491399277167327,0.4213826457560849,-0.43229536851488815,-0.4489133216709468,-0.5430799705002043,-0.6560536599913553,-0.40252707757323364
2024-01-15,1154.12,VNINDEX,5.636884152321595,-0.5020335954458797,-0.7005797125136096,-0.05024211607667616,0.0025242702278622012,-0.47337881759754563,-0.43229536851488815,-0.4489133216709468,-0.5430799705002043,-0.6560536599913553
2024-01-16,1163.12,VNINDEX,5.605322552508188,-0.5142051245584562,-0.6151038229716768,0.7767900826126639,0.6034028324453893,-0.7005797125136096,-0.47337881759754563,-0.43229536851488815,-0.4489133216709468,-0.5430799705002043
2024-01-17,1162.53,VNINDEX,6.407681092441839,-0.4397271269983796,-0.48532194900090475,-0.05073850430265768,0.002574395818870812,-0.6151038229716768,-0.7005797125136096,-0.47337881759754563,-0.43229536851488815,-0.4489133216709468
2024-01-18,1169.06,VNINDEX,5.853274036017584,-0.4830538704279621,-0.4789953739949322,0.5601342494384376,0.31375037739396183,-0.48532194900090475,-0.6151038229716768,-0.7005797125136096,-0.47337881759754563,-0.43229536851488815
2024-01-19,1181.5,VNINDEX,5.7393184512789315,-0.4889629087584774,-0.47058130206160587,1.0584810552434751,1.1203821443093407,-0.4789953739949322,-0.48532194900090475,-0.6151038229716768,-0.7005797125136096,-0.47337881759754563
2024-01-22,1182.86,VNINDEX,6.55756799827263,-0.4201056324036886,-0.6809198056569584,0.11504171530495357,0.013234596260305988,-0.47058130206160587,-0.4789953739949322,-0.48532194900090475,-0.6151038229716768,-0.7005797125136096
2024-01-23,1177.5,VNINDEX,5.239586875772311,-0.5346968276940538,-0.5947472796660768,-0.4541687889439131,0.2062692888507807,-0.6809198056569584,-0.47058130206160587,-0.4789953739949322,-0.48532194900090475,-0.6151038229716768
2024-01-24,1172.97,VNINDEX,4.965532224991948,-0.5629063986402659,-0.505902952912669,-0.38545530117249877,0.14857578920198172,-0.5947472796660768,-0.6809198056569584,-0.47058130206160587,-0.4789953739949322,-0.48532194900090475
2024-01-25,1170.37,VNINDEX,4.737478436431451,-0.5742136594917037,-0.5572722952753406,-0.2219055763919793,0.049242084833856566,-0.505902952912669,-0.5947472796660768,-0.6809198056569584,-0.47058130206160587,-0.4789953739949322
2024-01-26,1175.67,VNINDEX,5.547273779034068,-0.5094598690592989,-0.5488599757304223,0.45182597197632113,0.20414670895234732,-0.5572722952753406,-0.505902952912669,-0.5947472796660768,-0.6809198056569584,-0.47058130206160587
2024-01-29,1175.69,VNINDEX,5.692790963586129,-0.4913793016162069,-0.705423053814432,0.0017011431682565617,2.8938880789059726e-06,-0.5488599757304223,-0.5572722952753406,-0.505902952912669,-0.5947472796660768,-0.6809198056569584
2024-01-30,1179.65,VNINDEX,5.399998638662172,-0.5261159886010125,-0.6197720674969818,0.3362575026348476,0.11306910807822454,-0.705423053814432,-0.5488599757304223,-0.5572722952753406,-0.505902952912669,-0.5947472796660768
2024-01-31,1164.31,VNINDEX,6.304627885470101,-0.4480051744492338,-0.48850015488881726,-1.3089147434965525,1.7132578057426457,-0.6197720674969818,-0.705423053814432,-0.5488599757304223,-0.5572722952753406,-0.505902952912669
2024-02-01,1173.02,VNINDEX,5.5259243394315805,-0.5189523601508697,-0.49769117440037147,0.7452982948744185,0.5554695483427156,-0.48850015488881726,-0.6197720674969818,-0.705423053814432,-0.5488599757304223,-0.5572722952753406
2024-02-02,1172.55,VNINDEX,5.375034519196642,-0.5198061140815606,-0.49558788289388755,-0.040075547205189015,0.001606049483795333,-0.49769117440037147,-0.48850015488881726,-0.6197720674969818,-0.705423053814432,-0.5488599757304223
2024-02-05,1186.06,VNINDEX,5.269155618141225,-0.5302833128710027,-0.7240495128307362,1.1456025162803956,1.312405125307974,-0.49558788289388755,-0.49769117440037147,-0.48850015488881726,-0.6197720674969818,-0.705423053814432
2024-02-06,1188.48,VNINDEX,5.497209406701722,-0.518976052019565,-0.6315631339624335,0.2038290227033311,0.04154627049619506,-0.7240495128307362,-0.49558788289388755,-0.49769117440037147,-0.48850015488881726,-0.6197720674969818
2024-02-07,1198.53,VNINDEX,4.4406939109366075,-0.6018196272467974,-0.550359664045788,0.8420626125986523,0.7090694435364681,-0.6315631339624335,-0.7240495128307362,-0.49558788289388755,-0.49769117440037147,-0.48850015488881726
2024-02-15,1202.5,VNINDEX,5.943574626861106,-0.4806756439558876,-0.6908068015863764,0.33069171296432576,0.10935700902328002,-0.550359664045788,-0.6315631339624335,-0.7240495128307362,-0.49558788289388755,-0.49769117440037147
2024-02-16,1209.7,VNINDEX,6.2826595378532115,-0.45270502630425646,-0.5692920053263149,0.5969671985886261,0.3563698361907522,-0.6908068015863764,-0.550359664045788,-0.6315631339624335,-0.7240495128307362,-0.49558788289388755
2024-02-19,1224.97,VNINDEX,6.133007533647076,-0.4631440587080436,0.2990812809020954,1.2543958917226572,1.5735090531706803,-0.5692920053263149,-0.6908068015863764,-0.550359664045788,-0.6315631339624335,-0.7240495128307362
2024-02-20,1230.06,VNINDEX,5.643488118351374,-0.5061989396226141,0.3998808011563286,0.4146594781509689,0.17194248282043384,0.2990812809020954,-0.5692920053263149,-0.6908068015863764,-0.550359664045788,-0.6315631339624335
2024-02-21,1230.04,VNINDEX,7.520317328096272,-0.3469954816558638,-0.4387794933288401,-0.0016259501646571377,2.643713937948573e-06,0.3998808011563286,0.2990812809020954,-0.5692920053263149,-0.6908068015863764,-0.550359664045788
2024-02-22,1227.31,VNINDEX,5.660304244592071,-0.5076852457783427,-0.45362655568560645,-0.22219066255418862,0.04936869052626932,-0.4387794933288401,0.3998808011563286,0.2990812809020954,-0.5692920053263149,-0.6908068015863764
2024-02-23,1212.0,VNINDEX,6.725722774997707,-0.4123219461522118,-0.42233422452880565,-1.2552894908090513,1.5757517057356472,-0.45362655568560645,-0.4387794933288401,0.3998808011563286,0.2990812809020954,-0.5692920053263149
2024-02-26,1224.17,VNINDEX,5.851117586490032,-0.5002497548131879,-0.6885782276327161,0.9991175687731896,0.9982359162312492,-0.42233422452880565,-0.45362655568560645,-0.4387794933288401,0.3998808011563286,0.2990812809020954
2024-02-27,1237.46,VNINDEX,7.270679198308634,-0.37697769578977613,-0.5554011521311951,1.079782837112366,1.16593097532243,-0.6885782276327161,-0.42233422452880565,-0.45362655568560645,-0.4387794933288401,0.3998808011563286
2024-02-28,1254.55,VNINDEX,6.904943521572758,-0.3974693989253736,-0.42489894984277876,1.3716050840652327,1.8813005066335942,-0.5554011521311951,-0.6885782276327161,-0.42233422452880565,-0.45362655568560645,-0.4387794933288401
2024-02-29,1252.73,VNINDEX,6.886134537887567,-0.40374110705917055,-0.3927294005914397,-0.14517726936435216,0.021076439540089663,-0.42489894984277876,-0.5554011521311951,-0.6885782276327161,-0.42233422452880565,-0.45362655568560645
2024-03-01,1258.28,VNINDEX,6.768570758967774,-0.416494527587426,-0.4059016778573229,0.4420539175699456,0.19541166603893625,-0.3927294005914397,-0.42489894984277876,-0.5554011521311951,-0.6885782276327161,-0.42233422452880565
2024-03-04,1261.41,VNINDEX,6.275749360657183,-0.45746673641362934,-0.6519587495610789,0.24844338866850652,0.06172411737309059,-0.4059016778573229,-0.3927294005914397,-0.42489894984277876,-0.5554011521311951,-0.6885782276327161
2024-03-05,1269.98,VNINDEX,7.224315302698891,-0.3699562185518054,-0.5285058630157727,0.6771009399630745,0.45846568289887907,-0.6519587495610789,-0.4059016778573229,-0.3927294005914397,-0.42489894984277876,-0.5554011521311951
2024-03-06,1262.73,VNINDEX,5.86387020261825,-0.49434993383440823,-0.4405909629332805,-0.5725108522239091,0.32776867591414666,-0.5285058630157727,-0.6519587495610789,-0.4059016778573229,-0.3927294005914397,-0.42489894984277876
2024-03-07,1268.46,VNINDEX,6.254563513137755,-0.45752135740949984,-0.440609169931904,0.4527522460195595,0.20498459627575571,-0.4405909629332805,-0.5285058630157727,-0.6519587495610789,-0.4059016778573229,-0.3927294005914397
2024-03-08,1247.35,VNINDEX,7.505735446606623,-0.3512154468284686,-0.4343622460241251,-1.678226531985025,2.816444292658484,-0.440609169931904,-0.4405909629332805,-0.5285058630157727,-0.6519587495610789,-0.4059016778573229
2024-03-11,1235.49,VNINDEX,7.510056967185239,-0.3543214435241245,-0.6206092771425594,-0.9553648408450272,0.912721979122844,-0.4343622460241251,-0.440609169931904,-0.4405909629332805,-0.5285058630157727,-0.6519587495610789
2024-03-12,1245.0,VNINDEX,6.708631705725489,-0.4241254207459748,-0.5232753497370723,0.7667877392012586,0.5879634369893775,-0.6206092771425594,-0.4343622460241251,-0.440609169931904,-0.4405909629332805,-0.5285058630157727
2024-03-13,1270.51,VNINDEX,6.6043836073629825,-0.42941040768498995,-0.402619090651696,2.0282864747397205,4.113946023612082,-0.5232753497370723,-0.6206092771425594,-0.4343622460241251,-0.440609169931904,-0.4405909629332805
2024-03-14,1264.26,VNINDEX,7.262486528023668,-0.3767298000830597,-0.4100885428380078,-0.4931423889433966,0.2431894157728003,-0.402619090651696,-0.5232753497370723,-0.6206092771425594,-0.4343622460241251,-0.440609169931904
2024-03-15,1263.78,VNINDEX,6.619830074200382,-0.4295979084344407,-0.4119127054008297,-0.03797408314489411,0.0014420309906953309,-0.4100885428380078,-0.402619090651696,-0.5232753497370723,-0.6206092771425594,-0.4343622460241251
2024-03-18,1243.56,VNINDEX,8.034263595814828,-0.30736503043689967,-0.5996514567266095,-1.6128995941195843,2.60144510071112,-0.4119127054008297,-0.4100885428380078,-0.402619090651696,-0.5232753497370723,-0.6206092771425594
2024-03-19,1242.46,VNINDEX,6.863186872820889,-0.4084946850758295,-0.48276290232488694,-0.08849486905070593,0.00783134184830159,-0.5996514567266095,-0.4119127054008297,-0.4100885428380078,-0.402619090651696,-0.5232753497370723
2024-03-20,1260.08,VNINDEX,6.674423640073569,-0.4292305270423007,-0.3816967475183428,1.4081925699860653,1.9830063141639596,-0.48276290232488694,-0.5996514567266095,-0.4119127054008297,-0.4100885428380078,-0.402619090651696
2024-03-21,1276.42,VNINDEX,7.302183140463328,-0.3652985219394507,-0.4010079113525265,1.2884073357107257,1.6599934627132107,-0.3816967475183428,-0.48276290232488694,-0.5996514567266095,-0.4119127054008297,-0.4100885428380078
2024-03-22,1281.8,VNINDEX,6.613157119887374,-0.42343937576403046,-0.40598947491526016,0.4206055719539143,0.17690904715867936,-0.4010079113525265,-0.3816967475183428,-0.48276290232488694,-0.5996514567266095,-0.4119127054008297
2024-03-25,1267.86,VNINDEX,7.937167872287767,-0.31506078962222606,-0.6097315060614764,-1.0934900263235674,1.1957204376691162,-0.40598947491526016,-0.4010079113525265,-0.3816967475183428,-0.48276290232488694,-0.5996514567266095
2024-03-26,1282.21,VNINDEX,7.5898391138655885,-0.34521686997745993,-0.46980110087753146,1.1254711811158316,1.266685379522265,-0.6097315060614764,-0.40598947491526016,-0.4010079113525265,-0.3816967475183428,-0.48276290232488694
2024-03-27,1283.09,VNINDEX,7.26396471623195,-0.364193130954394,-0.34149026351802625,0.06860796277381129,0.004707052555972676,-0.46980110087753146,-0.6097315060614764,-0.40598947491526016,-0.4010079113525265,-0.3816967475183428
2024-03-28,1290.18,VNINDEX,7.898500193774418,-0.31186791133971753,-0.34042597075719006,0.5510512259565236,0.3036574536281876,-0.34149026351802625,-0.46980110087753146,-0.6097315060614764,-0.40598947491526016,-0.4010079113525265
2024-03-29,1284.09,VNINDEX,7.101085290894128,-0.38788238584295054,-0.3546478093790202,-0.4731447253933621,0.22386593116756004,-0.34042597075719006,-0.34149026351802625,-0.46980110087753146,-0.6097315060614764,-0.40598947491526016
2024-04-01,1281.52,VNINDEX,25.476381599428922,1.4594232336146025,-0.013401587924719793,-0.20034228581906866,0.040137031487209394,-0.3546478093790202,-0.34042597075719006,-0.34149026351802625,-0.46980110087753146,-0.6097315060614764
2024-04-02,1287.04,VNINDEX,7.12216325399993,-0.3858985797065132,0.09784413420212318,0.4298134751004542,0.18473962337792876,-0.013401587924719793,-0.3546478093790202,-0.34042597075719006,-0.34149026351802625,-0.46980110087753146
2024-04-03,1271.47,VNINDEX,7.544468314798762,-0.341700706746092,0.24394131572066624,-1.2171296740507456,1.4814046434548742,0.09784413420212318,-0.013401587924719793,-0.3546478093790202,-0.34042597075719006,-0.34149026351802625
2024-04-04,1268.25,VNINDEX,7.807178915996426,-0.3215472286005508,-0.34971550501771825,-0.25357139569257064,0.06429845271347824,0.24394131572066624,0.09784413420212318,-0.013401587924719793,-0.3546478093790202,-0.34042597075719006
2024-04-05,1255.11,VNINDEX,6.996694243050957,-0.38901250782057073,-0.35075348105573745,-1.0414779319509138,1.0846762827407521,-0.34971550501771825,0.24394131572066624,0.09784413420212318,-0.013401587924719793,-0.3546478093790202
2024-04-08,1250.35,VNINDEX,6.716752682006308,-0.4235825320092702,-0.6259181234557811,-0.37997060236276103,0.14437765865991947,-0.35075348105573745,-0.34971550501771825,0.24394131572066624,0.09784413420212318,-0.013401587924719793
2024-04-09,1262.82,VNINDEX,6.049660442741334,-0.466795806031451,-0.5497968868854971,0.9923803275472878,0.9848187145028622,-0.6259181234557811,-0.35075348105573745,-0.34971550501771825,0.24394131572066624,0.09784413420212318
2024-04-10,1258.56,VNINDEX,6.127588003530665,-0.47942391485531444,-0.4566007509653448,-0.33791051356908197,0.11418351518052074,-0.5497968868854971,-0.6259181234557811,-0.35075348105573745,-0.34971550501771825,0.24394131572066624
2024-04-11,1258.2,VNINDEX,5.873374776296558,-0.4898384910222886,-0.47868607063635094,-0.028608210751534965,0.0008184297224042408,-0.4566007509653448,-0.5497968868854971,-0.6259181234557811,-0.35075348105573745,-0.34971550501771825
2024-04-12,1276.6,VNINDEX,7.0139776536571965,-0.39625656990345987,-0.45517299192702054,1.4518165686027658,2.1077713488695093,-0.47868607063635094,-0.4566007509653448,-0.5497968868854971,-0.6259181234557811,-0.35075348105573745
2024-04-15,1216.61,VNINDEX,8.585036734337958,-0.25209863936595445,-0.5953978253014208,-4.813199134066012,23.166885904173803,-0.45517299192702054,-0.47868607063635094,-0.4566007509653448,-0.5497968868854971,-0.6259181234557811
2024-04-16,1215.68,VNINDEX,7.214106901781027,-0.3766263669829758,-0.46843338474041374,-0.07647114820359663,0.0058478365075764396,-0.5953978253014208,-0.45517299192702054,-0.47868607063635094,-0.4566007509653448,-0.5497968868854971
2024-04-17,1193.01,VNINDEX,5.9925073039743,-0.4726634048523267,-0.36712947040041854,-1.882406570680224,3.543454497340081,-0.46843338474041374,-0.5953978253014208,-0.45517299192702054,-0.47868607063635094,-0.4566007509653448
2024-04-19,1174.85,VNINDEX,7.214106901781027,-0.3766263669829758,-0.5298179991889287,-1.5339045437844383,2.3528631494425456,-0.36712947040041854,-0.46843338474041374,-0.5953978253014208,-0.45517299192702054,-0.47868607063635094
2024-04-22,1190.22,VNINDEX,6.6585279189542,-0.42695553899539834,-0.6487659356513371,1.2997684113458061,1.6893979231324006,-0.5298179991889287,-0.36712947040041854,-0.46843338474041374,-0.5953978253014208,-0.45517299192702054
2024-04-23,1177.4,VNINDEX,7.5832789427927745,-0.3490484499899954,-0.51506226701622,-1.0829546373911196,1.1727907466469314,-0.6487659356513371,-0.5298179991889287,-0.36712947040041854,-0.46843338474041374,-0.5953978253014208
2024-04-24,1205.61,VNINDEX,6.321390528783754,-0.4502744137441086,-0.4087594675765004,2.3677045308807276,5.6060247455531265,-0.51506226701622,-0.6487659356513371,-0.5298179991889287,-0.36712947040041854,-0.46843338474041374
2024-04-25,1204.97,VNINDEX,7.359236020108462,-0.37239480641804495,-0.39057255671738256,-0.053099255369028014,0.0028195309207452502,-0.4087594675765004,-0.51506226701622,-0.6487659356513371,-0.5298179991889287,-0.36712947040041854
2024-04-26,1209.52,VNINDEX,5.9504641610028886,-0.48662112980814715,-0.43643011665676645,0.376891632266772,0.14204730247271172,-0.39057255671738256,-0.4087594675765004,-0.51506226701622,-0.6487659356513371,-0.5298179991889287
2024-05-02,1216.36,VNINDEX,5.854194089440536,-0.48720836304906273,-0.6927713104781101,0.563920567081261,0.31800640597725105,-0.43643011665676645,-0.39057255671738256,-0.4087594675765004,-0.51506226701622,-0.6487659356513371
2024-05-03,1221.03,VNINDEX,6.577224893706807,-0.4314780334098637,-0.5741571946034056,0.3831972490678212,0.1468401316931458,-0.6927713104781101,-0.43643011665676645,-0.39057255671738256,-0.4087594675765004,-0.51506226701622
2024-05-06,1241.58,VNINDEX,6.43979766361869,-0.42724397021908744,-0.6229449316480946,1.6689997218355825,2.785560071487252,-0.5741571946034056,-0.6927713104781101,-0.43643011665676645,-0.39057255671738256,-0.4087594675765004
2024-05-07,1248.63,VNINDEX,6.468620205322574,-0.4339132885878079,-0.5434466902900539,0.5662188197349258,0.32060375182201245,-0.6229449316480946,-0.5741571946034056,-0.6927713104781101,-0.43643011665676645,-0.39057255671738256
2024-05-08,1250.46,VNINDEX,6.496401288981852,-0.43225276740023,-0.4311366754023747,0.14645333518127351,0.021448579385718446,-0.5434466902900539,-0.6229449316480946,-0.5741571946034056,-0.6927713104781101,-0.43643011665676645
2024-05-09,1248.64,VNINDEX,5.997006843476689,-0.47966800157479267,-0.4486113525209431,-0.14565246062624362,0.021214639286479448,-0.4311366754023747,-0.5434466902900539,-0.6229449316480946,-0.5741571946034056,-0.6927713104781101
2024-05-10,1244.7,VNINDEX,6.734472822776225,-0.4099600854071952,-0.4406269514607388,-0.3160421987759792,0.09988267140715557,-0.4486113525209431,-0.4311366754023747,-0.5434466902900539,-0.6229449316480946,-0.5741571946034056
2024-05-13,1240.18,VNINDEX,6.218040938985188,-0.45973437527802713,-0.6677842944350605,-0.3638006652407349,0.13235092402960125,-0.4406269514607388,-0.4486113525209431,-0.4311366754023747,-0.5434466902900539,-0.6229449316480946
2024-05-14,1243.28,VNINDEX,5.870466208242642,-0.4802873378541027,-0.5840644420032487,0.24965182528318203,0.06232603386722445,-0.6677842944350605,-0.4406269514607388,-0.4486113525209431,-0.4311366754023747,-0.5434466902900539
2024-05-15,1254.39,VNINDEX,7.250355193163392,-0.37106219153838166,-0.4370279682235034,0.8896350018235512,0.7914504364695899,-0.5840644420032487,-0.6677842944350605,-0.4406269514607388,-0.4486113525209431,-0.4311366754023747
2024-05-16,1268.78,VNINDEX,6.580989279965898,-0.4280854129120881,-0.4264783141015237,1.1406410205156365,1.3010619376829529,-0.4370279682235034,-0.5840644420032487,-0.6677842944350605,-0.4406269514607388,-0.4486113525209431
2024-05-17,1273.11,VNINDEX,7.035462180686206,-0.37924150280360924,-0.3927963690846925,0.3406917048512678,0.11607083775446338,-0.4264783141015237,-0.4370279682235034,-0.5840644420032487,-0.6677842944350605,-0.4406269514607388
2024-05-20,1277.58,VNINDEX,7.547956562497018,-0.33454021619070884,-0.62362751969886,0.35049375471011274,0.12284587209079267,-0.3927963690846925,-0.4264783141015237,-0.4370279682235034,-0.5840644420032487,-0.6677842944350605
2024-05-21,1277.14,VNINDEX,6.788198046325943,-0.3995824816986011,-0.4982174618158062,-0.034446045308331334,0.0011865300373836152,-0.62362751969886,-0.3927963690846925,-0.4264783141015237,-0.4370279682235034,-0.5840644420032487
2024-05-22,1266.91,VNINDEX,6.478884430173539,-0.43835958352059834,-0.39082742713663565,-0.8042338113606751,0.6467920233357178,-0.4982174618158062,-0.62362751969886,-0.3927963690846925,-0.4264783141015237,-0.4370279682235034
2024-05-23,1281.03,VNINDEX,7.996391403025715,-0.3028988739315313,-0.38028031305024323,1.1083576966583808,1.2284567837418712,-0.39082742713663565,-0.4982174618158062,-0.62362751969886,-0.3927963690846925,-0.4264783141015237
2024-05-24,1261.93,VNINDEX,7.136568262792725,-0.37775624089966553,-0.373004899450598,-1.5022146775362688,2.256648937405396,-0.38028031305024323,-0.39082742713663565,-0.4982174618158062,-0.62362751969886,-0.3927963690846925
2024-05-27,1267.68,VNINDEX,6.793177006350772,-0.40283931799696804,-0.6362965987827321,0.4546163166038504,0.20667599532245232,-0.373004899450598,-0.38028031305024323,-0.39082742713663565,-0.4982174618158062,-0.62362751969886
2024-05-28,1281.73,VNINDEX,7.123814557929345,-0.3716815278176916,-0.5029712606134836,1.1022269658278039,1.2149042841979667,-0.6362965987827321,-0.373004899450598,-0.38028031305024323,-0.39082742713663565,-0.4982174618158062
2024-05-29,1272.64,VNINDEX,7.652827030862629,-0.32966233378898946,-0.3680610598678826,-0.7117244855883859,0.5065517433860525,-0.5029712606134836,-0.6362965987827321,-0.373004899450598,-0.38028031305024323,-0.39082742713663565
2024-05-30,1266.32,VNINDEX,6.005434124558814,-0.47705773517414474,-0.3928005322602748,-0.49784266418429723,0.24784731828211895,-0.3680610598678826,-0.5029712606134836,-0.6362965987827321,-0.373004899450598,-0.38028031305024323
2024-05-31,1261.72,VNINDEX,6.37588107181724,-0.4444587795342052,-0.41705961616577936,-0.36391869406681815,0.13243681589129838,-0.3928005322602748,-0.3680610598678826,-0.5029712606134836,-0.6362965987827321,-0.373004899450598
2024-06-03,1280.0,VNINDEX,6.655589184659815,-0.4232396335487632,-0.6425152570413257,1.4384208476848113,2.069054535054291,-0.41705961616577936,-0.3928005322602748,-0.3680610598678826,-0.5029712606134836,-0.6362965987827321
2024-06-04,1283.52,VNINDEX,6.088674352696949,-0.46662791879364784,-0.5591358457214106,0.27462256680252284,0.07541755419720612,-0.6425152570413257,-0.41705961616577936,-0.3928005322602748,-0.3680610598678826,-0.5029712606134836
2024-06-05,1284.35,VNINDEX,6.612738031845874,-0.4155166407450279,-0.4351280643624792,0.0646450193276448,0.004178978523871569,-0.5591358457214106,-0.6425152570413257,-0.41705961616577936,-0.3928005322602748,-0.3680610598678826
2024-06-06,1283.56,VNINDEX,6.914116311556886,-0.3985560408819952,-0.42690020014022323,-0.06152863806932581,0.0037857733026660898,-0.4351280643624792,-0.5591358457214106,-0.6425152570413257,-0.41705961616577936,-0.3928005322602748
2024-06-07,1287.58,VNINDEX,6.688306537985161,-0.4077172003986873,-0.4072632940085697,0.31270201355934246,0.0977825492840672,-0.42690020014022323,-0.4351280643624792,-0.5591358457214106,-0.6425152570413257,-0.41705961616577936
2024-06-10,1290.67,VNINDEX,6.771895761283367,-0.41233875461511194,-0.6416623244041469,0.2396975839786304,0.05745493176519257,-0.4072632940085697,-0.42690020014022323,-0.4351280643624792,-0.5591358457214106,-0.6425152570413257
2024-06-11,1284.41,VNINDEX,6.333072609362062,-0.4538545349913349,-0.5447116421617492,-0.48619944480701854,0.23638990013065306,-0.6416623244041469,-0.4072632940085697,-0.42690020014022323,-0.4351280643624792,-0.5591358457214106
2024-06-12,1300.19,VNINDEX,7.600856134082028,-0.33127113842652545,-0.3991548093443236,1.2210938694768327,1.4910702380739043,-0.5447116421617492,-0.6416623244041469,-0.4072632940085697,-0.42690020014022323,-0.4351280643624792
2024-06-13,1301.51,VNINDEX,6.939407915203751,-0.3952671015452339,-0.39346425832103094,0.10147212309353983,0.010296591765110498,-0.3991548093443236,-0.5447116421617492,-0.6416623244041469,-0.4072632940085697,-0.42690020014022323
2024-06-14,1279.91,VNINDEX,6.011442018509954,-0.4656904150463943,-0.39740955167271746,-1.673536590566142,2.8007247199637466,-0.39346425832103094,-0.3991548093443236,-0.5447116421617492,-0.6416623244041469,-0.4072632940085697
2024-06-17,1274.77,VNINDEX,5.625691553894793,-0.502256734898278,-0.6935673638070958,-0.40239927785815416,0.16192517882076396,-0.39740955167271746,-0.39346425832103094,-0.3991548093443236,-0.5447116421617492,-0.6416623244041469
2024-06-18,1279.5,VNINDEX,5.856683569452951,-0.48883678119824614,-0.5926689308644013,0.37036064368019106,0.13716700638720544,-0.6935673638070958,-0.39740955167271746,-0.39346425832103094,-0.3991548093443236,-0.5447116421617492
2024-06-19,1279.79,VNINDEX,6.017522769060328,-0.46560659545795785,-0.4855667038514936,0.022662535409508567,0.0005135905111872297,-0.5926689308644013,-0.6935673638070958,-0.39740955167271746,-0.39346425832103094,-0.3991548093443236
2024-06-20,1282.3,VNINDEX,5.862937435724458,-0.48707257884965394,-0.4805053185019522,0.19593385111313044,0.038390074012022365,-0.4855667038514936,-0.5926689308644013,-0.6935673638070958,-0.39740955167271746,-0.39346425832103094
2024-06-21,1282.02,VNINDEX,5.420756461467268,-0.5169497187602393,-0.48987629768928326,-0.021838148211828005,0.00047690471732176666,-0.4805053185019522,-0.4855667038514936,-0.5926689308644013,-0.6935673638070958,-0.39740955167271746
2024-06-24,1254.12,VNINDEX,6.689031930827968,-0.41357255775374646,-0.6796876721241343,-2.2002827588539318,4.8412442189098694,-0.48987629768928326,-0.4805053185019522,-0.4855667038514936,-0.5926689308644013,-0.6935673638070958
2024-06-25,1256.56,VNINDEX,5.5917995534446705,-0.5098363233958431,-0.5886150416544799,0.1943697140364327,0.03777958573460462,-0.6796876721241343,-0.48987629768928326,-0.4805053185019522,-0.4855667038514936,-0.5926689308644013
2024-06-26,1261.24,VNINDEX,5.250132457531365,-0.531985849143638,-0.48513157676440877,0.3717535459389922,0.13820069891821438,-0.5886150416544799,-0.6796876721241343,-0.48987629768928326,-0.4805053185019522,-0.4855667038514936
2024-06-27,1259.09,VNINDEX,5.831391965806087,-0.49212572053500747,-0.5113159643581624,-0.17061261989741555,0.029108666068259997,-0.48513157676440877,-0.5886150416544799,-0.6796876721241343,-0.48987629768928326,-0.4805053185019522
2024-06-28,1245.32,VNINDEX,4.90342606911229,-0.5625490340361678,-0.5288868679049373,-1.0996712810001221,1.2092769262564496,-0.5113159643581624,-0.48513157676440877,-0.5886150416544799,-0.6796876721241343,-0.48987629768928326
2024-07-01,1254.56,VNINDEX,5.448364429405413,-0.5169695803328173,-0.6948594213329882,0.7392388497420311,0.5464740769679213,-0.5288868679049373,-0.5113159643581624,-0.48513157676440877,-0.5886150416544799,-0.6796876721241343
2024-07-02,1269.79,VNINDEX,5.245918816990303,-0.533290982343962,-0.6214629160241413,1.2066618966782006,1.4560329328950323,-0.6948594213329882,-0.5288868679049373,-0.5113159643581624,-0.48513157676440877,-0.5886150416544799
2024-07-03,1276.85,VNINDEX,6.02206499892148,-0.4897299404412887,-0.5133301677060222,0.5544574880404657,0.30742310604414314,-0.6214629160241413,-0.6948594213329882,-0.5288868679049373,-0.5113159643581624,-0.48513157676440877
2024-07-04,1279.89,VNINDEX,5.733643706035452,-0.5052496229045887,-0.509423515229946,0.23780293910261133,0.05655023784584027,-0.5133301677060222,-0.6214629160241413,-0.6948594213329882,-0.5288868679049373,-0.5113159643581624
2024-07-05,1283.04,VNINDEX,5.135243736635155,-0.5420205543917251,-0.5123333725792004,0.24581253378942325,0.06042380176797635,-0.509423515229946,-0.5133301677060222,-0.6214629160241413,-0.6948594213329882,-0.5288868679049373
2024-07-08,1283.56,VNINDEX,6.346855248151753,-0.4453050916471914,-0.6760959782457528,0.0405205335552736,0.001641913639604054,-0.5123333725792004,-0.509423515229946,-0.5133301677060222,-0.6214629160241413,-0.6948594213329882
2024-07-09,1293.71,VNINDEX,6.3501703801288745,-0.4398249838519641,-0.5668249016955674,0.7876592267044298,0.6204070574126203,-0.6760959782457528,-0.5123333725792004,-0.509423515229946,-0.5133301677060222,-0.6214629160241413
2024-07-10,1285.94,VNINDEX,5.439794198842625,-0.5154249817720702,-0.46685168575707475,-0.602409125079032,0.3628967539784848,-0.5668249016955674,-0.6760959782457528,-0.5123333725792004,-0.509423515229946,-0.5133301677060222
2024-07-11,1283.8,VNINDEX,5.7056166500558065,-0.4973070263130083,-0.48418566397901375,-0.16655385328476893,0.027740186044004335,-0.46685168575707475,-0.5668249016955674,-0.6760959782457528,-0.5123333725792004,-0.509423515229946
2024-07-12,1280.75,VNINDEX,5.5479496329448885,-0.5109022392966743,-0.5078780824605839,-0.23785860583660964,0.05657671637053563,-0.48418566397901375,-0.46685168575707475,-0.5668249016955674,-0.6760959782457528,-0.5123333725792004
2024-07-15,1279.82,VNINDEX,5.6596963375851095,-0.5046672590836587,-0.6889558043590661,-0.07264007942712075,0.005276581139178412,-0.5078780824605839,-0.48418566397901375,-0.46685168575707475,-0.5668249016955674,-0.6760959782457528
2024-07-16,1281.18,VNINDEX,5.60917346277232,-0.4995746423140798,-0.5942298513795703,0.10620852228371805,0.011280250205691034,-0.6889558043590661,-0.5078780824605839,-0.48418566397901375,-0.46685168575707475,-0.5668249016955674
2024-07-17,1268.66,VNINDEX,6.012064388513058,-0.46609751958369017,-0.4901131403271424,-0.9820302934445382,0.9643834972427657,-0.5942298513795703,-0.6889558043590661,-0.5078780824605839,-0.48418566397901375,-0.46685168575707475
2024-07-18,1274.44,VNINDEX,5.38572274385064,-0.529163351000976,-0.49827850429958154,0.45456411093580684,0.2066285309508605,-0.4901131403271424,-0.5942298513795703,-0.6889558043590661,-0.5078780824605839,-0.48418566397901375
2024-07-19,1264.78,VNINDEX,6.1016313395219335,-0.4651870013939151,-0.4868159573261933,-0.760867242927472,0.5789189613600527,-0.49827850429958154,-0.4901131403271424,-0.5942298513795703,-0.6889558043590661,-0.5078780824605839
2024-07-22,1254.64,VNINDEX,6.862971066740993,-0.39305631957512044,-0.6639738683871909,-0.8049515167346113,0.6479469442933512,-0.4868159573261933,-0.49827850429958154,-0.4901131403271424,-0.5942298513795703,-0.6889558043590661
2024-07-23,1231.81,VNINDEX,5.826413005781257,-0.48886888423664066,-0.56615055730899,-1.8364046405172203,3.3723820037131813,-0.6639738683871909,-0.4868159573261933,-0.49827850429958154,-0.4901131403271424,-0.5942298513795703
2024-07-24,1238.47,VNINDEX,6.4592544890355486,-0.43364196824992074,-0.4385223906872268,0.5392114364817119,0.2907489732326712,-0.56615055730899,-0.6639738683871909,-0.4868159573261933,-0.49827850429958154,-0.4901131403271424
2024-07-25,1233.19,VNINDEX,4.66911892157701,-0.581449095531427,-0.5013199826726623,-0.42724387914519896,0.18253733226703736,-0.4385223906872268,-0.56615055730899,-0.6639738683871909,-0.4868159573261933,-0.49827850429958154
2024-07-26,1242.11,VNINDEX,5.3579416601913605,-0.5308238721885539,-0.5153049786566334,0.7207238404949167,0.5194428542577421,-0.5013199826726623,-0.4385223906872268,-0.56615055730899,-0.6639738683871909,-0.4868159573261933
2024-07-29,1246.6,VNINDEX,5.608347810807613,-0.5066831682584905,-0.6841420453471588,0.36082989754389055,0.13019821496153455,-0.5153049786566334,-0.5013199826726623,-0.4385223906872268,-0.56615055730899,-0.6639738683871909
2024-07-30,1245.06,VNINDEX,5.793795911577811,-0.4914274340872466,-0.5907690270033771,-0.12361238660921468,0.015280022123225958,-0.6841420453471588,-0.5153049786566334,-0.5013199826726623,-0.4385223906872268,-0.56615055730899
2024-07-31,1251.51,VNINDEX,6.645121677847246,-0.42630896909767935,-0.47480652381447164,0.5167100742753986,0.26698930085768796,-0.5907690270033771,-0.6841420453471588,-0.5153049786566334,-0.5013199826726623,-0.4385223906872268
2024-08-01,1226.96,VNINDEX,7.366722102267882,-0.34849081716162883,-0.42207574011551774,-1.9811256908887496,3.9248590030994253,-0.47480652381447164,-0.5907690270033771,-0.6841420453471588,-0.5153049786566334,-0.5013199826726623
2024-08-02,1236.6,VNINDEX,5.296125626601295,-0.5359091169123018,-0.4369029677238696,0.782611278194394,0.6124804127570632,-0.42207574011551774,-0.47480652381447164,-0.5907690270033771,-0.6841420453471588,-0.5153049786566334
2024-08-05,1188.07,VNINDEX,24.550142914732884,1.363887336991346,-0.06594063095882047,-4.0035536378821375,16.028441731399298,-0.4369029677238696,-0.42207574011551774,-0.47480652381447164,-0.5907690270033771,-0.6841420453471588
2024-08-06,1210.28,VNINDEX,7.272158549112,-0.3749337427570035,0.06424779134052055,1.852159603381973,3.4304951964000674,-0.06594063095882047,-0.4369029677238696,-0.42207574011551774,-0.47480652381447164,-0.5907690270033771
2024-08-07,1215.88,VNINDEX,31.676278225964587,2.099233935152959,1.0293958431291008,0.4616356666512275,0.21310748872452326,0.06424779134052055,-0.06594063095882047,-0.4369029677238696,-0.42207574011551774,-0.47480652381447164
2024-08-08,1208.32,VNINDEX,5.220730236183141,-0.5420281744984867,0.39409067263249,-0.6237129368952555,0.389017827650505,1.0293958431291008,0.06424779134052055,-0.06594063095882047,-0.4369029677238696,-0.42207574011551774
2024-08-09,1223.64,VNINDEX,5.177675801407596,-0.541820812176458,0.3384616494926719,1.2599058087108186,1.5873626468232618,0.39409067263249,1.0293958431291008,0.06424779134052055,-0.06594063095882047,-0.4369029677238696
2024-08-12,1230.28,VNINDEX,7.073058234914481,-0.3799397892513702,-0.6576993304029728,0.5411762572179802,0.2928717413764615,0.3384616494926719,0.39409067263249,1.0293958431291008,0.06424779134052055,-0.06594063095882047
2024-08-13,1230.42,VNINDEX,5.577873965174315,-0.5142309017785915,-0.5690003717570379,0.011378875941899447,0.00012947881770113804,-0.6576993304029728,0.3384616494926719,0.39409067263249,1.0293958431291008,0.06424779134052055
2024-08-14,1230.36,VNINDEX,5.236799073023644,-0.5426227797852332,-0.47893115693839783,-0.004876502573333678,2.3780277347729983e-05,-0.5690003717570379,-0.6576993304029728,0.3384616494926719,0.39409067263249,1.0293958431291008
2024-08-15,1223.56,VNINDEX,4.801321219319931,-0.5728232046446782,-0.5432256287361672,-0.5542167149301727,0.30715616710799226,-0.47893115693839783,-0.5690003717570379,-0.6576993304029728,0.3384616494926719,0.39409067263249
2024-08-16,1252.23,VNINDEX,6.454621760452985,-0.4270243664312423,-0.514156783620384,2.31613195377392,5.364467227292595,-0.5432256287361672,-0.47893115693839783,-0.5690003717570379,-0.6576993304029728,0.3384616494926719
2024-08-19,1261.62,VNINDEX,5.134694223231284,-0.5528969503937435,-0.7114812485013545,0.7470647549960541,0.5581057481573143,-0.514156783620384,-0.5432256287361672,-0.47893115693839783,-0.5690003717570379,-0.6576993304029728
2024-08-20,1272.55,VNINDEX,5.8771693287961195,-0.4806106228029622,-0.6076080006109783,0.8626151975185544,0.7441049789899746,-0.7114812485013545,-0.514156783620384,-0.5432256287361672,-0.47893115693839783,-0.5690003717570379
2024-08-21,1284.05,VNINDEX,6.029408131600238,-0.4616710862234776,-0.4983928864733939,0.8996383918118266,0.8093492360217696,-0.6076080006109783,-0.7114812485013545,-0.514156783620384,-0.5432256287361672,-0.47893115693839783
2024-08-22,1282.78,VNINDEX,5.955084365467158,-0.47028473564441,-0.47085548155694945,-0.09895474991584495,0.009792042530907416,-0.4983928864733939,-0.6076080006109783,-0.7114812485013545,-0.514156783620384,-0.5432256287361672
2024-08-23,1285.32,VNINDEX,5.712176821128621,-0.49347544630047285,-0.4751437560561196,0.1978116761995283,0.03912945924086703,-0.47085548155694945,-0.4983928864733939,-0.6076080006109783,-0.7114812485013545,-0.514156783620384
2024-08-26,1280.02,VNINDEX,4.998278284947301,-0.5628279744808163,-0.7119376949270588,-0.41320117729447176,0.1707352129175375,-0.4751437560561196,-0.47085548155694945,-0.4983928864733939,-0.6076080006109783,-0.7114812485013545
2024-08-27,1280.56,VNINDEX,5.900533489952733,-0.48777086529741487,-0.6138067972969941,0.042177944684833484,0.001778979017836873,-0.7119376949270588,-0.4751437560561196,-0.47085548155694945,-0.4983928864733939,-0.6076080006109783
2024-08-28,1281.44,VNINDEX,5.654483929358206,-0.5147613009885492,-0.5217867135889263,0.06869633369301614,0.004719186262862225,-0.6138067972969941,-0.7119376949270588,-0.4751437560561196,-0.47085548155694945,-0.4983928864733939
2024-08-29,1281.47,VNINDEX,4.539232988125372,-0.5933837873275151,-0.5319719845378259,0.00234108884052131,5.480696959213411e-06,-0.5217867135889263,-0.6138067972969941,-0.7119376949270588,-0.4751437560561196,-0.47085548155694945
2024-08-30,1283.87,VNINDEX,4.866279269165985,-0.5639382348858586,-0.5573611077339737,0.1871097554476947,0.035010060583696115,-0.5319719845378259,-0.5217867135889263,-0.6138067972969941,-0.7119376949270588,-0.4751437560561196
2024-09-04,1275.8,VNINDEX,5.233514107286991,-0.5422676398589098,-0.7118407169772138,-0.6305521210399527,0.3975959773479832,-0.5573611077339737,-0.5319719845378259,-0.5217867135889263,-0.6138067972969941,-0.7119376949270588
2024-09-05,1268.21,VNINDEX,4.917424513981878,-0.5694379561927334,-0.6328490981419009,-0.5966975381401426,0.35604795202250694,-0.7118407169772138,-0.5573611077339737,-0.5319719845378259,-0.5217867135889263,-0.6138067972969941
2024-09-06,1273.96,VNINDEX,5.376733425246352,-0.5196960174212265,-0.5438005378242894,0.45237020384992993,0.20463880133122717,-0.6328490981419009,-0.7118407169772138,-0.5573611077339737,-0.5319719845378259,-0.5217867135889263
2024-09-09,1267.73,VNINDEX,5.549224539191566,-0.5058812006497153,-0.7081683671034098,-0.49022598953352337,0.24032152081412217,-0.5438005378242894,-0.6328490981419009,-0.7118407169772138,-0.5573611077339737,-0.5319719845378259
2024-09-10,1255.23,VNINDEX,4.851221724129616,-0.5775087168769611,-0.6357736543055822,-0.9909076862795133,0.9818980427278183,-0.7081683671034098,-0.5438005378242894,-0.6328490981419009,-0.7118407169772138,-0.5573611077339737
2024-09-11,1253.27,VNINDEX,4.6872706745067205,-0.5987033799307702,-0.5606977658191484,-0.15626871826657573,0.02441991230867842,-0.6357736543055822,-0.7081683671034098,-0.5438005378242894,-0.6328490981419009,-0.7118407169772138
2024-09-12,1256.35,VNINDEX,5.641557108773692,-0.5103669706667312,-0.5621930224914871,0.24545561052086132,0.060248456736168764,-0.5606977658191484,-0.6357736543055822,-0.7081683671034098,-0.5438005378242894,-0.6328490981419009
2024-09-13,1251.71,VNINDEX,4.466949447722736,-0.6015383676001793,-0.5702029060658931,-0.3700075192523659,0.13690556430328993,-0.5621930224914871,-0.5606977658191484,-0.6357736543055822,-0.7081683671034098,-0.5438005378242894
2024-09-16,1239.26,VNINDEX,4.644073290250512,-0.5943411526473465,-0.751422033105408,-0.9996189171903125,0.9992379796047328,-0.5702029060658931,-0.5621930224914871,-0.5606977658191484,-0.6357736543055822,-0.7081683671034098
2024-09-17,1258.95,VNINDEX,5.3537280196502985,-0.5321290053888779,-0.6475939639278578,1.5763612932007853,2.484914926701652,-0.751422033105408,-0.5702029060658931,-0.5621930224914871,-0.5606977658191484,-0.6357736543055822
2024-09-18,1264.9,VNINDEX,6.103498449531244,-0.46640831500580265,-0.5309594910140085,0.47150274565499456,0.22231483916019848,-0.6475939639278578,-0.751422033105408,-0.5702029060658931,-0.5621930224914871,-0.5606977658191484
2024-09-19,1271.27,VNINDEX,5.421391355588664,-0.5403108192799508,-0.5129493798915433,0.5023333132224256,0.25233875757301955,-0.5309594910140085,-0.6475939639278578,-0.751422033105408,-0.5702029060658931,-0.5621930224914871
2024-09-20,1272.04,VNINDEX,4.785671470520928,-0.580151334376934,-0.528956822887562,0.0605510160795262,0.00366642554826304,-0.5129493798915433,-0.5309594910140085,-0.6475939639278578,-0.751422033105408,-0.5702029060658931
2024-09-23,1268.48,VNINDEX,5.664083093847306,-0.5016817431231788,-0.660486561914227,-0.28025776850019773,0.07854441680471043,-0.528956822887562,-0.5129493798915433,-0.5309594910140085,-0.6475939639278578,-0.751422033105408
2024-09-24,1276.99,VNINDEX,5.2710071386755635,-0.5375176734889073,-0.5880161905051741,0.6686412886801099,0.44708117292779803,-0.660486561914227,-0.528956822887562,-0.5129493798915433,-0.5309594910140085,-0.6475939639278578
2024-09-25,1287.48,VNINDEX,5.3338947965507035,-0.5349270205999069,-0.5247088124039972,0.8181073288340289,0.6692996014919499,-0.5880161905051741,-0.660486561914227,-0.528956822887562,-0.5129493798915433,-0.5309594910140085
2024-09-26,1291.49,VNINDEX,5.734888446041659,-0.5060638319791805,-0.5261695086893311,0.31097711346911555,0.09670676510158317,-0.5247088124039972,-0.5880161905051741,-0.660486561914227,-0.528956822887562,-0.5129493798915433
2024-09-27,1290.92,VNINDEX,5.10394423903715,-0.556676813856237,-0.5325558888117743,-0.044144811184636146,0.0019487643545271765,-0.5261695086893311,-0.5247088124039972,-0.5880161905051741,-0.660486561914227,-0.528956822887562
2024-09-30,1287.94,VNINDEX,5.249103523605054,-0.5466100055697554,-0.7238813819089731,-0.23110997311940076,0.05341181967525015,-0.5325558888117743,-0.5261695086893311,-0.5247088124039972,-0.5880161905051741,-0.660486561914227
2024-10-01,1292.2,VNINDEX,6.044621150235563,-0.4752094651761857,-0.6099280846837299,0.3302149395759032,0.10904190631911741,-0.7238813819089731,-0.5325558888117743,-0.5261695086893311,-0.5247088124039972,-0.5880161905051741
2024-10-02,1287.84,VNINDEX,5.463607614281209,-0.5246727115639747,-0.5154973941033048,-0.3379795778641433,0.1142301950532245,-0.6099280846837299,-0.7238813819089731,-0.5325558888117743,-0.5261695086893311,-0.5247088124039972
2024-10-03,1278.1,VNINDEX,4.961131485000997,-0.5642171753305072,-0.521366450690222,-0.7591796207755055,0.5763536966008403,-0.5154973941033048,-0.6099280846837299,-0.7238813819089731,-0.5325558888117743,-0.5261695086893311
2024-10-04,1270.6,VNINDEX,4.563189353044619,-0.6067863820808145,-0.5652254229917648,-0.5885370305235871,0.34637583629752167,-0.521366450690222,-0.5154973941033048,-0.6099280846837299,-0.7238813819089731,-0.5325558888117743
2024-10-07,1269.93,VNINDEX,4.411776202205207,-0.6186173927158882,-0.7437288139556688,-0.05274490090908634,0.002782024571909337,-0.5652254229917648,-0.521366450690222,-0.5154973941033048,-0.6099280846837299,-0.7238813819089731
2024-10-08,1271.98,VNINDEX,6.369597039305262,-0.45205822960434827,-0.6350614205650329,0.1612960682673404,0.02601642163850253,-0.7437288139556688,-0.5652254229917648,-0.521366450690222,-0.5154973941033048,-0.6099280846837299
2024-10-09,1281.85,VNINDEX,4.957540214463038,-0.5659294130681269,-0.5455350117961206,0.77296054488313,0.5974680039460253,-0.6350614205650329,-0.7437288139556688,-0.5652254229917648,-0.521366450690222,-0.5154973941033048
2024-10-10,1286.36,VNINDEX,5.331578432259422,-0.5316182196905677,-0.5165352874543471,0.35121774590472754,0.12335390503839776,-0.5455350117961206,-0.6350614205650329,-0.7437288139556688,-0.5652254229917648,-0.521366450690222
2024-10-11,1288.39,VNINDEX,4.666802557285729,-0.5781402946220876,-0.5585626424602602,0.15768524482975108,0.02486463643701854,-0.5165352874543471,-0.5455350117961206,-0.6350614205650329,-0.7437288139556688,-0.5652254229917648
2024-10-14,1286.34,VNINDEX,5.646147146997492,-0.49986582422454473,-0.6998007208801161,-0.1592400316296404,0.025357387673408876,-0.5585626424602602,-0.5165352874543471,-0.5455350117961206,-0.6350614205650329,-0.7437288139556688
2024-10-15,1281.08,VNINDEX,5.5377280984526855,-0.5235746926247489,-0.6200294533572164,-0.4097504389164149,0.16789542219219464,-0.6998007208801161,-0.5585626424602602,-0.5165352874543471,-0.5455350117961206,-0.6350614205650329
2024-10-16,1279.48,VNINDEX,5.0600943185373675,-0.5577427297570683,-0.5270610822021201,-0.12497267849549841,0.015618170370339211,-0.6200294533572164,-0.6998007208801161,-0.5585626424602602,-0.5165352874543471,-0.5455350117961206
2024-10-17,1286.52,VNINDEX,5.123155092133641,-0.5534716941079121,-0.5449297054965759,0.5487153284372991,0.301088511662053,-0.5270610822021201,-0.6200294533572164,-0.6998007208801161,-0.5585626424602602,-0.5165352874543471
2024-10-18,1285.46,VNINDEX,4.469235645773547,-0.6106824162310693,-0.5739656133653495,-0.08242677314871365,0.0067941729317095014,-0.5449297054965759,-0.5270610822021201,-0.6200294533572164,-0.6998007208801161,-0.5585626424602602
2024-10-21,1279.77,VNINDEX,5.5524916158843824,-0.5155654016409734,-0.6968513105298061,-0.4436256656731703,0.19680373124396347,-0.5739656133653495,-0.5449297054965759,-0.5270610822021201,-0.6200294533572164,-0.6998007208801161
2024-10-22,1269.89,VNINDEX,4.498429498624528,-0.6068034757196485,-0.6405346962060358,-0.7750091739745312,0.6006392197446851,-0.6968513105298061,-0.5739656133653495,-0.5449297054965759,-0.5270610822021201,-0.6200294533572164
2024-10-23,1270.9,VNINDEX,4.970379962257251,-0.5712586797987229,-0.5645425190531144,0.07950283598403028,0.00632070092950362,-0.6405346962060358,-0.6968513105298061,-0.5739656133653495,-0.5449297054965759,-0.5270610822021201
2024-10-24,1257.41,VNINDEX,5.2013253184902,-0.5493017430750946,-0.5757879661978215,-1.06712610519671,1.1387581243922997,-0.5645425190531144,-0.6405346962060358,-0.6968513105298061,-0.5739656133653495,-0.5449297054965759
2024-10-25,1252.72,VNINDEX,5.572165581536558,-0.5105618691307963,-0.543707430668204,-0.37368625988702037,0.13964142082834974,-0.5757879661978215,-0.5645425190531144,-0.6405346962060358,-0.6968513105298061,-0.5739656133653495
2024-10-28,1254.77,VNINDEX,5.125300128806651,-0.5502999825369617,-0.7197950529252529,0.1635101600989648,0.0267355724555891,-0.543707430668204,-0.5757879661978215,-0.5645425190531144,-0.6405346962060358,-0.6968513105298061
2024-10-29,1261.78,VNINDEX,5.579530123704675,-0.5261377625819503,-0.624298171659069,0.5571133600429916,0.310375295938392,-0.7197950529252529,-0.543707430668204,-0.5757879661978215,-0.5645425190531144,-0.6405346962060358
2024-10-30,1258.63,VNINDEX,4.918049511636346,-0.5800421435137811,-0.5521599628775639,-0.24995946215835038,0.0624797327224918,-0.624298171659069,-0.7197950529252529,-0.543707430668204,-0.5757879661978215,-0.5645425190531144
2024-10-31,1264.48,VNINDEX,5.1014877013481685,-0.5542854956229214,-0.5534884672395504,0.4637142639641829,0.2150309186038439,-0.5521599628775639,-0.624298171659069,-0.7197950529252529,-0.543707430668204,-0.5757879661978215
2024-11-01,1254.89,VNINDEX,5.47016753557925,-0.532715720364161,-0.5556811198336207,-0.7613051134604667,0.5795854757810541,-0.5534884672395504,-0.5521599628775639,-0.624298171659069,-0.7197950529252529,-0.543707430668204
2024-11-04,1244.71,VNINDEX,5.038951366270724,-0.5664629516878259,-0.7295074879690849,-0.8145348282968377,0.6634669865085588,-0.5556811198336207,-0.5534884672395504,-0.5521599628775639,-0.624298171659069,-0.7197950529252529
2024-11-05,1245.76,VNINDEX,5.041050996477918,-0.5610789252673858,-0.6501170125918061,0.08432143829986125,0.007110104956957307,-0.7295074879690849,-0.5556811198336207,-0.5534884672395504,-0.5521599628775639,-0.624298171659069
2024-11-06,1261.28,VNINDEX,6.344285273994972,-0.4464569537969094,-0.5246662769173732,1.2381292889507105,1.532964136157592,-0.6501170125918061,-0.7295074879690849,-0.5556811198336207,-0.5534884672395504,-0.5521599628775639
2024-11-07,1259.75,VNINDEX,5.655085240633203,-0.4915887609032257,-0.4997082133225064,-0.12137897508906523,0.014732855593671917,-0.5246662769173732,-0.6501170125918061,-0.7295074879690849,-0.5556811198336207,-0.5534884672395504
2024-11-08,1252.56,VNINDEX,5.176211862693508,-0.5451007581268812,-0.494382157609005,-0.5723831557440059,0.3276224769794669,-0.4997082133225064,-0.5246662769173732,-0.6501170125918061,-0.7295074879690849,-0.5556811198336207
2024-11-11,1250.32,VNINDEX,5.409110715843936,-0.52952286485899,-0.7084803376474526,-0.17899384693293727,0.03203879723985178,-0.494382157609005,-0.4997082133225064,-0.5246662769173732,-0.6501170125918061,-0.7295074879690849
2024-11-12,1244.82,VNINDEX,4.390424828625069,-0.6215832664619793,-0.6525837743606477,-0.440857740083501,0.1943555469915317,-0.7084803376474526,-0.494382157609005,-0.4997082133225064,-0.5246662769173732,-0.6501170125918061
2024-11-13,1246.04,VNINDEX,4.543216920073398,-0.6060009281576847,-0.5857023531595508,0.09795814277457857,0.009595797735844718,-0.6525837743606477,-0.7084803376474526,-0.494382157609005,-0.4997082133225064,-0.5246662769173732
2024-11-14,1231.89,VNINDEX,4.84811628067658,-0.5884374458556029,-0.6053405468250883,-1.1420947167875959,1.304380342114139,-0.5857023531595508,-0.6525837743606477,-0.7084803376474526,-0.494382157609005,-0.4997082133225064
2024-11-15,1218.57,VNINDEX,4.996944488502195,-0.5600816857138872,-0.5848400199090578,-1.0871535296191033,1.1819027969632745,-0.6053405468250883,-0.5857023531595508,-0.6525837743606477,-0.7084803376474526,-0.494382157609005
2024-11-18,1217.12,VNINDEX,5.373815911664256,-0.5405249469146413,-0.693378097935619,-0.11906278477907348,0.01417594671934797,-0.5848400199090578,-0.6053405468250883,-0.5857023531595508,-0.6525837743606477,-0.7084803376474526
2024-11-19,1205.15,VNINDEX,5.271258549449966,-0.5409064407332728,-0.6191736603268536,-0.9883371743592212,0.9768103702203695,-0.693378097935619,-0.5848400199090578,-0.6053405468250883,-0.5857023531595508,-0.6525837743606477
2024-11-20,1216.54,VNINDEX,5.188488932463363,-0.5363150718936214,-0.5392488198471779,0.9406723394208153,0.8848644501514296,-0.6191736603268536,-0.693378097935619,-0.5848400199090578,-0.6053405468250883,-0.5857023531595508
2024-11-21,1228.33,VNINDEX,5.659786927516818,-0.5025777305511315,-0.526599747726008,0.9644759347831843,0.9302138287758971,-0.5392488198471779,-0.6191736603268536,-0.693378097935619,-0.5848400199090578,-0.6053405468250883
2024-11-22,1228.1,VNINDEX,4.825694125058268,-0.5888310521736113,-0.5425746182061209,-0.018726363110051693,0.0003506766753295049,-0.526599747726008,-0.5392488198471779,-0.6191736603268536,-0.693378097935619,-0.5848400199090578
2024-11-25,1234.7,VNINDEX,4.8522302064093354,-0.577646390625802,-0.7333702072514159,0.5359765957359764,0.2872709111767263,-0.5425746182061209,-0.526599747726008,-0.5392488198471779,-0.6191736603268536,-0.693378097935619
2024-11-26,1242.13,VNINDEX,5.132786268190932,-0.5423037314579201,-0.6467222794025592,0.5999622329494406,0.35995468096567884,-0.7333702072514159,-0.5425746182061209,-0.526599747726008,-0.5392488198471779,-0.6191736603268536
2024-11-27,1241.97,VNINDEX,4.451542446968466,-0.6129900497020524,-0.5776467239285911,-0.012881929086698354,0.00016594409699472509,-0.6467222794025592,-0.7333702072514159,-0.5425746182061209,-0.526599747726008,-0.5392488198471779
2024-11-28,1242.11,VNINDEX,5.229105538391722,-0.5462882446355113,-0.5671940085984941,0.011271778698595457,0.0001270529950301103,-0.5776467239285911,-0.6467222794025592,-0.7333702072514159,-0.5425746182061209,-0.526599747726008
2024-11-29,1250.46,VNINDEX,5.357489623590055,-0.5365142089215593,-0.5652641677530406,0.6699937201642893,0.44889158505958393,-0.5671940085984941,-0.5776467239285911,-0.6467222794025592,-0.7333702072514159,-0.5425746182061209
2024-12-02,1251.21,VNINDEX,4.338746846583432,-0.6285592755986016,-0.7704392736680531,0.05995994855195957,0.0035951954303536384,-0.5652641677530406,-0.5671940085984941,-0.5776467239285911,-0.6467222794025592,-0.7333702072514159
2024-12-03,1249.83,VNINDEX,4.488195169274112,-0.6101898006065212,-0.7150751862682329,-0.11035410389657396,0.01217802824681584,-0.7704392736680531,-0.5652641677530406,-0.5671940085984941,-0.5776467239285911,-0.6467222794025592
2024-12-04,1240.41,VNINDEX,4.638381295225693,-0.5900358734249256,-0.6095949832100156,-0.7565571938200137,0.5723787875208138,-0.7150751862682329,-0.7704392736680531,-0.5652641677530406,-0.5671940085984941,-0.5776467239285911
2024-12-05,1267.53,VNINDEX,6.120822148325978,-0.472219046632541,-0.557481573554662,2.1628154714985537,4.677770763753511,-0.6095949832100156,-0.7150751862682329,-0.7704392736680531,-0.5652641677530406,-0.5671940085984941
2024-12-06,1270.14,VNINDEX,5.438366542267261,-0.522940462040376,-0.5283984606992803,0.20570057732501104,0.04231272751184285,-0.557481573554662,-0.6095949832100156,-0.7150751862682329,-0.7704392736680531,-0.5652641677530406
2024-12-09,1273.84,VNINDEX,4.998217071946528,-0.5682605162850867,-0.7207222835062576,0.29088299506266724,0.08461291681662769,-0.5283984606992803,-0.557481573554662,-0.6095949832100156,-0.7150751862682329,-0.7704392736680531
2024-12-10,1272.07,VNINDEX,5.094654030543156,-0.560474292123527,-0.6502496963766099,-0.13904657157367484,0.019333949066393078,-0.7207222835062576,-0.5283984606992803,-0.557481573554662,-0.6095949832100156,-0.7150751862682329
2024-12-11,1268.86,VNINDEX,5.490579304492329,-0.5259277356644685,-0.5515541813576935,-0.252663529313225,0.0638388590450149,-0.6502496963766099,-0.7207222835062576,-0.5283984606992803,-0.557481573554662,-0.6095949832100156
2024-12-12,1267.35,VNINDEX,5.4715862523132985,-0.5291314810591833,-0.5385111696157258,-0.1190753272338045,0.014178933555837624,-0.5515541813576935,-0.6502496963766099,-0.7207222835062576,-0.5283984606992803,-0.557481573554662
2024-12-13,1262.57,VNINDEX,5.270577635976819,-0.5427062278487351,-0.5325884815241284,-0.37787801099414764,0.14279179119289317,-0.5385111696157258,-0.5515541813576935,-0.6502496963766099,-0.7207222835062576,-0.5283984606992803
2024-12-16,1263.79,VNINDEX,6.137180790114382,-0.4644360448975516,-0.7232560908899909,0.09658165066219467,0.009328015244634207,-0.5325884815241284,-0.5385111696157258,-0.5515541813576935,-0.6502496963766099,-0.7207222835062576
2024-12-17,1261.72,VNINDEX,4.334041250879491,-0.6293717131417405,-0.6333487436915041,-0.1639273226829303,0.026872167121993557,-0.7232560908899909,-0.5325884815241284,-0.5385111696157258,-0.5515541813576935,-0.6502496963766099
2024-12-18,1266.0,VNINDEX,4.878056929393377,-0.5682538487304816,-0.554020535589924,0.33864542673068865,0.11468072504561021,-0.6333487436915041,-0.7232560908899909,-0.5325884815241284,-0.5385111696157258,-0.5515541813576935
2024-12-19,1254.67,VNINDEX,5.219074232118776,-0.5379268345721538,-0.5785174654814581,-0.8989733922349722,0.8081531599464532,-0.554020535589924,-0.6333487436915041,-0.7232560908899909,-0.5325884815241284,-0.5385111696157258
2024-12-20,1257.5,VNINDEX,4.501092353909031,-0.6113903995228966,-0.5725236942751769,0.2253033192122547,0.05076158564805913,-0.5785174654814581,-0.554020535589924,-0.6333487436915041,-0.7232560908899909,-0.5325884815241284
2024-12-23,1262.76,VNINDEX,5.242740526287543,-0.5457043913623714,-0.7030176348831763,0.4174178566826865,0.1742376670775678,-0.5725236942751769,-0.5785174654814581,-0.554020535589924,-0.6333487436915041,-0.7232560908899909
2024-12-24,1260.36,VNINDEX,28.175714931004485,1.7708920358213156,0.15595915575690078,-0.19024071180368515,0.03619152842757279,-0.7030176348831763,-0.5725236942751769,-0.5785174654814581,-0.554020535589924,-0.6333487436915041
2024-12-25,1274.04,VNINDEX,5.351365311152066,-0.540910885769676,0.2280922528964234,1.0795559390797762,1.1654410256024175,0.15595915575690078,-0.7030176348831763,-0.5725236942751769,-0.5785174654814581,-0.554020535589924
2024-12-26,1272.87,VNINDEX,4.718341923638077,-0.601803388337506,0.2093925872380452,-0.09187604448542244,0.008441207550287324,0.2280922528964234,0.15595915575690078,-0.7030176348831763,-0.5725236942751769,-0.5785174654814581
2024-12-27,1275.14,VNINDEX,5.163343122952466,-0.5439078266734793,-0.5622073669268866,0.17817831174581888,0.03174751077659022,0.2093925872380452,0.2280922528964234,0.15595915575690078,-0.7030176348831763,-0.5725236942751769
2024-12-30,1272.02,VNINDEX,4.252605015945304,-0.6211731026081907,-0.7480780998058405,-0.24497884391874997,0.06001463396776726,-0.5622073669268866,0.2093925872380452,0.2280922528964234,0.15595915575690078,-0.7030176348831763
2024-12-31,1266.78,VNINDEX,4.694027069710368,-0.5840318789346796,-0.6740092351056599,-0.4127940318851804,0.1703989127600233,-0.7480780998058405,-0.5622073669268866,0.2093925872380452,0.2280922528964234,0.15595915575690078
2025-01-02,1269.71,VNINDEX,4.858326073953446,-0.5732420463147118,-0.659163547124449,0.23102801928758118,0.05337394569594298,-0.6740092351056599,-0.7480780998058405,-0.5622073669268866,0.2093925872380452,0.2280922528964234
2025-01-03,1254.59,VNINDEX,4.8719895067431445,-0.5726658605045455,-0.6553748743144042,-1.1979701957987536,1.4351325900221041,-0.659163547124449,-0.6740092351056599,-0.7480780998058405,-0.5622073669268866,0.2093925872380452
2025-01-06,1246.35,VNINDEX,5.805035989793109,-0.49497630839993145,-0.688172280204755,-0.6589546183834899,0.4342211890889308,-0.6553748743144042,-0.659163547124449,-0.6740092351056599,-0.7480780998058405,-0.5622073669268866
2025-01-07,1246.95,VNINDEX,4.179980484807158,-0.6249738136837908,-0.6433264720711225,0.04812898661067636,0.0023163993521706644,-0.688172280204755,-0.6553748743144042,-0.659163547124449,-0.6740092351056599,-0.7480780998058405
2025-01-08,1251.02,VNINDEX,4.653292775386173,-0.5858294435319403,-0.5685931885385536,0.3258648904141989,0.10618792680465787,-0.6433264720711225,-0.688172280204755,-0.6553748743144042,-0.659163547124449,-0.6740092351056599
2025-01-09,1245.77,VNINDEX,4.383684310142343,-0.6041922509694158,-0.6049985027283817,-0.42054059311174347,0.17685439045477697,-0.5685931885385536,-0.6433264720711225,-0.688172280204755,-0.6553748743144042,-0.659163547124449
2025-01-10,1230.48,VNINDEX,5.667864736872284,-0.5045600971587519,-0.5648605972200355,-1.234947547467657,1.525095444996381,-0.6049985027283817,-0.5685931885385536,-0.6433264720711225,-0.688172280204755,-0.6553748743144042
2025-01-13,1235.65,VNINDEX,4.734080450561418,-0.5840341014528811,-0.7361641963289531,0.4192810252420064,0.175796578127988,-0.5648605972200355,-0.6049985027283817,-0.5685931885385536,-0.6433264720711225,-0.688172280204755
2025-01-14,1229.07,VNINDEX,4.172437455635121,-0.6329547298368852,-0.6855236797831559,-0.5339361576412889,0.2850878204367433,-0.7361641963289531,-0.5648605972200355,-0.6049985027283817,-0.5685931885385536,-0.6433264720711225
2025-01-15,1236.18,VNINDEX,5.3195074280523205,-0.5311202925199441,-0.5827030412699029,0.5768193662860586,0.3327205813226502,-0.6855236797831559,-0.7361641963289531,-0.5648605972200355,-0.6049985027283817,-0.5685931885385536
2025-01-16,1242.36,VNINDEX,4.378297800965257,-0.606804475628017,-0.5902931659949482,0.49868170835991765,0.24868344625276598,-0.5827030412699029,-0.6855236797831559,-0.7361641963289531,-0.5648605972200355,-0.6049985027283817
2025-01-17,1249.11,VNINDEX,4.406134910654533,-0.6038063121143808,-0.5805770267541135,0.5418501137945779,0.29360154581919706,-0.5902931659949482,-0.5827030412699029,-0.6855236797831559,-0.7361641963289531,-0.5648605972200355
2025-01-20,1249.55,VNINDEX,4.879475646127426,-0.5646696094255039,-0.7255157148651314,0.035218877682287056,0.0012403693451998972,-0.5805770267541135,-0.5902931659949482,-0.5827030412699029,-0.6855236797831559,-0.7361641963289531
2025-01-21,1246.09,VNINDEX,4.112742462846099,-0.6261623001007893,-0.660830576221286,-0.27728376022884543,0.07688628368664785,-0.7255157148651314,-0.5805770267541135,-0.5902931659949482,-0.5827030412699029,-0.6855236797831559
2025-01-22,1242.53,VNINDEX,4.235683149079589,-0.6189851541194917,-0.6032723545485945,-0.286102532998573,0.08185465938819957,-0.660830576221286,-0.7255157148651314,-0.5805770267541135,-0.5902931659949482,-0.5827030412699029
2025-01-23,1259.63,VNINDEX,4.994905656903083,-0.5536796398692295,-0.5996090313631697,1.3668403479519928,1.8682525367895249,-0.6032723545485945,-0.660830576221286,-0.7255157148651314,-0.5805770267541135,-0.5902931659949482
2025-01-24,1265.05,VNINDEX,3.8125447891265303,-0.654714752050777,-0.609126515346499,0.4293620044164451,0.18435173083650744,-0.5996090313631697,-0.6032723545485945,-0.660830576221286,-0.7255157148651314,-0.5805770267541135
2025-02-03,1253.03,VNINDEX,5.056108609928113,-0.5451094254982233,-0.7401587843228661,-0.9547028924841259,0.9114576129175564,-0.609126515346499,-0.5996090313631697,-0.6032723545485945,-0.660830576221286,-0.7255157148651314
2025-02-04,1264.68,VNINDEX,6.364016129434903,-0.44146875621267934,-0.6300213894199387,0.925450758648638,0.8564591066833397,-0.7401587843228661,-0.609126515346499,-0.5996090313631697,-0.6032723545485945,-0.660830576221286
2025-02-05,1269.61,VNINDEX,6.173152598946882,-0.46343558291748277,-0.48333792154279465,0.38906409438684164,0.15137086954105322,-0.6300213894199387,-0.7401587843228661,-0.609126515346499,-0.5996090313631697,-0.6032723545485945
2025-02-06,1271.48,VNINDEX,4.93645089384419,-0.5668597804324045,-0.49058803985418836,0.14718096073495174,0.021662235202863405,-0.48333792154279465,-0.6300213894199387,-0.7401587843228661,-0.609126515346499,-0.5996090313631697
2025-02-07,1275.2,VNINDEX,6.169751940401478,-0.4606331113037499,-0.49697615821787855,0.2921452750886857,0.08534886175664384,-0.49058803985418836,-0.48333792154279465,-0.6300213894199387,-0.7401587843228661,-0.609126515346499
2025-02-10,1263.26,VNINDEX,5.090661702026566,-0.5476932028231323,-0.7140001960454453,-0.9407347805812961,0.8849819273953393,-0.49697615821787855,-0.49058803985418836,-0.48333792154279465,-0.6300213894199387,-0.7401587843228661
2025-02-11,1268.45,VNINDEX,5.472919634365713,-0.5255242393652849,-0.6380663878303225,0.41000013985235795,0.16810011467895308,-0.7140001960454453,-0.49697615821787855,-0.49058803985418836,-0.48333792154279465,-0.6300213894199387
2025-02-12,1266.91,VNINDEX,5.457331149552413,-0.5197290491826876,-0.5309821637903678,-0.12148177689889879,0.014757822118513819,-0.6380663878303225,-0.7140001960454453,-0.49697615821787855,-0.49058803985418836,-0.48333792154279465
2025-02-13,1270.35,VNINDEX,5.083147117748407,-0.5556817864392002,-0.5336450249957239,0.271158817604544,0.07352710436469437,-0.5309821637903678,-0.6380663878303225,-0.7140001960454453,-0.49697615821787855,-0.49058803985418836
2025-02-14,1276.08,VNINDEX,5.85943762572733,-0.4808011508014596,-0.518737328807782,0.45004258284751025,0.20253832637605812,-0.5336450249957239,-0.5309821637903678,-0.6380663878303225,-0.7140001960454453,-0.49697615821787855
2025-02-17,1272.72,VNINDEX,5.1795840763450345,-0.5478955622776405,-0.7255143074201518,-0.2636536367208424,0.06951324015612594,-0.518737328807782,-0.5336450249957239,-0.5309821637903678,-0.6380663878303225,-0.7140001960454453
2025-02-18,1278.14,VNINDEX,5.187779574096339,-0.5381071915461101,-0.6385343739234067,0.42495536066371153,0.18058705855682514,-0.7255143074201518,-0.518737328807782,-0.5336450249957239,-0.5309821637903678,-0.6380663878303225
2025-02-19,1288.56,VNINDEX,5.167367805183261,-0.5448951762458026,-0.5436326433565173,0.8119419678802444,0.6592497592052439,-0.6385343739234067,-0.7255143074201518,-0.518737328807782,-0.5336450249957239,-0.5309821637903678
2025-02-20,1292.98,VNINDEX,5.3683764215197405,-0.5313204294562507,-0.5381075990827207,0.34243159657054595,0.11725939832985313,-0.5436326433565173,-0.6385343739234067,-0.7255143074201518,-0.518737328807782,-0.5336450249957239
2025-02-21,1296.75,VNINDEX,5.262503735441679,-0.52892245405007,-0.5350460199173739,0.29115024833802267,0.08476846710729227,-0.5381075990827207,-0.5436326433565173,-0.6385343739234067,-0.7255143074201518,-0.518737328807782
2025-02-24,1304.56,VNINDEX,5.456735570760901,-0.5215518386870707,-0.7017590652598622,0.6004684921512197,0.36056241006635936,-0.5350460199173739,-0.5381075990827207,-0.5436326433565173,-0.6385343739234067,-0.7255143074201518
2025-02-25,1303.16,VNINDEX,5.298532434061934,-0.5279373269959482,-0.6083265236055264,-0.10737350133493796,0.011529068788923924,-0.7017590652598622,-0.5350460199173739,-0.5381075990827207,-0.5436326433565173,-0.6385343739234067
2025-02-26,1302.96,VNINDEX,6.121503061799123,-0.47041925951707864,-0.5066361417333654,-0.015348487436704234,0.00023557606659466772,-0.6083265236055264,-0.7017590652598622,-0.5350460199173739,-0.5381075990827207,-0.5436326433565173
2025-02-27,1307.8,VNINDEX,5.587073152876712,-0.518156846428856,-0.5055044776472938,0.37077368618702145,0.13747312636871187,-0.5066361417333654,-0.6083265236055264,-0.7017590652598622,-0.5350460199173739,-0.5381075990827207
2025-02-28,1305.36,VNINDEX,5.241439497949332,-0.5375178933281984,-0.5086979997580439,-0.18674713443605873,0.03487449222007939,-0.5055044776472938,-0.5066361417333654,-0.6083265236055264,-0.7017590652598622,-0.5350460199173739
2025-03-03,1309.37,VNINDEX,6.250539615576724,-0.4588377692246909,-0.6891067707121221,0.30672407046448247,0.0940796554023008,-0.5086979997580439,-0.5055044776472938,-0.5066361417333654,-0.6083265236055264,-0.7017590652598622
2025-03-04,1311.91,VNINDEX,6.87533906044553,-0.40772596992541776,-0.5613937810077361,0.1937985102678713,0.037557862582046214,-0.6891067707121221,-0.5086979997580439,-0.5055044776472938,-0.5066361417333654,-0.6083265236055264
2025-03-05,1304.71,VNINDEX,5.899401763076421,-0.4925817781217855,-0.4530485057572975,-0.5503296750583484,0.3028627512498273,-0.5613937810077361,-0.6891067707121221,-0.5086979997580439,-0.5055044776472938,-0.5066361417333654
2025-03-06,1318.22,VNINDEX,5.726968059690121,-0.5013739092081858,-0.4672272190851292,1.0301547868489258,1.0612188848677557,-0.4530485057572975,-0.5613937810077361,-0.6891067707121221,-0.5086979997580439,-0.5055044776472938
2025-03-07,1326.05,VNINDEX,4.774903988387575,-0.5704581320534962,-0.521471273127822,0.5922256717506452,0.350731246280503,-0.4672272190851292,-0.4530485057572975,-0.5613937810077361,-0.6891067707121221,-0.5086979997580439
2025-03-10,1330.28,VNINDEX,5.56056942523985,-0.5175477682485938,-0.7151986466774406,0.3184847948483239,0.10143256454957898,-0.521471273127822,-0.4672272190851292,-0.4530485057572975,-0.5613937810077361,-0.6891067707121221
2025-03-11,1332.54,VNINDEX,5.641417899023178,-0.5039663539044369,-0.6165727330944071,0.16974489771378384,0.028813330299862938,-0.7151986466774406,-0.521471273127822,-0.4672272190851292,-0.4530485057572975,-0.5613937810077361
2025-03-12,1334.41,VNINDEX,5.869611156469665,-0.4892008981796846,-0.5035716734442379,0.1402351230026883,0.01966588972357912,-0.6165727330944071,-0.7151986466774406,-0.521471273127822,-0.4672272190851292,-0.4530485057572975
2025-03-13,1326.27,VNINDEX,4.887521101768689,-0.5784457157611955,-0.5238709892817719,-0.6118755653608704,0.3743917074856848,-0.5035716734442379,-0.6165727330944071,-0.7151986466774406,-0.521471273127822,-0.4672272190851292
2025-03-14,1326.15,VNINDEX,5.5776089805014015,-0.5079649793981419,-0.5252038644463402,-0.00904834076667908,8.187247062994656e-05,-0.5238709892817719,-0.5035716734442379,-0.6165727330944071,-0.7151986466774406,-0.521471273127822
2025-03-17,1336.26,VNINDEX,5.997909906986365,-0.4794038600768121,-0.6881088645530444,0.7594659420889907,0.5767885171931181,-0.5252038644463402,-0.5238709892817719,-0.5035716734442379,-0.6165727330944071,-0.7151986466774406
2025-03-18,1330.97,VNINDEX,5.587814864957941,-0.5045709870482957,-0.5974032663613541,-0.39666672437456113,0.15734449022604405,-0.6881088645530444,-0.5252038644463402,-0.5238709892817719,-0.5035716734442379,-0.6165727330944071
2025-03-19,1324.63,VNINDEX,5.847099757349393,-0.5013729092998173,-0.49511591880830785,-0.47748245559876384,0.2279894954046255,-0.5974032663613541,-0.6881088645530444,-0.5252038644463402,-0.5238709892817719,-0.5035716734442379
2025-03-20,1323.93,VNINDEX,5.189052157540672,-0.5462860221173096,-0.517409972821807,-0.052858913243332126,0.002794064709266112,-0.49511591880830785,-0.5974032663613541,-0.6881088645530444,-0.5252038644463402,-0.5238709892817719
2025-03-21,1321.88,VNINDEX,4.952781090738718,-0.5590691112344415,-0.5355760142171889,-0.1549620275247285,0.024013229974574717,-0.517409972821807,-0.49511591880830785,-0.5974032663613541,-0.6881088645530444,-0.5252038644463402
2025-03-24,1330.32,VNINDEX,5.23460582714432,-0.5437066898288041,-0.7085448274413532,0.6364549046259511,0.4050748456224285,-0.5355760142171889,-0.517409972821807,-0.49511591880830785,-0.5974032663613541,-0.6881088645530444
2025-03-25,1331.92,VNINDEX,5.233957267385378,-0.533712737216195,-0.6322129678718187,0.12019954569378458,0.014447930784992206,-0.7085448274413532,-0.5355760142171889,-0.517409972821807,-0.49511591880830785,-0.5974032663613541
2025-03-26,1326.09,VNINDEX,5.724957672984887,-0.4949795308265017,-0.5241329859571664,-0.4386747490910047,0.1924355354900559,-0.6322129678718187,-0.7085448274413532,-0.5355760142171889,-0.517409972821807,-0.49511591880830785
2025-03-27,1323.81,VNINDEX,5.257060336476837,-0.5315193437827243,-0.5200705372751399,-0.1720820078215814,0.029612217415906802,-0.5241329859571664,-0.6322129678718187,-0.7085448274413532,-0.5355760142171889,-0.517409972821807
2025-03-28,1317.46,VNINDEX,4.59149424356963,-0.5962224474073294,-0.5409071073388513,-0.4808302244153061,0.23119770471127363,-0.5200705372751399,-0.5241329859571664,-0.6322129678718187,-0.7085448274413532,-0.5355760142171889
2025-03-31,1306.86,VNINDEX,4.720530797347232,-0.5846409571149416,-0.7226535317966909,-0.8078327068126383,0.652593682196234,-0.5409071073388513,-0.5200705372751399,-0.5241329859571664,-0.6322129678718187,-0.7085448274413532
2025-04-01,1317.33,VNINDEX,4.573153659969869,-0.5976187382236082,-0.6682895730741499,0.7979647476883305,0.6367477385533009,-0.7226535317966909,-0.5409071073388513,-0.5200705372751399,-0.5241329859571664,-0.6322129678718187
2025-04-02,1317.83,VNINDEX,5.554477466516065,-0.5101507053686392,-0.5641368002357292,0.0379483603272903,0.0014400780515298603,-0.6682895730741499,-0.7226535317966909,-0.5409071073388513,-0.5200705372751399,-0.5241329859571664
2025-04-03,1229.84,VNINDEX,32.15844522500834,2.1183732874325663,0.33686794794677355,-6.9102364831003795,47.7513682523715,-0.5641368002357292,-0.6682895730741499,-0.7226535317966909,-0.5409071073388513,-0.5200705372751399
2025-04-04,1210.67,VNINDEX,8.203918261730626,-0.28556491591589805,0.4408858887160103,-1.571015425109519,2.4680894659320427,0.33686794794677355,-0.5641368002357292,-0.6682895730741499,-0.7226535317966909,-0.5409071073388513
2025-04-08,1132.79,VNINDEX,32.4808705858171,2.16860954658887,0.224962924096186,-6.649030913637342,44.20961209050503,0.4408858887160103,0.33686794794677355,-0.5641368002357292,-0.6682895730741499,-0.7226535317966909
2025-04-09,1094.3,VNINDEX,31.426166486722984,2.042674473418545,1.1825886747597438,-3.456872679247795,11.94996872052983,0.224962924096186,0.4408858887160103,0.33686794794677355,-0.5641368002357292,-0.6682895730741499
2025-04-10,1168.34,VNINDEX,8.922637943201272,-0.21031689877563994,1.333655707077259,6.546904849399772,42.861963107094255,1.1825886747597438,0.224962924096186,0.4408858887160103,0.33686794794677355,-0.5641368002357292
2025-04-11,1222.46,VNINDEX,8.40430676320204,-0.26200388397671076,0.5234512302220654,4.528128405892582,20.5039468602513,1.333655707077259,1.1825886747597438,0.224962924096186,0.4408858887160103,0.33686794794677355
2025-04-14,1241.44,VNINDEX,6.288757187906134,-0.44069021094800465,-0.6758741786206018,1.5406774168318333,2.373686902735611,0.5234512302220654,1.333655707077259,1.1825886747597438,0.224962924096186,0.4408858887160103
2025-04-15,1227.79,VNINDEX,6.0510066057620495,-0.46884361163521204,-0.5679979636054375,-1.1056190834376738,1.2223935576615619,-0.6758741786206018,0.5234512302220654,1.333655707077259,1.1825886747597438,0.224962924096186
2025-04-16,1210.3,VNINDEX,6.097865212524233,-0.4626493701898346,-0.45739439759101663,-1.4347542566704405,2.0585197770339483,-0.5679979636054375,-0.6758741786206018,0.5234512302220654,1.333655707077259,1.1825886747597438
2025-04-17,1217.25,VNINDEX,6.144723819286419,-0.45645512874445715,-0.4626493701898341,0.5725953318252279,0.32786541402804287,-0.45739439759101663,-0.5679979636054375,-0.6758741786206018,0.5234512302220654,1.333655707077259
2025-04-18,1219.12,VNINDEX,6.745119166725556,-0.3993502248444818,-0.43948490792625733,0.15350709187948455,0.023564427257296513,-0.4626493701898341,-0.45739439759101663,-0.5679979636054375,-0.6758741786206018,0.5234512302220654
2025-04-21,1207.07,VNINDEX,5.786813094589184,-0.48460186187705956,-0.7004272642374839,-0.9933351536722876,0.9867147275211473,-0.43948490792625733,-0.4626493701898341,-0.45739439759101663,-0.5679979636054375,-0.6758741786206018
2025-04-22,1197.13,VNINDEX,5.733830175389011,-0.4951927801705538,-0.5937486847810929,-0.8268909938541404,0.6837487157170882,-0.7004272642374839,-0.43948490792625733,-0.4626493701898341,-0.45739439759101663,-0.5679979636054375
2025-04-23,1211.0,VNINDEX,5.377338167425824,-0.5197552739981786,-0.4998499720152635,1.151943904675142,1.3269747595182129,-0.5937486847810929,-0.7004272642374839,-0.43948490792625733,-0.4626493701898341,-0.45739439759101663
2025-04-24,1223.35,VNINDEX,6.288700298118378,-0.44067487602205757,-0.48520764339692946,1.0146532712810061,1.029521260921247,-0.4998499720152635,-0.5937486847810929,-0.7004272642374839,-0.43948490792625733,-0.4626493701898341
2025-04-25,1229.23,VNINDEX,5.693805239431838,-0.49519822511532563,-0.48520945837852003,0.4794959810403022,0.22991639583380186,-0.48520764339692946,-0.4998499720152635,-0.5937486847810929,-0.7004272642374839,-0.43948490792625733
2025-04-28,1226.8,VNINDEX,24.021409384539947,1.3508274346173046,-0.07464214477440781,-0.19788038362088656,0.039156646221949226,-0.48520945837852003,-0.48520764339692946,-0.4998499720152635,-0.5937486847810929,-0.7004272642374839
2025-04-29,1226.3,VNINDEX,4.252633460839181,-0.6211807700711642,-0.029992436077289603,-0.040764747211609616,0.0016617646152264339,-0.07464214477440781,-0.48520945837852003,-0.48520764339692946,-0.4998499720152635,-0.5937486847810929
2025-05-05,1240.05,VNINDEX,5.650971314900449,-0.5023798161330265,-0.7333085323474745,1.115019559881397,1.2432686189181044,-0.029992436077289603,-0.07464214477440781,-0.48520945837852003,-0.48520764339692946,-0.4998499720152635
2025-05-06,1241.95,VNINDEX,5.3460719542972654,-0.5199432984351083,-0.6205031645972088,0.15310236673155708,0.023440334698804195,-0.7333085323474745,-0.029992436077289603,-0.07464214477440781,-0.48520945837852003,-0.48520764339692946
2025-05-07,1250.37,VNINDEX,4.374864788705648,-0.6157957437423556,-0.5460396194368297,0.6756782462879687,0.4565410925067849,-0.6205031645972088,-0.7333085323474745,-0.029992436077289603,-0.07464214477440781,-0.48520945837852003
2025-05-08,1269.8,VNINDEX,5.1361584818424575,-0.5450985356086796,-0.5602791925953806,1.5419900239359994,2.377733233918144,-0.5460396194368297,-0.6205031645972088,-0.7333085323474745,-0.029992436077289603,-0.07464214477440781
2025-05-09,1267.3,VNINDEX,4.240474079465164,-0.6181957189652734,-0.593029999438769,-0.19707546483310223,0.03883873883918332,-0.5602791925953806,-0.5460396194368297,-0.6205031645972088,-0.7333085323474745,-0.029992436077289603
2025-05-12,1283.26,VNINDEX,6.2880193846452315,-0.44247466313752004,-0.6852520521955543,1.25150620358436,1.5662677776101377,-0.593029999438769,-0.5602791925953806,-0.5460396194368297,-0.6205031645972088,-0.7333085323474745
2025-05-13,1293.43,VNINDEX,5.928746833001705,-0.4742209705010473,-0.5737135881371551,0.7893889300324413,0.6231348828577624,-0.6852520521955543,-0.593029999438769,-0.5602791925953806,-0.5460396194368297,-0.6205031645972088
2025-05-14,1309.73,VNINDEX,6.070652126520348,-0.46383241166206135,-0.460176015100209,1.2523404657841675,1.5683566422405055,-0.5737135881371551,-0.6852520521955543,-0.593029999438769,-0.5602791925953806,-0.5460396194368297
2025-05-15,1313.2,VNINDEX,5.8771257407478235,-0.48121231456361657,-0.47308856557557455,0.26458975454094175,0.0700077382080358,-0.460176015100209,-0.5737135881371551,-0.6852520521955543,-0.593029999438769,-0.5602791925953806
2025-05-16,1301.39,VNINDEX,4.942011981204869,-0.5524921533605994,-0.49917895986209193,-0.9033982628656522,0.816128421348678,-0.47308856557557455,-0.460176015100209,-0.5737135881371551,-0.6852520521955543,-0.593029999438769
2025-05-19,1296.29,VNINDEX,5.0785023206525475,-0.5447081517172414,-0.7166007157412808,-0.39265856862126264,0.15418075151169883,-0.49917895986209193,-0.47308856557557455,-0.460176015100209,-0.5737135881371551,-0.6852520521955543
2025-05-20,1315.15,VNINDEX,5.2965220473567,-0.521542948614264,-0.6264924907670867,1.4444389235051251,2.0864038037366446,-0.7166007157412808,-0.49917895986209193,-0.47308856557557455,-0.460176015100209,-0.5737135881371551
2025-05-21,1323.05,VNINDEX,5.390887820640011,-0.5191484183361181,-0.5284665062225407,0.5988949748138295,0.35867519085725746,-0.6264924907670867,-0.7166007157412808,-0.49917895986209193,-0.47308856557557455,-0.460176015100209
2025-05-22,1313.84,VNINDEX,5.95800265942503,-0.4676385676824333,-0.5027766448776045,-0.6985530266452458,0.48797633103523347,-0.5284665062225407,-0.6264924907670867,-0.7166007157412808,-0.49917895986209193,-0.47308856557557455
2025-05-23,1314.46,VNINDEX,5.007182726672939,-0.5448939536359695,-0.5105603132181731,0.04717878564092997,0.0022258378145528198,-0.5027766448776045,-0.5284665062225407,-0.6264924907670867,-0.7166007157412808,-0.49917895986209193
2025-05-26,1332.51,VNINDEX,5.028243055344959,-0.548099921548886,-0.7598628752272838,1.3638446816556433,1.8600723156803831,-0.5105603132181731,-0.5027766448776045,-0.5284665062225407,-0.6264924907670867,-0.7166007157412808
2025-05-27,1339.81,VNINDEX,5.648960928195215,-0.4959854377513424,-0.6187722380782287,0.5463431144609242,0.2984907987188625,-0.7598628752272838,-0.5105603132181731,-0.5027766448776045,-0.5284665062225407,-0.6264924907670867
2025-05-28,1341.87,VNINDEX,5.155917782176267,-0.540118005487423,-0.52806778826255,0.1536350649739883,0.023603733189561604,-0.6187722380782287,-0.7598628752272838,-0.5105603132181731,-0.5027766448776045,-0.5284665062225407
2025-05-29,1341.86,VNINDEX,22.924755297465055,1.2312582924949715,0.06505161641873589,-0.0007452314502582065,5.553699144539498e-07,-0.52806778826255,-0.6187722380782287,-0.7598628752272838,-0.5105603132181731,-0.5027766448776045
2025-05-30,1332.6,VNINDEX,5.549804224526328,-0.4991694031837068,0.06399029460794772,-0.6924790053681066,0.4795271728756022,0.06505161641873589,-0.52806778826255,-0.6187722380782287,-0.7598628752272838,-0.5105603132181731
2025-06-02,1336.3,VNINDEX,5.471736294423341,-0.5055670039919611,-0.7048161993888056,0.2772679658578425,0.07687752489094572,0.06399029460794772,0.06505161641873589,-0.52806778826255,-0.6187722380782287,-0.7598628752272838
2025-06-03,1347.25,VNINDEX,4.433351905478745,-0.5908218634511092,-0.6330770418700808,0.8160877026590848,0.6659991384313828,-0.7048161993888056,0.06399029460794772,0.06505161641873589,-0.52806778826255,-0.6187722380782287
2025-06-04,1345.74,VNINDEX,5.544624246873899,-0.5081014751295991,-0.5348301141908892,-0.1121430200816727,0.012576056953038447,-0.6330770418700808,-0.7048161993888056,0.06399029460794772,0.06505161641873589,-0.52806778826255
2025-06-05,1342.09,VNINDEX,4.866843626056915,-0.5647610971259509,-0.5545614785688859,-0.27159472463998563,0.07376369445226962,-0.5348301141908892,-0.6330770418700808,-0.7048161993888056,0.06399029460794772,0.06505161641873589
2025-06-06,1329.89,VNINDEX,4.854018961560843,-0.5633298804947472,-0.5453974842500986,-0.9131868337900455,0.8339101934074882,-0.5545614785688859,-0.5348301141908892,-0.6330770418700808,-0.7048161993888056,0.06399029460794772
2025-06-09,1310.57,VNINDEX,4.953419898298941,-0.5556279724014128,-0.7259416199049792,-1.463407496434039,2.1415615006193414,-0.5453974842500986,-0.5545614785688859,-0.5348301141908892,-0.6330770418700808,-0.7048161993888056
2025-06-10,1316.23,VNINDEX,4.392486174632582,-0.6068385277854201,-0.6642942007781547,0.43094325867348815,0.18571209219612492,-0.7259416199049792,-0.5453974842500986,-0.5545614785688859,-0.5348301141908892,-0.6330770418700808
2025-06-11,1315.2,VNINDEX,4.723257464663457,-0.5789801464179777,-0.5804822155349364,-0.07828443489680717,0.00612845274711244,-0.6642942007781547,-0.7259416199049792,-0.5453974842500986,-0.5545614785688859,-0.5348301141908892
2025-06-12,1322.99,VNINDEX,4.250477526120874,-0.612785523561883,-0.5995347325884264,0.5905581205486942,0.348758893746006,-0.5804822155349364,-0.6642942007781547,-0.7259416199049792,-0.5453974842500986,-0.5545614785688859
2025-06-13,1315.49,VNINDEX,4.763720250566597,-0.5733331238337439,-0.5883662646045343,-0.5685106728315642,0.32320438512339783,-0.5995347325884264,-0.5804822155349364,-0.6642942007781547,-0.7259416199049792,-0.5453974842500986
2025-06-16,1338.11,VNINDEX,4.85244773015332,-0.5640116517329868,-0.7238433193905864,1.704895078694469,2.9066672293566196,-0.5883662646045343,-0.5995347325884264,-0.5804822155349364,-0.6642942007781547,-0.7259416199049792
2025-06-17,1347.69,VNINDEX,5.098880072118755,-0.5498213914266827,-0.6493417081521851,0.7133845132581198,0.5089174637565245,-0.7238433193905864,-0.5883662646045343,-0.5995347325884264,-0.5804822155349364,-0.6642942007781547
2025-06-18,1346.83,VNINDEX,5.25528461653406,-0.5446238410431837,-0.5528189614009507,-0.06383326375027833,0.004074685561012597,-0.6493417081521851,-0.7238433193905864,-0.5883662646045343,-0.5995347325884264,-0.5804822155349364
2025-06-19,1352.04,VNINDEX,4.000571277164881,-0.6423215712970908,-0.5789222679223185,0.3860879902965109,0.1490639362511987,-0.5528189614009507,-0.6493417081521851,-0.7238433193905864,-0.5883662646045343,-0.5995347325884264
2025-06-20,1349.35,VNINDEX,3.778937374810301,-0.659891374419973,-0.6156122622534153,-0.19915679625095284,0.03966342949294354,-0.5789222679223185,-0.5528189614009507,-0.6493417081521851,-0.7238433193905864,-0.5883662646045343
2025-06-23,1358.18,VNINDEX,4.482513972182713,-0.5978458178626148,-0.7887091843748382,0.6522573197890774,0.4254396112184308,-0.6156122622534153,-0.5789222679223185,-0.5528189614009507,-0.6493417081521851,-0.7238433193905864
2025-06-24,1366.77,VNINDEX,4.391673434300236,-0.6098701280339942,-0.705205092088758,0.6304723722657403,0.3974954121903902,-0.7887091843748382,-0.6156122622534153,-0.5789222679223185,-0.5528189614009507,-0.6493417081521851
2025-06-25,1366.75,VNINDEX,4.943986228379577,-0.5673088821081748,-0.5916749426682607,-0.0014633147004843468,2.1412899126535935e-06,-0.705205092088758,-0.7887091843748382,-0.6156122622534153,-0.5789222679223185,-0.5528189614009507
2025-06-26,1365.67,VNINDEX,4.486175880203537,-0.6099474107843892,-0.5957088069755189,-0.07905080889769431,0.006249030387379785,-0.5916749426682607,-0.705205092088758,-0.7887091843748382,-0.6156122622534153,-0.5789222679223185
2025-06-27,1371.44,VNINDEX,3.755742034181687,-0.6659348333368831,-0.6143970420764818,0.42161320130940355,0.17775769151836365,-0.5957088069755189,-0.5916749426682607,-0.705205092088758,-0.7887091843748382,-0.6156122622534153
2025-06-30,1376.07,VNINDEX,20.25794400546184,0.9900788498516779,-0.22900910868200083,0.3370327593145392,0.1135910808511721,-0.6143970420764818,-0.5957088069755189,-0.5916749426682607,-0.705205092088758,-0.7887091843748382
2025-07-01,1377.84,VNINDEX,4.49954237158784,-0.6093575605832101,-0.1573084506841414,0.12854452351198964,0.016523694524924457,-0.22900910868200083,-0.6143970420764818,-0.5957088069755189,-0.5916749426682607,-0.705205092088758
2025-07-02,1384.59,VNINDEX,25.39401441966859,1.4777625638976009,0.6194946177220236,0.4887011387882989,0.23882880305298018,-0.1573084506841414,-0.22900910868200083,-0.6143970420764818,-0.5957088069755189,-0.5916749426682607
2025-07-03,1381.96,VNINDEX,5.8994131037579995,-0.49675900979903664,0.12388199783845197,-0.19012855666896092,0.036148868061022285,0.6194946177220236,-0.1573084506841414,-0.22900910868200083,-0.6143970420764818,-0.5957088069755189
2025-07-04,1386.97,VNINDEX,4.736477308484477,-0.5866386640402126,0.13145496335278437,0.3618730316222306,0.13095209101546393,0.12388199783845197,0.6194946177220236,-0.1573084506841414,-0.22900910868200083,-0.6143970420764818
2025-07-07,1402.06,VNINDEX,30.93933204646632,2.028677916764931,0.1428780830243279,1.0821072019612015,1.1709559965363006,0.13145496335278437,0.12388199783845197,0.6194946177220236,-0.1573084506841414,-0.22900910868200083
2025-07-08,1415.46,VNINDEX,6.411957867859942,-0.44198506952433014,0.2565467713524012,0.9511982902277095,0.9047781873321179,0.1428780830243279,0.13145496335278437,0.12388199783845197,0.6194946177220236,-0.1573084506841414
2025-07-09,1431.32,VNINDEX,6.9799350082315685,-0.39039725819769877,0.39876519634763463,1.11425288167255,1.241559484315582,0.2565467713524012,0.1428780830243279,0.13145496335278437,0.12388199783845197,0.6194946177220236
2025-07-10,1445.64,VNINDEX,6.259725190778976,-0.4471583730254929,-0.42651356691584,0.9955034663240618,0.9910271514632225,0.39876519634763463,0.2565467713524012,0.1428780830243279,0.13145496335278437,0.12388199783845197
2025-07-11,1457.76,VNINDEX,6.416222133500394,-0.4390938840774888,-0.4255498384335596,0.8348880898786613,0.6970381226212395,-0.42651356691584,0.39876519634763463,0.2565467713524012,0.1428780830243279,0.13145496335278437
2025-07-14,1470.42,VNINDEX,8.04089161252263,-0.2920757854633174,-0.6002131138980471,0.8647063284394308,0.7477170344432008,-0.4255498384335596,-0.42651356691584,0.39876519634763463,0.2565467713524012,0.1428780830243279
2025-07-15,1460.65,VNINDEX,6.028750016811146,-0.47354214729063193,-0.49827380450721553,-0.6666532142663247,0.44442650809162226,-0.6002131138980471,-0.4255498384335596,-0.42651356691584,0.39876519634763463,0.2565467713524012
2025-07-16,1475.47,VNINDEX,23.854642020346226,1.3028951939451452,0.17909242039706585,1.009504097819824,1.0190985235150167,-0.49827380450721553,-0.6002131138980471,-0.4255498384335596,-0.42651356691584,0.39876519634763463
2025-07-17,1490.01,VNINDEX,7.544677287482035,-0.34303992791205185,0.16210437291415444,0.980624824090173,0.9616250456218828,0.17909242039706585,-0.49827380450721553,-0.6002131138980471,-0.4255498384335596,-0.42651356691584
2025-07-18,1497.28,VNINDEX,28.58824137443427,1.7690659234907922,0.9096403965079627,0.48672973514721374,0.23690583507647683,0.16210437291415444,0.17909242039706585,-0.49827380450721553,-0.6002131138980471,-0.4255498384335596
2025-07-21,1485.05,VNINDEX,6.054058415735513,-0.4647958503030996,-0.6028900162555721,-0.8201686974204269,0.6726766922283197,0.9096403965079627,0.16210437291415444,0.17909242039706585,-0.49827380450721553,-0.6002131138980471
2025-07-22,1509.54,VNINDEX,6.276721722609387,-0.4485653427743604,-0.5493362369221688,1.635652693283406,2.6753597330452594,-0.6028900162555721,0.9096403965079627,0.16210437291415444,0.17909242039706585,-0.49827380450721553
2025-07-23,1512.31,VNINDEX,7.513648171498259,-0.3370060407895236,-0.41678907795566067,0.18333145429722916,0.03361042213473703,-0.5493362369221688,-0.6028900162555721,0.9096403965079627,0.16210437291415444,0.17909242039706585
2025-07-24,1521.02,VNINDEX,7.851555276540516,-0.305903464914952,-0.36382494949294475,0.5742879237307202,0.32980661934294153,-0.41678907795566067,-0.5493362369221688,-0.6028900162555721,0.9096403965079627,0.16210437291415444
2025-07-25,1531.13,VNINDEX,7.665485669254279,-0.32560543629732974,-0.32283831400060126,0.6624862458456714,0.43888802593469134,-0.36382494949294475,-0.41678907795566067,-0.5493362369221688,-0.6028900162555721,0.9096403965079627
2025-07-28,1557.42,VNINDEX,7.8789001028210155,-0.3153219613463423,-0.5890414553160278,1.7024581101225524,2.898363616722053,-0.32283831400060126,-0.36382494949294475,-0.41678907795566067,-0.5493362369221688,-0.6028900162555721
2025-07-29,1493.41,VNINDEX,28.69580753070304,1.7786727304971128,0.2668464979669375,-4.196851026762351,17.613558540836202,-0.5890414553160278,-0.32283831400060126,-0.36382494949294475,-0.41678907795566067,-0.5493362369221688
2025-07-30,1507.63,VNINDEX,7.794583536438028,-0.3135038801768441,0.3832822963246427,0.9476785663675668,0.8980946651524866,0.2668464979669375,-0.5890414553160278,-0.32283831400060126,-0.36382494949294475,-0.41678907795566067
2025-07-31,1502.52,VNINDEX,7.4473032922078035,-0.34331565422194493,0.37395106536610845,-0.3395182903638471,0.11527266949158961,0.3832822963246427,0.2668464979669375,-0.5890414553160278,-0.32283831400060126,-0.36382494949294475
2025-08-01,1495.21,VNINDEX,6.28542876902829,-0.4446393770289916,-0.3671529704759263,-0.48770332813827644,0.23785453627715133,0.37395106536610845,0.3832822963246427,0.2668464979669375,-0.5890414553160278,-0.32283831400060126
2025-08-04,1528.19,VNINDEX,6.64332822115272,-0.4218285962502221,-0.6233156598470195,2.181736335846301,4.759973439152043,-0.3671529704759263,0.37395106536610845,0.3832822963246427,0.2668464979669375,-0.5890414553160278
2025-08-05,1547.15,VNINDEX,9.41946967964721,-0.1708566774053901,-0.4438850522071384,1.233050018829957,1.520412348936557,-0.6233156598470195,-0.3671529704759263,0.37395106536610845,0.3832822963246427,0.2668464979669375
2025-08-06,1573.71,VNINDEX,7.770180276152121,-0.3163516383512971,-0.3030123040023026,1.7021360303685944,2.8972670658789563,-0.4438850522071384,-0.6233156598470195,-0.3671529704759263,0.37395106536610845,0.3832822963246427
2025-08-07,1581.81,VNINDEX,8.070951854718512,-0.2837986654554696,-0.25700232707071846,0.5133871939157273,0.2635664108766646,-0.3030123040023026,-0.4438850522071384,-0.6233156598470195,-0.3671529704759263,0.37395106536610845
2025-08-08,1584.95,VNINDEX,7.614441824505878,-0.3267659563096358,-0.308972086705467,0.19831000953990202,0.03932685988371603,-0.25700232707071846,-0.3030123040023026,-0.4438850522071384,-0.6233156598470195,-0.3671529704759263
2025-08-11,1596.86,VNINDEX,7.956645062763305,-0.30287696795995045,-0.5641629775672639,0.7486339929092991,0.5604528553393205,-0.308972086705467,-0.25700232707071846,-0.3030123040023026,-0.4438850522071384,-0.6233156598470195
2025-08-12,1608.22,VNINDEX,8.18465628905409,-0.27971314131960445,-0.41757704665793205,0.7088776299293459,0.5025074942142467,-0.5641629775672639,-0.308972086705467,-0.25700232707071846,-0.3030123040023026,-0.4438850522071384
2025-08-13,1611.6,VNINDEX,8.150516577829986,-0.2851475696452832,-0.2892458929749455,0.2099497016326832,0.0440788772156527,-0.41757704665793205,-0.5641629775672639,-0.308972086705467,-0.25700232707071846,-0.3030123040023026
2025-08-14,1640.69,VNINDEX,6.743997608279506,-0.4043506773631118,-0.3230704627759993,1.7889410725601722,3.200310161092739,-0.2892458929749455,-0.41757704665793205,-0.5641629775672639,-0.308972086705467,-0.25700232707071846
2025-08-15,1630.0,VNINDEX,7.4144638989471074,-0.3490788447255754,-0.3461923639113229,-0.6536870241985933,0.4273067256056122,-0.3230704627759993,-0.2892458929749455,-0.41757704665793205,-0.5641629775672639,-0.308972086705467
2025-08-18,1636.37,VNINDEX,8.053174450130472,-0.295528068926904,-0.5887320605915236,0.39003591604502225,0.15212801580507965,-0.3461923639113229,-0.3230704627759993,-0.2892458929749455,-0.41757704665793205,-0.5641629775672639
2025-08-19,1654.2,VNINDEX,8.30208316214189,-0.2747574985692808,-0.4406570345553295,1.0837134296547801,1.174434797614126,-0.5887320605915236,-0.3461923639113229,-0.3230704627759993,-0.2892458929749455,-0.41757704665793205
2025-08-20,1664.36,VNINDEX,8.363590081328946,-0.2632553644443559,-0.277846977313513,0.6123156877739688,0.3749305014941085,-0.4406570345553295,-0.5887320605915236,-0.3461923639113229,-0.3230704627759993,-0.2892458929749455
2025-08-21,1688.0,VNINDEX,7.006636123425459,-0.3791127848236129,-0.30570854927908264,1.4103731020356762,1.989152286945736,-0.277846977313513,-0.4406570345553295,-0.5887320605915236,-0.3461923639113229,-0.3230704627759993
2025-08-22,1645.47,VNINDEX,6.716110955110778,-0.3969532477641042,-0.3464404656773571,-2.5518338479269462,6.511855987425645,-0.30570854927908264,-0.277846977313513,-0.4406570345553295,-0.5887320605915236,-0.3461923639113229
2025-08-25,1614.03,VNINDEX,6.6950668218268605,-0.4028083593047953,-0.656606768442283,-1.9291900658886858,3.721774310323592,-0.3464404656773571,-0.30570854927908264,-0.277846977313513,-0.4406570345553295,-0.5887320605915236
2025-08-26,1667.63,VNINDEX,6.784492261757364,-0.4088084277506057,-0.5379405118588636,3.2669299752720695,10.672831463331164,-0.656606768442283,-0.3464404656773571,-0.30570854927908264,-0.277846977313513,-0.4406570345553295
2025-08-27,1672.78,VNINDEX,6.31745542195664,-0.4419077867739353,-0.4178415246097782,0.3083456270570452,0.09507702572520241,-0.5379405118588636,-0.656606768442283,-0.3464404656773571,-0.30570854927908264,-0.277846977313513
2025-08-28,1680.86,VNINDEX,6.766705371277061,-0.39494685601967583,-0.41522102351473844,0.4818654139626495,0.23219427717339555,-0.4178415246097782,-0.5379405118588636,-0.656606768442283,-0.3464404656773571,-0.30570854927908264
2025-08-29,1682.21,VNINDEX,5.752225565075113,-0.4859047546330562,-0.4409197991422219,0.08028379263659936,0.006445487360116486,-0.41522102351473844,-0.4178415246097782,-0.5379405118588636,-0.656606768442283,-0.3464404656773571
2025-09-03,1681.3,VNINDEX,6.715996175122211,-0.41530638855924584,-0.6736592872146955,-0.054110142214737825,0.0029279074904991526,-0.4409197991422219,-0.41522102351473844,-0.4178415246097782,-0.5379405118588636,-0.656606768442283
2025-09-04,1696.29,VNINDEX,6.708070001460935,-0.4060959810843128,-0.5489993801830088,0.8876209615783106,0.7878709714332047,-0.6736592872146955,-0.4409197991422219,-0.41522102351473844,-0.4178415246097782,-0.5379405118588636
2025-09-05,1666.97,VNINDEX,6.45553124900341,-0.42486973149188934,-0.4154240337118154,-1.7435906112528505,3.0401082196490887,-0.5489993801830088,-0.6736592872146955,-0.4409197991422219,-0.41522102351473844,-0.4178415246097782
2025-09-08,1624.53,VNINDEX,6.722590163245362,-0.4140832608844994,-0.6884813477613936,-2.578906402881577,6.650758234823594,-0.4154240337118154,-0.5489993801830088,-0.6736592872146955,-0.4409197991422219,-0.41522102351473844
2025-09-09,1637.32,VNINDEX,6.112725653126356,-0.46375149821019035,-0.5669705236016482,0.7842215643914728,0.6150034620566089,-0.6884813477613936,-0.4154240337118154,-0.5489993801830088,-0.6736592872146955,-0.4409197991422219
2025-09-10,1643.26,VNINDEX,5.969324288345127,-0.4722366703732067,-0.45002380982263157,0.36213148232261494,0.13113921048917437,-0.5669705236016482,-0.6884813477613936,-0.4154240337118154,-0.5489993801830088,-0.6736592872146955
2025-09-11,1657.75,VNINDEX,5.465215657217973,-0.5240951783187358,-0.486694448967377,0.8779187622514888,0.7707413531131861,-0.45002380982263157,-0.5669705236016482,-0.6884813477613936,-0.4154240337118154,-0.5489993801830088
2025-09-12,1667.26,VNINDEX,4.677143978324571,-0.5824662485582821,-0.526266032416741,0.5720299146186038,0.3272182232185671,-0.486694448967377,-0.45002380982263157,-0.5669705236016482,-0.6884813477613936,-0.4154240337118154
2025-09-15,1684.9,VNINDEX,6.337989595927044,-0.4481785150373547,-0.6810243508359661,1.052465444917656,1.1076835127457196,-0.526266032416741,-0.486694448967377,-0.45002380982263157,-0.5669705236016482,-0.6884813477613936
2025-09-16,1680.9,VNINDEX,5.976313455793224,-0.4772408436894914,-0.5682372533450821,-0.23768506049910926,0.056494187984465226,-0.6810243508359661,-0.526266032416741,-0.486694448967377,-0.45002380982263157,-0.5669705236016482
2025-09-17,1670.97,VNINDEX,5.825652010119781,-0.4817323759524144,-0.4690505782264196,-0.5925068126482078,0.35106432303453844,-0.5682372533450821,-0.6810243508359661,-0.526266032416741,-0.486694448967377,-0.45002380982263157
2025-09-18,1665.18,VNINDEX,5.065645499533112,-0.549357280939282,-0.502776833527062,-0.3471070433474516,0.12048329954140967,-0.4690505782264196,-0.5682372533450821,-0.6810243508359661,-0.526266032416741,-0.486694448967377
2025-09-19,1658.62,VNINDEX,6.005035230976754,-0.46612047080928826,-0.49907004256699433,-0.39472943725157333,0.15581132863294378,-0.502776833527062,-0.4690505782264196,-0.5682372533450821,-0.6810243508359661,-0.526266032416741
2025-09-22,1634.45,VNINDEX,6.56690596085629,-0.4191161495839293,-0.6869373408723158,-1.4679575005122598,2.1548992233102013,-0.49907004256699433,-0.502776833527062,-0.4690505782264196,-0.5682372533450821,-0.6810243508359661
2025-09-23,1635.26,VNINDEX,4.63278023853121,-0.5871269846086605,-0.6144921291774771,0.04954567937644783,0.0024547743448737683,-0.6869373408723158,-0.49907004256699433,-0.502776833527062,-0.4690505782264196,-0.5682372533450821
2025-09-24,1657.46,VNINDEX,5.858886582705424,-0.48219648643981505,-0.49614654021080107,1.3484496943285584,1.8183165781347828,-0.6144921291774771,-0.6869373408723158,-0.49907004256699433,-0.502776833527062,-0.4690505782264196
2025-09-25,1666.09,VNINDEX,6.1166266070165785,-0.4647377847440456,-0.5113537519308398,0.5193253837513363,0.2696988542084727,-0.49614654021080107,-0.6144921291774771,-0.6869373408723158,-0.49907004256699433,-0.502776833527062
2025-09-26,1660.7,VNINDEX,5.116533210825962,-0.5308541535480258,-0.4925961415772949,-0.3240363663609446,0.10499956672440433,-0.5113537519308398,-0.49614654021080107,-0.6144921291774771,-0.6869373408723158,-0.49907004256699433
2025-09-29,1666.48,VNINDEX,4.911114967544163,-0.5629672996400776,-0.7289472844404559,0.34744172629520537,0.1207157531709924,-0.4925961415772949,-0.5113537519308398,-0.49614654021080107,-0.6144921291774771,-0.6869373408723158
2025-09-30,1661.7,VNINDEX,5.103686164647438,-0.5449091391474585,-0.6344100602128363,-0.2872442768491479,0.08250927458258991,-0.7289472844404559,-0.4925961415772949,-0.5113537519308398,-0.49614654021080107,-0.6144921291774771
2025-10-01,1665.05,VNINDEX,5.2992213094277565,-0.5236310310300465,-0.5438358232725269,0.20139782865139308,0.04056108538549589,-0.6344100602128363,-0.7289472844404559,-0.4925961415772949,-0.5113537519308398,-0.49614654021080107
2025-10-02,1652.71,VNINDEX,6.010599814580613,-0.4635580475403987,-0.5106994059059673,-0.7438788160299684,0.5533556929381476,-0.5438358232725269,-0.6344100602128363,-0.7289472844404559,-0.4925961415772949,-0.5113537519308398
2025-10-03,1645.82,VNINDEX,4.677810071093633,-0.5876830161331218,-0.5249573649011884,-0.4177624590752905,0.1745254722126338,-0.5106994059059673,-0.5438358232725269,-0.6344100602128363,-0.7289472844404559,-0.4925961415772949
2025-10-06,1695.5,VNINDEX,5.812317386310195,-0.49242699912532123,-0.7339497566588831,2.9738942323063964,8.84404690494525,-0.5249573649011884,-0.5106994059059673,-0.5438358232725269,-0.6344100602128363,-0.7289472844404559
2025-10-07,1685.3,VNINDEX,33.54986452157211,2.3067828308431806,0.29970253410504943,-0.6034093083719112,0.36410279342986823,-0.7339497566588831,-0.5249573649011884,-0.5106994059059673,-0.5438358232725269,-0.6344100602128363
2025-10-08,1697.83,VNINDEX,5.477916055833214,-0.518288560542717,0.4320224237250482,0.7407375591568051,0.5486921315455813,0.29970253410504943,-0.7339497566588831,-0.5249573649011884,-0.5106994059059673,-0.5438358232725269
2025-10-09,1716.47,VNINDEX,6.209672601500924,-0.4471436979375384,0.44711685745430907,1.0918891246479627,1.1922218605244943,0.4320224237250482,0.29970253410504943,-0.7339497566588831,-0.5249573649011884,-0.5106994059059673
2025-10-10,1747.55,VNINDEX,6.014625034351666,-0.47178216848147647,-0.47907147565391006,1.7944950681909482,3.220212549761636,0.44711685745430907,0.4320224237250482,0.29970253410504943,-0.7339497566588831,-0.5249573649011884
2025-10-13,1765.12,VNINDEX,6.354861861876622,-0.4423476503789997,-0.6778220818338593,1.0003869722896006,1.0007740943267542,-0.47907147565391006,0.44711685745430907,0.4320224237250482,0.29970253410504943,-0.7339497566588831
2025-10-14,1761.06,VNINDEX,6.354466682551675,-0.4361203493879686,-0.558909200717579,-0.23027762587880196,0.05302778498037748,-0.6778220818338593,-0.47907147565391006,0.44711685745430907,0.4320224237250482,0.29970253410504943
2025-10-15,1757.95,VNINDEX,5.199039499932029,-0.5444693123436828,-0.47431243737021644,-0.17675430360757946,0.031242083843800377,-0.558909200717579,-0.6778220818338593,-0.47907147565391006,0.44711685745430907,0.4320224237250482
2025-10-16,1766.85,VNINDEX,6.1204032950259695,-0.45848623687067824,-0.4796919662007759,0.5049942642939396,0.2550192069697773,-0.47431243737021644,-0.558909200717579,-0.6778220818338593,-0.47907147565391006,0.44711685745430907
2025-10-17,1731.19,VNINDEX,5.619226744001143,-0.4970200242196866,-0.49999185781134864,-2.038926677753471,4.1572219972548075,-0.4796919662007759,-0.47431243737021644,-0.558909200717579,-0.6778220818338593,-0.47907147565391006
2025-10-20,1636.43,VNINDEX,7.655175523853134,-0.3201084003092105,-0.6053332435361406,-5.629199348223595,31.687885302040943,-0.49999185781134864,-0.4796919662007759,-0.47431243737021644,-0.558909200717579,-0.6778220818338593
2025-10-21,1663.43,VNINDEX,25.43300761904939,1.4843199994464005,0.12878666208479173,1.636469580810429,2.6780326889178614,-0.6053332435361406,-0.49999185781134864,-0.4796919662007759,-0.47431243737021644,-0.558909200717579
2025-10-22,1678.5,VNINDEX,25.855484161353655,1.5143021454432097,0.8928379148601336,0.9018801798852792,0.8133878588699036,0.12878666208479173,-0.6053332435361406,-0.49999185781134864,-0.4796919662007759,-0.47431243737021644
2025-10-23,1687.06,VNINDEX,5.319213656509928,-0.5319228261258486,0.8222331062545878,0.5086831587077469,0.2587585559528909,0.8928379148601336,0.12878666208479173,-0.6053332435361406,-0.49999185781134864,-0.4796919662007759
2025-10-24,1683.18,VNINDEX,6.063128773904649,-0.4569924125770341,0.17512896891344296,-0.23025076636470299,0.05301541541153304,0.8222331062545878,0.8928379148601336,0.12878666208479173,-0.6053332435361406,-0.49999185781134864
2025-10-27,1652.54,VNINDEX,5.558478315889263,-0.510871987354946,-0.6995095880069482,-1.8371363161767844,3.375069844215606,0.17512896891344296,0.8222331062545878,0.8928379148601336,0.12878666208479173,-0.6053332435361406
2025-10-28,1680.5,VNINDEX,5.611727617239532,-0.5041416907075124,-0.6007338127113283,1.6777869983408067,2.814969211801454,-0.6995095880069482,0.17512896891344296,0.8222331062545878,0.8928379148601336,0.12878666208479173
2025-10-29,1685.83,VNINDEX,5.962854566102807,-0.4806976324551756,-0.49857043683921076,0.3166655945182926,0.10027709875162372,-0.6007338127113283,-0.6995095880069482,0.17512896891344296,0.8222331062545878,0.8928379148601336
2025-10-30,1669.57,VNINDEX,23.87745783126507,1.3259242646542526,0.11369498049718871,-0.9691915884444288,0.939332335111435,-0.49857043683921076,-0.6007338127113283,-0.6995095880069482,0.17512896891344296,0.8222331062545878
2025-10-31,1639.65,VNINDEX,5.725129270556277,-0.4909619270161109,0.1180882350609892,-1.8083303817944703,3.2700587697209347,0.11369498049718871,-0.49857043683921076,-0.6007338127113283,-0.6995095880069482,0.17512896891344296
2025-11-03,1617.0,VNINDEX,6.055087820254806,-0.4661351458972427,-0.6830243491170437,-1.3910223830847397,1.9349432702427483,0.1180882350609892,0.11369498049718871,-0.49857043683921076,-0.6007338127113283,-0.6995095880069482
2025-11-04,1651.98,VNINDEX,23.25937385235822,1.2689696991566668,-0.0008488929376271881,2.1401987893001584,4.580450857721864,-0.6830243491170437,0.1180882350609892,0.11369498049718871,-0.49857043683921076,-0.6007338127113283
2025-11-05,1654.89,VNINDEX,5.174543841340007,-0.5501840090826411,0.08421684805892826,0.17599728753443533,0.030975045219478706,-0.0008488929376271881,-0.6830243491170437,0.1180882350609892,0.11369498049718871,-0.49857043683921076
2025-11-06,1642.64,VNINDEX,5.055421470963854,-0.5485835886639818,0.056734033803348544,-0.7429837698209416,0.5520248822173379,0.08421684805892826,-0.0008488929376271881,-0.6830243491170437,0.1180882350609892,0.11369498049718871
2025-11-07,1599.1,VNINDEX,5.223079448467708,-0.5454990261499264,-0.5480888746321825,-2.6863732681847003,7.216601336017348,0.056734033803348544,0.08421684805892826,-0.0008488929376271881,-0.6830243491170437,0.1180882350609892
2025-11-10,1580.54,VNINDEX,5.081883540288345,-0.5484144216778151,-0.7228827937735295,-1.1674410183283226,1.3629185312754708,-0.5480888746321825,0.056734033803348544,0.08421684805892826,-0.0008488929376271881,-0.6830243491170437
2025-11-11,1593.61,VNINDEX,4.9359134071550175,-0.5663468424566557,-0.6496059990406358,0.8235322128933896,0.6782053056730832,-0.7228827937735295,-0.5480888746321825,0.056734033803348544,0.08421684805892826,-0.0008488929376271881
2025-11-12,1631.86,VNINDEX,5.2622642980898915,-0.5240370391571043,-0.5462661010971911,2.3718585619595154,5.625713037940661,-0.6496059990406358,-0.7228827937735295,-0.5480888746321825,0.056734033803348544,0.08421684805892826
2025-11-13,1631.44,VNINDEX,4.731129389067563,-0.5935719831518195,-0.561318621588526,-0.025740814655038996,0.0006625895391050704,-0.5462661010971911,-0.6496059990406358,-0.7228827937735295,-0.5480888746321825,0.056734033803348544
2025-11-14,1635.46,VNINDEX,5.008976540449456,-0.5660519357567104,-0.5612203193552109,0.2461049942769355,0.06056766820805045,-0.561318621588526,-0.5462661010971911,-0.6496059990406358,-0.7228827937735295,-0.5480888746321825
2025-11-17,1654.42,VNINDEX,5.716027044812425,-0.4886605917704486,-0.6953612446110546,1.1526383889032839,1.328575255573558,-0.5612203193552109,-0.561318621588526,-0.5462661010971911,-0.6496059990406358,-0.7228827937735295
2025-11-18,1659.92,VNINDEX,4.634080556494617,-0.5874557467866124,-0.628410040835411,0.33189142023017154,0.11015191482240032,-0.6953612446110546,-0.5612203193552109,-0.561318621588526,-0.5462661010971911,-0.6496059990406358
2025-11-19,1649.0,VNINDEX,4.366874994689382,-0.6064905852174161,-0.5608689745914919,-0.6600364858596777,0.4356481626659925,-0.628410040835411,-0.6953612446110546,-0.5612203193552109,-0.561318621588526,-0.5462661010971911
2025-11-20,1655.99,VNINDEX,4.823780204226961,-0.5697505953542812,-0.5878989757861026,0.4229973720030429,0.17892677672148063,-0.5608689745914919,-0.628410040835411,-0.6953612446110546,-0.5612203193552109,-0.561318621588526
2025-11-21,1654.93,VNINDEX,5.124978829693017,-0.5535296964212125,-0.5765902923309694,-0.06403054354776623,0.004099910507022388,-0.5878989757861026,-0.5608689745914919,-0.628410040835411,-0.6953612446110546,-0.5612203193552109
2025-11-24,1667.98,VNINDEX,5.0869605462611425,-0.5424916359823996,-0.7379448737921498,0.7854601594981003,0.6169476621587812,-0.5765902923309694,-0.5878989757861026,-0.5608689745914919,-0.628410040835411,-0.6953612446110546
2025-11-25,1660.36,VNINDEX,4.481484567663421,-0.5965065222684717,-0.648311807282546,-0.457886713101474,0.20966024203487155,-0.7379448737921498,-0.5765902923309694,-0.5878989757861026,-0.5608689745914919,-0.628410040835411
2025-11-26,1680.36,VNINDEX,4.778750371664537,-0.5691945638298199,-0.5693975740268965,1.1973609847567992,1.433673327817772,-0.648311807282546,-0.7379448737921498,-0.5765902923309694,-0.5878989757861026,-0.5608689745914919
2025-11-27,1684.32,VNINDEX,4.710015239159985,-0.5868078310263793,-0.5841696390415564,0.2353865347328747,0.055406820733550834,-0.5693975740268965,-0.648311807282546,-0.7379448737921498,-0.5765902923309694,-0.5878989757861026
2025-11-28,1690.99,VNINDEX,5.905395248369257,-0.4849376852905418,-0.5469800267155798,0.39522347175239697,0.15620159262401773,-0.5841696390415564,-0.5693975740268965,-0.648311807282546,-0.7379448737921498,-0.5765902923309694
2025-12-01,1701.67,VNINDEX,5.296923454519774,-0.5320677462296792,-0.7592246707403232,0.629596557205811,0.39639182484541,-0.5469800267155798,-0.5841696390415564,-0.5693975740268965,-0.648311807282546,-0.7379448737921498
2025-12-02,1717.06,VNINDEX,4.9199462798438995,-0.5662791683019313,-0.6437977047009519,0.9003404165265816,0.8106128656312585,-0.7592246707403232,-0.5469800267155798,-0.5841696390415564,-0.5693975740268965,-0.648311807282546
2025-12-03,1731.77,VNINDEX,5.175324714097637,-0.5370476358623391,-0.5451315167979826,0.853048088927859,0.7276910420234725,-0.6437977047009519,-0.7592246707403232,-0.5469800267155798,-0.5841696390415564,-0.5693975740268965
2025-12-04,1737.24,VNINDEX,4.889188077304239,-0.5592347477632116,-0.5541871839758268,0.3153640106811487,0.09945445923289968,-0.5451315167979826,-0.6437977047009519,-0.7592246707403232,-0.5469800267155798,-0.5841696390415564
2025-12-05,1741.32,VNINDEX,5.443798726291562,-0.5082367866377593,-0.5348397234211028,0.23457993370493893,0.05502774529701354,-0.5541871839758268,-0.5451315167979826,-0.6437977047009519,-0.7592246707403232,-0.5469800267155798
2025-12-08,1753.74,VNINDEX,5.910688918529002,-0.4833857954378436,-0.7149842689464687,0.7107204042412724,0.5051234930048776,-0.5348397234211028,-0.5541871839758268,-0.5451315167979826,-0.6437977047009519,-0.7592246707403232
2025-12-09,1747.17,VNINDEX,4.93748463856254,-0.565665071218416,-0.6295171999212522,-0.37533142599107067,0.14087367933649056,-0.7149842689464687,-0.5348397234211028,-0.5541871839758268,-0.5451315167979826,-0.6437977047009519
2025-12-10,1718.98,VNINDEX,22.95075787784509,1.225730469916773,0.058893201086838376,-1.6266244429658419,2.645907078453935,-0.6295171999212522,-0.7149842689464687,-0.5348397234211028,-0.5541871839758268,-0.5451315167979826
2025-12-11,1698.9,VNINDEX,30.164692418712214,1.971863116680458,0.8773095051262721,-1.1750108855976362,1.3806505812729413,0.058893201086838376,-0.6295171999212522,-0.7149842689464687,-0.5348397234211028,-0.5541871839758268
2025-12-12,1646.89,VNINDEX,4.511452411553188,-0.591096340825129,0.868832415257368,-3.109232194022805,9.667324836347865,0.8773095051262721,0.058893201086838376,-0.6295171999212522,-0.7149842689464687,-0.5348397234211028
2025-12-15,1646.01,VNINDEX,4.752807747545824,-0.5828288662142403,-0.7640192410656885,-0.05344832949372659,0.0028567239256699637,0.868832415257368,0.8773095051262721,0.058893201086838376,-0.6295171999212522,-0.7149842689464687
2025-12-16,1679.18,VNINDEX,5.5588958768966625,-0.5016130861153407,-0.648165198347954,1.995140144925003,3.980584197891362,-0.7640192410656885,0.868832415257368,0.8773095051262721,0.058893201086838376,-0.6295171999212522
2025-12-17,1673.66,VNINDEX,4.33058407612058,-0.6121133609193138,-0.5655184377496311,-0.3292733913555967,0.10842096625481594,-0.648165198347954,-0.7640192410656885,0.868832415257368,0.8773095051262721,0.058893201086838376
2025-12-18,1676.98,VNINDEX,4.4560519028582215,-0.5980149848487816,-0.570580477294478,0.19817116052574962,0.039271808864122425,-0.5655184377496311,-0.648165198347954,-0.7640192410656885,0.868832415257368,0.8773095051262721
2025-12-19,1704.31,VNINDEX,4.701183926860249,-0.5834959623645256,-0.5978747693775397,1.616578003191025,2.613324440401082,-0.570580477294478,-0.5655184377496311,-0.648165198347954,-0.7640192410656885,0.868832415257368
2025-12-22,1751.03,VNINDEX,5.669094536666967,-0.5027685764366514,-0.7126844354681724,2.7043849480335997,7.313697947150696,-0.5978747693775397,-0.570580477294478,-0.5655184377496311,-0.648165198347954,-0.7640192410656885
2025-12-23,1772.15,VNINDEX,5.2434574889825605,-0.5344271470343955,-0.6267903020316892,1.1989312489372992,1.4374361396783522,-0.7126844354681724,-0.5978747693775397,-0.570580477294478,-0.5655184377496311,-0.648165198347954
2025-12-24,1782.82,VNINDEX,6.23550044563107,-0.4518625363482597,-0.4963527532731017,0.6002881622480574,0.36034587773515003,-0.6267903020316892,-0.7126844354681724,-0.5978747693775397,-0.570580477294478,-0.5655184377496311
2025-12-25,1742.85,VNINDEX,6.3228352089482724,-0.445079240634056,-0.4771229746722365,-2.267467602077457,5.141409326470893,-0.4963527532731017,-0.6267903020316892,-0.7126844354681724,-0.5978747693775397,-0.570580477294478
2025-12-26,1729.8,VNINDEX,5.893026293929529,-0.47676205811413636,-0.45790127836548344,-0.7515909424569065,0.5648889447832609,-0.4771229746722365,-0.4963527532731017,-0.6267903020316892,-0.7126844354681724,-0.5978747693775397
2025-12-29,1754.84,VNINDEX,4.979642921754035,-0.5665741118031652,-0.7522077367504519,1.4371889780323606,2.0655121585777008,-0.45790127836548344,-0.4771229746722365,-0.4963527532731017,-0.6267903020316892,-0.7126844354681724
2025-12-30,1766.9,VNINDEX,4.647842227203867,-0.5930931975764644,-0.6880768536687979,0.6848913969869385,0.46907622566672014,-0.7522077367504519,-0.45790127836548344,-0.4771229746722365,-0.4963527532731017,-0.6267903020316892
2025-12-31,1784.49,VNINDEX,4.821992308632493,-0.5660614707498035,-0.5752429267098105,0.9906061481318014,0.9813005407165244,-0.6880768536687979,-0.7522077367504519,-0.45790127836548344,-0.4771229746722365,-0.4963527532731017
